,Mean (mm),Mean (mm),Mean (mm),Mean (mm),Mean (mm),Mean (mm),Mean (mm),Mean (mm),Mean (mm),Mean (mm),Mean (mm),Mean (mm),Mean (mm),Mean (mm),Mean (mm),Mean (mm),Mean (mm),Mean (mm),Mean (mm),Mean (mm),Mean (mm),Mean (mm),Mean (mm),Mean (mm),Mean (mm),Mean (mm),Mean (mm),Mean (mm),Mean (mm),Mean (mm),Mean (mm),Mean (mm),Mean (mm),Mean (mm),Mean (mm),Mean (mm),Mean (mm),Mean (mm),Mean (mm),Mean (mm),Mean (mm),Mean (mm),Mean (mm),Mean (mm),Mean (mm),Mean (mm),Mean (mm),Mean (mm),Mean (mm),Mean (mm),Mean (mm),Mean (mm),Mean (mm),Mean (mm),Mean (mm),Mean (mm),Mean (mm),Mean (mm),Mean (mm),Mean (mm),Mean (mm),Mean (mm),Mean (mm),Mean (mm),Mean (mm),Mean (mm),Mean (mm),Mean (mm),Mean (mm),Mean (mm),Mean (mm),Mean (mm),Mean (mm),Mean (mm),Mean (mm),Mean (mm),Mean (mm),Mean (mm),Mean (mm),Mean (mm),Mean (mm),Mean (mm),Mean (mm),Mean (mm),Mean (mm),Mean (mm),Mean (mm),Mean (mm),Mean (mm),Mean (mm),Mean (mm),Mean (mm),Mean (mm),Mean (mm),Mean (mm),Mean (mm),Mean (mm),Mean (mm),Mean (mm),Mean (mm),SD (mm),SD (mm),SD (mm),SD (mm),SD (mm),SD (mm),SD (mm),SD (mm),SD (mm),SD (mm),SD (mm),SD (mm),SD (mm),SD (mm),SD (mm),SD (mm),SD (mm),SD (mm),SD (mm),SD (mm),SD (mm),SD (mm),SD (mm),SD (mm),SD (mm),SD (mm),SD (mm),SD (mm),SD (mm),SD (mm),SD (mm),SD (mm),SD (mm),SD (mm),SD (mm),SD (mm),SD (mm),SD (mm),SD (mm),SD (mm),SD (mm),SD (mm),SD (mm),SD (mm),SD (mm),SD (mm),SD (mm),SD (mm),SD (mm),SD (mm),SD (mm),SD (mm),SD (mm),SD (mm),SD (mm),SD (mm),SD (mm),SD (mm),SD (mm),SD (mm),SD (mm),SD (mm),SD (mm),SD (mm),SD (mm),SD (mm),SD (mm),SD (mm),SD (mm),SD (mm),SD (mm),SD (mm),SD (mm),SD (mm),SD (mm),SD (mm),SD (mm),SD (mm),SD (mm),SD (mm),SD (mm),SD (mm),SD (mm),SD (mm),SD (mm),SD (mm),SD (mm),SD (mm),SD (mm),SD (mm),SD (mm),SD (mm),SD (mm),SD (mm),SD (mm),SD (mm),SD (mm),SD (mm),SD (mm),SD (mm)
,7networks_LH_Default_FPole,7networks_LH_Default_IPL_1,7networks_LH_Default_IPL_2,7networks_LH_Default_PCC,7networks_LH_Default_PFCd_1,7networks_LH_Default_PFCd_2,7networks_LH_Default_PFCd_3,7networks_LH_Default_PFCm,7networks_LH_Default_PFCv_1,7networks_LH_Default_PFCv_2,7networks_LH_Default_RSC,7networks_LH_Default_Temp_1,7networks_LH_Default_Temp_2,7networks_LH_Default_Temp_3,7networks_LH_Cont_IPS,7networks_LH_Cont_PCC,7networks_LH_Cont_PFCl,7networks_LH_Cont_PrCv,7networks_LH_Cont_pCun,7networks_LH_Limbic_OFC,7networks_LH_Limbic_PHC,7networks_LH_Limbic_Temp,7networks_LH_Limbic_TempPole,7networks_LH_SalVentAttn_FrMed,7networks_LH_SalVentAttn_Ins_1,7networks_LH_SalVentAttn_Ins_2,7networks_LH_SalVentAttn_PostC,7networks_LH_SalVentAttn_SPL,7networks_LH_DorsAttn_IPS,7networks_LH_DorsAttn_PostC,7networks_LH_DorsAttn_PrC,7networks_LH_DorsAttn_PrCd,7networks_LH_DorsAttn_SPL_1,7networks_LH_DorsAttn_SPL_2,7networks_LH_DorsAttn_TempOcc,7networks_LH_SomMot_1,7networks_LH_SomMot_2,7networks_LH_SomMot_3,7networks_LH_SomMot_4,7networks_LH_SomMot_5,7networks_LH_SomMot_6,7networks_LH_SomMot_Ins,7networks_LH_SomMot_ParOper,7networks_LH_Vis_1,7networks_LH_Vis_2,7networks_LH_Vis_3,7networks_LH_Vis_4,7networks_LH_Vis_5,7networks_LH_Vis_6,7networks_LH_Vis_7,7networks_RH_Cont_FPole,7networks_RH_Default_IPL_1,7networks_RH_Default_IPL_2,7networks_RH_Default_PCC,7networks_RH_Default_PFCd_1,7networks_RH_SalVentAttn_PFCd,7networks_RH_Cont_PFCd,7networks_RH_Default_PFCm,7networks_RH_Default_PFCv_1,7networks_RH_Cont_PFCv,7networks_RH_Default_RSC,7networks_RH_Default_Temp_1,7networks_RH_Default_Temp_2,7networks_RH_SomMot_Temp,7networks_RH_Cont_IPS,7networks_RH_Cont_PCC,7networks_RH_Cont_PFCl,7networks_RH_Cont_PrCv,7networks_RH_Cont_pCun,7networks_RH_Limbic_OFC,7networks_RH_Vis_PHC,7networks_RH_Limbic_Temp,7networks_RH_Limbic_TempPole,7networks_RH_SalVentAttn_FrMed,7networks_RH_SalVentAttn_Ins_1,7networks_RH_SalVentAttn_Ins_2,7networks_RH_SalVentAttn_PostC,7networks_RH_SalVentAttn_SPL,7networks_RH_DorsAttn_IPS,7networks_RH_SomMot_PostC,7networks_RH_DorsAttn_PrC,7networks_RH_DorsAttn_PrCd,7networks_RH_DorsAttn_SPL_1,7networks_RH_DorsAttn_SPL_2,7networks_RH_DorsAttn_TempOcc,7networks_RH_SomMot_1,7networks_RH_SomMot_2,7networks_RH_SomMot_3,7networks_RH_SomMot_4,7networks_RH_SomMot_5,7networks_RH_SomMot_6,7networks_RH_SomMot_Ins,7networks_RH_SalVentAttn_ParOper,7networks_RH_Vis_1,7networks_RH_Vis_2,7networks_RH_Vis_3,7networks_RH_Vis_4,7networks_RH_Vis_5,7networks_RH_Vis_6,7networks_RH_Vis_7,7networks_LH_Default_FPole,7networks_LH_Default_IPL_1,7networks_LH_Default_IPL_2,7networks_LH_Default_PCC,7networks_LH_Default_PFCd_1,7networks_LH_Default_PFCd_2,7networks_LH_Default_PFCd_3,7networks_LH_Default_PFCm,7networks_LH_Default_PFCv_1,7networks_LH_Default_PFCv_2,7networks_LH_Default_RSC,7networks_LH_Default_Temp_1,7networks_LH_Default_Temp_2,7networks_LH_Default_Temp_3,7networks_LH_Cont_IPS,7networks_LH_Cont_PCC,7networks_LH_Cont_PFCl,7networks_LH_Cont_PrCv,7networks_LH_Cont_pCun,7networks_LH_Limbic_OFC,7networks_LH_Limbic_PHC,7networks_LH_Limbic_Temp,7networks_LH_Limbic_TempPole,7networks_LH_SalVentAttn_FrMed,7networks_LH_SalVentAttn_Ins_1,7networks_LH_SalVentAttn_Ins_2,7networks_LH_SalVentAttn_PostC,7networks_LH_SalVentAttn_SPL,7networks_LH_DorsAttn_IPS,7networks_LH_DorsAttn_PostC,7networks_LH_DorsAttn_PrC,7networks_LH_DorsAttn_PrCd,7networks_LH_DorsAttn_SPL_1,7networks_LH_DorsAttn_SPL_2,7networks_LH_DorsAttn_TempOcc,7networks_LH_SomMot_1,7networks_LH_SomMot_2,7networks_LH_SomMot_3,7networks_LH_SomMot_4,7networks_LH_SomMot_5,7networks_LH_SomMot_6,7networks_LH_SomMot_Ins,7networks_LH_SomMot_ParOper,7networks_LH_Vis_1,7networks_LH_Vis_2,7networks_LH_Vis_3,7networks_LH_Vis_4,7networks_LH_Vis_5,7networks_LH_Vis_6,7networks_LH_Vis_7,7networks_RH_Cont_FPole,7networks_RH_Default_IPL_1,7networks_RH_Default_IPL_2,7networks_RH_Default_PCC,7networks_RH_Default_PFCd_1,7networks_RH_SalVentAttn_PFCd,7networks_RH_Cont_PFCd,7networks_RH_Default_PFCm,7networks_RH_Default_PFCv_1,7networks_RH_Cont_PFCv,7networks_RH_Default_RSC,7networks_RH_Default_Temp_1,7networks_RH_Default_Temp_2,7networks_RH_SomMot_Temp,7networks_RH_Cont_IPS,7networks_RH_Cont_PCC,7networks_RH_Cont_PFCl,7networks_RH_Cont_PrCv,7networks_RH_Cont_pCun,7networks_RH_Limbic_OFC,7networks_RH_Vis_PHC,7networks_RH_Limbic_Temp,7networks_RH_Limbic_TempPole,7networks_RH_SalVentAttn_FrMed,7networks_RH_SalVentAttn_Ins_1,7networks_RH_SalVentAttn_Ins_2,7networks_RH_SalVentAttn_PostC,7networks_RH_SalVentAttn_SPL,7networks_RH_DorsAttn_IPS,7networks_RH_SomMot_PostC,7networks_RH_DorsAttn_PrC,7networks_RH_DorsAttn_PrCd,7networks_RH_DorsAttn_SPL_1,7networks_RH_DorsAttn_SPL_2,7networks_RH_DorsAttn_TempOcc,7networks_RH_SomMot_1,7networks_RH_SomMot_2,7networks_RH_SomMot_3,7networks_RH_SomMot_4,7networks_RH_SomMot_5,7networks_RH_SomMot_6,7networks_RH_SomMot_Ins,7networks_RH_SalVentAttn_ParOper,7networks_RH_Vis_1,7networks_RH_Vis_2,7networks_RH_Vis_3,7networks_RH_Vis_4,7networks_RH_Vis_5,7networks_RH_Vis_6,7networks_RH_Vis_7
Age (years),,,,,,,,,,,,,,,,,,,,,,,,,,,,,,,,,,,,,,,,,,,,,,,,,,,,,,,,,,,,,,,,,,,,,,,,,,,,,,,,,,,,,,,,,,,,,,,,,,,,,,,,,,,,,,,,,,,,,,,,,,,,,,,,,,,,,,,,,,,,,,,,,,,,,,,,,,,,,,,,,,,,,,,,,,,,,,,,,,,,,,,,,,,,,,,,,,,,,,,,
5.0,2.9744608929085348,2.989984811080781,2.959917718430159,3.001846946101903,3.3017904561765246,3.3146499984085764,2.9339852992335493,3.081530116682543,3.1908047106299167,2.89564415020445,3.1210764220208853,3.1727895765265672,3.1661384781521154,2.989022781333601,2.9037457903233284,3.12820929528732,2.76844378561123,2.8280402388879486,2.7744152179986457,2.911103645162445,2.9984239574010654,3.059838533431879,3.3607984837502176,3.1776252580822586,3.100345095905653,3.51695585073843,2.975598989589217,2.7894938735371175,2.5990902054059664,2.6201753137599906,2.8182610899122884,2.8074060045692133,2.6540717643672784,2.5958951460779693,2.8037273338159765,2.832841014786074,3.070835203845264,2.1552513021078568,2.241418528985073,2.4945337655058597,3.061456589990751,2.897400893201577,2.895464535418985,2.379143731920642,1.9870227154007671,2.5443297815178716,2.5586426292361653,2.051249440484983,2.6721381764837626,2.7969471250025477,2.925555994110158,2.967130269768083,2.9211491844198316,3.017246931344431,3.2532617623918423,3.3095837774607166,2.8975773340992665,3.0331639273245896,3.183078052631697,2.889136354730752,3.1135113094032456,3.1967205497460087,3.2416990164067325,3.096003065450766,2.865840804935239,3.0307094398273335,2.737254326202454,2.8001759943299676,2.7479019269703624,2.9098843403893593,3.0297584671478353,3.075360556600567,3.3891739758114334,3.0926814819708,3.1061929075387873,3.454887771297724,2.9322730278742255,2.7921956012324993,2.5833761758274987,2.5609164001218017,2.80970181417014,2.7733843290534193,2.663194008099862,2.6006948970779904,2.8146792678510355,2.8063082123573624,3.0420384698009113,2.1459896199863366,2.220584567921546,2.444728963595677,3.0891288510616453,2.9825344981503292,2.92303670434093,2.368412422428676,1.991469373502102,2.5974928307524943,2.6081188325816393,2.1329224736898427,2.7150597615708993,2.856649661212502,0.1552406410943073,0.1543727215404298,0.15526613107131418,0.1491227582626916,0.17248626257485852,0.16846831768201764,0.14918266829837057,0.16091482757445913,0.13809409632694963,0.14851593746840774,0.1700353561532476,0.16386241383184344,0.1656333190121276,0.15835622975830507,0.15783149913169683,0.16804063604625835,0.1526640475553635,0.1354391332094387,0.16010840043348729,0.15625484954350133,0.16712829239015004,0.1483613261718412,0.17517508180594055,0.17663576909967235,0.1363299757289252,0.1732846780089383,0.16089257916262412,0.15147821356870705,0.14222533998061865,0.1572118630714274,0.16123165212019056,0.16913468520363728,0.1690317121431624,0.14271404945590496,0.15110953799652485,0.18320899450184022,0.14499084027089026,0.14890256830040566,0.16693570722740814,0.15916443391081367,0.15597964435687464,0.15943353192016355,0.1591441187178001,0.15274327949599192,0.14764560566544901,0.13949356114344105,0.1526174014948099,0.1452290194251083,0.14473414364630685,0.14106219503585318,0.15074138493953773,0.14727031220856018,0.15693580188917794,0.15667999123679488,0.1745859269615436,0.1742777697335636,0.15069041557309265,0.15194139917106406,0.1478261221574918,0.14043557555275826,0.16569070886208367,0.1725267895938277,0.1649910355981054,0.15742869511299717,0.1617060046110104,0.1730706650833884,0.14830578896691138,0.13803458697297002,0.16077057020204405,0.161270075201473,0.16468167386077145,0.1501525972344534,0.17987304172019455,0.1731222635842173,0.13614548558669567,0.1693837336087073,0.16588100080256454,0.15465053033640697,0.14423356288144318,0.15743443473819854,0.17799252472913793,0.17649538338466497,0.1692885393137417,0.14577458711469443,0.14097027439874754,0.1861326338937632,0.14885780687619665,0.158790811575989,0.16075276999182114,0.16198011360662076,0.16103422731963224,0.15519467745068707,0.15427391072585533,0.1496273669068881,0.14713717829521086,0.14361582936180414,0.16000710553981085,0.16052279743997855,0.14896658230499185,0.15117325151004946
6.0,2.929383630552081,2.948807840694882,2.9242465270009554,2.959148640370209,3.2626462585073033,3.2890366916799634,2.909555972774028,3.0400277687262287,3.1603420456566007,2.8632397514334613,3.0844868326350854,3.1439346959784484,3.143635963139528,2.955767414620511,2.8677459206138987,3.0945950884817526,2.7336276454215573,2.806476871738623,2.73092365073,2.8792325135788173,2.974826320081169,3.0329680238488823,3.3538324098181933,3.1442713732308856,3.0747795110479053,3.4984915426903473,2.94351209987623,2.7455828105914475,2.56331145620711,2.5841783337168747,2.8093584611768754,2.795409669649794,2.6170831884252497,2.5570080749216677,2.7715699426697045,2.803420561214711,3.039135149728328,2.131617961530514,2.2249924797174487,2.4761069967278386,3.0346565891198938,2.872739013728096,2.863644536973615,2.3462460903956277,1.9632332290453025,2.5143466017189677,2.525194791769651,2.0373847256501154,2.641177869979396,2.76889215750126,2.881482531133601,2.929369706219093,2.8911192563545667,2.976302426032131,3.2132908804528033,3.2846232119592447,2.8707255411608212,2.9903450311196322,3.15442830798681,2.85567702576333,3.076052756611372,3.170147728587189,3.212887794768127,3.062384400872062,2.832788475546892,3.0006877241679586,2.6996865185868066,2.7780577048173014,2.7054534595542705,2.8742550788894876,3.0051083797575213,3.049326363058672,3.3834625629533877,3.063813834575417,3.0795191429299598,3.4393783270865814,2.900506148104572,2.7491290117918745,2.5476830882242356,2.525940579723474,2.8005763488151367,2.7624874324857496,2.6257898050341533,2.5622789744412096,2.784948787042753,2.778834988487913,3.0119894499496844,2.1216460893892224,2.204111937467368,2.4265246257912034,3.061325541637915,2.9575668515562237,2.8936445179770254,2.3377719450494636,1.9694286967230703,2.567975165999615,2.5733232040295073,2.1160085433305,2.6818042044778023,2.830463683054508,0.15327761860120853,0.1526078621150819,0.15392454125986724,0.14796806842203644,0.17057526673708553,0.16654766940487153,0.14831018972564958,0.1601752650177791,0.13771832186227248,0.1468379043048777,0.16770377548842647,0.16221219545893187,0.1631588499575837,0.1566549896060696,0.15619222671460323,0.16652318502018568,0.15067528277061917,0.1343582497669144,0.1587543675213632,0.15449466193712363,0.16678626529122204,0.14751751928989973,0.17378267669058922,0.1744263591073341,0.13548070480152896,0.1703766733305367,0.15859981424464978,0.15059183573191434,0.14124047254418218,0.1554561252422887,0.15889359383297094,0.16651884695139815,0.16633070874555292,0.14157795296020304,0.14962502284039259,0.1807637712253836,0.14447999244980245,0.1468700729286203,0.16483432758140523,0.156850722923282,0.154273686857372,0.1574984120802775,0.15696268940732686,0.15077971230097648,0.1460592146113699,0.13815803051352915,0.151493854639155,0.14301919223419443,0.14336751970100123,0.139809866185971,0.14928074843455738,0.14606211583267362,0.15531912644500934,0.1556876949392542,0.1724875851327271,0.17196069276659096,0.14925638489597606,0.1510288575771874,0.14652989312653036,0.13956140238580714,0.1644507023962772,0.17031979646958284,0.16287181194844214,0.15608090499105307,0.15997563851667126,0.17106867208978052,0.14661645254686767,0.1374146598600852,0.15951855532587966,0.15915824781705487,0.16430640804263716,0.14900265492819498,0.17879160094903546,0.17143228951029865,0.1357440850331603,0.16665855654316233,0.16339000242034504,0.1535732840617148,0.14346140894956586,0.15567341921795946,0.17455422774884374,0.17347057259150128,0.16686432395844963,0.14431657872555934,0.1400689539392108,0.1839344391325961,0.14891413742209897,0.15600644801674918,0.15940481240180518,0.15921850886028446,0.15951277155435328,0.15465058031100662,0.15359654242661247,0.14800281555985859,0.1451190971536599,0.14237559039117686,0.15854299562643673,0.15823855329405298,0.14727340238356454,0.1496162015897101
7.0,2.886884735903199,2.9099541323466074,2.890493430345932,2.9188315400311136,3.225545046560051,3.264674775843588,2.8863144029830607,3.000692905651765,3.1313667509139487,2.8325012989663683,3.049748785624881,3.116548270337174,3.122214886677735,2.924177702815691,2.8337290306991156,3.062607576128772,2.70075438685194,2.785866396080254,2.6899271810308822,2.8490234266771166,2.952523979083029,3.007616074217625,3.3473008074824318,3.112470448251024,3.0503413187309745,3.4807009612786075,2.913166642332148,2.704148215810356,2.5295484043863072,2.550230593361531,2.800710238399732,2.783874218194991,2.5822565810556353,2.5203773765990807,2.741163488035385,2.7756813661173743,3.0089962586723806,2.109463085846699,2.2094980201445096,2.4585245223651055,3.0091033130994096,2.8490777337214275,2.8335374038692707,2.3151859387162093,1.9405912670690844,2.4860827976495647,2.4935280394758865,2.0243751449172076,2.611910086066558,2.7424067055991204,2.839916235555433,2.8937471051021735,2.8627153939421675,2.9375651449350033,3.175460291042115,3.2608340833204212,2.845235253198179,2.9497966147712993,3.1271940425473135,2.8239298891166986,3.0404439004225945,3.144924150839442,3.1855566569171003,3.0304647972243783,2.8015228628509976,2.9722054118376966,2.664239556308231,2.756916224497833,2.6654275310775475,2.8404564734849087,2.9818204555359005,3.024764461077537,3.378171950928908,3.036241966021333,3.0540477424418264,3.4243766042867825,2.870417327896403,2.7085119176330776,2.513987967200741,2.4929199020743855,2.791744363095319,2.7520055439891125,2.5905960977314697,2.5260478055891307,2.756838193709967,2.7529232781179838,2.983414117002912,2.098806934917131,2.1885784023995445,2.4091761422741187,3.0348158454017136,2.933609274462186,2.865807353158289,2.3087879984841893,1.9483810039506244,2.540115939628524,2.5403769773791987,2.1000373353592963,2.6503459899593267,2.8057742447894913,0.15141796633685892,0.15093792017834665,0.15265256379582254,0.14686572220011304,0.1687557942506948,0.1647165930369257,0.14743402504100242,0.1594386395352021,0.13731007844900078,0.1452415187777505,0.1655188441639849,0.16064617213711976,0.16086656955486792,0.15506136031116224,0.1546491154221556,0.16510706557894525,0.14879641121484896,0.13333542886017885,0.15745497849802956,0.15283586432010005,0.16642855712082763,0.1466831849398808,0.1724658245332991,0.17236590885389985,0.13466204842461585,0.16767915755441612,0.15645362149286024,0.14972583858649,0.1403033925232918,0.15382182289719665,0.15673047254985192,0.16408751620893758,0.16381680055931314,0.140490299639843,0.14821977449148233,0.17850065222666622,0.14395610354483881,0.14499905116604067,0.16289589311948838,0.15468937639764413,0.15267449380218862,0.1556960298272298,0.15492478947218757,0.14892748896388658,0.1445480801317368,0.13689408673028727,0.15041579697260526,0.14094233131312472,0.14206537958024834,0.13860817266464856,0.14786918268728488,0.14490564634755873,0.15379062706690289,0.15471281989431326,0.17048530882523663,0.16976630414545915,0.14787841563087883,0.15015355362949837,0.14528257193056374,0.13869131955182515,0.16326046133854044,0.16823751358467876,0.16088603615360675,0.154799820252688,0.1583428063091403,0.1692040913505633,0.14501003608487031,0.1367733307884318,0.15832668689328191,0.15719152286836915,0.16391679282140795,0.14789592139984203,0.1777308579527149,0.1698517255663456,0.13531049137709505,0.16412695831768342,0.16106387077048612,0.15253773343288837,0.14270915229321549,0.1540440517801997,0.17135706381491916,0.17065744548828427,0.1646011757173723,0.142933507681434,0.13919826745592936,0.1819053953924991,0.148893507642887,0.15344695576997705,0.15814370551527435,0.15666022369916988,0.1580707638601884,0.15410668159025015,0.15291418243066382,0.1464397539216171,0.14321113698212387,0.14119054331586756,0.157145999619687,0.15607896644993383,0.14568351803824617,0.1481287269861927
8.0,2.8468921811119063,2.8733571495868317,2.8586047845800824,2.880829418820179,3.1904284264193516,3.2415259371910388,2.8642268276617697,2.9634680209568875,3.1038400058639968,2.8033822344716572,3.0168130018091652,3.0905904392906964,3.1018451510526526,2.894208951929848,2.801638564621504,3.0322049307748045,2.6697678590584952,2.766183477968731,2.6513544157163222,2.820433213320431,2.93147916144396,2.9837402127403663,3.3411882384591576,3.082180766735266,3.0270019479129107,3.463565494351651,2.8845124436214467,2.665119917694083,2.497744191122764,2.5182732918350257,2.792307653015782,2.772785224325515,2.549529070134433,2.4859392430205136,2.7124590787453196,2.749571306097587,2.980375162848894,2.088741137444936,2.194907023411587,2.441763938257264,2.9847641134870346,2.8263931248132668,2.8050944659596273,2.285912298433975,1.9190692063456367,2.459489854944207,2.46359325478451,2.0121959702835914,2.584287981157694,2.717447482997908,2.800788042748625,2.8602002606894668,2.8358905705912547,2.900974981237672,3.1397089155568882,3.238181233894345,2.821067742819285,2.9114586379518905,3.1013375166126274,2.7938475124108146,3.006636800318383,3.1210125050258903,3.1596642499486736,3.000197684329179,2.7719931545760628,2.9452205352591463,2.630852933907403,2.736725842099673,2.6277549468214154,2.808442328914026,2.9598550949507425,3.0016336806169672,3.3732864288437114,3.0099318784457085,3.0297481128222046,3.40986840497447,2.841958843859465,2.6702743645345266,2.4822342142015303,2.4617983261043195,2.7831953709065576,2.741925023600506,2.5575479706241557,2.4919396072775877,2.7303014861976203,2.728524578033933,2.956271706834557,2.077425774690943,2.173955075493473,2.3926604036880628,3.009565902975435,2.9106366169660736,2.8394803631383096,2.2814157382484312,1.9283044735766448,2.5138687796192576,2.509229853632785,2.084983844067921,2.62063607754531,2.7825387896693226,0.14965653166363924,0.14935891702911777,0.15144630437301415,0.14581334985351446,0.16702320571615828,0.16297192034930094,0.14655728911075458,0.15870624287391114,0.1368726717209737,0.14372315450071776,0.16347233332202218,0.15916071582975566,0.15874468449018936,0.1535688012875714,0.15319781914952718,0.16378664957037076,0.14702152246994976,0.13236737088122352,0.1562093986045538,0.15127376930256228,0.16605870875824139,0.14586018194415173,0.1712204428964725,0.17044702396701764,0.13387282914319804,0.1651801448437511,0.15444766089169285,0.14888083605896904,0.13941285118273247,0.15230358679562103,0.15473210361736356,0.16183060836583654,0.16148043984630103,0.13945127301786733,0.14688899915772435,0.17641053115501634,0.14342307794820136,0.1432805106172642,0.1611116903950268,0.1526743403157275,0.15117731328602751,0.15402003170123735,0.15302317877425178,0.14718170733292535,0.143109732778934,0.13569904825624185,0.14938191196440703,0.1389927022765747,0.14082441144186403,0.13745615745821235,0.14650587390673758,0.14379842650824906,0.152344739562211,0.15375560736525143,0.168575082093577,0.16768974847388668,0.14655502315196992,0.14931483733624298,0.14408408830592473,0.13782815401971132,0.16211788222778897,0.16627328622031218,0.1590270402132576,0.1535828758260014,0.15680251499057726,0.1674676995450777,0.14348277864821818,0.13611497999065,0.1571916538182621,0.15536402509731104,0.1635153800865213,0.14683030529361582,0.17669020350987089,0.16837396193893012,0.13484940748093427,0.16177749593314167,0.1588942488880593,0.1515428835076478,0.14197705675158145,0.1525385117633774,0.16838642431854509,0.16804325130355954,0.1624893821945791,0.1416216782486402,0.1383565637698305,0.1800368511148578,0.14880616088034687,0.15109835722438214,0.15696703121348815,0.15429527660311096,0.15670472546035513,0.153565804651811,0.1522304183133706,0.1449390947971198,0.14141046403742422,0.14005886307398707,0.1558135270947146,0.1540369548923414,0.14419153202316026,0.14670861118268375
9.0,2.8093339383282068,2.8389503559664115,2.8285269458183837,2.845076050472964,3.1572380041698342,3.219551862013916,2.843259484611202,2.9282956081393374,3.077722989968789,2.7758359996178106,2.9856302020068206,3.0660213425269216,3.0824966585502054,2.865816467973727,2.7714179664236727,3.003345324966286,2.640611911197292,2.7474027834599535,2.6151339616013254,2.7934187023718198,2.911654094201259,2.9612979676193887,3.3354792644645648,3.0533606122761934,3.004732827551797,3.447066529757957,2.8574993304086305,2.6284277447429156,2.46784195759568,2.4882476282784314,2.7841419364599513,2.762128262162024,2.518837783537623,2.453629866096269,2.6854078236318104,2.725038257758913,2.9532284944292853,2.0694065787137803,2.181191362664026,2.425802840243969,2.9616063418405427,2.804661258635321,2.778267053098341,2.2583741911005224,1.8986394237484934,2.4345192592375304,2.4353413201251715,2.0008224737466103,2.558264711665261,2.693971203399389,2.764028888086203,2.828666967253142,2.810597759710471,2.866471828124802,3.105975675394241,3.216629506031183,2.79818428263209,2.8752710603337013,3.076820990482175,2.765382463265649,2.9745835157802474,3.0983754796696936,3.135169220957854,2.97153649200794,2.744148538450595,2.9196911268549366,2.5994661459250246,2.7174608463509493,2.5923665120670454,2.778166449915184,2.939172698469786,2.9798928516367513,3.3687902858035903,2.9848495739856524,3.006589660818944,3.395839531225831,2.8150829726034785,2.634346398274618,2.452365230671137,2.432519810742998,2.7749188861446807,2.7322322313569187,2.526580508144554,2.4598925962623985,2.705292662850644,2.7055903850221292,2.9305214553186225,2.0574562268314875,2.1602130695244917,2.3769543006766924,2.985541854981482,2.8886237291657766,2.8146187011707102,2.2556103198577433,1.9091772839930519,2.4891873139519065,2.4798315337923182,2.070823063748084,2.5926254267656237,2.7607147609458673,0.14798860886898613,0.14786711860583432,0.1503022668276441,0.14480888047158427,0.16537326745986144,0.1613107290882135,0.14568286594910806,0.15797941360688517,0.1364093640871582,0.14227949187961644,0.16155666992170617,0.15775252044862298,0.15678234906321484,0.15217137486679694,0.15183427747302353,0.16255684871786868,0.1453451832065411,0.13145113038305856,0.15501681255701097,0.14980400002599759,0.16568004347553084,0.14505022719965457,0.17004285566374458,0.1686628292343865,0.13311210183751232,0.16286843453893204,0.15257588773222103,0.14805747551581092,0.1385676476122319,0.1508962423025891,0.1528890760785751,0.15973870577917276,0.15931264224606193,0.138460833848745,0.14562842681100485,0.17448488671394655,0.14288445469127928,0.14170600184206936,0.15947348399466743,0.15079976847144716,0.14977768154418253,0.1524643651766828,0.15125107401468846,0.1455377702920919,0.14174189763626177,0.13457038971198362,0.1483911126395035,0.13716487500959781,0.13964168489141485,0.13635289182459098,0.14519007794695715,0.14273834591786666,0.15097649344253217,0.15281649434599257,0.1667531421799464,0.16572643791013683,0.14528481874678528,0.14851208204889904,0.142934265145048,0.13697450035798883,0.16102121674993772,0.16442101538212436,0.1572885412692374,0.1524276615525874,0.15535022370793652,0.16585115095264766,0.14203115616924955,0.13544364747917895,0.1561106114724205,0.1536700773349835,0.16310478634140743,0.14580403988148627,0.17566936875849198,0.16699304485638372,0.13436521026302684,0.1595995265634179,0.15687327507217322,0.1505879088218043,0.1412654509088879,0.15114951497366627,0.16562874245559123,0.1656161734305975,0.1605200465680418,0.1403777154409554,0.1375425194511153,0.17832076901459082,0.14866127613975078,0.14894755857611577,0.1558723228834468,0.15211407942200075,0.15541150929522957,0.15303051629158138,0.15154849704387854,0.14350131729129365,0.1397141240327797,0.1389788432955819,0.15454324146526952,0.15210609039943268,0.1427925000671412,0.14535377261486684
10.0,2.774137979702129,2.806667215036194,2.800206270175843,2.8115052087250367,3.1259153858961053,3.1987142366037746,2.82337861163249,2.8951181606968697,3.0529768826904196,2.7498160360732973,2.9561511070367352,3.0428011197338094,3.064139311456339,2.8389555569580645,2.7430106801481573,2.975986931249624,2.613230392424443,2.7294989786098065,2.581194425500915,2.7679367226944023,2.8930110043922315,2.940246867056956,3.33015844721489,3.025968268466386,2.983505386605683,3.431185455345962,2.8320771293581473,2.594001525457094,2.4397848449842856,2.4600948018327884,2.77620432016718,2.7518889058252114,2.490119849141227,2.423385437736656,2.6599608315271612,2.702030097704878,2.9275128855849966,2.051413872041761,2.1683229110471642,2.410618824164809,2.939597349717685,2.7838582068192648,2.7530064951390765,2.2325206382674896,1.8792742961511735,2.411122496164106,2.4087231179275066,1.9902299273036368,2.533793434001686,2.6719345805053627,2.7295697069411977,2.799085019065325,2.7867899347084597,2.8339955787810283,3.074199491951317,3.1961437420810497,2.776546145244563,2.84117384158904,3.0536067244553746,2.7384873093011772,2.944236106289692,3.0769757632939645,3.112030217039684,2.9444346500821523,2.71793820220309,2.89557521904762,2.5700186869017796,2.699095525979752,2.5591930320956093,2.749582641226809,2.9197336665607727,2.959500804096709,3.3646678109142543,2.9609610547782945,2.9845417931798695,3.3822757851170326,2.789741990738179,2.6006580646317516,2.4243244180540766,2.405028314920174,2.7669044227055752,2.722913527295323,2.497628794725022,2.429844989299395,2.681765722014013,2.684072195868909,2.9061225983290746,2.038851909459643,2.147323497267968,2.362034723883659,2.962709842042259,2.8675454611591795,2.791177520509069,2.2313268988276875,1.8909776135917065,2.4660251706065117,2.4521317188598664,2.0575299886914866,2.5662649971501024,2.740259601871001,0.1464098939931553,0.1464590165750019,0.14921731200446703,0.1438504977787641,0.16380211987558166,0.15973031383547553,0.144813413280913,0.15725950494604515,0.1359233440208282,0.14090748338723405,0.1597648781268889,0.15641856274007152,0.15496959448439543,0.15086369042399284,0.1505546942747451,0.16141305325839736,0.14376240037190177,0.13058408138214733,0.1538764187971122,0.14842246698235473,0.1652956683242971,0.14425490300574595,0.1689297584076899,0.16700693045385273,0.1323791099186079,0.16073357391520177,0.15083253560063561,0.1472564076229921,0.13776662795127514,0.1495948151320712,0.15119269073771424,0.15780301600483793,0.15730495259084376,0.13751875937171543,0.14443425272985713,0.1727157419931604,0.1423434307800499,0.14026759159098875,0.15797349517231757,0.1490600175083781,0.14847140371507297,0.1510232784316872,0.14960211936860635,0.14399136844478402,0.14044246519651016,0.1335057380886709,0.1474424916247669,0.1354537098068935,0.13851460227677412,0.13529747330092967,0.14392109643247347,0.14172360531465092,0.1496814484596799,0.1518960570881332,0.16501596232110816,0.16387203388212476,0.14406649652058068,0.14774467736147986,0.1418328259827729,0.13613271535068724,0.1599690108500877,0.1626751123631268,0.15566463012467405,0.15133192436033485,0.15398180141573828,0.16434689897418278,0.14065186638930677,0.13476303858443486,0.1550811139365828,0.15210419286940385,0.16268763154028126,0.1448156430459751,0.17466834698373293,0.16570361063033257,0.13386195256403582,0.15758316314159776,0.15499355908804074,0.14967211321252516,0.14057470800460037,0.1498702912722708,0.1630714282139526,0.1633652722778594,0.15868501608287217,0.13919853721698797,0.1367550847576223,0.17674967284787277,0.14846707672050577,0.14698231027695896,0.15485709298778386,0.1501074428929326,0.15418826084293377,0.15250315270900358,0.150871352872855,0.14212654126463614,0.13811908610860546,0.13794889067946256,0.15333302885658717,0.15028053667327398,0.14148188957207297,0.14406225764026898
11.0,2.741232277383672,2.776441190347048,2.773589113767456,2.7800506673119534,3.096402177682779,3.1789747472522327,2.8045504465267275,2.863878172127229,3.0295628634909035,2.7252757855066188,2.92832643771779,3.0208899105992675,3.0467430120569365,2.813581524893549,2.716360149837554,2.9500879221712553,2.587567151896036,2.7124467294741907,2.5494644142300844,2.7439441031512266,2.8755121190541884,2.9205444392553233,3.3252103484263245,2.99996201889842,2.963291054032629,3.4159036589641167,2.808195667134494,2.5617710883369074,2.4135159944677587,2.4337560116391623,2.7684860355724146,2.742052729435731,2.4633123948212234,2.3951421498519903,2.636069211263685,2.6804947025390247,2.9031849684874675,2.0347174798174317,2.1562735417063505,2.39618948585942,2.918704488676252,2.763960040996803,2.729264121935507,2.2083006614864087,1.860946200427207,2.389251051358553,2.3836895306211727,1.980393602952008,2.5108273045794327,2.6512943280176167,2.697341434686578,2.7713922103981936,2.764420068993882,2.803486126390994,3.0443192866252247,3.176688784394063,2.756114603264654,2.809106941390193,3.031656978831621,2.7131146181373555,2.915546631328213,3.0567760444218552,3.090205885289189,2.918845588373283,2.6933113335620624,2.872830844259859,2.5424500513783546,2.681604169714197,2.528165312188298,2.722644707587265,2.901498399691434,2.940416367956636,3.3609032932814595,2.938232322960759,2.9635739166528237,3.3691629687242473,2.765888174873328,2.569139409384339,2.3980551777948866,2.37926779756559,2.759141494485093,2.713955271452709,2.470627914797876,2.40173500314441,2.6596746620326486,2.6639215073606204,2.8830343717399023,2.0215664406962706,2.1352574714992603,2.347878563952615,2.9410360047801563,2.8473766630441566,2.769111974406997,2.2085206306738234,1.8736836407645219,2.444335977563136,2.426080109837473,2.045079613189846,2.5415057482286123,2.7211307556965827,0.14491644466557024,0.14513131162073725,0.14818862068082347,0.14293660219909465,0.1623062480738046,0.15822816187926694,0.14395137064063449,0.15654786023982378,0.1354177032322107,0.13960432314006474,0.15809052576922913,0.1551560689270521,0.1532972612604496,0.14964085301922778,0.1493555181793973,0.16035107698556392,0.14226858657673694,0.12976388475736753,0.15278742562783926,0.14712534607287783,0.16490847831780095,0.14347566513936733,0.16787818605915114,0.16547337917763533,0.13167324870501043,0.15876581999889672,0.14921210108296165,0.1464782643691563,0.13700868475188557,0.14839453467597324,0.14963490222124978,0.1560153328588876,0.1554494126517973,0.1366246775535736,0.14330308526495958,0.17109562627030386,0.1418028850480856,0.1389578365409744,0.1566043810113122,0.14744964147127682,0.14725453597215712,0.1496913167840034,0.1480703584186888,0.14253846310840143,0.1392094667710152,0.13250286746308904,0.14653527995530913,0.1338543430368275,0.13744085552653104,0.13428902423343864,0.14269825962852087,0.14075266895966712,0.14845563802102135,0.15099496657309636,0.163360236531339,0.16212243133622456,0.14289882292047887,0.14701202538126815,0.1407794034925112,0.1353049191682844,0.1589600538285126,0.1610304569847784,0.15414975807706502,0.15029356825528992,0.15269348799916854,0.16294812341472623,0.13934181518765482,0.13407653453006477,0.15410105588895961,0.150661067766955,0.1622664923032859,0.14386388159749391,0.17368733051243668,0.1645008262437695,0.13334337079963818,0.15571923094835963,0.153248158627264,0.148794897921541,0.1399052300287862,0.14869456054487767,0.16070280727295566,0.16128043096933964,0.15697681698905813,0.13808133058909708,0.13599343777452913,0.17531659872435226,0.14823092769097174,0.14519116811090377,0.1539188565000762,0.14826657891828957,0.15303238386849197,0.1519858426000674,0.1502016342511917,0.14081459140194055,0.13662228040012575,0.13696751914036417,0.15218097098641897,0.14855499255662427,0.14025554097176196,0.14283223347071777
12.0,2.710544803522862,2.7482057454498263,2.748621832708206,2.7506461999692817,3.0686399856144453,3.16029508025084,2.7867412270949865,2.834518135928178,3.007442111832325,2.7021686895862334,2.902106914868892,3.0002478548112137,3.030277662637939,2.7896496777909396,2.691409819534425,2.92560647027761,2.5635660387681556,2.6962207021089983,2.519872534603874,2.7213976726054008,2.8591196652244104,2.9021482124167504,3.3206195298150942,2.9753001471648917,2.944061258790674,3.4012025284608867,2.7858047704021556,2.5316662618825982,2.3889785472253307,2.409172456838609,2.760978314110551,2.7326053071142686,2.438352548453632,2.368836194352579,2.6136840716736662,2.6603799488649056,2.8802013753081366,2.019271864429332,2.1450151277869045,2.3824924211674254,2.898895110273964,2.7449428327996213,2.706991263341298,2.185663282308927,1.8436275134501168,2.3688564104554555,2.3601914406358055,1.9712887726890713,2.489319479810929,2.63200715963793,2.6672750066953697,2.7455263355238655,2.7434411359753588,2.774883364139358,3.016273980813075,3.158229475320379,2.7368509293003225,2.779010319409442,3.0109340139103518,2.689216957394169,2.8884671503773096,3.037739011576492,3.0696548728013737,2.8947227367028106,2.6702171202559954,2.85141603491423,2.516699733895439,2.664961066282393,2.499214157626297,2.697306453734939,2.884427298329525,2.9225983731763265,3.3574810220109597,2.9166293806701904,2.943655437985642,3.3564868841236493,2.743473801618623,2.5397204783107745,2.3735009113380703,2.3551822176089963,2.7516196153791066,2.7053438238660514,2.445512952795474,2.375500854553258,2.638973481251521,2.6450898162836163,2.8612160114251157,2.0055534386622194,2.123986104993729,2.334462711527198,2.9204864838175935,2.8280921849186034,2.748377216118096,2.1871466709117193,1.8572735439033734,2.4240733628018516,2.4016264077272016,2.0334469315348502,2.5182986395310047,2.7032856656744886,0.143504644467714,0.1438808985719303,0.14721366010501977,0.1420657785442148,0.16088245459360473,0.15680193324288208,0.14309897027047694,0.15584579493362696,0.13489542044634667,0.13836742029785848,0.15652767545432109,0.15396248617798716,0.15175693483492045,0.14849841627798863,0.1482334245646967,0.15936710834475357,0.14085952765287052,0.128988457920839,0.15174904904063893,0.1459090579649662,0.16452116282873055,0.1427138514192279,0.16688548278479495,0.16405663984298932,0.13099403510081029,0.15695610062302204,0.14770932988542207,0.14572364397373974,0.13629275639569255,0.14729083494000925,0.14820826477939728,0.15436799957381434,0.15373853055304235,0.13577809665899876,0.14223189926358867,0.16961753901805113,0.1412654022344606,0.1377697572889199,0.15535921382513948,0.14596338609956483,0.14612336888190094,0.1484633162695863,0.14665020734048334,0.14117526956255186,0.1380410537123211,0.13155969253430327,0.1456688134085292,0.13236217239721915,0.1364183881182623,0.13332669074405135,0.1415209147255946,0.1398242240902325,0.14729551858847711,0.15011395415734616,0.1617828660307309,0.16047374489014263,0.14178062858840434,0.14631353943113193,0.1397735486903548,0.1344930016698461,0.15799333596548004,0.1594823590501191,0.15273872212938072,0.14931065211910594,0.15148185871523528,0.16164866319914822,0.13809810413656803,0.1333872070390122,0.15316862284202612,0.14933557358748864,0.16184386729307174,0.14294773953837864,0.1727266604214491,0.16338033559769993,0.13281289720472134,0.15399922488496895,0.1516305558277421,0.14795573668621786,0.1392574354480283,0.14761650717729827,0.15851206281377134,0.15935230284377114,0.15538859527077642,0.1370235304795369,0.13525694556736834,0.17401505075136872,0.14795942373761234,0.1435634541368689,0.15305515027721184,0.14658309921264046,0.1519415105195052,0.15148052767588663,0.1495417295585157,0.1395650519590636,0.13522062906479218,0.13603334387860755,0.15108532143728587,0.14692464010848474,0.1391096317389457,0.14166198120951776
13.0,2.682003530269712,2.7218943438953977,2.7252507831130934,2.7232255804325796,3.0425704157757356,3.1426369218911967,2.7699171911383664,2.806980545597451,2.9865758071767297,2.6804481899806274,2.8774432593089085,2.980835092057608,3.0147131654852766,2.767115321660955,2.6681031332813454,2.9025007481151035,2.541170902196917,2.6807955625701196,2.4923473934372664,2.700254259919987,2.843795869940232,2.885015714743525,3.3163705530974097,2.9519409368583833,2.925787429837919,3.3870634516847318,2.7648542658255995,2.503616874594445,2.3661156444362113,2.3862853365722145,2.7536723872165463,2.7235322129815036,2.4151774379144237,2.3444037631487307,2.5927565215894406,2.6416337132860632,2.8585187382184367,2.0050314882660034,2.134519542434191,2.369505225928421,2.880136566068613,2.726782653859404,2.6861392492101164,2.1645575222866276,1.8272906120934285,2.349890059089402,2.3381797304010568,1.9628907085121896,2.4692231161086453,2.6140297890680917,2.639301358340605,2.721425188714518,2.723806109061537,2.7481271852107527,2.990002495911999,3.140730657210121,2.7187163959595253,2.7508239353191115,2.9914000899909725,2.6667468946915727,2.8629497229184775,3.0198273532810207,3.0503358266712897,2.8720195248922202,2.648604750013417,2.831288823433359,2.4927072289937278,2.649140504412468,2.472270373690807,2.67352168440822,2.8684807629427787,2.9060056497155826,3.3543852862084975,2.896118230043688,2.9247557639261674,3.344233333391415,2.7224511475838384,2.5123313171894535,2.3506050201281687,2.332715533980142,2.7443282992834566,2.6970655445723404,2.422218993150146,2.3510807602817883,2.6196161780155625,2.6275286194242318,2.840626753258663,1.9907665214783583,2.113480510526743,2.3217640572510776,2.901027419776961,2.809666876880383,2.7289283988959756,2.167160175056933,1.8417255014001643,2.40519095430272,2.3787203135311232,2.0226069380182228,2.49659463058714,2.686681775056582,0.14217117133117654,0.14270485306863337,0.1462901537934872,0.14123676868771531,0.1595278339995857,0.15544944412496484,0.14225825010767934,0.1551545838907123,0.13435935065516003,0.13719437582995442,0.15507083990040837,0.15283545810869636,0.1503408845806846,0.1474323392357448,0.1471852989645836,0.15845766713314147,0.13953135232145206,0.12825594687287142,0.15076051198951218,0.14477024876164973,0.16413621369779788,0.1419706905441271,0.1659492739918844,0.1627515589301033,0.13034108273452577,0.1552959749854585,0.14631920411647995,0.14499310147452268,0.13561782651808663,0.14627935325665078,0.14690588162321028,0.15285387357766245,0.15216525167302927,0.13497843056466666,0.14121799461573564,0.16827491593872138,0.1407332969999307,0.13669681251362747,0.15423146064965867,0.1445961829981374,0.14507441186884715,0.14733439483513025,0.14533642931099616,0.1398982405615478,0.13693547984631793,0.13067426127737275,0.14484250525225903,0.1309728418724971,0.13544536173845756,0.13240964204739125,0.14038841840561853,0.1389371465010133,0.1461979243211926,0.14925378574289272,0.16028094704351184,0.15892229640792344,0.14071080222023125,0.14564864444230063,0.13881474057195067,0.13369863259646156,0.157068013391041,0.1580265226306273,0.15142664876391307,0.14838138548464969,0.1503437917781851,0.1604429542232776,0.1369180191388063,0.13269783600654375,0.15228224859684733,0.14812275065771957,0.16142215270244897,0.14206638991608173,0.1717867869858918,0.16233821072857166,0.1322736755824361,0.15241526732603786,0.15013463382162792,0.14715415665197987,0.13863175003795394,0.14663075336324716,0.15648917961945308,0.15757226024586318,0.15391406260153787,0.13602280057645724,0.1345451313274985,0.17283896072289817,0.14765846860030077,0.14208921713213354,0.15226354861142063,0.14504901031978573,0.15091347524973495,0.15098898091583482,0.14889379151256102,0.13837731321206115,0.13391107099757577,0.13514507546685925,0.150044484824485,0.14538509726027005,0.1380406429828168,0.14054988907592386
14.0,2.655536429774232,2.6974404492345965,2.7034223210970896,2.6977225824374056,3.0181350742512496,3.125961958464876,2.7540445764579804,2.7812078946327974,2.966925128986193,2.660067728358281,2.8542861918567497,2.962611762026352,3.0000194228848547,2.745933762514338,2.646383535120886,2.88072892823016,2.5203255913383895,2.666145976913457,2.466817597545313,2.6804706939580845,2.8295029602389437,2.86910447443788,3.312447979989495,2.929842671571469,2.90844099613241,3.373467816484105,2.7452939800693232,2.477552754972703,2.344870427279583,2.3650358499810094,2.7465594863253204,2.7148190211581102,2.393724191079635,2.3217810481507466,2.5732376698432806,2.6242038724060266,2.8380936893898023,1.9919508137159945,2.124758658793529,2.3572054959820536,2.86239620761795,2.7094555758078607,2.6666594093956295,2.1449324029711048,1.8119078732306675,2.332303482895018,2.3176052823465625,1.9551746824187117,2.450491369884988,2.59731893000988,2.613351424995249,2.6990265642422853,2.7054679616610655,2.723157482789832,2.965443753319106,3.12415717241341,2.701672275850223,2.724487748791486,2.9730174673728946,2.6456569976495414,2.8389464084332166,3.0030037580585667,3.0322073939939473,2.850689382762952,2.6284234105627924,2.812407242239821,2.470412031213896,2.634116772832507,2.4472647656630078,2.6512442043454847,2.8536191939989526,2.890597027534214,3.351600374979818,2.8766648732183913,2.906844301222237,3.332388118603712,2.702772489378682,2.4869019717987855,2.3293109056097108,2.311811705608755,2.7372570600940236,2.689106793608546,2.4006811202942524,2.3284129370857993,2.601556750669722,2.611189413568827,2.821225833114525,1.977159307265542,2.1037118008736613,2.309759491767896,2.8826249532806685,2.792075589027385,2.7107206759942213,2.148516298625026,1.8270176916467742,2.3876423800457984,2.3573115282512784,2.0125346269316533,2.476344680926846,2.6712765270947294,0.14091296949396334,0.14160041952375202,0.1454160542896791,0.14044844861080902,0.1582397492305626,0.1541686531098041,0.14143106821622878,0.15447545309503333,0.13381221885520278,0.13608296222663147,0.15371494112407652,0.15177280364636836,0.14904200618136518,0.1464389468739111,0.1462082217256219,0.15761956630580481,0.13828050388808638,0.12756470068622264,0.14982104484891054,0.14370577196696835,0.16375593461997726,0.1412473110300016,0.1650674403826287,0.16155333589946147,0.1297140817755767,0.1537775940149805,0.14503693051881753,0.14428714389678543,0.1349829234166606,0.14535592703612701,0.14572135762111085,0.15146629261687575,0.15072293091104708,0.13422502027031205,0.14025895941265076,0.1670615969053549,0.1402086376188354,0.13573287331714515,0.15321496278073093,0.1433431437542016,0.1441043786873227,0.14629994159573687,0.144124110121736,0.13870405016126255,0.1358910866070354,0.1298447469787954,0.1440558244154531,0.12968222652575617,0.13452012718910697,0.1315370700364755,0.1393001327395252,0.13809047141219447,0.14516002634553446,0.1484152429804273,0.15885175973905724,0.15746460363576262,0.1396882861028613,0.14501677846747105,0.13790239594122808,0.1329232745998115,0.15618337907844493,0.15665901288168835,0.15020897653781162,0.14750412257237333,0.14927643889406988,0.15932597205687743,0.13579902001708719,0.13201092936103764,0.15144057892421606,0.1470178018846593,0.16100362600879575,0.1412191699332872,0.1708682390298106,0.1613709074551639,0.13172857960091128,0.15096006659055883,0.14875465338338656,0.14638972407472253,0.13802860033930134,0.14573233167113453,0.15462489011959704,0.1559323444675326,0.15254744702904544,0.1350770157361001,0.1338576466342099,0.17178265152627492,0.14733334707869103,0.14075919245606108,0.15154167530900425,0.14365670526353752,0.14994629210827104,0.1505128228531791,0.14825976020143183,0.13725061058499274,0.13269058070869263,0.13430151401117055,0.14905699845909146,0.14393237474278656,0.13704532854608353,0.13949444585813942
15.0,2.631071474186433,2.6747775250183032,2.683082802775233,2.674070979719333,2.9952755671255997,3.1102318762634735,2.7390896208549007,2.7571426765319718,2.94845125672275,2.640980746387683,2.832586433331294,2.945538004405377,2.986166337122599,2.7260603063617808,2.626194469095616,2.860249183169212,2.500973955348679,2.6522466111948813,2.443211753743006,2.6620038035827616,2.8162031631578475,2.8543720197020885,3.3088363722075465,2.908963634896736,2.891993386632174,3.360397010707461,2.727073739797782,2.4534037315176334,2.3251860369346944,2.3453651962060573,2.7396308428718172,2.7064513057647512,2.3739299358252315,2.3009042412689458,2.5550786252674955,2.60803830282836,2.818882860993695,1.9799843031678408,2.1157043500102737,2.3455708271679288,2.845641386479732,2.6929376702766796,2.6485030737515034,2.1267369459139647,1.7974516737353696,2.316048167506869,2.2984189789019753,1.9481159664059782,2.433077397552435,2.5818312961650802,2.589356142032328,2.6782682563793196,2.6883796671825877,2.6999141500612422,2.9425366744315395,3.1084738632803877,2.6856798415803667,2.6999417194988604,2.9557484063555433,2.625899833888059,2.816409266403026,2.98723091443229,3.015228221864377,2.830685740136542,2.6096222896326595,2.7947293237562345,2.449753635096643,2.6198641602706356,2.4241281388240825,2.630427818285115,2.839802991965771,2.8763313365920125,3.3491105774306624,2.8582353123314257,2.8898904566216945,3.320937041836727,2.6843901036128974,2.4633624879171854,2.3095619692272034,2.29241469142461,2.7303954117066613,2.6814539310116747,2.3808344186601116,2.3074356017211413,2.5847491975589576,2.596023695503756,2.802972486866716,1.9646854141446342,2.094651088809849,2.298425905721301,2.8652452249511065,2.7752931714574953,2.6937092006664476,2.131170197131555,1.813128293035103,2.3713812680111612,2.3373497528897387,2.003204992566837,2.457499750080005,2.6570273650408014,0.1397272245693443,0.1405650001813227,0.14458951862571412,0.13969980924016095,0.15701580959319367,0.15295764960592653,0.14061911810461916,0.15380957488218183,0.1332566174174857,0.13503110577352417,0.1524552731145316,0.15077249869339585,0.14785376738942163,0.1455148940792567,0.14529945380553788,0.1568498783708559,0.1371037138662931,0.12691324840177926,0.1489298867969808,0.14271267170934124,0.16338245144193259,0.14054475010535844,0.16423809397862146,0.16045749574039658,0.12911278271489304,0.1523936608616255,0.14385792947732287,0.1436062290327772,0.13438711943680404,0.144516588861148,0.14464875519293588,0.15019904207869056,0.1494053062357525,0.13351715206486728,0.1393526372388675,0.16597179572159723,0.1396932691187071,0.13487219781766466,0.1523039153781758,0.1421995540267712,0.1432101738132097,0.1453556045785277,0.1430086349804461,0.13758957792976165,0.13490629045077268,0.12906943988432862,0.14330827820992809,0.1284864172691359,0.13364119910345315,0.13070818906440818,0.13825542363003548,0.13728336887855797,0.1441792961331293,0.14759911018389263,0.157492758129602,0.1560973696333543,0.138712073015313,0.14441739488624583,0.1370358792278168,0.13216819822403422,0.1553388389902931,0.15537622514117772,0.14908143779641986,0.14667735492255796,0.14827719853737484,0.15829317921922956,0.13473873093774805,0.1313287443432312,0.1506424406066358,0.14601608698808718,0.16059043637527667,0.14040555900488666,0.16997160058079736,0.16047522501697523,0.13118023281856897,0.14962687615690373,0.14748522980561557,0.14566203391645777,0.13744840930154315,0.14491665732349382,0.15291062222500929,0.15442521691734543,0.15128344794927404,0.13418424567153311,0.13319424808227165,0.17084080392593798,0.1469887904281792,0.1395647614453692,0.15088721269694294,0.14239895225236285,0.14903813498193627,0.15005353616902486,0.14764138473204505,0.1361840573760688,0.1315561819868977,0.13350154342140252,0.14812151617859373,0.14256283695978236,0.13612068648837927,0.13849423460989715
16.0,2.6085366356563604,2.653839034797367,2.664178584262466,2.6522045460139165,2.9739335004834,3.095408361578566,2.72501856213023,2.7347273847927203,2.9311153698484564,2.623140685737291,2.81229470455143,2.929573958882615,2.973123810484449,2.70745025921404,2.6074793792481086,2.8410196854786784,2.4830598433839057,2.6390721314703174,2.4214584688453464,2.644810417657111,2.803858705734254,2.840775878738437,3.3055202914677717,2.88926211042677,2.8764160302953186,3.347832422203257,2.7101433716754837,2.4310996327295027,2.3070056145807083,2.327214574388429,2.7328776882909525,2.698414640922121,2.355731800027222,2.2817095344136438,2.538230496694394,2.593084881156596,2.800842885201518,1.96908641901009,2.1073284892297535,2.334578815325668,2.8298394542117133,2.6772050088975434,2.6316215721314182,2.109920172666803,1.7838943904810525,2.301075598559572,2.2805717024969354,1.9416898324713525,2.4169343555233995,2.567523601235466,2.567246444824853,2.659088059397784,2.6724941990347277,2.6783370802096105,2.9212201806464098,3.0936455721611846,2.6707003657579045,2.677125807113529,2.939555167238324,2.607427971027066,2.7952903563094122,2.9724715109253075,2.9993569573775893,2.8119620268344128,2.592150574951491,2.778213100405218,2.4306715351826664,2.606356955454968,2.402791298455217,2.6110263309654993,2.8269925573109878,2.8631674068487865,3.3469001826667935,2.8407955495199166,2.873863636872365,3.3098659051666077,2.6672562668962105,2.4416429113230205,2.2913016124251717,2.274468450357415,2.7237328680172364,2.674093316818681,2.362613972680077,2.288086970943643,2.5691475170282074,2.581982962015357,2.7858259503891936,1.953298460236491,2.0862694871106497,2.2877401897549503,2.8488543754106854,2.759294474268589,2.6778491261662594,2.115077026092096,1.8000354839570394,2.3563612461788606,2.31878468844856,1.9945930292155045,2.4400107975764547,2.6438917321466655,0.13861134132273756,0.139596145109889,0.14380888625252938,0.1389899405431179,0.15585385030808258,0.15181464406245668,0.13982394446565416,0.15315806596523746,0.13269500636089102,0.13403687104869602,0.1512874676667682,0.14983266012355687,0.14677015710965083,0.1446571327657855,0.14445642362238473,0.1561459058628921,0.13599797742236636,0.12630027826366244,0.1480862878851685,0.14178816717175483,0.16301772306505338,0.13986396245531352,0.1634595560315483,0.15945986301641335,0.1285369834721496,0.15113739181758434,0.1427778246624936,0.14295076699308096,0.13382953033685577,0.14375756024186406,0.14368255324532336,0.1490463234578332,0.14820647345698032,0.13285407278820202,0.13849709815116498,0.16500007162949468,0.13918883567891213,0.13410940609912275,0.1514928471975931,0.1411608676131791,0.14238887967962083,0.1444972773362361,0.14198566648478508,0.1365518936170814,0.13397957219745552,0.12834673865549104,0.1425993988458562,0.1273817057557131,0.13280723405179412,0.129922235860234,0.13725366115737406,0.1365151230824585,0.1432534725436812,0.14680616581072806,0.1562015607738099,0.15481747281032854,0.1377812042077538,0.14384996498965308,0.13621451212807745,0.1314344981184206,0.15453389254313113,0.15417485611314324,0.14804003980984268,0.14589970297019825,0.14734369175856604,0.1573404767477978,0.13373493156283053,0.13065330955535273,0.1498868150850686,0.14511311698973872,0.16018460030510687,0.1396251594721971,0.1690974934609391,0.1596482693372332,0.13063102975596858,0.14840945479176143,0.14632131015164038,0.14497070256515307,0.13689159372792523,0.1441795006196431,0.15133844892005535,0.15304411170846194,0.15011719497427958,0.13334273978712935,0.13255477763044135,0.1700084263878307,0.1466290358385139,0.1384979105696159,0.15029790797632497,0.1412688809343395,0.14818732042316735,0.14961247884198667,0.14704024352288106,0.13517667193767507,0.13050495704377876,0.13274412581472395,0.14723679407474588,0.1412731664833325,0.13526393283001967,0.13754792659125437
17.0,2.587859886333986,2.6345584421226302,2.646656021673813,2.632057055056714,2.954050480409243,3.081453100701739,2.7117976380850712,2.7139045129127792,2.914878647825374,2.6065009880756076,2.7933617263360504,2.9146797651459906,2.9608617452562966,2.6900589270818394,2.5901817096209108,2.8229986077049847,2.466527104600113,2.62659720379565,2.40148634966737,2.6288473650442117,2.792431815005459,2.8282735797491663,3.3024842994864128,2.8706963817541573,2.861680356079871,3.335755438819941,2.6944527023668936,2.41057028710857,2.2902723013968838,2.310525183669174,2.7262912540176565,2.6906946007508883,2.3390669115616056,2.264133119495128,2.5226443929562814,2.579291483994275,2.7839303941847318,1.9592116236312818,2.0996029495973154,2.3242070562949033,2.8149577623716766,2.6622336633021515,2.615966234389032,2.094431104781216,1.771208400341238,2.2873372616877283,2.264014335561077,1.9358715526121772,2.402015400210356,2.554352558922844,2.5469532687458374,2.641423767569822,2.6577645306261495,2.6583661664196168,2.9014331933608295,3.0796371414059394,2.6566951209908196,2.6559799713077936,2.924400010320658,2.5901939766865527,2.7755417376338603,2.958688236060752,2.9845522476286184,2.794471672678064,2.575957454247796,2.762816604609363,2.413105226012642,2.593569447113589,2.3831850498375933,2.5929935471250185,2.8151482905023535,2.851064068264331,3.3449534797939444,2.824311586920993,2.8587332487221015,3.299160510669548,2.651323255838389,2.4216732877947296,2.274473236648145,2.2579169413369544,2.7172589429216023,2.667011311066574,2.345954866786491,2.270305261509126,2.554705707422411,2.569018709889993,2.7697454595559465,1.9429520636619786,2.0785381085514554,2.2776792345124717,2.8334185452818024,2.744054347558541,2.663095605747239,2.1001919410222025,1.7877174428044749,2.3425359425289587,2.3015660359297985,1.986673731169338,2.423828782946047,2.6318270716641803,0.1375629237979988,0.1386915429998993,0.14307265922117485,0.138318018394463,0.15475191352241222,0.15073795959383676,0.13904695896732,0.15252198763545807,0.13212971591429593,0.133098447342664,0.1502074630730594,0.14895153172412698,0.14578563772676467,0.14386288190720933,0.1436767148760482,0.15550515540752594,0.1349605305314607,0.12572461917901862,0.14728951158305653,0.14092963817031412,0.162663552703074,0.13920582873058443,0.16273033673139403,0.15855653732738495,0.12798651926937812,0.15000247795001723,0.14179243319749765,0.14232112382162898,0.1333093146405436,0.14307524433541363,0.14281760899372828,0.14800272396626116,0.14712086217603362,0.1322350025971647,0.13769061293188087,0.16414130250025594,0.13869680213972332,0.13343945563570916,0.15077660053278916,0.14022270048875318,0.1416377446882682,0.14372108477456794,0.14105112374792755,0.13558824235699124,0.13310946800747503,0.12767514179830938,0.1419287330895551,0.1263645695288738,0.13201701164421228,0.12917846952876672,0.13629422130959198,0.1357851149362499,0.1423805321492059,0.14603717753195677,0.15497594216478336,0.1536219574343859,0.13689476820776209,0.14331398072073515,0.13543758294076313,0.13072310989999772,0.153768116678284,0.15305187697563744,0.14708104562782606,0.14516990689398698,0.14647374031368007,0.15646415977926148,0.13278554883631416,0.1299864472521414,0.14917281605121685,0.14430454879753443,0.15978800137125257,0.1388776797044985,0.1682465646607262,0.15888741959213412,0.13008315746094093,0.14730202777626827,0.1452581510325252,0.14431536302698872,0.1363585631855545,0.1435169598795088,0.14990103965126333,0.1517827898923795,0.14904421033554338,0.13255091308391612,0.13193914611790267,0.169280827624423,0.1462578805910087,0.13755119063647475,0.1497715773342694,0.140259966717842,0.1473922927356401,0.14919089607016325,0.14645776329127919,0.13422740009638334,0.12953405185052894,0.13202829607113195,0.14640167789262687,0.1400603318560329,0.13447247742453217,0.13665427544807404
18.0,2.5689691983693663,2.616869210544989,2.630461471124262,2.6135622805833028,2.935568112987775,3.068327779924566,2.699393086520511,2.6946165543899148,2.8997022701155784,2.591015095071106,2.7757382195040496,2.9008155628834364,2.949350043724093,2.6738416159758898,2.57424490425663,2.806144122394555,2.4513195881534275,2.6147964942267508,2.3832240030240834,2.614071474607144,2.7818847180087714,2.816822650936569,3.2997129579796574,2.8532247324714635,2.8477577929439124,3.3241474484059736,2.6799515585364997,2.3917455231551146,2.2749292385623767,2.295238223189365,2.7198627714868877,2.6832767593717284,2.3238723983043803,2.248111188423725,2.5082714228854557,2.566605987944948,2.7681020201147772,1.9503143794199689,2.0924996042583026,2.3144331459152383,2.800963662517371,2.6479997051221935,2.6014883903780204,2.0802187638087974,1.759366080189461,2.2747846425259204,2.2486977605240828,1.9306363988258135,2.388273688025746,2.5422748829289805,2.5284075491682807,2.6252131751675667,2.6441436353654857,2.6399413018758695,2.88311463397192,3.0664134133647742,2.643625379887051,2.63644417175396,2.9102451959019535,2.5741504184864863,2.757115469857867,2.9458437783617715,2.9707727397125008,2.7781681074889764,2.560992115250106,2.748497868791285,2.3969942021272743,2.5814759239746414,2.3652401982524083,2.5762832715020694,2.804230592007574,2.839980150798445,3.343254757917864,2.808749426671778,2.8444686989187282,3.2888066604217214,2.6365433470491357,2.403383663110693,2.2590202433406485,2.242704123292966,2.710963150315634,2.6601942737923263,2.3307921854116946,2.254028690173409,2.541377767086537,2.5570824359140096,2.7546902502409636,1.93359984254196,2.0714280659076003,2.2682199306375446,2.8189038751868654,2.729547641425245,2.649403792662994,2.0864700974374415,1.7761523479692947,2.329858985041536,2.285643496335522,1.9794220927200539,2.4089046657186532,2.620790826845226,0.1365797574809843,0.13784901265871016,0.14237948441062678,0.13768329377921532,0.15370823070538842,0.14972602471392826,0.13828945580948657,0.15190234762078578,0.1315629508539618,0.13221413673998486,0.1492114754008059,0.14812747176613247,0.14489510057325955,0.1431296002391023,0.14295805527293415,0.15492531492409242,0.13398882873520934,0.1251852242569517,0.1465388376187669,0.14013461181975487,0.16232159929137815,0.13857116375974093,0.16204911661897625,0.15774387012943475,0.12746125478554352,0.14898304769385837,0.14089775626156242,0.14171762658756967,0.13282567298696563,0.14246621790816558,0.14204912251632115,0.14706318731327533,0.14614321287655133,0.13165914560518563,0.13693163023873314,0.16339065964276897,0.13821847451131672,0.13285761730911877,0.15015031145912505,0.13938082481633257,0.14095417193457696,0.14302336849568548,0.1402011626516924,0.13469603046606893,0.13229456175311718,0.12705323919794445,0.14129583450819516,0.12543165755331565,0.1312694182678725,0.128476171595591,0.1353764886840474,0.1350928074950466,0.1415586625042179,0.14529290007424137,0.15381382470534613,0.15250802452035922,0.13605190024113714,0.14280895741747296,0.13470435550096999,0.1300348272078287,0.15304115293453302,0.15200450828019807,0.14620095492484914,0.14448681703951835,0.14566534691409294,0.15566087686259267,0.13188864932101954,0.12932979545862103,0.14849967041159867,0.14358617974874485,0.1594023930425725,0.13816291933740674,0.1674194775354768,0.15819029780159485,0.12953861713008472,0.14629924940499198,0.14429129704100244,0.14369566204436884,0.1358497200918236,0.14292543521956325,0.1485916135846955,0.1506354955550876,0.14806037449649942,0.1318073330919568,0.1313473194741995,0.16865359156384144,0.14587873141339602,0.13671767635630316,0.14930610820259324,0.1393660136540914,0.14665161102610136,0.14878993115150993,0.14589523679834446,0.13333513352685528,0.12864067835576512,0.13135315655882307,0.14561509190996316,0.13892155840150291,0.13374390182810278,0.13581211162377313
19.0,2.5517925439124727,2.600704803615267,2.6155412887288088,2.5966539963292377,2.918428004303564,3.05599408553865,2.687771145237645,2.6768060027218827,2.885547416181105,2.5766364483922612,2.759374904874292,2.8879414917828794,2.9385586081737496,2.6587536319069267,2.5596124071978164,2.7904144020938175,2.437381143199947,2.6036446688195474,2.36660003573051,2.6004395752089935,2.7721796417815097,2.8063806205028605,3.29719082866374,2.8368054461712884,2.8346197698454865,3.3129898388098242,2.66658976684878,2.3745551693693763,2.2609195672564386,2.2812948920900373,2.713583472133537,2.6761466909053095,2.3100853881315486,2.233579933109733,2.4950626953142283,2.5549762696121627,2.7533143951630863,1.9423491487646778,2.0859903263580364,2.305234680026299,2.7878245062065474,2.6344792059893622,2.588139369952031,2.0672321713011668,1.7483398068992428,2.26336922670875,2.2345728598155614,1.9259596431096044,2.375662375381999,2.531247286955666,2.511540221465182,2.610394076463185,2.631584486661393,2.6230023797630335,2.866203423876807,3.0539392303878263,2.6314524150545453,2.618458368124305,2.897052984281636,2.559249864046819,2.7399636124629523,2.9339008263515143,2.9579770807242562,2.7630047610886095,2.5472037456868772,2.7352149253735814,2.382277958067232,2.570050674766229,2.34888754898084,2.5608493088350217,2.794199862294432,2.8298744844109307,3.3417883061442994,2.7940750709093862,2.8310393942100927,3.2787901564992707,2.6228688171381975,2.3867040830493336,2.2448860339471963,2.228773955155162,2.704835004095171,2.653628565032918,2.3170610129880176,2.2391954736923347,2.5291176943655227,2.5461256368737333,2.740619558318225,1.925195414997275,2.0649104719544535,2.259339168773814,2.8052765057482665,2.715749205966567,2.6367288401671467,2.073866650853367,1.7653183778433987,2.3182840016966324,2.2709667706677803,1.972813108159353,2.3951894054241,2.6107404409416675,0.13565979323260388,0.13706649511668909,0.1417281376085919,0.13708508394574237,0.1527212063430899,0.14877736694043778,0.13755262683633293,0.15130010317672765,0.13099679619180257,0.13138234363603624,0.14829597211215909,0.1473589419424785,0.14409382441764118,0.14245496140228495,0.14229830609118882,0.15440423355394772,0.13308052739420437,0.12468115626146709,0.14583356496695513,0.13940075022448348,0.16199338888694625,0.13796072442115753,0.16141472960644754,0.15701844286476987,0.12696107817657684,0.14807363061515227,0.14008997006264537,0.14114056947641435,0.13237784748909326,0.14192722278517317,0.1413726038851882,0.14622298569433256,0.14526855512055967,0.13112569872253682,0.13621875630808752,0.1627435841616186,0.13775501940660573,0.13235945212743874,0.14960939046665114,0.13863116292730596,0.14033570858977873,0.14240067191922356,0.13943215719823027,0.13387281189538258,0.13153347858623818,0.12647970386631913,0.140700257831766,0.12457977623730802,0.1305634331297383,0.1278146460689307,0.13449985983401302,0.1344377337486135,0.14078623806555085,0.14457407515815607,0.15271327119305916,0.15147302304064147,0.1352517820918522,0.14233443645619817,0.13401407764439507,0.12937031859521414,0.15235269701243953,0.15103019653201954,0.14539648507667047,0.14384938417749618,0.14491667740500977,0.15492759272717266,0.13104243201268884,0.12868482960015845,0.14786670212535055,0.142953942013265,0.15902940380433395,0.13748075641702426,0.16661690603312163,0.15755474118151758,0.12899924545120156,0.14539616691298862,0.1434165599525778,0.14311125868551464,0.1353654607325897,0.14240160340132768,0.14740389481351915,0.14959691395485866,0.14716189467597068,0.1311107077958325,0.13077930721605374,0.16812255447377084,0.14549464948913157,0.135990926567363,0.1488994600185933,0.13858113633516894,0.14596393796375334,0.1484106354803405,0.14535383942089075,0.13249872472088137,0.1278221142250068,0.13071787204765944,0.14487602913388248,0.1378543017652406,0.13307593903738077,0.13502033699896857
20.0,2.5362578951133647,2.5859986848843213,2.601841830602436,2.581265976030077,2.9025717604412526,3.044413703835552,2.676898052037564,2.6604153514063973,2.872375265484017,2.563318489707557,2.7442225032656946,2.876017691532249,2.928457340891179,2.6447502808856878,2.546227662487059,2.7757676193491987,2.4246556188957475,2.5931163936299013,2.3515430546016467,2.587908495712844,2.7632788133609525,2.796905016650345,3.2949024732548544,2.8213968064462143,2.8222377157426553,3.3022639978799204,2.654317153968204,2.3589290542516217,2.248186428658259,2.268636389512287,2.707444587392557,2.669289969472323,2.2976430089191022,2.220475545463477,2.482969319074915,2.544350205599446,2.739524151501084,1.9352703940539606,2.0800469890418856,2.296589254467701,2.7755076449969813,2.621648237535362,2.5758705029647553,2.0554203488098994,1.7381019573441117,2.253042499870822,2.221590515865168,1.9218165574609067,2.364134618691564,2.5212264847046755,2.496282221009567,2.5969042657288273,2.6200400579224836,2.6074892932657523,2.850638484472618,3.0421794348252313,2.620137499101284,2.601962520091129,2.884785635759105,2.545444880987545,2.724038224930598,2.9228220685530917,2.9461239177588774,2.748935063298457,2.534541533286635,2.722925806778851,2.368895988373213,2.559267988216433,2.3340579073040755,2.5466454638622773,2.7850165018306523,2.8207058990616063,3.3405384135789964,2.7802545217709755,2.81841474134403,3.2690968009784163,2.61025194271532,2.371564593389027,2.232014009912327,2.2160703958533254,2.6988640181561,2.647300544825324,2.3046964339478246,2.2257438288217277,2.5178794876043002,2.5360998095555356,2.7274926196617124,1.9176923991488035,2.058956439467375,2.2510138395649304,2.7925025775884227,2.702633891280406,2.6250259015132733,2.062336756785542,1.7551937108186721,2.307764620474336,2.2574855599286345,1.966821771778944,2.3826339615922607,2.601633357205377,0.1348011327641102,0.13634204627388574,0.14111750926266614,0.13652276517108808,0.15178940284934742,0.14789060708073737,0.13683757605761396,0.1507161650639067,0.13043322386726702,0.13060156549400986,0.14745764780649465,0.14664449746153307,0.1433774368420611,0.1418368313125993,0.14169545252877605,0.1539399039445069,0.13223346333338146,0.12421157480349722,0.14517301486623294,0.13872583913552636,0.16168032593384135,0.13737521714587286,0.16082614750771573,0.15637704635933264,0.12648589660887463,0.1472691225169767,0.139365417128806,0.140590220498284,0.13196512111141606,0.14145515699520328,0.14078384272150626,0.14547769302644034,0.14449218681435697,0.13063385898272786,0.13555073690274247,0.162195764792706,0.1373074823517206,0.1319407887406112,0.14914950356483064,0.1379697812823355,0.13978003588776808,0.14184972540302532,0.1387406819270651,0.13311627537913492,0.1308248795392237,0.1259532839870094,0.1401415550380768,0.12380587603994865,0.1298981163094196,0.12719321949933987,0.1336637470062235,0.13381948642182964,0.14006179849830558,0.14388143298152395,0.15167247775308895,0.15051444141981285,0.13449364226004556,0.1418899877315232,0.13336598915773554,0.12873014399311478,0.15170249040173675,0.15012659235605752,0.14466455267546896,0.14325664981604727,0.14422604469384595,0.15426155423574248,0.13024522156684434,0.12805288341663143,0.1472733184847855,0.14240389679782656,0.1586705439248594,0.13683113623818532,0.1658395313075998,0.1569787770173534,0.128466735417304,0.14458818595889966,0.14262999877932495,0.14256182403169435,0.13490617700734364,0.14194239392581412,0.14633206959033868,0.1486621318317977,0.14634527600969202,0.13045987451776186,0.13023515288320275,0.1676837839991131,0.14510839152661534,0.1353649453970471,0.14854966380583146,0.13789974120644377,0.14532803001853956,0.14805397779244225,0.14483464462189763,0.13171699912163728,0.12707570068009258,0.13012166482959386,0.14418354267522954,0.13685622393034602,0.13246645497264012,0.13427791975797632
21.0,2.5222932241220404,2.572684317903042,2.5893094528601344,2.5673319934213827,2.8879409874854245,3.0335483211068675,2.666740044721359,2.6453870939412365,2.8601469974863756,2.551014660685469,2.7302317354971213,2.865004301819479,2.9190161441623106,2.6317868689228887,2.534034114166899,2.7621619467071175,2.413086864396936,2.5831863347137376,2.337981666452514,2.576435064981782,2.7551444597844204,2.7883533675812897,3.2928324534692357,2.8069570968888136,2.8105830595934944,3.291951313464749,2.6430835465592764,2.344797006302135,2.2366729639470475,2.2572039145971416,2.7014373486988834,2.6626921691934164,2.2864823885430305,2.2087342173952456,2.471942402999786,2.5346756725103674,2.7266879213002357,1.9290325776763662,2.0746414654551697,2.2884744650790747,2.763980430446423,2.6094828713918643,2.5646331192698493,2.0447323178866013,1.7286249083975909,2.243755947646718,2.209701611102545,1.9181824138770611,2.353643574366887,2.512169189877817,2.482564483174434,2.5846815372366523,2.609463322557432,2.593341935568676,2.83635873715648,3.0310988690270984,2.609641904635216,2.586896587326741,2.8734054106338,2.532688036928622,2.709291366742307,2.9125701934896515,2.935171897911424,2.7359124439399944,2.5229546657778763,2.7115885454297133,2.3567877875859202,2.5491021530534086,2.3206820785033013,2.533625541322183,2.776640911083976,2.8124332247102517,3.3394893693277057,2.767253781393645,2.806564147068374,3.2597123959352987,2.5986450003902193,2.357895239908193,2.2203475726805624,2.204537404317188,2.693039706394257,2.6411965732065377,2.293633532723439,2.2136119723174046,2.5076171451478335,2.526956450745769,2.7152686701454174,1.9110444131173974,2.053537081221737,2.2432208336545125,2.7805482313297234,2.6901765474646178,2.614250129954985,2.0518355707495277,1.7457565252870129,2.2982544693546854,2.245149565120144,1.9614230778705257,2.371189293752966,2.593427018888219,0.1340020154632433,0.13567383002956726,0.14054659173063502,0.1359957668450198,0.15091152660999899,0.14706445405149768,0.13614533348321012,0.15015140213477657,0.12987410016152115,0.12987038467480555,0.14669340189051458,0.1459827781233566,0.1427418783715441,0.1412732475565916,0.14114759478085412,0.15353044656179202,0.13144563778408866,0.12377572509529765,0.14455653377454133,0.13810777751662645,0.16138370429960727,0.13681530503439288,0.16028246598059337,0.1558166614484086,0.12603563301076928,0.14656475202273475,0.13872059788077426,0.14006682851239732,0.13158681707637604,0.14104706578416207,0.1402788800241267,0.14482315946073956,0.14380965450781313,0.13018282960149744,0.13492644122827693,0.16174311714170292,0.1368768049529832,0.13159770183100142,0.14876655393045812,0.13739288442595388,0.13928495966869187,0.1413674315490901,0.13812349536071014,0.13242423231380873,0.13016745702543966,0.12547279532239325,0.1396192728321396,0.12310703874087454,0.12927259856009307,0.1266112410260614,0.13286758207345653,0.13323770946688848,0.13938402913266368,0.14321569480359725,0.15068976716934743,0.14962989929203047,0.1337767563071047,0.1414752119356101,0.13275932919038708,0.1281147705496732,0.15109031371342097,0.14929153016646668,0.14400225565597524,0.14270773674581416,0.14359189426360497,0.15366025926220703,0.1294954618821948,0.12743516900404628,0.14671899846727796,0.14193222832818309,0.15832721335107636,0.13621406168430206,0.16508804019472398,0.1564605998362611,0.12794265643389519,0.14387103776234356,0.14192790073763126,0.14204704165690776,0.1344722587317412,0.14154496648760376,0.1453707456431281,0.14782659996836478,0.14560729510068643,0.12985378971638595,0.12971492611641905,0.1673335599002212,0.1447224472506446,0.13483414459840937,0.14825482085406172,0.1373165076334252,0.14474272897709922,0.14772085276953445,0.14433863839025401,0.130988764925035,0.12639883894788173,0.12956381006503181,0.1435367381796637,0.13592517147550529,0.13191343159015134,0.13358388948463545
22.0,2.509826503088507,2.560695166222249,2.577890511616923,2.5547858222387156,2.874477291520718,3.023359623644174,2.6572633610901395,2.6316637238241385,2.8488237916502337,2.5396784029944808,2.7173533223874915,2.8548614623324826,2.9102049202730678,2.6198187020292614,2.522975206279923,2.749555556714009,2.402618728859605,2.573829158126922,2.3258444780981327,2.5659761118788817,2.747738808089215,2.7806832014979355,3.290965331023071,2.7934446010916876,2.799627230356048,3.2820331734127395,2.632838771286437,2.332088854021162,2.2263223143020143,2.2469386664856756,2.695552987487433,2.656338864189301,2.2765406548793523,2.1982921408153597,2.4619330559211625,2.525900546948436,2.714762336731957,1.9235901620204283,2.0697456287432314,2.2808679077000398,2.75321021411264,2.597959179190566,2.554378548720977,2.03511710008287,1.7198810369332087,2.2354610556710632,2.1988570279573443,1.9150324843554245,2.344142398820413,2.5040321161768437,2.470317943332796,2.5736636852587824,2.5998072539748627,2.580500199856442,2.823303103325467,3.020662375343586,2.5999269042642794,2.573200529503431,2.862874569205104,2.520931899490016,2.6956750973795742,2.9031078896843394,2.925079668276915,2.723890332834673,2.512392330889114,2.7011611737487775,2.3458928502460132,2.5395274580052365,2.308690867859704,2.521743345953163,2.769033490522164,2.805015291316677,3.338625462496169,2.755038851914533,2.7954570181309633,3.2506227434461032,2.5880002667726467,2.345626068385231,2.2098301236964026,2.194118939476492,2.6873515827055265,2.63530301021355,2.2838073937472068,2.2027381209352046,2.4982846653410773,2.518647057230768,2.703906945643315,1.905205075023919,2.048623509992898,2.2359370416862623,2.7693796075945634,2.678352024617106,2.604356678745887,2.0423182482608953,1.7369849996403037,2.2897071763177514,2.2339084872443604,1.9565920207258032,2.3608063614361123,2.586078869242044,0.133260806410826,0.1350601118471919,0.1400144678709251,0.13550356662038432,0.15008641507972909,0.1462977001182435,0.13547686821566784,0.14960664630948622,0.12932119360840105,0.1291874611966328,0.14600031800243862,0.14537250023843093,0.14218336921339964,0.14076240062739187,0.14065293979655696,0.15317409574515534,0.13071520053293464,0.12337292809494099,0.14398349619401882,0.13754456796593506,0.16110471801351398,0.13628161457983773,0.1597828917837767,0.15533444079093264,0.12561022379589343,0.14595604873692267,0.13815216245834508,0.13957063033488942,0.13124229830798037,0.14070013263667386,0.13985398212527037,0.14425548719208917,0.14321673468932417,0.12977182497952905,0.13434484757341694,0.16138176424910913,0.1364638409195512,0.1313264914404958,0.14845666415871375,0.13689680895377548,0.13884840143528657,0.140950850846561,0.13757752443931068,0.13179460539127566,0.12955993112928335,0.12503711403214535,0.1391329512477492,0.12248046543391743,0.12868607262713413,0.12606808240543002,0.13211082051294973,0.1326920909776842,0.13875174336118573,0.1425775762760326,0.14976358257387323,0.14881713951055123,0.13310044730246243,0.14108974261787474,0.13219334311776318,0.12752458770857614,0.1505159814182068,0.14852300926597314,0.14340685617149249,0.14220183995947636,0.14301279112090126,0.15312142824762298,0.12879170999167244,0.12683279588439708,0.14620328283988251,0.14153523761582593,0.15800071032550436,0.1356295848950967,0.1643631251291356,0.15599855067185867,0.12742847359846377,0.1432407479645534,0.14130676316918567,0.14156660865327686,0.13406409635832542,0.1412066898518064,0.14451491361390686,0.1470860980333491,0.14494497573143755,0.12929151965172073,0.12921871612528463,0.1670683563048136,0.1443390736415004,0.13439330726083037,0.14801310073963656,0.1368263690049953,0.1442069545602346,0.14741208909550976,0.14386673271818268,0.13031282098576807,0.12578898575740594,0.1290436313734309,0.1429347672108907,0.13505915586496292,0.1314149515150472,0.13293733249301634
23.0,2.498785704162777,2.549964693392838,2.5675313629877605,2.543561236217654,2.862122278631715,3.013809297739066,2.6484342389449935,2.619187734552852,2.8383668274376443,2.5292631583030754,2.705537984755674,2.845549312759194,2.9019935715093736,2.6088010862155335,2.5129943828687153,2.7379066219162786,2.3931950614398394,2.56501952992536,2.3150600963535095,2.556488465267234,2.7410240853126173,2.773852046602565,3.289285667632591,2.780817602647401,2.789341656988386,3.2724909655723677,2.623532654814217,2.320734425908967,2.217077620902374,2.2377818443189414,2.68978273519315,2.6502156285806318,2.2677549358040685,2.1890855076341253,2.4528923866713463,2.517972705517222,2.703704029967686,1.9188976094746883,2.06533135205142,2.273747178170201,2.743164347553396,2.587053232563172,2.5450581211718197,2.0265237169503076,1.7118427198244885,2.228109309578444,2.1890076488592145,1.9123420408933614,2.3355842484645866,2.4967719773035495,2.4594735368576672,2.563788504067396,2.5910248255834207,2.5689039793136925,2.8114105043767506,3.0108347961248114,2.590953770596462,2.5608143062935027,2.853155371772465,2.510129036291691,2.683141476323896,2.89439784566029,2.915805875950376,2.7128221598039923,2.502803716348826,2.6916017241586254,2.3361506708942152,2.530518191800037,2.29801508065448,2.510952682493584,2.762154640612925,2.7984109288406813,3.3379309821901306,2.743575735470755,2.7850627612796486,3.241813645586991,2.578270018472338,2.334687124598535,2.2004050644043947,2.184758960260997,2.6817891609857614,2.6296062158833315,2.2751531014514685,2.193060491430957,2.489836046528956,2.5111231257968956,2.6933666820293896,1.9001280029892307,2.0441868385562016,2.2291393543037974,2.758962847005371,2.6671351728357586,2.595300701139573,2.033739944835199,1.7288573122704385,2.2820763693436086,2.2237120273033617,1.9523035946364826,2.351436124171506,2.5795463515187516,0.1325759854536608,0.1344992527156868,0.13952030082718964,0.13504568641477785,0.14931302485392098,0.14558921646814904,0.1348331007759683,0.14908269776874447,0.12877618322335482,0.12855152630197147,0.1453756450364643,0.1448124492756614,0.14169837846441907,0.14030261682993558,0.14020979366873218,0.1528691872560544,0.13004043519410233,0.12300257187760591,0.14345330731619943,0.13703430794300162,0.1608444716588099,0.13577474199715206,0.15932673125426824,0.15492769183328114,0.12520961735505448,0.14543881305219306,0.13765690278086254,0.13910185775284128,0.13093096691963832,0.14041167041594677,0.13950561663269226,0.14377100757344852,0.14270941603760948,0.12940007482880975,0.13380503045949826,0.16110801840584385,0.13606937095686192,0.13112366327890257,0.14821615916526668,0.1364780175137079,0.13846838988196544,0.1405971877731594,0.1370998499028672,0.1312254180002908,0.12900104659533443,0.12464516993931063,0.13868212314731052,0.1219234652909646,0.1281377858837268,0.125563138021985,0.13139294531844137,0.13218235729821923,0.13816386678853645,0.14196779124161127,0.1488924814617685,0.14807402040600057,0.13246408630776574,0.14073324801800263,0.13166728885799478,0.12695992143510781,0.14997933774411137,0.14781917630884206,0.14287576432754379,0.1417382180547393,0.1424874080428895,0.1526429782034976,0.12813263021869983,0.12624678904931044,0.1457257657449387,0.1412093360374084,0.1576922404078675,0.13507780010667803,0.16366548516425047,0.15559109823227235,0.12692556607612343,0.1426936072541122,0.14076327643569525,0.14112023700469137,0.13368208400224094,0.14092512217629294,0.1437599106389397,0.14643670170230358,0.1443555665318193,0.12877223186044673,0.1287466263319638,0.16688482531086374,0.14396032621499236,0.13403755305272583,0.14782273889219613,0.13642449410092328,0.1437196979886561,0.1471284570418171,0.1434197781813859,0.12968796320592824,0.12524364825669712,0.12856049668492375,0.14237682149515674,0.13425633558135405,0.13096918409351888,0.13233738740091922
24.0,2.4890987994948746,2.5404263629656167,2.558178363087668,2.5335920090937454,2.8508175549030397,3.0048590296831175,2.6402189160870106,2.607901619625123,2.828737284310666,2.519722368279735,2.694736443420553,2.8370279927875526,2.894352000157148,2.598689327492427,2.5040350879758244,2.727173314860366,2.384759711293753,2.5567321161649468,2.305557128033653,2.547928954009908,2.734962518491978,2.7678174310974333,3.2877780250140116,2.7690343851485384,2.7796977684485675,3.263306077792083,2.615115023807072,2.3106635504658195,2.2088820249273198,2.2296746472380087,2.6841178232509564,2.6443080364880944,2.2600623591931477,2.181050509761876,2.4447715040826434,2.510840024820255,2.69346963317887,1.914909382427698,2.0613705085250658,2.2670898723291915,2.7338101823264482,2.5767411031413716,2.5366231664760353,2.018901190040513,1.70448233394496,2.22165219500343,2.180104356237775,1.9100863554882022,2.3279222797118475,2.4903454869597343,2.4499621991220333,2.5549937879346207,2.5830690107917484,2.5584931671250875,2.800619861707433,3.0015809737209205,2.5826837762396986,2.5496778773692332,2.844210078635267,2.500232014953627,2.6716425630567935,2.8864027499406264,2.9073091680268193,2.702661354669429,2.494138009885538,2.682868229081879,2.327500744071192,2.522048643165913,2.2885855221687943,2.5012073556818266,2.7559647618240306,2.7925789672420596,3.337390217515345,2.732830434199455,2.775350783262247,3.233270904434145,2.569406532099014,2.325008454326517,2.1920157962490645,2.176401425600432,2.676341955130825,2.6240925502528762,2.2676057402685776,2.184517300560496,2.4822252870564436,2.5043361532304838,2.68360711517762,1.8957668151341835,2.0401981796870277,2.222804662150783,2.749264090184518,2.656500842218413,2.587037350389646,2.026055815988001,1.7213516415693169,2.275315676412321,2.2145098862991954,1.9485327938942694,2.3430295414890225,2.5737869089701846,0.1319461372215214,0.13398970347461528,0.13906332487456108,0.13462168908236566,0.14859042064244476,0.14493794905120458,0.13421491466002083,0.14858033023099645,0.12824066691043073,0.1279613767274582,0.14481677963159692,0.1443014731486051,0.14128359564446083,0.1398923426993459,0.13981655461351963,0.1526141471078113,0.12941974552848304,0.12266410408241589,0.14296540545413902,0.13657518175371194,0.16060399038858983,0.1352952591637802,0.15891337991436183,0.1545938608834489,0.12483377314975311,0.14500908764393888,0.13723174482763256,0.13866074431256284,0.1306522637519588,0.14017911270623845,0.13923043022442894,0.14336625953107612,0.14228388259100377,0.12906682757548466,0.13330614911177766,0.16091836414500293,0.13569411655811292,0.13098591004293472,0.14804154977562586,0.1361330928632864,0.13814305286065962,0.14030377744935335,0.13668769257849891,0.130714784402931,0.12848957044173562,0.12429594026997394,0.13826631443691972,0.12143344512809946,0.12762703411000073,0.12509582488714666,0.1307134707626029,0.1317082681329462,0.13761942296586263,0.14138705578334532,0.148075130004625,0.147398508294719,0.1318670928509516,0.1404054326721637,0.13118044265197684,0.12642104753496225,0.1494802535292615,0.14717830906664453,0.14240652285265337,0.14131618520193812,0.1420145150016851,0.1522229989492347,0.12751698856213978,0.12567810595678788,0.14528608753639422,0.1409510387687288,0.157402925658526,0.13455883752575415,0.16299582782440433,0.15523682179910864,0.12643524452975244,0.1422261437756884,0.14029430779248722,0.1407076551527062,0.13332662268061246,0.14069799276981745,0.14310138607021117,0.14587475201638583,0.14383652041674994,0.12829518738159906,0.1282987700108757,0.16677978179963354,0.1435880876085101,0.13376230511534123,0.1476820338808887,0.13610626890317742,0.14328001636471455,0.14687067564705356,0.1429985756830994,0.1291129897291079,0.12476037865683316,0.12811381436752323,0.14186212794799033,0.13351499993194393,0.1305743727705215,0.13178324095559332
25.0,2.4806937612348317,2.5320136384914878,2.549777868031622,2.5248119146025556,2.8405047264193106,2.996470505767907,2.6325836303172814,2.597747872538708,2.8198963417313716,2.511009474592923,2.6848994192010425,2.8292576421054747,2.8872501085023083,2.589438731870671,2.4960407656438237,2.717313808092703,2.3772565275774062,2.5489415829015716,2.297264179953584,2.540254406969994,2.7295163346645643,2.7625368831848194,3.2864269648835305,2.758053232187699,2.770666993694644,3.2544598979203285,2.6075357049294783,2.3018060561919698,2.20167866755608,2.222558274383936,2.678549483095791,2.638601662032351,2.2534000529226126,2.1741233391088723,2.437521516987358,2.504450381461091,2.6840157785369585,1.9115799432680012,2.057834971309513,2.2608735860166322,2.725115069989557,2.566998862556853,2.5290250144872943,2.0121985409050827,1.6977722561681525,2.21604119758065,2.1720980325227037,1.9082407001373072,2.3211096489746503,2.4847093588471503,2.4417148654989207,2.5472173311326367,2.5758927830084923,2.5492076564752537,2.7908700967146474,2.992865750482027,2.5750781938019474,2.539731202402937,2.836000950092941,2.491193403095801,2.6611304170597325,2.87908529104849,2.8995481916012857,2.693361347252464,2.4863443992277294,2.6749187209411445,2.3198825643176453,2.514093100830991,2.2803329976838573,2.4924611702562953,2.7504242546232063,2.787478236480629,3.336987457577546,2.722768950237731,2.7662904908266124,3.2249803220637348,2.561362084262426,2.316520103347564,2.184605720674922,2.1689902944245607,2.67099947903656,2.618748373359155,2.2611003946308603,2.1770467650796252,2.4754063852684633,2.498237636317892,2.6745874809619954,1.8920751295796487,2.036628646160741,2.216909855870855,2.7402494777544244,2.646423882863005,2.579521779749718,2.0192210172348743,1.7144461659288097,2.26937872550394,2.206251765233915,1.9452546127908712,2.335537572918513,2.568757984848233,0.13136994199419297,0.13352999947634633,0.1386428372089401,0.1342311756051594,0.14791776507793872,0.1443429146422974,0.1336231671388769,0.1481002962134904,0.12771616993942872,0.12741586958761467,0.14432125000526136,0.14383847606720024,0.1409359044175466,0.13953013079056656,0.13947170649990562,0.1524074814950731,0.1288516427396188,0.1223570252975047,0.1425192642407161,0.13616545324840268,0.16038422954913611,0.13484371918159357,0.15854231312153041,0.1543305182570215,0.12448266127152427,0.14466313066976744,0.13687374112799347,0.13824753178630128,0.1304056679650554,0.1400000054201219,0.13902522816981927,0.14303796926589482,0.14193649779502035,0.12877135316890118,0.1328474370910528,0.16080944233842984,0.1353387527298549,0.13091009376107793,0.14792951702691304,0.13585873200428397,0.13787060975144677,0.14006807291560228,0.13633840052984406,0.1302609006858371,0.12802429013540148,0.1239884438846376,0.13788504484833694,0.1210078997931314,0.12715315626707113,0.12466558263361532,0.13007194594910457,0.1312696124982971,0.1371175205606019,0.14083609235699052,0.14731029763966955,0.14678867024147726,0.13130893535599478,0.14010603879587552,0.13073210432223586,0.12590820403896597,0.14901862386268655,0.14659880144049633,0.14199679276063906,0.1409351037340301,0.14159296965861345,0.15185973138954828,0.12694364727868337,0.12512765248491192,0.14488392867326355,0.14075695812161265,0.1571338138007778,0.1340728581161458,0.16235487157219555,0.15493439570208867,0.12595876758857322,0.14183509731926025,0.1398968862342065,0.1403286096334878,0.13299812369244154,0.14052318525294769,0.14253526932138452,0.14539682691875025,0.14338547562657736,0.12785973367114065,0.1278752667734441,0.16675018933754548,0.14322409371294254,0.13356325869138766,0.1475893445640748,0.1358672789884777,0.1428870277569363,0.1466394195459045,0.14260388741916807,0.12858670521278034,0.12433676885244233,0.1277030296417125,0.14138994441439326,0.1328335543768363,0.13022882370610508,0.13127412412184816
26.0,2.473498561532637,2.524659983521279,2.54227623393462,2.517154726479637,2.831125399265111,2.9886054122850294,2.6254946194369206,2.5886689867913493,2.8118051791617935,2.5030779189111336,2.6759776329159943,2.8221984004008864,2.880657798830788,2.581004605361003,2.4889548599153004,2.7082862741596845,2.37062935944694,2.5416225961911296,2.2901098589283153,2.5334216530105773,2.7246477608676924,2.757967931066961,3.2852170489573647,2.7478324273574493,2.762220761684685,3.2459338138055767,2.6007445248459216,2.294091771587685,2.195410689967845,2.21637392489777,2.6730689461625747,2.6330820793341,2.2477051448684633,2.168240187585453,2.431093534217799,2.4987516520432584,2.6752990982133595,1.908863754384125,2.0546966135500977,2.2550759150721325,2.717046362100483,2.5578025824413073,2.522214995059262,2.0063647910956086,1.6916848633675838,2.211227802944703,2.1649395601436243,1.906780346838029,2.315099512665429,2.479820306667619,2.434662471361336,2.540396927933547,2.5694491156422923,2.5409873405488566,2.7821001307954907,2.984653968758273,2.568098295891171,2.5309142410669034,2.828490246444906,2.4829657683381554,2.651557097814229,2.8724081575070226,2.8924815937687818,2.6848755673745557,2.4793720721039216,2.667711232159037,2.3132356261742513,2.5066258535233628,2.2731883124808414,2.4846679309553323,2.7454935194782,2.7830675665161784,3.3367069914825085,2.7133572857227266,2.757851290720581,3.216927700551935,2.5540889515723033,2.309152117440103,2.1781182391264844,2.1624695256631044,2.665751246598855,2.613560045239169,2.255572148970662,2.1705871017441876,2.469333339509966,2.49277907184547,2.666267015256505,1.8890065644464817,2.0334493507526914,2.2114318261076873,2.7318851503374955,2.6368791448673714,2.5727091424733857,2.0131907040913557,1.708119063740826,2.264219144598534,2.198887365109583,1.94244404561799,2.3289111779898297,2.564417022404743,0.1308461673394908,0.13311875556294936,0.13825819057456507,0.13387378268049777,0.14729430929768988,0.14380319709062767,0.13305869932579287,0.14764333220305073,0.1272041534116316,0.12691391779648686,0.14388670102703627,0.14342241289745442,0.14065235836521547,0.13921462671101015,0.1391738128925397,0.15224776767028267,0.12833473368295023,0.12208088326083738,0.14211439458233813,0.13580345919050557,0.16018608390614392,0.13442066157326285,0.15821307767927506,0.1541353444573943,0.12415626235755015,0.14439739067090346,0.13658006345334503,0.13786247625019743,0.13019069668884248,0.13987199871408584,0.13888695545859575,0.14278303121726035,0.14166378938969854,0.1285129454069008,0.13242819294779273,0.16077803533076004,0.13500391969392625,0.13089322916733784,0.14787689719710173,0.13565174041338968,0.13764936421004448,0.1398876330820608,0.13604943702595945,0.12986203648051922,0.12760401227656124,0.1237217360133998,0.13753782916870225,0.12064440338197059,0.12671553013978334,0.12427187351622582,0.12946795811083325,0.1308662053818189,0.1366573418295414,0.1403156338809507,0.14659685191517544,0.14624266708262745,0.13078913150424917,0.1398348474481227,0.13032160202935,0.1254216026483748,0.1485943663768577,0.14607914966713603,0.14164434003673224,0.14059437739745956,0.14122170883366814,0.15155154765739232,0.12641155963629383,0.12459629786345262,0.14451900450905267,0.14062379683243786,0.15688588722713565,0.13362004919104215,0.16174334871657822,0.15468257523118378,0.12549735735744078,0.1415173952704141,0.13956818829696058,0.13998286669387477,0.13269701208085313,0.14039872207186554,0.1420577398078475,0.1449997148922924,0.14300023822128793,0.12746529814471408,0.1274762397724984,0.16679314706291407,0.14286995756768364,0.13343635154128172,0.14754308722042075,0.1357032926037368,0.14253990689160762,0.14643532549457047,0.1422364471171655,0.12810792440627572,0.12397044521530336,0.12732762129112585,0.1409595560624438,0.1322105072440933,0.1299308955499263,0.13080930844281682
27.0,2.4674411725383076,2.518298861605886,2.535619816911663,2.5105542184605754,2.822621179525085,2.9812254355260634,2.6189181212469883,2.580607455880783,2.8044249760640017,2.495881142902835,2.667921805384342,2.8158104073617127,2.8745449734284945,2.573342253974147,2.4827208148328266,2.7000488856077802,2.364822056058405,2.534749822089518,2.2840227717728623,2.5273875209947345,2.7203190241386785,2.7540681029461433,3.284132838951746,2.738330254250376,2.7543305013767365,3.2377092132962915,2.5946913102208846,2.2874505251532486,2.190021233341834,2.2110627979205892,2.6676674438862498,2.6277348625139862,2.2429147629066866,2.1633372471019334,2.4254386646062627,2.4936917131703167,2.6672762243795334,1.9067152781646308,2.0519273083921705,2.2496744553353176,2.709571410216992,2.5491283344264324,2.5161444380456026,2.001348962163694,1.6861925324167772,2.2071634967301716,2.1585798215301852,1.9056805675877146,2.309845027196637,2.475635044122904,2.4287359520822775,2.5344703726095568,2.563690982101791,2.533772112530528,2.7742488853470997,2.976910470899781,2.5617053551153424,2.523166953033435,2.821640227990583,2.475501678300686,2.6428746648017913,2.8663340378393567,2.8860680216243475,2.677157444857193,2.473170216242603,2.6612037951581358,2.3074994241817213,2.499621189971163,2.267082271840922,2.477781442517374,2.741132956856762,2.779305787308504,3.336533108335935,2.704561442791586,2.750002589691984,3.2090988419749236,2.5475394106383744,2.302834542382516,2.172496753048313,2.1567830782458284,2.6605867717135525,2.608513925929877,2.250956087720329,2.165076527310022,2.4639601481259126,2.4879119565995658,2.6586049539351215,1.8865147378555414,2.030631406238236,2.206347463504903,2.724137248556122,2.6278414783294135,2.5665545918142407,2.007920032073035,1.702348513397252,2.259790561676156,2.192366386928261,1.9400760866673208,2.3231013162328242,2.560721464891591,0.1303736604555267,0.13275466133945568,0.13790878663872913,0.1335491806062285,0.14671938424543898,0.14331794373397447,0.13252234553929032,0.14721016368360967,0.12670602265403622,0.12645448596256448,0.14351088044159388,0.14305228398419617,0.14043015868127448,0.13894455728095378,0.13892151157414423,0.15213364564007403,0.12786770993121546,0.12183526776935577,0.1417503463650903,0.13548760325480758,0.16001039647858034,0.1340266171289524,0.15792528433197298,0.15400611735424533,0.12385456777518077,0.14420848315547924,0.13634799570497064,0.13750585372890842,0.13000690473390672,0.13979283924035296,0.13881267942820608,0.14259849025796648,0.14146243509955234,0.12829092387088362,0.13204777178283628,0.16082105304830516,0.1346902336119795,0.1309324680961953,0.1478806675675882,0.13550902638434828,0.13747769726828393,0.13976011138189956,0.13581836928784022,0.12951652744239045,0.1272275617479589,0.12349490350259727,0.13722417882350915,0.1203406012810039,0.1263135687421135,0.12391418243203926,0.12890113562398894,0.1304978849988532,0.13623813227856968,0.13982642769088022,0.1459337535752797,0.14575874671673764,0.1303072485109488,0.13959167948092566,0.1299482965461438,0.12496143925172058,0.14820742008195997,0.14561793966935555,0.1413470233606554,0.1402934452866024,0.1408997408677519,0.15129693296792615,0.12591976481685968,0.12408488861544627,0.14419106084457456,0.140548341346634,0.15666007175310404,0.13320062071857164,0.16116200862064073,0.15448018386487575,0.12505221398162708,0.14127013028867835,0.13930552479505653,0.13967021381937578,0.132423730131743,0.14032275030384023,0.14166519893983165,0.14468039061343133,0.1426787658967783,0.12711138229073662,0.12710181352292185,0.16690587746887828,0.1425271912155054,0.13337773617325513,0.14754173275630908,0.13561024449611994,0.14223788137153742,0.14625899863334832,0.14189696959856393,0.12767547522063966,0.12365906371079818,0.12698709867479152,0.14057027237777528,0.1316444577115234,0.1296789902993622,0.13038810268318912
28.0,2.462449566401873,2.512863736296124,2.529754973077736,2.504944164280917,2.8149336732838215,2.9742922617825895,2.612820373548623,2.5735057733047855,2.7977169119000482,2.489372588236525,2.6606826574249314,2.8100538026758914,2.8688815345813667,2.5664069837208094,2.477282074438942,2.6925598149833805,2.3597784665679242,2.5282979266526304,2.278931525302247,2.5221088397855578,2.7164923515148063,2.7507949270246264,3.283158896582881,2.729504996459081,2.7469676417288795,3.229767484240893,2.589325887718849,2.2818121453889,2.1854534388572504,2.206566092593434,2.6623362077017374,2.6225455856927025,2.2389660349132825,2.1593507095686055,2.420508016985046,2.4892184414457903,2.6599037892069104,1.9050889769980477,2.049498928981045,2.244646802645813,2.7026575658968364,2.5409521901439067,2.5107646733000015,1.9971000756609467,1.681267640189272,2.2037997645716514,2.15296969911204,1.9049166343837214,2.305299348980708,2.472110284914784,2.4238662430347566,2.529375459432782,2.558571355795635,2.527501865604906,2.767255281766593,2.969600099256693,2.5558606440823857,2.5164292979748266,2.8154131550293617,2.468753700603348,2.6350351775038985,2.86082562056864,2.880266122263002,2.6701604095218374,2.467688019372292,2.6553544423610616,2.302613452880718,2.493053398902463,2.261945681045312,2.471755509680773,2.73730296722663,2.776151728817422,3.336450097243607,2.696347423581405,2.7427137944886653,3.2014795484088645,2.5416657380703915,2.297497423953213,2.167684663884879,2.1518749111024795,2.6554955682765335,2.6035963754682645,2.2471872953122016,2.1604532585329275,2.459240809461252,2.4835877873665257,2.651560532871832,1.8845532679276877,2.0281459253927507,2.201633658706169,2.7169719130327037,2.6192857333470165,2.5610132810258768,2.0033641566954548,1.6971126932899825,2.256046604716881,2.186638531692015,1.9381257302305743,2.318058947177353,2.557628755560649,0.12995134116074386,0.13243647672854203,0.13759407003568674,0.13325707138747767,0.14619239264708117,0.14288636196422763,0.1320149419943413,0.1468015099847243,0.12622313549953088,0.12603658670211632,0.14319162616268233,0.14272713040258023,0.14026663366198286,0.13871871971855515,0.13871350951672323,0.15206381057739454,0.1274493376450009,0.12161980620372165,0.14142670991643835,0.1352163506158193,0.15985796699247107,0.13366211242137882,0.15767860107183665,0.1539407003262532,0.12357758000675104,0.14409316882947296,0.13617492699224842,0.1371779653801158,0.12985388436477371,0.13976036274973802,0.13879957378794966,0.14248152508357176,0.14132924909067107,0.12810463555029608,0.13170557761876253,0.1609355200252238,0.13439829638121337,0.13102508488196307,0.14793793291675122,0.13542759549284128,0.13735406076767712,0.13968324514363206,0.13564285797182987,0.12922276847448258,0.12689378129021703,0.12330706057741554,0.13694360373920195,0.12009420302368247,0.12594671739723104,0.12359201697411767,0.12837115071784733,0.13016451055705205,0.1358591914069062,0.13936923929349176,0.14532005186943894,0.14533523767021925,0.1298629033060875,0.1393763962771587,0.1296115850699724,0.12452790353647512,0.14785774465411788,0.14521383550402478,0.1411027828632319,0.14003177647165593,0.14062613880659447,0.15109446904883628,0.12546738295047843,0.12359426154740207,0.14389987013681696,0.1405274551354868,0.15645724505264702,0.13281480226122686,0.16061162109403415,0.15432610170939337,0.12462452928984051,0.1410905396701351,0.13910632846646934,0.13939046112802114,0.13217874087276976,0.14029352868631764,0.14135424411973904,0.14443599253245784,0.14241915300758104,0.12679755630047831,0.12675211225417415,0.1670857150074034,0.14219722569554905,0.133383753891447,0.14758380406431323,0.13558422054476701,0.1419802283566013,0.146111018521769,0.1415861597091265,0.1272882014397862,0.12340030544551615,0.12668099904316316,0.14022142471272572,0.1311340849482171,0.12947154517196258,0.13000984976393212
29.0,2.4584517152733403,2.5082880711428683,2.5246280585478287,2.5002583376762186,2.8080044866259257,2.967767577346195,2.6071676141428837,2.5673064325610833,2.791642166132007,2.4835056965806777,2.654210909856678,2.8048887260313573,2.8636373845753123,2.5601541006117383,2.4725820827762393,2.685777234832928,2.3554424401315663,2.5222415759363606,2.2747647263314676,2.517542438246124,2.7131299700333824,2.7481059315046816,3.2822797835669606,2.721314937576117,2.7401036116991575,3.2220900144878697,2.5845980840042864,2.2771064607949163,2.1816504476933045,2.2028250080573826,2.6570664690439703,2.6174998229909296,2.2357960887642543,2.1562167668957812,2.4162527001864715,2.4852797134732447,2.653138424866933,1.9039393132729223,2.047383348462093,2.239970552843239,2.696272180697786,2.5332502212254315,2.5060270306761026,1.9935671531389503,1.6768825635585867,2.2010880921037543,2.1480600753188206,1.9044638192233967,2.301415634430109,2.469202742745053,2.4199842795917936,2.525049982675367,2.5540432101324617,2.5221164929566657,2.761058241451083,2.9626876961791457,2.550525435400281,2.510641235563368,2.809771287860683,2.4626744028661207,2.627990695402069,2.8558455942180094,2.875034542779758,2.66383789118999,2.462874669221462,2.6501212061904185,2.2985172068119453,2.4868967690454142,2.2577093453751713,2.4665439371839097,2.7339639510555402,2.7735642210027134,3.3364422473112625,2.6886812302293244,2.7359543118584537,3.1940556219299414,2.5364202104780786,2.29307080793059,2.1636253730807495,2.1476889831627903,2.650467150183637,2.598793753891337,2.244200856178622,2.156655512168757,2.455129321860913,2.4797580609327046,2.6450929879406124,1.8830757727837786,2.025964020991593,2.197267302355134,2.7103552843896535,2.6111867600180525,2.5560403633619373,1.9994782334741918,1.6923897818109008,2.252940901700776,2.1816535004028865,1.9365679705994698,2.313735030353274,2.5550963376637754,0.12957819548385954,0.13216302779471673,0.1373135230143248,0.13299718700921837,0.14571280162209813,0.14250771593783565,0.13153733485464145,0.14641808892918004,0.12575681042476847,0.12565927732458324,0.1429268545719053,0.14244602961296166,0.14015921987089555,0.1385359717576453,0.1385485782734747,0.15203700586556312,0.12707844820336422,0.1214341595899169,0.1411431172303286,0.13498822308793107,0.15972955997301228,0.133327674009113,0.1574727471911104,0.15393703133636305,0.12332531318195275,0.14404833342935652,0.13605834489603796,0.13687914220618538,0.12973126513675867,0.1397724870494696,0.13884490394679494,0.14242943275492684,0.14126116916157416,0.12795345622455645,0.13140105650438724,0.16111856329462798,0.13412870455106227,0.13116846273799224,0.14804591273486487,0.13540454519085704,0.13727697111009746,0.13965484568424916,0.13552064735063005,0.12897920767887713,0.12660153146983086,0.12315734512282439,0.13669561442951034,0.1199029759419556,0.12561445142039307,0.12330490753483285,0.1278777218676766,0.1298659604566513,0.13551986444670827,0.13894485587648736,0.14475488007349294,0.14497054294558423,0.129455762613005,0.13918890027753256,0.12931090459245476,0.12412118772803389,0.1475453201087198,0.14486556886339122,0.14090962989892608,0.1398088653193938,0.14040003434564907,0.15094281903162057,0.12505361026784959,0.1231252558299748,0.14364522827875395,0.14055807207112636,0.15627824473408156,0.13246284048150433,0.16009297987526125,0.1542192550591469,0.1242154995426697,0.14097598634233804,0.1389681424989184,0.1391434426021339,0.13196253154459256,0.14030941579806572,0.14112164468936608,0.14426380229050578,0.1422196166956147,0.12652345416741048,0.1264272587267536,0.16733009545120542,0.1418814293358941,0.1334509106479236,0.14766787358978883,0.1356214432210728,0.141766271653847,0.14599194497735768,0.14130472065906213,0.12694496518932108,0.12319187271791913,0.12640888515708856,0.13991236434928134,0.13067813832097,0.12930702542777756,0.12967392399647756
30.0,2.455375591302734,2.504505329696993,2.5201854294369435,2.4964305123820605,2.801775225636027,2.9616130685084556,2.6019260808308773,2.5619519271474367,2.786161918221897,2.4782339096037687,2.64845728349847,2.8002753171160317,2.8587824256962597,2.5545389106576604,2.4685642838872965,2.679659317702827,2.351757825905455,2.5165554359965903,2.271450981675545,2.513645145239512,2.710194106731719,2.7459586445885567,3.281480061620235,2.7137183611940703,2.7337098402456284,3.2146581918856643,2.5804577257416756,2.2732632998715543,2.1785554010292127,2.1997807434534775,2.6518494593478876,2.612583148529328,2.2333420523355887,2.1538716109937845,2.412623823042814,2.481823405856206,2.6469367635310337,1.9032207493778142,2.045552439980648,2.235623301767196,2.690382606177597,2.5259984993027116,2.5018828400275988,1.9906992161493078,1.6730096793982474,2.1989799649610626,2.1438018325801815,1.9042973941040946,2.298147039957247,2.466869131315483,2.4170209971263827,2.521431736609495,2.550059518520914,2.517555887770418,2.755596685797708,2.9561381040172576,2.5456610016769785,2.5057427254713662,2.8046768867839416,2.4572163527089668,2.6216932779777706,2.851356647310584,2.8703319302696686,2.6581433196831084,2.458679353518656,2.64546211906881,2.295150180516086,2.4811255891281156,2.2543040701117056,2.4621005297651886,2.731076308811231,2.7715020938242163,3.336493847644639,2.681528864872467,2.7296935485492084,3.1868128646143137,2.5317551044711837,2.28948474009306,2.1602622820804203,2.144169253356517,2.6454910313307387,2.59409242123606,2.2419318547519227,2.1536215049733394,2.451579683669853,2.4763742740844408,2.6391615550154626,1.882035870544683,2.0240568058101074,2.1932252850954543,2.704253503249363,2.6035194084403948,2.5515909920759836,1.9962174179247987,1.6881579573518994,2.250427080607893,2.177360994062955,1.9353778020656947,2.3100805252904286,2.5530816544528507,0.12925326981324275,0.13193320282884158,0.13706666063592868,0.13276928783734077,0.14528013590040872,0.14218132343076242,0.13109038767836578,0.14606062126903466,0.12530833452919568,0.12532165685117377,0.1427145497672497,0.1422080915013163,0.1401054448629122,0.13839522261683215,0.13842554976579247,0.15205201670867505,0.12675392955513892,0.12127801913198474,0.14089924296723613,0.13480179478013518,0.15962591249837957,0.133023832349618,0.15730748801746616,0.1539931129103825,0.1230977937185122,0.1440709691010167,0.13599582891182432,0.1366097492914126,0.12963871379706754,0.13982720531075946,0.13894601355977482,0.14243961434987823,0.1412552446366436,0.12783679166065703,0.1311336902915893,0.16136740109735317,0.1338820574108152,0.13136008108463473,0.14820192914430683,0.13543705953260493,0.13724500331337133,0.1396727891133241,0.13544955615425067,0.12878434101665218,0.12634969101030227,0.12304491548385135,0.13647972426484145,0.11976473958691858,0.1253162743473258,0.1230524074758338,0.12742061586423895,0.1296021308697219,0.1352195350209586,0.1385540895502023,0.14423745121081125,0.1446631341598838,0.12908554292096372,0.13902913529559274,0.12904573484431597,0.12374149449549311,0.1472701468061797,0.14457192958756943,0.14076563780469278,0.13962422749771822,0.14022061248476433,0.1508407137069059,0.12467771436112796,0.12267872421168524,0.1434269518845759,0.14063718987370893,0.1561238760349077,0.13214499715684608,0.1596069061248724,0.15415860700293071,0.12382633731545659,0.14092394143344142,0.13888860990748678,0.1389290171458746,0.1317756170226159,0.14036885931975815,0.14096431976924295,0.1441612258853002,0.14207848403866882,0.12628876921448376,0.12612737345886402,0.16763654596106498,0.1415811244919242,0.13357585466992397,0.1477925611471142,0.13571825788808609,0.14159537917694134,0.14590232374547016,0.14105336181111405,0.1266446492499745,0.12303148561226719,0.1261703432059962,0.139642461039387,0.13027542858160465,0.12918391808144541,0.12937972862320085
31.0,2.4531491666400527,2.5014489755093328,2.516373441860066,2.4933944621339865,2.796187496398714,2.955790421560957,2.59706201141369,2.55738475056159,2.7812373476318184,2.4735106689742747,2.6433724991691787,2.7961737156178406,2.854286560230121,2.54951671986929,2.4651721218146805,2.6741642361395197,2.34866847304567,2.511214172889223,2.268918898149492,2.5103737896288036,2.707646988647133,2.744310594478536,3.2807442924588885,2.7066735509055593,2.7277577563263886,3.2074534042827447,2.5768546395955263,2.2702124911190675,2.1761114400441777,2.1973744979227945,2.6466764100484075,2.6077811364285903,2.23154105350331,2.1522514337729097,2.409572494386401,2.4787973951982263,2.6412554373706514,1.9028877477012365,2.0439780766820324,2.2315826452573386,2.684956193894031,2.5191730960074277,2.4982834312081335,1.9884452862436264,1.6696213645817792,2.197426868778187,2.1401458533257687,1.9043926310231603,2.295446721974613,2.4650661643278737,2.414907331011532,2.5184585155072896,2.546573254369634,2.5137599432308373,2.7508095362035716,2.9499161651211763,2.541228615520432,2.5016737273711036,2.8000922120985643,2.4523321177518445,2.616094984712532,2.8473214683695205,2.8661169318277357,2.653030124822665,2.45505125999233,2.641335213418847,2.292451868533851,2.4757141478786555,2.2516606605360865,2.458379092162982,2.728600440961466,2.7699241772416943,3.3365891873494893,2.6748563296479615,2.723900911308741,3.1797370785381642,2.5276226966594226,2.286669266219011,2.1575387923284457,2.141259680613397,2.640556725613684,2.5894787375394293,2.2403153754644585,2.1512894537024843,2.4485458932330144,2.473387923608098,2.6337254699703534,1.8813871793312518,2.022395392623684,2.189484497570757,2.698632710234243,2.5962585287119384,2.5476203204216366,1.9935368655628312,1.6843953983048754,2.2484587694183,2.1737107136742573,1.9345302189209517,2.307046391518679,2.551542149179732,0.1289756655717458,0.13174594868636139,0.13685302647926753,0.1325731611277363,0.14489397162200354,0.14190655284250475,0.1306749882883919,0.14572983490861163,0.12487897134833544,0.12502286333449195,0.1425527537168957,0.14201245479384195,0.14010291135742917,0.13829542474794282,0.13834331244200493,0.15210766425892408,0.1264747182569219,0.12115110316209762,0.14069480524364683,0.13465568822922772,0.15954774164269545,0.1327511254450233,0.1571826302751678,0.15410700299222077,0.12289506104344503,0.14415815726184658,0.13598504406672268,0.13637018957223523,0.1295759342503841,0.1399225797132161,0.13910031221554223,0.14250956167834564,0.1413086249332388,0.12775407867641175,0.13090299103892838,0.1616793323659039,0.13365896429769938,0.13159750378937068,0.14840339550340226,0.13552240402936316,0.13725678536317468,0.1397350078283147,0.13542746903500158,0.12863670765554056,0.1261371574604095,0.1229689477854787,0.13629545189723788,0.11967736088807801,0.1250517166637766,0.12283409338298217,0.12699964955799903,0.1293729346549232,0.13495761865353428,0.1381977803123476,0.1437670539633573,0.14441154598064934,0.1287520103501133,0.13889708661759856,0.12881560083078725,0.1233890440689961,0.14703224575142587,0.14433175714826305,0.14066893360545923,0.13947739664804396,0.14008710685005163,0.1507869390642833,0.1243390295472516,0.12225554340734718,0.14324487603202918,0.14076186363232646,0.15599491913021704,0.13186154765667737,0.15915425186314888,0.15414314901359696,0.12345828254450038,0.14093196835306748,0.13886546373474307,0.13874706947025395,0.13161854317255012,0.14047038630202358,0.14087931793041425,0.1441257765015663,0.14199418014544365,0.12609325001474023,0.12585257432179528,0.16800267581542322,0.1412976028628931,0.13375535582201872,0.14795653201348172,0.13587111993642703,0.1414669607456384,0.14584269202460234,0.14083280595164363,0.1263861592764727,0.12291687914858244,0.1259649810190443,0.13941110198990456,0.12992481996112454,0.1291007264479171,0.12912669366985124
32.0,2.4517004134353257,2.4990524721307468,2.5131384519321958,2.4910839606675657,2.7911829049986125,2.95026132279529,2.5925416436924382,2.5535473963012807,2.776829633823809,2.4692894163606733,2.638907277687714,2.7925440612247026,2.850119690462841,2.5450428342573677,2.4623490406009454,2.669250162689432,2.346118230708305,2.506192452670158,2.267097082568324,2.507685200277092,2.7054508428168966,2.743119309376858,3.2800570377991427,2.700138790303128,2.722218788899448,3.2004570395275427,2.5737386522302876,2.2678838630377385,2.174261705917408,2.1955474706063796,2.6415385525804727,2.6030793608093847,2.2303302201433954,2.1512924271434684,2.407049823049542,2.4761495581028505,2.636051078557228,1.9028947706317618,2.042632131711598,2.2278261791532485,2.6799602954048463,2.5127500829712703,2.4951801340713877,1.9867543849734917,1.6666899959827057,2.1963802891897113,2.137043019985225,1.9047248019779481,2.293267836894611,2.463750555483996,2.4135742166202623,2.5160681136409035,2.5435373910872605,2.5106685525225507,2.7466357140658126,2.943986721841013,2.5371895495386028,2.4983742009348893,2.7959795241039607,2.4479742656147447,2.6111478750878456,2.8437027459179376,2.8623481945489924,2.6484517364301605,2.4519395763710077,2.6376985216631277,2.290361765405897,2.4706367340251747,2.2497099219295205,2.4553334291156657,2.7264967479739726,2.7687893012149516,3.3367125555315678,2.6686296266929364,2.7185458068849053,3.172814065777658,2.5239752636525354,2.2845544320868574,2.1553983052693035,2.138904223863191,2.6356537469283685,2.584939062838403,2.2392865027485587,2.14959757511204,2.4459819488953607,2.4707505062900172,2.6287439686792684,1.8810833172643495,2.0209508942076697,2.186021830424722,2.6934590459666827,2.589378970930565,2.5440835016524868,1.9913917319038628,1.681080283061712,2.2469895961120594,2.1706523602388756,1.9340002154569569,2.3045835885678723,2.5504352650962945,0.1287445343888646,0.1316002673749864,0.1366721888201856,0.13240861963814549,0.1445539307040703,0.14168282035793572,0.1302920550961885,0.14542646892045732,0.12446996850245393,0.12476207145308786,0.14243955728384275,0.1418582838399024,0.140149282755798,0.13823556630045253,0.13830080778651688,0.15220280022571997,0.1262397921688714,0.12105315446484413,0.14052956622779478,0.1345485709766828,0.15949575163900823,0.13251010224507873,0.15709801801886553,0.1542768066515524,0.12271716837706553,0.14430705287685872,0.13602373470381054,0.13616090715502155,0.1295426675888049,0.14005673540666724,0.13930526419494912,0.14263684501408916,0.14141854877581783,0.1277047861122653,0.13070849601036616,0.16205172694542963,0.13346005117404247,0.13187836827791677,0.14864780566739338,0.1356579206261997,0.13731099285599221,0.1398394826728886,0.135452328622464,0.12853488598345592,0.12596284817675601,0.12292863377220274,0.13614232382497193,0.11963875001694044,0.12482033500364673,0.12264956542575611,0.1266146912799564,0.12917830057589805,0.13473355707546855,0.13787679874079078,0.14334304876375345,0.14421437086634034,0.12845498040877276,0.13879278088237154,0.12862007497049757,0.12306408061753012,0.14683165916051455,0.14414393306587037,0.14061769061835,0.13936792170400375,0.13999879564811438,0.15078032505331174,0.12403695233120728,0.12185662370086918,0.14309885242865258,0.140929199388851,0.1558921360626931,0.13161277984310574,0.15873590329609158,0.15417189347074559,0.12311261276402315,0.1409977083194866,0.13889651804499994,0.13859751081952335,0.13149189012708531,0.14061259437074586,0.14086379863827694,0.14415505892655692,0.14196521713600413,0.1259366966774221,0.12560297647315338,0.16842616776753594,0.1410321395065433,0.13398628665382492,0.14815849531614794,0.13607658274355988,0.14138046620584055,0.14581358386897358,0.14064379607695135,0.12616842595967717,0.12284580097803412,0.1257924265607946,0.13921769126265687,0.12962522310573327,0.1290559654694402,0.1289142741144709
33.0,2.4509573038385595,2.4972492831121,2.510426815768315,2.4894327817183717,2.786703057520319,2.9449874585030424,2.588331215468203,2.550382357864284,2.7728999562599177,2.4655235934314503,2.6350123398729512,2.789346493624552,2.846251718680321,2.5410725598326147,2.4600384842886767,2.664875269898974,2.344050948049453,2.5014649413952714,2.265914141747045,2.505536206047464,2.7035678962783387,2.742342317485815,3.2794028593572064,2.694072362979387,2.717064366922895,3.193650485468537,2.571059590310435,2.2662072441278123,2.172949339828111,2.1942408606452974,2.636427118379003,2.5984633957923857,2.229646680131841,2.1509307830157764,2.405006917864511,2.4738277711736156,2.6312803192621996,1.9031962805579075,2.041486478214693,2.224331499294583,2.675362262267818,2.506705531825923,2.492524278471024,1.9855755338905086,1.6641879504745545,2.195791711830251,2.134444214988181,1.9052691789658112,2.2915635411297166,2.4628790184856477,2.4129525893255725,2.5141983252824955,2.540904902082448,2.5082216088302003,2.7430141407815403,2.9383146165269105,2.5335050763394524,2.49578410583502,2.7923010830995607,2.4440953639176275,2.606804008585201,2.8404631684789883,2.85898436552845,2.6443615843270503,2.4492934903831967,2.6345100762242644,2.2888193656729383,2.465867636295763,2.24838265957317,2.4529173453616417,2.724725630316481,2.7680562957038197,3.336848241296611,2.6628147581445085,2.7135976420255448,3.1660296284089706,2.520765082060282,2.2830702834749936,2.15378422234756,2.137046842035632,2.6307716091706195,2.5804597571699888,2.2387803210365718,2.148484085957809,2.443841849001825,2.4684135189165466,2.6241762870161924,1.8810779024648303,2.0196944233374223,2.182814174300984,2.6886986510690973,2.5828555851941397,2.5409356890221404,1.9897371724634532,1.6781907900143105,2.2459731886692382,2.168135634758851,1.9337627859654039,2.3026430759678576,2.5497184454543946,0.1285590737475206,0.13149521288981617,0.13652373726189798,0.13227550035120808,0.1442596757671734,0.14150958727935195,0.12994254290669752,0.1451512773664617,0.12408256518855312,0.12453849036037082,0.14237309209636778,0.1417447657622478,0.14024226990353583,0.13821466424635115,0.13829702715982375,0.15233630194402623,0.12604816378422096,0.12098393794210714,0.14040333256033827,0.1344791525559459,0.15947064079598308,0.13230132583315612,0.1570535290908862,0.1545006686219741,0.12256418357047938,0.14451487007501607,0.13610971842651853,0.13598239020190206,0.12953869218566003,0.1402278547653722,0.139558378237383,0.14281910179631258,0.14158233403246603,0.12768841574848072,0.13054976324993833,0.16248201651737673,0.1332859665208205,0.13220037547133184,0.14893272387589762,0.1358410227893826,0.13740634393098988,0.13998423572307628,0.13552212813625936,0.12847749026553928,0.12582570160079667,0.12292317916742221,0.1360198770911321,0.11964685691814204,0.12462171179374164,0.12249844784180558,0.1262656619441966,0.1290181728016251,0.13454681328078277,0.13759204843109646,0.14296486406062,0.14407025411790816,0.12819431764410794,0.13871628573474298,0.12845877884813436,0.12276687793924988,0.14666845127835143,0.14400737422432167,0.14061012190129266,0.13929536483061145,0.13995499822475044,0.1508197355171115,0.12377093696987036,0.12148291779949649,0.1429887479818854,0.1411363477622654,0.15581627731352635,0.13139899336478353,0.15835278398222932,0.15424386707646462,0.12279065255892409,0.14111886726593273,0.13897965968544082,0.1384802795636272,0.1313962754740856,0.1407941438018066,0.14091501540826654,0.1442467554760502,0.1419901839574621,0.12581895747826957,0.12537869260631263,0.16890477000286983,0.14078600566021726,0.13426560507703844,0.14839720271849677,0.1363312864348173,0.14133538385975705,0.14581553548795867,0.14048710172452505,0.12599040714979282,0.12281600959341803,0.12565232670119628,0.13906164956272415,0.1293755887981909,0.1290481577750408,0.12874194837634292
34.0,2.4508478099997824,2.495972872004259,2.508184889483438,2.488374699021953,2.7826895600484645,2.939930514975776,2.5843969645420706,2.5478321287483188,2.7694094944022187,2.4621666418551027,2.6316384065437806,2.7865411525053294,2.8426525471684907,2.5375612026057603,2.458183896920439,2.6609977303145937,2.3424104742252063,2.4970063051204785,2.265298682500686,2.5038836358029744,2.7019603760687536,2.741937147007665,3.2787663188493106,2.688432552526895,2.7122659193547705,3.187015129954174,2.568767280500489,2.2651124628895687,2.172117482955485,2.193395867180615,2.6313333388789477,2.5939188154982715,2.2294275613446564,2.1511026933001367,2.4033948876636457,2.4717799110140732,2.6268997916570096,1.90374673986823,2.040512989336629,2.2210762015209298,2.6711294460406774,2.5010155142031034,2.490267194260715,1.9848577545462727,1.6620876049308666,2.1956126223343917,2.132300320764304,1.9060010339840947,2.290286991092348,2.4624082670346104,2.4129733845004613,2.5127869447042035,2.5386287607638316,2.506359005338446,2.7398837377478604,2.9328646915290073,2.5301364685309347,2.4938434017437854,2.789019149384755,2.4406479802804553,2.6030154446861062,2.8375654245757906,2.8559840918611483,2.6407130983348077,2.4470621897573928,2.6317279095248556,2.2877641638756567,2.461381143418546,2.247609678748245,2.4510846456392805,2.7232474884567632,2.7676839906680697,3.336980533750363,2.6573777261398193,2.709025823478479,3.159369568508291,2.5179444284923727,2.282146866161822,2.1526399450077265,2.135631494060468,2.625899826236319,2.576027180571155,2.2387319147608333,2.14788720299564,2.442079591897361,2.466328458274041,2.6199816608551085,1.881324553053564,2.018597092788308,2.179838419843198,2.684317666163886,2.576663221600559,2.538132035784197,1.9885283427571632,1.675705097554553,2.245363175069898,2.166110238236249,1.933792924738001,2.301175813248513,2.5493491335059253,0.1284185230878863,0.13142988829601165,0.13640727980025627,0.13217366332929734,0.14401090561832539,0.1413863575442231,0.12962744822983988,0.1449050329414787,0.12371799952944906,0.12435136177248009,0.14235152324828693,0.14167110797756244,0.14037961900290055,0.13823175811693658,0.13833100895144188,0.1525070678902411,0.125898874172884,0.12094323859319059,0.14031595562009258,0.1344461818587812,0.15947310820439314,0.13212537642257394,0.15704907205657082,0.15477676664977832,0.1224361899947235,0.14477886902855294,0.1362408801950353,0.1358351734098192,0.12956382385243817,0.14043417190480134,0.1398571982580537,0.14305402625465774,0.14179736815108615,0.12770450319915386,0.13042636772451896,0.16296768619466118,0.1331373865932641,0.13256128050103697,0.14925577523276112,0.13606919068961648,0.1375415944914218,0.14016732366028942,0.1356349045263268,0.1284631679223943,0.12572467881371116,0.12295180255323929,0.13592766211983523,0.11969966847004712,0.124455455332828,0.1223803895685785,0.12595253583999136,0.1288925106759909,0.1343968672940372,0.13734446820585441,0.14263199275058905,0.14397788924764887,0.127969935188192,0.1386677092450991,0.12833138458845122,0.12249774451889739,0.1465427094408431,0.1439210270503718,0.14064447448687306,0.1392592999547737,0.13995507220639522,0.15090405926323364,0.12354049113989803,0.12113542897366786,0.14291444376446627,0.14138049758048823,0.15576808804333175,0.13122049932064106,0.15800585780058174,0.1543581051332959,0.12249378225532169,0.1412932040581258,0.13911284078817807,0.13839534169083711,0.13133235734911172,0.14101375040018616,0.14103030061399877,0.14439861336093446,0.14206773699456982,0.12573992581875593,0.125179833502584,0.16943628867596902,0.1405604804664458,0.1345903386104854,0.1486714474009856,0.13663194741787954,0.1413312392037013,0.1458490904600496,0.14036352487663006,0.12585108994117677,0.12282527300829219,0.1255443462483125,0.13894241439065524,0.12917490241588123,0.12907583042735002,0.12860921712764936
35.0,2.4512999040689887,2.4951567023580563,2.5063590291925433,2.4878434863138694,2.779084018667642,2.935052178505088,2.5807051287151492,2.5458392024511505,2.7663194277127507,2.4591720033000755,2.6287361985191033,2.784088177554947,2.839292078213272,2.5344640685875377,2.4567287225388195,2.6575757164826888,2.3411406583916667,2.492791209901664,2.2651793116442582,2.502684318406732,2.700590509225458,2.7418613261446576,3.2781319779916593,2.6831776425382547,2.70779487515316,3.1805323608329035,2.5668115494648966,2.2645293478232644,2.1717092764787567,2.192953689353378,2.626248445515219,2.589431194047713,2.229609991657827,2.1517443499068563,2.402164841279217,2.469953854227754,2.6228661279130843,1.9045006109512734,2.0396835382227803,2.2180378816719175,2.667229198281211,2.4956561017344923,2.4883602112941414,1.9845500684923874,1.660361336225148,2.1957945063367372,2.1305622197432252,1.9068956390301592,2.289391343194959,2.4622950148326432,2.413567537517952,2.5117717661781884,2.536661940540061,2.5050206352319386,2.737183426361926,2.9276017891974107,2.527044998720994,2.492492048333492,2.786095983258976,2.437584682323199,2.599734242872057,2.834972202731502,2.8533060206421155,2.637459708274937,2.4451948622220905,2.6293100539875183,2.2871356545547283,2.4571515441216234,2.2473217847359104,2.44978913468698,2.7220227228625373,2.7676312160675014,3.3370937219985732,2.6522845328159774,2.704799757991544,3.152819688151769,2.515465579558548,2.2817142259257523,2.15190887469431,2.134602138867429,2.6210279120213102,2.571627693078897,2.2390763683537096,2.147745142981354,2.440649175926905,2.4644468211488357,2.616119326070005,1.881776887151397,2.017630015335679,2.1770714576950048,2.6802822318734463,2.570776730247698,2.5356276951922636,1.987720398300559,1.6736013840743362,2.245113183294092,2.1645258716731366,1.9340656260664646,2.3001327599396575,2.549284772502724,0.12832216035560726,0.1314034430611218,0.13632244031540272,0.13210299073225962,0.1438073512943834,0.1413126754468357,0.12934781412283378,0.14468853046105723,0.12337751579884274,0.1241999582845492,0.1423730428214397,0.141636536093961,0.14055910058658164,0.13828590430937274,0.13840183602917974,0.15271401364323173,0.1257909875236286,0.1209308597919798,0.14026733165598773,0.13444844485163276,0.15950386027149646,0.1319828541919023,0.15708458357562316,0.15510330563522942,0.12233328748618251,0.14509634401576402,0.13641516656588115,0.1357198401116437,0.1296179160577083,0.14067396742700802,0.1401992949655048,0.14333935991198649,0.14206109917410664,0.12775261880969466,0.13033789803693982,0.16350626675978075,0.13301502008223307,0.13295888415123433,0.14961463674140718,0.13633996646306296,0.13771553371860365,0.14038683168566712,0.13578873211233683,0.1284905974076948,0.1256587653558817,0.12301373477192021,0.13586524570214747,0.11979520623658037,0.12432120030146762,0.12229506504517,0.1256753411236843,0.1288012887517453,0.13428321262006085,0.1371350341318453,0.14234398877145282,0.14393601367104097,0.1277817942022249,0.1386471990867281,0.12823761585657606,0.12225702800875837,0.1464545453830603,0.14388386252673455,0.1407190243392067,0.13925931185589024,0.1399984112080105,0.15103220224821245,0.12334517171561148,0.12081521851369398,0.14287583437638587,0.14165886947758016,0.15574831404073916,0.13107762027675993,0.15769613168754334,0.1545136466614328,0.122223445867475,0.14151851995521847,0.13929407198875593,0.13834269124281126,0.13130083742687748,0.14127017912115197,0.14120705188977026,0.144608433428954,0.14219659144366795,0.12569953750443585,0.12500650887980913,0.17001858101171388,0.1403568616913689,0.13495757012840348,0.14898006332492644,0.13697534865718647,0.1413675939782298,0.14591480487743405,0.14027390546162224,0.12574949270471497,0.12287136784551538,0.12546816723129256,0.13885944053666874,0.12902217908447433,0.12913751231535756,0.12851560242983803
36.0,2.452241558196206,2.49473423772438,2.5048955910106194,2.487772917329693,2.7758280394624606,2.9303141353825537,2.5772219457885135,2.5443460724705167,2.76359093565358,2.456493119434865,2.626256436617802,2.7819477084613453,2.836140214100584,2.531736463788659,2.4556164051863676,2.6545674009497127,2.3401853497049303,2.488794321794706,2.2654846359927583,2.5018950827218065,2.6994205227857364,2.742072383099071,3.277484398500464,2.6782659166060334,2.703622663276108,3.174183565953201,2.565142223868146,2.2643877274291535,2.171667861577127,2.192855526304661,2.621163669722756,2.5849861055613914,2.2301310989473744,2.1527919447462507,2.4012678875435576,2.4682974774182056,2.6191359602018687,1.9054123561955782,2.0389699980184672,2.215194135587174,2.6636288705471793,2.490603366051774,2.4867546594249332,1.9846014972804462,1.65898152123093,2.1962888494718737,2.129180794354588,1.907928266101346,2.2888297538499973,2.4624959755815636,2.4146659837510525,2.5110905839766122,2.534957414819762,2.504146391695297,2.734852128020827,2.9224907518822825,2.5241919395176122,2.491670005276413,2.7834938450216336,2.4348580376658324,2.596912462624549,2.8326461914692485,2.8509087989663615,2.6345548439688713,2.443640695505792,2.627214542034842,2.2868733322508636,2.4531531271331066,2.2474497828173474,2.448984617243102,2.72101173400156,2.7678568018619365,3.337172095146991,2.64750118031012,2.700888852312611,3.146365789415583,2.5132808118685492,2.281702408545179,2.151534412851852,2.1339027353862976,2.6161453804214694,2.56724765473019,2.2397487662474953,2.1479961226707807,2.43950459943541,2.4627201043272917,2.612548518534866,1.8823885228792046,2.016764303754916,2.174490178500075,2.6765584888201754,2.5651709612334352,2.533377820499939,1.9872684946091916,1.6718578279655452,2.245176841321902,2.1633322360715472,1.934555884242482,2.2994648755711764,2.549482805696668,0.12826929898654266,0.13141507064104085,0.13626885648751325,0.13206338603807832,0.14364877267404175,0.14128812358428575,0.12910473458642222,0.14450259021843975,0.12306237154584329,0.1240835819093665,0.14243586423076915,0.14164029219515803,0.140778499468386,0.13837617092659313,0.13850863346937206,0.15295606829588934,0.12572358627306682,0.12094662184898997,0.14025740180706128,0.1344847626157263,0.15956361712299796,0.1318743819892359,0.157160026170607,0.1554785125496723,0.12225559335854388,0.14546461258648366,0.13663058006499992,0.13563702403088654,0.12970086020656044,0.14094556335703184,0.14058225833436702,0.14367288292054675,0.14237102731187623,0.12783236858001454,0.13028395372074533,0.16409532751923633,0.13291961222275325,0.13339102497640484,0.15000702885658235,0.13665094952949128,0.13792697988351466,0.14064086792673303,0.13598171669579834,0.12855848666439063,0.12562697330152556,0.1231082188511261,0.13583221415158742,0.11993152477298402,0.12421860870714192,0.12224217520881026,0.1254341600227034,0.12874449709099614,0.13420535335432893,0.1369647613888862,0.142100463851892,0.14394340472674935,0.12762990322240472,0.13865494146215648,0.1281772484870307,0.1220451191908406,0.1464040968023538,0.14389487201147294,0.14083207197015735,0.1392949957842553,0.14008444309588186,0.15120308086234144,0.12318458066479591,0.12052341253154249,0.14287282771303045,0.1419687094066616,0.1557577074239677,0.1309706906256951,0.157424658117878,0.15470953033876966,0.1219811583160154,0.1417926492473328,0.13952141633811685,0.1383223507411073,0.13130246380754398,0.14156223837402906,0.14144272007100292,0.14487406022018245,0.14237551342612567,0.12569776833725418,0.1248588285376182,0.17064954896081336,0.14017647551533907,0.13536442504506851,0.14932192476001174,0.1373583306507928,0.14144404554166207,0.14601325243597077,0.14021912647655235,0.12568466704170386,0.12295207876639125,0.12542348842061388,0.13881220089738983,0.12891645949322422,0.1292317321556224,0.1284606471962021
37.0,2.4536007445314585,2.4946389416540615,2.503740931052663,2.488096765804989,2.7728632285175436,2.9256780718997613,2.5739136535632765,2.543295232304175,2.761185197686772,2.4540834319279576,2.624149841658745,2.7800798849124453,2.833166857116351,2.529333694219851,2.45479038890567,2.6519309562620657,2.339488397321077,2.48499030685553,2.2661432623612194,2.501472757611289,2.6984126437869085,2.7425278460731657,3.2768081420919266,2.6736556583228235,2.6997207126816862,3.1679501331635014,2.5637091303747175,2.2646174302075126,2.1719363794297992,2.193042577175512,2.616070242936484,2.580569124159977,2.230928011089274,2.1541816697286302,2.4006551352889436,2.466758657188989,2.615665920694798,1.906436437989684,2.0383442418690465,2.2125225591063162,2.6602958143963322,2.485833378786639,2.485401868506801,1.984961062462052,1.6579205368217451,2.1970471373744083,2.1281069270280573,1.9090741871950214,2.2885553794699085,2.4629678629831355,2.4161996585727628,2.5106811923715986,2.533468157011577,2.5036761679131856,2.7328287641217144,2.9174964219337367,2.5215385635287078,2.491317232244881,2.781174994972139,2.432420613928339,2.5945021634250764,2.8305500793121685,2.84875107392892,2.631951935238129,2.4423488773370097,2.625399406089446,2.286916691504731,2.4493601811811163,2.247924478273776,2.4486248980460465,2.7201749223415614,2.7683195780111625,3.337199942301363,2.642993670759371,2.6972625131894863,3.1399936743759183,2.511342402032102,2.2820414597985064,2.151459960924873,2.1334772425467894,2.6112417453326535,2.5628734255620134,2.240684192874581,2.148578358819752,2.438599860767839,2.4610998045957615,2.609228474123668,1.8831130783578445,2.015971070821369,2.172071472902046,2.673112577626489,2.559820764655662,2.531337564960819,1.9871277871986304,1.6704526076200736,2.2455077771333873,2.162479032433569,1.935238693557761,2.2991231196728967,2.549900676339645,0.12825928532478192,0.13146400632530353,0.13624617813982692,0.13205477351366376,0.14353495567073396,0.14131232104910796,0.12889935853731113,0.14434806123889074,0.12277384464653522,0.12400156283677637,0.14253821739981384,0.14168163352372706,0.14103560559200667,0.1385016331193544,0.13865056655373867,0.15323217132883155,0.125695766813121,0.12099036085125464,0.1402861520325004,0.13455398968790608,0.15965311891353529,0.13180060793665502,0.1572753863567141,0.15590063211294636,0.12220324349641447,0.14588100574923699,0.13688517368388853,0.13558741072320504,0.12981258597864048,0.14124731822969364,0.14100369089385076,0.14405240618861334,0.14272469705595298,0.12794339513154765,0.13026414313584328,0.16473246974903902,0.1328519483883875,0.13385557204038487,0.15043070751180415,0.13699979194486778,0.1381747764627003,0.1409275582849539,0.13621199012037774,0.1286655721402764,0.1256283435832443,0.12323451045608644,0.13582817665627062,0.12010671045017529,0.12414737127649475,0.12222144871163294,0.1252291287658558,0.12872214184059494,0.13416280194028696,0.13683470604077352,0.14190108441410318,0.14399887602944145,0.12751431741164543,0.13869115976935958,0.1281501107414495,0.12186245547852666,0.14639152919189857,0.14395306383954667,0.14098193865145087,0.13936595757510167,0.14021262879793223,0.1514156163098275,0.12305836107183618,0.12026120813317193,0.14290534515614509,0.14230728201298226,0.15579703214750498,0.13090005728313409,0.1571925373126695,0.15494479125289773,0.12176851192862868,0.1421134510045667,0.13979298388658035,0.1383343716595515,0.13133803379459605,0.14188877495169672,0.14173479861826088,0.1451933732783814,0.14260331282402436,0.12573463202050425,0.12473690380559994,0.17132713340349096,0.14002068546652593,0.1358080598680609,0.14969594605048325,0.13777778306935334,0.14156022658353293,0.14614502948430497,0.14020011875299443,0.12565569962359915,0.12306519816515037,0.12541002507254678,0.13880018759833626,0.12885680634485008,0.1293570170687806,0.12844391498186344
38.0,2.455305435224748,2.4948042776979733,2.502841405433678,2.488748805475308,2.7701311919174882,2.921105674348307,2.570746489840538,2.5426291754498753,2.7590633932743733,2.4518963824478326,2.622367134460847,2.7784448465961766,2.8303419095464997,2.5272110658918594,2.4541941177392825,2.6496245549661888,2.3389936503962203,2.481353831140006,2.2670837975646414,2.50137417193825,2.6975290992662777,2.743185243269212,3.276087770482278,2.6693051512812174,2.6960604523279357,3.1618134503122817,2.5624620956490975,2.2651482846586073,2.172457971215992,2.193456041107002,2.6109593965913493,2.576165823964144,2.231937855959535,2.1558497167642887,2.4002776933476975,2.46528527014362,2.6124126415633073,1.9075273187221407,2.0377781429198314,2.2100007480689716,2.6571973813864314,2.4813222115708045,2.4842531683933857,1.9855777855887988,1.6571507598711088,2.1980208556789282,2.127291500193245,1.9103086743085176,2.2885213764671404,2.4636673907391353,2.41809949735609,2.5104813856353165,2.532147140524177,2.5035498570702543,2.731052256061676,2.9125836417019233,2.5190461433622775,2.4913736889111555,2.779101693409908,2.430224978730656,2.5924554047551545,2.8286465547834023,2.8467914926248197,2.629604411904157,2.4412685954442477,2.623822678573921,2.28720522685705,2.4457469949937525,2.24867667638635,2.448663781834197,2.719472688350297,2.7689783744749965,3.337161552567427,2.638728006300844,2.6938901473700163,3.1336891451089337,2.5096026266589595,2.2826614254641404,2.1516289203578887,2.133269619278665,2.606306520650718,2.558491365611365,2.2418177326672817,2.1494300681840897,2.4378889582691157,2.459537418740581,2.6061184287103876,1.8839041717081684,2.01522142931039,2.1697922315445637,2.669910638914767,2.5547009906122358,2.5294620818285107,1.9872534315844386,1.6693639014298143,2.2460596187085917,2.1619159617612485,1.9360890483040183,2.299058451774677,2.5504958276835015,0.12829149647515553,0.13154952534897868,0.13625406601694803,0.13207709798840422,0.1434657100219721,0.1413849218921822,0.12873289337857763,0.14422582446171553,0.12251324031389844,0.12395325841628861,0.14267834478142077,0.14175983157822425,0.14132820570428836,0.13866136890404102,0.13882683901944248,0.1535412699627127,0.12570663577172272,0.12106192777726228,0.14035361297349472,0.13465501268294602,0.15977313208743804,0.13176220796720028,0.1574306730997816,0.1563679232164193,0.12217639354987045,0.1463428590997742,0.1371770454874101,0.135571738738498,0.129953061722299,0.14157762228352183,0.14146120179772617,0.14447576425644773,0.14311968981427484,0.1280853787323357,0.1302780819913113,0.16541532070698528,0.13281285720692532,0.13435041822298122,0.15088345658076052,0.13738419376424657,0.13845778856633362,0.1412450416714344,0.13647770525796082,0.1288106183457713,0.1256619485659877,0.12339187887313402,0.1358527688614289,0.12031888076532908,0.12410720931320195,0.12223264338454284,0.12506043725551005,0.1287342460962599,0.13415507756769243,0.13674596676402045,0.14174556862637927,0.14410127415949886,0.1274351377220023,0.13875611299854912,0.12815608319266425,0.12170952401572421,0.14641703796593145,0.1440574606864031,0.14116696316109067,0.1394718142274919,0.14038246165773574,0.15166873008662032,0.12296619329852466,0.12002987898407612,0.1429733222099629,0.14267186380730193,0.15586706937203343,0.13086608072200087,0.15700091916511538,0.15521845845865348,0.12158718223042415,0.1424788018748158,0.1401069269199666,0.13837883500074832,0.13140839656149597,0.14224866953150347,0.14208081447289514,0.14556427966366212,0.14287883682644067,0.12581017837810782,0.12464084930630795,0.17204930889873835,0.13989090056010633,0.13628565205288848,0.1501010815898413,0.13823063701516256,0.14171580519925983,0.14631076004509544,0.1402178653865412,0.12566171387476832,0.12320852605000196,0.12542750888514875,0.13882291340833125,0.1288423014195993,0.1295118917029024,0.12846499010222812
39.0,2.4572836024260942,2.495163709406976,2.5021433702686435,2.4896628100762164,2.767573535746908,2.9165586290197516,2.567686692421384,2.5422903954053675,2.7571867018784366,2.4498854126629688,2.6208590358429937,2.777002733200463,2.8276352736769392,2.525323884815407,2.453771035729782,2.647606369608493,2.3386449580864435,2.4778595607040232,2.2682348484180532,2.501556154565784,2.6967321162611375,2.744002102889457,3.275307845387735,2.6651726790737835,2.6926133111729342,3.1557549052479796,2.561350946355757,2.265910119282672,2.173175778114918,2.194037117240179,2.6058223621222685,2.571761779094583,2.2330977614341503,2.1577322777635604,2.400086670552119,2.463825192885674,2.6093327549788548,1.9086394607814783,2.037243574316182,2.207606298314741,2.6543009230752457,2.4770459360359327,2.4832598889383624,1.9864006882122824,1.6566445672525612,2.1991614900200536,2.126685396279819,1.9116069994391955,2.288680901254131,2.4645512725513794,2.420296435474054,2.510428958039904,2.530947338766175,2.5037073523511255,2.7294615252378627,2.9077172535369447,2.5166759516262585,2.491779334947566,2.7772362006343707,2.42822369969278,2.5907242460962685,2.826898306406083,2.8449887021490685,2.6274657037884457,2.440349037555992,2.622442391910888,2.2876784328484763,2.442287857299132,2.2496371824362686,2.4490550733459444,2.7188654324955026,2.76979202121321,3.3370412150509496,2.6346701890717,2.6907411616020447,3.1274380036908096,2.5080137623588468,2.2834923513204735,2.151984692595434,2.1332238245116675,2.6013292202715395,2.55408783491521,2.243084470057934,2.1504894675196184,2.437325890284203,2.457984443548117,2.6031776181690196,1.884715421051036,2.0144864919973644,2.1676293450712922,2.666918813307445,2.5497864892010567,2.5277065243566286,1.987600583282174,1.668569887786663,2.2467859940275905,2.161592725056644,1.937081942772946,2.2992218314063844,2.5512257029801,0.12836533859570348,0.13167094127979387,0.13629219101057885,0.13213032498677457,0.14344086769302222,0.1415056138803732,0.12860660818939013,0.1441367958820296,0.12228189810075704,0.12393805236928142,0.14285449824502083,0.1418741716410027,0.1416540757849502,0.13885445543429795,0.1390366915497058,0.15388231700909025,0.12575530686430011,0.12116118788769034,0.14045985976786815,0.13478674918227856,0.15992445563185675,0.1317598883275909,0.15762591657233468,0.15687865607756538,0.12217522025265284,0.14684750481241698,0.13750433332098777,0.135590800536839,0.130122294901667,0.141934892716372,0.1419524016466696,0.14494080888240543,0.14355361705076855,0.12825803839063782,0.13032539252771336,0.16614152818789357,0.1328032132291535,0.13487347404017802,0.151363080730407,0.13780189838993892,0.13877489968704398,0.14159146557764235,0.1367770314000742,0.12899241793936186,0.12572689487517175,0.12357960853045864,0.13590565672215785,0.12056618411020951,0.12409787704603222,0.12227554797609173,0.1249283284982934,0.12878085107412698,0.13418170521386344,0.13669968659395634,0.14163368360324863,0.14424947569312374,0.12739250997329143,0.13885009385008523,0.12819509823054887,0.12158686443034573,0.1464808509030205,0.14420709767803455,0.14138549900596176,0.1396121949199011,0.14059346733149772,0.15196134056402408,0.12290779129320699,0.11983078028790138,0.14307670960936206,0.14305973607693842,0.15596862276091789,0.13086913634905217,0.15685100488349885,0.1555295533384693,0.12143893302724977,0.1428865898709697,0.14046143582967335,0.1384558520373137,0.1315144557043723,0.14264083269577044,0.14247832029523874,0.1459847076149756,0.14320096417931302,0.1259244918920118,0.124570785050497,0.17281407897918175,0.1397885826975144,0.13679439109332378,0.15053632596997518,0.1387138578584522,0.14191048535126313,0.14651110082079888,0.1402734058490046,0.12570187145038011,0.12337987003128113,0.1254756881538306,0.13887991343536304,0.12887204323952067,0.12969487788047482,0.1285234780810375
40.0,2.4594632182855087,2.495650700331914,2.5015931816725647,2.4907725533432834,2.7651318660904205,2.9119986222056884,2.564700499106897,2.542221385668393,2.7555163029610403,2.4480039642418268,2.6195762666240663,2.775713684413236,2.8250168517936056,2.5236274570012007,2.4534645869197464,2.645834572735418,2.338386169547837,2.4744821616034973,2.2695250217364475,2.501975534356969,2.695983921808798,2.744935953136187,3.2744529285244908,2.6612165252931077,2.689350718174729,3.1497558858190517,2.5603255091591888,2.266832762580006,2.174032941305766,2.194727004716117,2.600650370964172,2.567342563671962,2.2343448553891267,2.159765544636739,2.400033175734517,2.462326302018651,2.606382893112848,1.9097273265562538,2.0367124092034223,2.2053168056832586,2.6515737910205326,2.4729806238137324,2.4823733599953997,1.9873787918841113,1.6563743358396141,2.200420526032357,2.126239497717426,1.9129444345844038,2.2889871102433226,2.465576222121618,2.4227214082996493,2.510461703857519,2.529821725146229,2.504088546940486,2.72799549304738,2.902862099788954,2.5143892609286156,2.4924741300263897,2.7755407769449305,2.4263693444346672,2.5892607469299214,2.8252680227033493,2.8433013495967168,2.625489240712478,2.439539391400751,2.621216578522949,2.2882758040197224,2.4389570568253576,2.250736801704727,2.4497525773196616,2.7183135552449125,2.7707193481856334,3.336823218857652,2.6307862212090187,2.687784962633395,3.121226052197727,2.5065280857414973,2.2844642831459208,2.152470679082035,2.133283817175527,2.5962993580909703,2.54964919351055,2.2444194894788962,2.1516947735821703,2.436864655158028,2.456392375804696,2.6003652783735407,1.8855004445073102,2.0137373716576263,2.165559704125889,2.6641032414268957,2.5450521105200115,2.5260260457987447,1.9881243978074024,1.6680487450824995,2.2476405310704552,2.1614590233218114,1.9381923712562537,2.2995642180978626,2.5520477454813304,0.12848024563954052,0.1318276046902642,0.13636023384852494,0.13221444127818344,0.14346028191436197,0.14167411757356269,0.12852183655495586,0.14408192968541578,0.12208119893336201,0.12395535424087652,0.14306493685796873,0.14202395275535618,0.14201097417054667,0.1390799657088103,0.13927940049304077,0.15425426924199964,0.12584089831616274,0.12128802039565235,0.14060501183713367,0.1349481468787297,0.160107927364158,0.13179438808058871,0.15786116718021567,0.15743111011241764,0.12219992288944806,0.1473922644183408,0.13786520960379783,0.1356454431897082,0.1303203325925684,0.14231756895553047,0.14247489803889526,0.14544540330225214,0.14402411391236128,0.1284611330238636,0.13040570339653146,0.16690875559823595,0.13282393917814928,0.13542266192473695,0.15186739862347184,0.13825068787959077,0.13912500877844103,0.141964981928736,0.137108150036468,0.12920979232930038,0.12582232648946204,0.12379700106358023,0.13598654067182778,0.12084679997353544,0.12411916449707712,0.12234998419521378,0.1248330978114014,0.1288620176126739,0.13424221533765665,0.13669705475011198,0.14156524275111726,0.1444423845757284,0.12738662385392832,0.13897342656381223,0.12826713918274565,0.12149507129666287,0.14658323093806144,0.14440102123702847,0.14163591206756518,0.13978674243829878,0.14084520422990143,0.1522923606908136,0.12288289905864327,0.11966535319506899,0.14321547493031284,0.14346817747031743,0.1561025237707949,0.13090961623371264,0.15674404835950279,0.15587708876573167,0.121325620781122,0.14333470909202864,0.14085473560035133,0.13856556527903177,0.1316571716777096,0.14306420142255913,0.14292488803967976,0.14645260131414353,0.14356860013558737,0.12607769056281526,0.12452683888737225,0.17361947199362074,0.13971525337208782,0.13733147078471095,0.15100071426757483,0.13922443860848183,0.14214400774497712,0.14674674619616232,0.14036783980100057,0.1257753734586889,0.12357704533922387,0.12555432811564257,0.13897074709718815,0.1289451453251446,0.12990449475155827,0.12861900642935897
41.0,2.4617722549530163,2.496198714023656,2.5011371957604274,2.4920118090120624,2.762747789032622,2.9073873401977104,2.561754147698179,2.542364639736686,2.754013375984194,2.446205478852908,2.61846954762296,2.774537839922426,2.8224565461824143,2.522077088459999,2.453218215351749,2.6442673368933702,2.338161133936498,2.471196299894312,2.270882924334856,2.502589140174892,2.6952467429465643,2.745944322211657,3.2735075816087793,2.6573949735317735,2.6862441022913863,3.143797779873961,2.559335610723866,2.2678460430508407,2.174972601967762,2.195466902675855,2.5954346545519975,2.5628937518169423,2.235616265700457,2.16188570929413,2.4000683177271824,2.4607364741461355,2.6035196881367555,1.910745378435001,2.0361565207269137,2.2031098660141435,2.648983336780058,2.469102346535892,2.48154491141815,1.9884611181558787,1.6563124425058047,2.2017494493504426,2.125904686935697,1.9142962517415023,2.2893931598471595,2.4666989531516568,2.4253053512058824,2.5105174173603095,2.528723273072978,2.5046333340229316,2.726593080887351,2.8979830228080745,2.512147343877303,2.493398033819928,2.773977682640993,2.424614480576297,2.5880169667376096,2.8237183921983227,2.8416880820627517,2.6236284524977145,2.4387888447070285,2.620103270832697,2.2889368349114583,2.435728882300553,2.251906339472891,2.4507100984937242,2.7177774570662963,2.7717191853520453,3.336491853093305,2.6270421048499664,2.684990957211943,3.115039092705842,2.505097873416644,2.285507266718881,2.153030281262199,2.1333935562000113,2.591206448004867,2.5451618014343462,2.2457578753625107,2.1529842031275837,2.4364592512355703,2.4547127122966828,2.5976406451979366,1.8862128601978545,2.0129451810665593,2.163560199351967,2.661430063895528,2.540472704666955,2.5243757994084794,1.9887800306756802,1.6677786517092221,2.2485768578172483,2.1614645575588147,1.9393953280456444,2.3000365713789734,2.5529193984390606,0.12863567855917066,0.13201890212548278,0.13645788526608754,0.1323294559023914,0.14352382687310453,0.1418901857452481,0.12847997905700564,0.14406222140899974,0.1219125722156869,0.12400459910504262,0.14330792559426545,0.14220848817223286,0.1423966353166364,0.13933696570166043,0.13955427679974794,0.15465608631344302,0.12596253085824471,0.12144231842271451,0.1407892326636716,0.13513818297187166,0.1603244302946572,0.13186648164128567,0.15813649483522876,0.15802357251249352,0.12225072493967191,0.14797444229860937,0.13825787619333613,0.1357365688948767,0.13054726202203293,0.14272410789372017,0.14302629183002982,0.14598741712721147,0.1445288333266632,0.12869446270600807,0.13051865027879134,0.1677146775266577,0.13287600780156064,0.13599591091538565,0.15239423642850278,0.13872837818891415,0.1395070276721558,0.1423637431687188,0.13746925100497037,0.12946159278383199,0.12594742811497187,0.12404337793490021,0.13609516015656534,0.12115893955925375,0.12417090090494325,0.12245580908745445,0.12477509182143522,0.12897782803164462,0.13433614424413304,0.1367393086034633,0.1415401032574329,0.1446789298408595,0.12741771185038855,0.1391264644496923,0.1283722390410391,0.12143479635746435,0.14672447933733068,0.14463828865979797,0.1419165786244261,0.13999511499786102,0.14113726450897338,0.15266069683017486,0.12289128728804823,0.11953512865514303,0.14338960473521783,0.14389445619036023,0.15626963700691635,0.13098793120345445,0.15668135727909835,0.1562600690737575,0.12124919827274253,0.14382105532743725,0.14128508290090214,0.1387081497259944,0.13183756410934838,0.14351773600000395,0.14341810382498404,0.14696591670660825,0.14398067210522192,0.12626992509929488,0.12450914933806154,0.17446353750066496,0.13967249971913176,0.13789408260169175,0.15149332242864136,0.1397593937783537,0.14241615115066977,0.14701843324947544,0.14050233062123066,0.12588146137610076,0.12379787479837613,0.1256632114728656,0.13909500036421024,0.12906073504262794,0.13013925944204816,0.12875122575725184
42.0,2.4641386845786175,2.4967412140330554,2.500721768647222,2.4933143508181232,2.760362910658126,2.9026864692873855,2.5588138759963317,2.542662651108026,2.752639100410021,2.4444433981646934,2.6174895996585525,2.773435339415963,2.8199242591292983,2.520628085202511,2.452975365068345,2.642862834628802,2.3379137004085213,2.4679766416323425,2.272237163028283,2.503353800882624,2.694482806711735,2.746984738318127,3.272456366356804,2.6536663073823585,2.683264892480962,3.1378619752611514,2.5583310777142763,2.2688797891954713,2.175937901280123,2.196198010260464,2.5901664443206665,2.5584009176502187,2.2368491202441323,2.1640289636460515,2.400143205362428,2.459003585871654,2.600699772221986,1.9116480788062762,2.0355477820319847,2.2009630751470106,2.6464969119115724,2.465387175834112,2.480725873060323,1.9895966885791763,1.6564312641246477,2.2030997456089136,2.1256318463642865,1.9156377229078336,2.2898522064780864,2.467876179343261,2.427979199565781,2.5105338928204213,2.5276049559550566,2.5052816067831403,2.7251932101548886,2.8930448649444496,2.5099114730802716,2.494491006000473,2.772509178021988,2.422911675737612,2.586944965000829,2.8222121034141727,2.8401075466422467,2.6218367689656388,2.438046585203318,2.6190605012627537,2.2896010200643837,2.4325776224528095,2.2530766010219603,2.4518814416065284,2.7172175384273594,2.7727503626722645,3.3360314068636305,2.6234038421316557,2.6823285520854685,3.1088629272913373,2.5036754019940384,2.2865513478177353,2.153606900580456,2.1334970005148555,2.5860400039090945,2.5406120187235905,2.2470347121411045,2.1542959729116626,2.436063676861753,2.452896949810422,2.5949629545162014,1.8868062862435278,2.0120810329995176,2.161607721393212,2.658865421335755,2.536023121739801,2.52271093843944,1.9895226374025752,1.6677377860587221,2.249548602248017,2.1615590287697195,1.9406658074328185,2.3005898507795575,2.553798105105131,0.12883112498949642,0.1322442553778287,0.13658484668195592,0.13247540172727312,0.14363139807854625,0.1421536031696213,0.12848250544417894,0.1440787111621286,0.12177750304642186,0.12408524753970725,0.14358173500954516,0.14242710628819255,0.1428087641487614,0.139624511905786,0.1398606651648428,0.15508673023595962,0.12611932630090436,0.12162398924918744,0.14101272957316702,0.13535586381395887,0.16057489910422565,0.13197698138162936,0.15845198845221617,0.15865433751298372,0.12232787592636371,0.1485913198244801,0.138680559305249,0.13586513532877,0.13080321114473084,0.14315297904142513,0.14360417408827886,0.1465647218489955,0.14506544055385595,0.1289578699931918,0.13066387728873047,0.16855697578689768,0.13296044334364798,0.13659115170481578,0.15294142159640156,0.1392328143243573,0.13991987884170398,0.14278589852930412,0.13785852899919757,0.12974670204642486,0.12610142886431422,0.12431808361876731,0.1362312985905105,0.12150084680894557,0.12425295874183342,0.12259291777487398,0.12475470727169809,0.12912838837773738,0.13446303514623323,0.13682773584695054,0.14155816372116733,0.14495806367622913,0.1274860481118643,0.13930958710889385,0.12851047878161237,0.12140675055185968,0.1469049392937966,0.14491796842640983,0.14222588371280812,0.1402369884461405,0.141469275616039,0.15306524875054284,0.12293275017725874,0.11944173072306646,0.14359910728710032,0.14433582173223594,0.15647086571573612,0.13110451332446438,0.15666429400238333,0.15667749083496385,0.1212117175417028,0.14434352249951682,0.14175076376692297,0.138883814464803,0.13205671399010188,0.14400041732038185,0.14395556406302606,0.1475226183380903,0.14443612600674186,0.12650137844240017,0.12451786884604381,0.17534434321767906,0.13966197993978605,0.13847941013732784,0.15201326771084855,0.14031575370499652,0.1427267342037424,0.14732694678471042,0.14067810866734862,0.1260194176044434,0.12404018869249887,0.12580213908824625,0.13925228827688227,0.12921795304496253,0.1303976881929668,0.12891981122037724
43.0,2.4664904793123457,2.497211663910959,2.500293256447945,2.494613952497019,2.7579188370515526,2.8978576957663,2.5558459218024487,2.543057913280143,2.7513546557005295,2.4426711638456546,2.6165871435497476,2.7723663225817656,2.8173898929201506,2.5192357532394567,2.452679480112106,2.641579238488115,2.3375877181200106,2.464797852873521,2.273516344631756,2.5042263453432643,2.6936543401416357,2.7480147296578794,3.2712838444847785,2.6499888104374634,2.6803845177015293,3.1319298598291048,2.5572617367948838,2.269863829514143,2.1768719804220202,2.1968615266110203,2.584836971705124,2.5538496352924547,2.237980546896165,2.166131499602799,2.400208947472564,2.4570755137987583,2.59787977754,1.9123898900586072,2.0348580662639755,2.1988540289214775,2.6440818679728406,2.461811183340074,2.47986757477554,1.9907345247056143,1.656703177569681,2.204422900442375,2.1253718584328474,1.9169441200807444,2.2903174065485645,2.4690646143982398,2.4306738887523425,2.510448924510016,2.526419747201123,2.5059732584057435,2.7237348022471313,2.888012468548196,2.507642921145479,2.495693006240329,2.77109752338733,2.421213497538615,2.585996801201091,2.8207118448740105,2.8385183904301843,2.620067619937726,2.4372618006181375,2.6180463022357183,2.290207854019205,2.4294775660102617,2.25417839163311,2.453220411396471,2.7165941997958694,2.7737717101060855,3.335426169274392,2.619837435191203,2.6797671540018513,3.102683358030374,2.5022129480833972,2.287526572220924,2.1541439384813352,2.1335381090498093,2.5807895396995146,2.5359862054152886,2.2481850842470315,2.155568299690253,2.435631930381537,2.45089658513227,2.5922914422023027,1.887234340765188,2.011116040231857,2.1596791608932704,2.656375454369963,2.531678211836399,2.5209866161452164,1.990307373503652,1.6679043265228846,2.250509392342839,2.1616921379565626,1.941978803709492,2.3011750158294695,2.5546413087314277,0.12906609942845776,0.13250312108011014,0.13674083140351867,0.13265233759249695,0.1437829134212461,0.14246418679594292,0.12853095650020677,0.14413248693863656,0.12167753959184513,0.1241967858916237,0.14388464192657413,0.14267915209757434,0.14324503096000052,0.139941649284211,0.14019794336698238,0.15554516545443406,0.12631040669265434,0.12183295486929377,0.14127575353421334,0.13560022481206044,0.16086032677395215,0.13212674033715283,0.15880775565216954,0.15932170633914258,0.12243165349912752,0.1492401500832253,0.13913150447054962,0.13603215585411937,0.13108834924785245,0.14360265954529916,0.1442061237361205,0.14717518692305578,0.14563160817660345,0.1292512413233324,0.1308410392114778,0.1694333359096664,0.13307832264741415,0.13720631199933334,0.15350677686353728,0.13976186538185834,0.14036249352056837,0.1432295904379861,0.13827418042335016,0.13006403645719242,0.12628360627098828,0.12462048936580658,0.13639478879007322,0.12187079982365319,0.12436525836690972,0.12276124659010415,0.12477238965198482,0.12931383108941874,0.13462243995844492,0.1369636769275163,0.14161936192186683,0.14527875983770286,0.12759194725654296,0.1395231973334032,0.12868198526464553,0.12141170588779363,0.14712499998194803,0.1452391412511826,0.14256221979691688,0.14051205884361234,0.14184090239847294,0.15350491079150233,0.12300710241885228,0.11938687932521494,0.14384401586699144,0.1447894961015968,0.15670715748755407,0.1312598187907388,0.15669427624775328,0.15712834445647425,0.12121533209041474,0.14489999990525637,0.1422500918655149,0.13909280466002114,0.132315765731926,0.14451124451330746,0.14453487281471236,0.14812067717110883,0.144933923323459,0.12677226562860647,0.12455316748398501,0.17625997252945527,0.13968542811899767,0.13908462455752602,0.1525597091434035,0.14089055928941735,0.14307561771725683,0.1476731243968817,0.14089647428177723,0.12618856562269823,0.12430182446290075,0.125970930846241,0.13944225774505867,0.12941595331597733,0.1306782979943846,0.12912446430452545
44.0,2.4687556113042,2.497543527208259,2.4997980152776016,2.4958443877843206,2.755357174297509,2.892862705926039,2.552816522917616,2.543492919750779,2.7501212213177886,2.4408422175642754,2.6157129001154398,2.7712909291077783,2.814823349840927,2.517855398581577,2.4522740045256244,2.6403747210177473,2.337127036227049,2.461634599673707,2.274649075960275,2.5051636024198745,2.6927235702735337,2.7489918244331566,3.2699745777089073,2.6463207662896515,2.6775744069111345,3.125982821426252,2.556077414630177,2.2707279925071213,2.1777179805726963,2.19739865086855,2.579437468140296,2.5492254788643383,2.238947673532542,2.168129509074695,2.4002166528898727,2.4549001345309707,2.595016336262224,1.9129252745805392,2.0340592465682175,2.1967603231771884,2.6417055565216168,2.4583504406854684,2.4789213464174953,1.9918236480867872,1.657100559714422,2.2056703994854048,2.1250756055709994,1.918190715257593,2.290741916471012,2.470220972018355,2.433320354138563,2.510200306701233,2.5251206202198055,2.5066481820753936,2.7221567785611875,2.882850675969455,2.5053029606809023,2.4969439942117932,2.769704979036424,2.419472513599257,2.585124534819882,2.8191803051009847,2.836879260521604,2.6182744352354534,2.4363836786799737,2.6170187061741954,2.2906968313165774,2.426403001700996,2.2551425165875596,2.4546808126019086,2.715867841639554,2.774742057613309,3.334660429431342,2.616308886165746,2.677276169708923,3.096486186999152,2.500662788294473,2.2883629857068155,2.1545847964093503,2.1334608407346205,2.575444569272007,2.5312707215463837,2.2491440761126165,2.1567394002191795,2.435118010139854,2.448663115048559,2.5895853441302203,1.887450641883699,2.010021315538942,2.157751408495764,2.653926303620569,2.527412825054657,2.5191579857794157,1.9910893944944632,1.6682564514936131,2.2514128560817688,2.1618135861214323,1.9433093111673585,2.301743026058564,2.555406452569826,0.12934014393635224,0.13279499062856956,0.13692556638923065,0.1328603510878697,0.1439783149436193,0.1428217863279966,0.12862694562565555,0.1442246880505539,0.12161430065815705,0.12433872685341786,0.14421493118074505,0.14296398918302494,0.1437030668206452,0.1402874096280548,0.14056552179325982,0.15603035952736422,0.12653489407291804,0.12206915286388072,0.14157859898305514,0.1358703305978815,0.1611817714007828,0.13231665504910167,0.15920392265642522,0.16002398781795663,0.12256236577945617,0.1499181531344933,0.13960897151022175,0.13623869959310161,0.13140288757374813,0.14407162902209156,0.1448297058750968,0.14781667640458285,0.14622501151213824,0.1295745084823799,0.1310498046262365,0.17034144406023355,0.133230775889898,0.13783931214617967,0.15408811444294507,0.1403134194489525,0.14083381018061222,0.143692951025426,0.13871440058620726,0.13041254858692333,0.1264932906769315,0.12494999756279011,0.13658551894805734,0.12226711268816459,0.12450777336103636,0.12296077663501224,0.12482863166195247,0.12953431811527916,0.1348139218664269,0.13714852779260617,0.14172367272361341,0.1456400124113053,0.12773576312541873,0.1397677176706993,0.1288869286955798,0.12145049718970592,0.14738510111258546,0.14560090188952785,0.142923985730788,0.14082004542701348,0.14225184978433286,0.15397857422747618,0.12311417638136123,0.11937239248632281,0.1441243927283333,0.14525266445006346,0.15697951024066115,0.13145433124914277,0.15677277762441674,0.15761161659981435,0.12126229833301021,0.145488370225993,0.1427814073366276,0.1393354039861853,0.1326159290868574,0.14504923288112795,0.14515364034843997,0.14875806935102184,0.14547303886826957,0.12708283399634976,0.12461523716237548,0.1772085225607576,0.13974465844824735,0.13970688103301593,0.15313184796487428,0.1414808571271621,0.14346270754081403,0.1480578615832598,0.14115880055417895,0.12638826969006448,0.12458062619430983,0.1261694266769379,0.13966459064237677,0.12965390383055359,0.13097960872592476,0.12936491495187352
45.0,2.470862052704203,2.49767026747577,2.499182401251167,2.4969394304155843,2.7526195284805857,2.887663186058182,2.5496919171429355,2.5439101640176993,2.7488999767238633,2.4389100009890208,2.6148175901744857,2.7701692986818984,2.812194532177528,2.516442327239599,2.451702382351435,2.639207454764106,2.3364755038857306,2.458461548088793,2.275563963828854,2.506122400975556,2.6916527241447703,2.7498735508462278,3.26851312774543,2.642620458531522,2.6748059890678513,3.1200022479010614,2.554727937884648,2.2714021066746573,2.1784190429113384,2.19775058217414,2.573959165061115,2.544514022486531,2.239687628029266,2.1699591839720473,2.4001174304466675,2.4524253246718533,2.592066080560092,1.9132086947606246,2.033123196090067,2.1946595537537306,2.639335329115675,2.454981019501995,2.4778385178398525,1.9928130802742836,1.6575957874323977,2.206793728372616,2.124693970208393,1.919352780435733,2.291078892657899,2.4713019659053885,2.435849531097457,2.5097258336662205,2.523660548419746,2.5072462709767303,2.7203980604941833,2.877524329558363,2.502852864294462,2.498183929587155,2.768293805268687,2.4176412915395114,2.5842802253387105,2.8175801726182117,2.8351488040115367,2.616410644680295,2.4353614071173357,2.615935745500782,2.2910074464972183,2.4233282182531353,2.2558997811664514,2.456216449961249,2.7149988644261716,2.7756202351537347,3.333718476440207,2.612784197192404,2.674825005954512,3.09025721627381,2.498977199236992,2.288990634053821,2.1548728758090365,2.133209154499023,2.5699946065223966,2.526451927153884,2.2498467721702173,2.1577474912542773,2.434475914481662,2.44614803634566,2.5868038961739592,1.8874088077199134,2.008767971696137,2.1558013548443915,2.6514841097099526,2.523201811492432,2.517180200595629,1.9918238558905714,1.6687723393627865,2.2522126214448903,2.1618730742663663,1.944632324098126,2.302244840996695,2.5560509798721815,0.12965282937639255,0.13311939044667742,0.13713879459837475,0.13309956200866352,0.14421757133799484,0.1432262852224299,0.12877216014605591,0.14435650870991348,0.1215894835062636,0.12451061037762107,0.14457089848019436,0.14328100226961724,0.14418045947405084,0.14066081032491515,0.1409628431398947,0.1565412844349937,0.12679191083024074,0.12233253760547867,0.14192160367677512,0.1361652754828532,0.16154036322878063,0.13254766857391376,0.15964063436076462,0.16075949964229277,0.12272035399517461,0.15062251175007996,0.14011122950468882,0.13648589136688502,0.13174707994697057,0.14455836415748624,0.14547247079578168,0.14848704611534952,0.14684332443108888,0.12992765012590834,0.13128985996842474,0.1712789843588124,0.13341898694560472,0.13848806098820582,0.1546832303667389,0.14088537834880457,0.14133277337528163,0.14417409869785397,0.13917738122955084,0.13079123039582158,0.12672987003862926,0.12530604670706513,0.13680343921015842,0.12268813770919128,0.12468053658989943,0.12319153779404998,0.12492397151504568,0.12979004452186677,0.13503705872593086,0.13738374299644815,0.14187110610896458,0.14604083492244885,0.12791788748855767,0.1400435866379988,0.12912551962684696,0.1215240237410918,0.14768573802825488,0.14600236172433279,0.14330958600655222,0.14116069397183859,0.14270186604512947,0.15448513085307838,0.1232538194734932,0.11940018801261365,0.14444033372074855,0.14572246506513806,0.15728897855511725,0.13168856559243192,0.15690132806531595,0.15812629343358534,0.12135497626537338,0.14610650828165,0.14334307620887196,0.13961193753671197,0.13295848091684848,0.14561341210381387,0.14580948288397638,0.14943277589804727,0.1460524592611752,0.12743336373770206,0.12470429639158319,0.17818810281605185,0.1398415688533399,0.14034331612094603,0.15372892800118726,0.14208369500499374,0.14388795799961526,0.14848211691343272,0.14146653585045513,0.12661793406353963,0.12487444385567031,0.12639748774186255,0.13991900721487377,0.1299309878487103,0.131300145824871,0.12964092403381006
46.0,2.472737775662374,2.497525348264374,2.4983927704836457,2.497832854126377,2.749647505685421,2.882220822454322,2.5464383422794974,2.544252139578645,2.7476521013807984,2.4368279557883916,2.613851934545804,2.7689615709920896,2.809473342215882,2.5149518452242328,2.4509080576321542,2.638035612273622,2.3355769702521547,2.4552533641747156,2.2761896150525156,2.5070595698733835,2.6904040287926216,2.7506174370993657,3.266884056310529,2.638846170755643,2.6720506931297168,3.1139695271019736,2.553163133222755,2.2718160005170343,2.178918308617184,2.1978585196688303,2.5683932939025023,2.5397008402797145,2.2401375382623407,2.1715567162051714,2.3998623889752735,2.449598960824953,2.5889856426050546,1.913194612987395,2.032021787974853,2.1925293164907362,2.636938537312781,2.451678991421344,2.4765704188962636,1.9936518428197134,1.6581612375971382,2.207744372738602,2.1241778347746982,1.9204055876125097,2.291281491521652,2.4722643097611443,2.438192355002035,2.5089632996771556,2.521992505209595,2.507707418294405,2.7183975694432307,2.871998271665031,2.5002539045941554,2.4993527720387094,2.7668262623835456,2.4156723989793476,2.583415932239057,2.8158741359488553,2.833285667994997,2.6144296780937353,2.4341441736587175,2.6147554526380974,2.2910791941018047,2.4202275043947896,2.256380990650981,2.4577811282128614,2.7139476686234487,2.7763650726871623,3.3325845994067333,2.609229370408305,2.672383069486464,3.08398224793055,2.497108457520693,2.289339563040347,2.154951578124912,2.132727009272778,2.5644291653465703,2.521516182274768,2.2502282568521816,2.1585307895513606,2.4336596417519134,2.443302845809901,2.5839063342074846,1.8870624563947016,2.007327121478806,2.1538058905827633,2.649015013260536,2.519020021247618,2.5150084138474713,1.9924659132075533,1.6694301685223027,2.252862316412233,2.161820303393435,1.945922836793498,2.302631420173732,2.5565323338903654,0.1300037572198905,0.1334758825997084,0.1373802779613108,0.13337012652212513,0.14450068118546228,0.14367760211475863,0.1289683623553742,0.14452920178093293,0.12160487195029684,0.1247120049545412,0.14495085444023098,0.14362960036876998,0.14467474970205474,0.1410608535461887,0.14138938227884618,0.157076918527973,0.12708058067993586,0.12262308181279828,0.14230514857276522,0.13648418422236636,0.16193731192025737,0.1328207736902831,0.16011805458240677,0.16152657027483489,0.122905995428035,0.15135036759894738,0.1406365517326398,0.1367749114914233,0.13212122338915583,0.1450613330194779,0.1461319536807203,0.1491841413234175,0.14748421556812832,0.13031069334113027,0.13156091458563968,0.1722436365813439,0.1336441933640308,0.13915045190965897,0.1552898989446245,0.14147565220614416,0.1418583329500508,0.14467113474680815,0.13966130838967253,0.1311991169352297,0.12699279520487358,0.12568811701748103,0.13704856891681283,0.12313226808789123,0.12488364704350159,0.12345361323156533,0.12505899108456586,0.1300812426279029,0.13529144735418067,0.13767083920132786,0.142061705336282,0.1464802597906361,0.12813874870722472,0.14035125456801986,0.1293980054748519,0.12163325082882949,0.14802746737920258,0.14644265216358843,0.1437174302978769,0.14153378058282223,0.14319074665192802,0.1550234778147694,0.12342589168951361,0.11947228461980056,0.1447919736130903,0.1461959786516534,0.15763668041885429,0.13196307225682433,0.1570815142197644,0.15867136472904916,0.12149582932708891,0.14675228051530606,0.1439334903920227,0.13992277523485078,0.133344766802186,0.14620282468549756,0.1465000235132153,0.15014278330974784,0.14667118212336142,0.12782416879553699,0.12482059565547626,0.17919683438844572,0.13997814401642655,0.14099104607946158,0.15435023594858616,0.1426961177471136,0.1443513759465521,0.1489469172716087,0.14182120611612722,0.12687700170129732,0.1251811322786558,0.12665499778368022,0.14020526982965872,0.13024640586494157,0.13163844351276877,0.12995228617634427
47.0,2.4743107523287287,2.4970422331249282,2.4973754790900227,2.498458432652254,2.7463827119966204,2.8764973014060393,2.5430220361283977,2.5444613399313707,2.7463387747506665,2.4345495236308645,2.6127666540482775,2.76762788572626,2.8066296822419154,2.513339258546225,2.449834474410321,2.636817366092753,2.33437528448241,2.451984713987329,2.276454636446266,2.507931937976438,2.688939711254417,2.7511810113948325,3.265071925120437,2.6349561865546107,2.6692799480548017,3.1078660468774704,2.5513328273090075,2.2718995025345117,2.1791589188694074,2.1976636624937087,2.562731086099396,2.534771506364575,2.2402345321077646,2.1728582976843627,2.399402637307961,2.446368919593807,2.5857316545685474,1.9128374916493978,2.0307268953679216,2.1903472072278283,2.63448253267068,2.448420428075222,2.4750683794404207,1.9942889572746738,1.658769287082171,2.208473818217947,2.123478081699545,1.9213244087852812,2.291302869474715,2.4730647172873925,2.440279761225322,2.5078504990061448,2.5200694639979893,2.5079715172130683,2.7160942268054633,2.8662373446396163,2.4974673541879007,2.500390481238767,2.7652646106803997,2.413518403538738,2.5824837150024464,2.8140248836160535,2.831248499567023,2.612284965297242,2.4326811660326344,2.6134358600087455,2.29085156867101,2.417075148854081,2.256516950322357,2.459328652095133,2.7126746546991387,2.776935400173398,3.331243087436698,2.60561040795057,2.6699197670526145,3.0776470840455357,2.495008839755306,2.2893398184447973,2.1547643048015077,2.131958363985608,2.558737759640385,2.516449846946019,2.2502236145908245,2.159027511866257,2.432623190295539,2.440079040227646,2.5808518941047893,1.8863652060289122,2.005669877662287,2.15174190635454,2.6464851548947106,2.514842304418101,2.5125977787885385,1.9929707219609498,1.6702081173640484,2.253315568963885,2.1616049745046877,1.9471558435451848,2.3028537231194997,2.556807957876244,0.1303925619396067,0.13386406576868357,0.1376498010061465,0.13367224206945463,0.14482767694568058,0.14417569267577782,0.129217390298928,0.14474408271916256,0.12166234477821132,0.12494250928253708,0.1453531298566982,0.14400922053905488,0.14518342815366989,0.14148652586732843,0.14184464628018742,0.1576362491254651,0.1274000302779809,0.12294077847425278,0.142729657725979,0.1368262131194816,0.1623739140844146,0.13313701633177472,0.16063636647752713,0.1623235414790982,0.12311970669461249,0.15209881784946627,0.14118321055022037,0.13710699540633536,0.13252565870140431,0.1455789890363929,0.14680567501405883,0.1499057949219658,0.14814534491006945,0.13072371523054696,0.13186270684314325,0.17323307421894846,0.13390768593726143,0.1398243590412624,0.15590586730524755,0.1420821538165423,0.14240944362018446,0.1451821399762178,0.14016436059436754,0.1316352906172062,0.1272815857270411,0.12609573670680196,0.1373210045725589,0.12359794105687279,0.1251172775000025,0.12374714440106459,0.12523431388670497,0.13040818670219698,0.135576708787245,0.13801139909629853,0.14229554521181895,0.14695733812686546,0.12839881035316114,0.14069117906509634,0.12970466652251725,0.1217792111808469,0.1484109134177948,0.14692092888999872,0.14414593332326522,0.14193911595532885,0.14371833873670287,0.15559252371380217,0.1236302633276665,0.11959080248695031,0.14517949214220838,0.14667021684111592,0.15802380444099412,0.1322784420654891,0.15731497987143417,0.15924582880939206,0.12168742342034665,0.1474235452039758,0.14455106825326064,0.1402683357582516,0.13377620247338448,0.14681652462033293,0.14722289429887303,0.1508860850677603,0.14732821599084892,0.1282555981042449,0.12496442346164412,0.18023284973796538,0.1401564577693731,0.14164716611145423,0.15499510152977145,0.14331516340289105,0.14485302545845577,0.14945336318496155,0.14222441695975113,0.1271649524331033,0.1254985498743769,0.12694186464486204,0.14052318709663014,0.13059937823748263,0.13199304862209615,0.13029883294550576
48.0,2.4755089548532623,2.496154385608279,2.496076883185293,2.498749939728787,2.742766753498772,2.8704543092049124,2.5394092364907284,2.544480258573608,2.7449211762955184,2.432028146184899,2.6115124695007847,2.766128382572346,2.8036334545415467,2.511559873216307,2.4484250767285145,2.6355108887678775,2.3328142957326023,2.4486302635825226,2.276287634825122,2.5086963341478024,2.6872219985674444,2.7515218019349033,3.263061295891369,2.6309087895210075,2.6664651828011836,3.101673195075994,2.549186846807859,2.2715824412273378,2.1790840148472355,2.197107209789799,2.5569637730867307,2.529711594861778,2.2399157374415295,2.1738001203199357,2.398689284277048,2.4426830775819477,2.5822607486220024,1.9120917931351766,2.029210391414609,2.1880908218046216,2.631934666747134,2.445181401095281,2.473283729325978,1.99467344519076,1.6593923127610137,2.2089335504452676,2.122545593412569,1.9220845159513882,2.291096182929546,2.473659902185918,2.4420426851403056,2.5063252259253703,2.5178443981935943,2.5079784609173554,2.713426953978002,2.8602063908322277,2.4944544856836885,2.501237016859607,2.763571110458666,2.411131872837643,2.5814356331103516,2.811995104142916,2.8289959458226237,2.6099299361122883,2.430921571967576,2.6119350000353303,2.290264064745568,2.4138454403591028,2.2562384654617564,2.460812826346453,2.7111402231209834,2.777290047572243,3.3296782296358147,2.6018933119563545,2.6674045054007935,3.071237526694923,2.4926306225505646,2.288921446045579,2.154254457283337,2.130847177567285,2.552909903299706,2.511239281204611,2.249767929818513,2.1591758749547987,2.4313205584575113,2.4364281163852413,2.5775998117398475,1.8852706747434103,2.003767353021977,2.1495862928033875,2.643860675234891,2.510643511101761,2.50990344867243,1.9932934376663385,1.6710843642799176,2.253526007079897,2.1611767886021855,1.9483063386448845,2.302862709363876,2.5568352950816813,0.1308189140142658,0.13428357659033582,0.1379471751807153,0.13400615301555643,0.14519862970415118,0.1447205518939961,0.12952115829393515,0.14500253370705077,0.12176388452841919,0.12520175436059322,0.14577608228759922,0.14441933229170803,0.1457039326422018,0.1419367983410484,0.14232817457966832,0.15821827576566264,0.12774939149119072,0.12328564316281432,0.14319559818815839,0.13719055150519335,0.1628515610732099,0.13349749927014523,0.16119577313214975,0.16314877146464365,0.12336194737548573,0.15286491217224585,0.14174947217756564,0.1374834330985985,0.13296077098943215,0.14610976459038894,0.1474911417177435,0.1506498260981265,0.14882436074761698,0.13116684449442323,0.13219501133476522,0.17424496287501157,0.1342108078225578,0.1405076335974504,0.15652884998900032,0.14270279280193165,0.14298506491314084,0.1457051713356795,0.14068470740195285,0.13209888608387496,0.12759583627053062,0.12652848894372115,0.13762092860274092,0.12408364152213562,0.12538168306072167,0.12407233659256638,0.1254506028871418,0.13077119826242453,0.1358924945879809,0.13840707574010608,0.14257273046552454,0.14747113986982266,0.12869856978354388,0.14106382004682572,0.13004581137272314,0.12196300627082843,0.1488367749461758,0.14743637701309642,0.1445935150718624,0.14237655016649717,0.1442845461713258,0.1561911960052332,0.12386681286870238,0.11975796320846498,0.14560312080922413,0.14714210986375967,0.15845161757693166,0.13263531166439496,0.15760342645260958,0.1598486983639927,0.1219324250447175,0.1481181534027154,0.14519425578955727,0.14064909097248982,0.13425427504830276,0.14745357626159358,0.14797573956282523,0.1516606840531703,0.1480225809493685,0.12872803716958875,0.12513611314049375,0.18129429303679234,0.14037867482249727,0.1423087505480616,0.15566289749567766,0.14393785977806287,0.1453930332051634,0.1500026342522595,0.14267785551960618,0.12748130059100096,0.12582455710912335,0.1272580219637356,0.14087261840405188,0.13098914852504293,0.1323625250762577,0.1306804364017404
49.0,2.476260355386018,2.4947952692653037,2.4944433388844574,2.498641149091536,2.738741236276501,2.8640535321425196,2.535566181167587,2.5442513890031186,2.7433604854774005,2.429217265118995,2.6100401017222237,2.7644232012182735,2.8004545614006933,2.509568995245173,2.4466233086292988,2.63407435284545,2.3308378531588128,2.4451646790162127,2.2756172170040916,2.5093095872505655,2.6852131177690035,2.751597336921816,3.260836730339533,2.6266622632474017,2.6635778263269,3.0953723595459857,2.546675018383802,2.270794645095794,2.178636737729879,2.1961303606981932,2.5510825862994353,2.5245066798919904,2.239118282139623,2.17431837602219,2.3976734387148406,2.4384893113929316,2.578529556936875,1.910911979833273,2.0274441492602606,2.1857377560607514,2.629262291099907,2.441937982113271,2.4711677984066154,1.9947543281195717,1.6600026915072021,2.2090750550551608,2.121331252343424,1.9226611811081888,2.2906145882985784,2.4740065781585012,2.4434120621199855,2.50432527470698,2.5152702812050096,2.507668142591907,2.7103346723579387,2.853870252593016,2.4911765716894547,2.501832338573547,2.761708022017786,2.408465374496034,2.5802237460442816,2.8097474860525997,2.826486653856829,2.607318020360358,2.4288145791920432,2.6102109051404474,2.289256176866125,2.410512667637964,2.2554763413503496,2.4621874557052026,2.7093047743567196,2.7773878448434925,3.3278743151098436,2.5980440845627477,2.6648066912788524,3.0647393779549095,2.4899260825162246,2.288014491621085,2.1533654370149247,2.12933740894755,2.5469351102203808,2.5058708450875455,2.2487962869675746,2.1589140955728325,2.429705744582747,2.4323015710690252,2.5741093229866476,1.8837324806590583,2.0015906603332323,2.147315940572936,2.6411077149034687,2.506398491396456,2.506880576752751,1.9933892158392683,1.6720370876618003,2.253447258740355,2.160485446687999,1.9493493163843025,2.3026093384366915,2.556571788758562,0.1312825235659971,0.1347340913672779,0.13827224391179738,0.1343721570444709,0.14561365467926915,0.14531221677156256,0.12988165717891598,0.14530600798667145,0.12191158665059251,0.12548940603404476,0.1462181040166,0.14485944266919357,0.14623364592870153,0.14241062705017438,0.14283953928024706,0.15882201410423233,0.12812780434733562,0.12365771676745578,0.14370347988480434,0.13757642363928588,0.1633717470448183,0.13390338607109878,0.16179649833515142,0.16400063863308412,0.12363322400115263,0.15364565013968637,0.14233359135506077,0.13790556826535608,0.13342699010172393,0.14665206417827503,0.1481858490405482,0.15141403948774323,0.1495188969774719,0.1316402629850317,0.1325576472545591,0.17527695897948384,0.134554953172629,0.14119810032350982,0.15715652356280768,0.14333546953670828,0.14358416146975173,0.14623825855887104,0.14122050829342345,0.13258909571593686,0.127935223703745,0.12698601953569488,0.13794861895338062,0.12458790626145477,0.12567721060063758,0.1244294650416498,0.12570855810802692,0.13117065201120037,0.13623849430099796,0.1388595973163341,0.14289339421675584,0.14802075425574326,0.12903855666671657,0.1414696343422707,0.13042177181257295,0.12218580744301605,0.1493058329474081,0.1479882171850883,0.14505860145487884,0.14284597807295926,0.144889335276727,0.15681844971675216,0.12413542499619343,0.11997608910663965,0.14606315043914822,0.14760849331577086,0.15892147339665344,0.13303436960238732,0.15794861372987665,0.1604790071391915,0.12223359850012201,0.14883395064165159,0.14586152841443464,0.14106557084971433,0.13478054405275977,0.14811305338490224,0.14875622038740327,0.15246459588690056,0.14875330999018718,0.12924190998056687,0.12533605047314636,0.182379321075761,0.14064705177846665,0.14297285399852303,0.15635303945039217,0.14456122132283517,0.1459715945167179,0.15059599468748802,0.14318329211434663,0.12782559210782765,0.12615701478339678,0.1276034310600348,0.141253478917421,0.1314149875611008,0.13274545908887736,0.13109701303415028
50.0,2.4764929260769897,2.4928983476468387,2.4924212023024985,2.4980658344760522,2.734247766414418,2.857256656510466,2.5314591079600683,2.543717224717645,2.741617881758376,2.4260703221016344,2.608300271531478,2.762472481351964,2.797062905105289,2.5073219306435885,2.4443726141552573,2.632465930871871,2.3283898059171464,2.441562626344287,2.2743719897982024,2.5097285261478075,2.682875295896401,2.751365144557847,3.2583827901811278,2.6221748913263987,2.660589307590019,3.0889449281359243,2.5437471687013287,2.2694659426401254,2.177760228696554,2.194674314359931,2.5450787571724223,2.519142335575897,2.2377792940780683,2.174349256701462,2.3963062094536376,2.4337354976303,2.5744947116845642,1.9092525141322354,2.025400042050208,2.183265605835808,2.6264327572867763,2.438666242760826,2.4686719165359796,1.9944806276127076,1.660572800194255,2.208849817682204,2.1197859409217545,1.9230296762530366,2.289811241994253,2.4740614589069447,2.4443188275373875,2.5017884396231005,2.5123000864409084,2.5069804554213886,2.7067563033424253,2.8471937722721026,2.4875948848131673,2.502116406052858,2.7596376056571343,2.405471476133895,2.5788001132857343,2.8072447178682394,2.8236792707646794,2.6044026478629374,2.4263093754345504,2.6082216077467106,2.287767399573385,2.4070511194187914,2.2541613832693397,2.46340634490976,2.707128708874101,2.777187621946946,3.3258156329645288,2.594028727906893,2.662095731434623,3.0581384399016613,2.486847496261999,2.2865490009497074,2.1520406454407968,2.127373017056139,2.540802894298284,2.5003308986317867,2.247243770470356,2.1581803904761596,2.4277327470162167,2.4276509010653555,2.5703396637191656,1.8817042418967111,1.9991109123713853,2.1449077403068584,2.638192414522839,2.502082095400086,2.5034843162830964,1.9932132119953216,1.673044465901588,2.253032951925283,2.1594806497641796,1.9502597710551461,2.302044569867822,2.55597488215875,0.13178314465056276,0.13521532814946877,0.1386248884466196,0.13477061228104328,0.1460729174867578,0.14595076941197496,0.13030095427515886,0.14565603437994254,0.12210766907131315,0.12580516802482933,0.14667763147561208,0.14532910202543248,0.14676989402398558,0.14290695417431884,0.14337834557546822,0.15944650044686126,0.1285344206930043,0.12405706866953518,0.14425385543597374,0.13798309108322807,0.16393607728422802,0.13435590534014918,0.16243878754882987,0.1648775459104909,0.12393409439511827,0.15443797903269876,0.1429338058265451,0.13837479714012044,0.13392479094523232,0.14720425709282742,0.14888728323280434,0.1521962248174636,0.1502265707418021,0.13214420720109446,0.13295048798304238,0.1763267088003207,0.1349415652127405,0.14189355403542772,0.15778652122935335,0.14397806883015796,0.14420570369465938,0.14677940081757487,0.14176991193393718,0.13310517582764803,0.12829951494864247,0.12746804536680478,0.13830445958410564,0.12510932874251807,0.12600430917472977,0.12481888162048731,0.12600891400082498,0.13160698244455352,0.13661444416398905,0.1393707722666081,0.1432576965129831,0.14860529061555197,0.12941933144963066,0.14190906981312523,0.1308328970426673,0.12244885678653983,0.14981895892433691,0.1485757127534768,0.14553962546924762,0.14334734541236802,0.145532741174517,0.1574732775088787,0.12443598873428308,0.12024760185639344,0.14655993951216909,0.14806609395105347,0.15943482091175915,0.1334763631132738,0.15835236073969294,0.1611358175167032,0.12259380210321481,0.14956877940944374,0.1465513933836235,0.1415183688260275,0.13535664219913127,0.1487940384442347,0.14956202036552604,0.15329585322475503,0.149519451084032,0.12979768124313662,0.12556468223612752,0.1834861047221399,0.14096393736562793,0.14363651351076961,0.15706498548260514,0.14518224640338323,0.14658898016972327,0.15123479899374415,0.14374258167561335,0.12819740110814346,0.1264937821858409,0.12797808302616195,0.1416657451006986,0.1318761982982201,0.13314046516239492,0.13154852808754594
51.0,2.4761526638601246,2.4904131757558368,2.489969112072868,2.4969719358761058,2.729242567797134,2.850035153891122,2.527061249160754,2.5428336724356773,2.7396624388731143,2.4225519793231953,2.606252828511397,2.7602445722567013,2.793434270806991,2.5047831824750117,2.4416294972053554,2.6306505798687634,2.325428014226512,2.437803048569027,2.2724977837814624,2.5099184270560677,2.680178801018365,2.750792928402783,3.2556866926548857,2.6174151908630567,2.6574761254434773,3.0823767919813845,2.5403647444354185,2.2675431992147947,2.176410066086145,2.1926939932715874,2.5389443851914453,2.513606150732301,2.2358514025322034,2.1738433200599427,2.394549905398255,2.428384456198814,2.570123238643538,1.907079759459661,2.0230550137593384,2.1806547562593406,2.6234188235350295,2.4353433016362667,2.465758676247233,1.99381301834823,1.6610793533804267,2.2082199784984486,2.1178711779208763,1.9231708583927114,2.2886491884613336,2.4737897559931876,2.4447109038992862,2.498667558039801,2.5088978927173073,2.50586720379412,2.7026460754509998,2.840150496633837,2.4836789996929345,2.5020435930346174,2.7573303353927088,2.402114209006832,2.5771248855378834,2.8044575201158026,2.8205419792539352,2.601148048231307,2.4233665948979413,2.6059323406791597,2.2857523684586485,2.403439540560276,2.2522406272299307,2.464433631204308,2.704581280028059,2.7766573909403274,3.323488871358959,2.589821659491414,2.6592465133260133,3.0514229050452837,2.4833579696849117,2.2844724237597043,2.15023636961123,2.124911498872595,2.534504496173605,2.494608229044387,2.2450616906737326,2.1569268163320734,2.4253663907677145,2.4224417588951974,2.5662598070730755,1.8791521527636814,1.996305048893379,2.1423416975101137,2.6350870390791834,2.497671134461754,2.4996800722263757,1.9927301186747213,1.6740871324782864,2.252246805008443,2.1581226710828205,1.9510173565086788,2.3011295968959753,2.555011433296507,0.13232102646651722,0.13572697708644033,0.13900505305017463,0.13520198137483616,0.1465768833316384,0.14663605217925632,0.13078055351129433,0.14605409304307074,0.12235406390984577,0.12614914922430373,0.14715387145604344,0.14582784140594368,0.14731054119616238,0.14342460057244397,0.14394439011363383,0.16009142167657603,0.1289693440366577,0.12448383703308724,0.144846860141412,0.13841025762182396,0.1645455996382094,0.1348555627917186,0.16312268310545275,0.1657781787036804,0.12426510479489557,0.15523943053475314,0.1435488358759982,0.1388919862834225,0.1344545697238407,0.14776519459638443,0.14959357251113556,0.15299500429725457,0.15094561628090386,0.13267873556240414,0.1333733452767635,0.17739214872765174,0.13537184838295382,0.14259217776600905,0.15841716363000738,0.14462887292056908,0.14484872233301002,0.14732718963221464,0.14233138223606764,0.1336460971368122,0.1286882147429282,0.1279741204806968,0.1386885843272368,0.1256463587562136,0.1263628401066224,0.12524071979393073,0.12635259215770603,0.13208026032266734,0.1370199694845122,0.1399417447219661,0.14366594093666735,0.14922408523275482,0.12984146817830325,0.14238256421145917,0.1312797612780765,0.12275332650759938,0.15037643670948064,0.14919793107808174,0.14603524688866518,0.14388013486972143,0.14621450900036997,0.15815530282826173,0.12476893206312313,0.1205741190002603,0.14709366679809965,0.14851326079488794,0.15999244308812297,0.1339612913658314,0.15881614764464788,0.16181857388720464,0.12301485255541883,0.15032077584357384,0.1472625557737736,0.14200795703435173,0.1359834295734618,0.14949563061348245,0.1503912858541268,0.15415293459498786,0.150319874604427,0.130395164870287,0.12582227927612646,0.1846129028129751,0.14133110519077946,0.1442972952771684,0.15779817787237416,0.1457988607610342,0.14724525285480014,0.1519199005028087,0.1443566808733283,0.12859583226868584,0.12683280381022954,0.12838159049839307,0.14210862363436444,0.13237134215820862,0.13354596972386307,0.13203449227754344
52.0,2.4752576648049964,2.4873536744035105,2.487094836902844,2.49536405831817,2.723740335509255,2.842399637030168,2.5223738150281103,2.541610291758621,2.737494807646691,2.4186717810616853,2.6038941373005273,2.757740661597153,2.78956797512057,2.5019540420139488,2.4384027011041174,2.628620394758373,2.321966382557211,2.4338819964782283,2.2700093245638455,2.5098783556057374,2.6771260653292304,2.7498890934463334,3.2527462770894817,2.612392613012501,2.6542350583196335,3.0756718553664206,2.5365356723032035,2.2650414275909463,2.1745915768764283,2.1901992133518062,2.5326750420453967,2.5078937729724906,2.2333492423747816,2.1728085869675513,2.392411635743573,2.4224587802081574,2.565423738020138,1.9044076833993502,2.0204062916806995,2.1778967496203774,2.6202148747502516,2.4319504652042463,2.4624357207914604,1.9927587875101047,1.661516416362878,2.2071902958256535,2.1155910274887924,1.923087924571743,2.2871310242737337,2.4731906724198973,2.444604162247498,2.4949756396986693,2.5050722004797215,2.5043278369132196,2.6980194456928834,2.8327487900994446,2.4794316990875287,2.5016259295148795,2.754789540106712,2.3984034589131307,2.575190578390402,2.8013887413325858,2.8170811044834227,2.5975616502360754,2.419992657682529,2.6033371383724893,2.283226283315637,2.399674500443496,2.2497260321633656,2.4652747818560936,2.701667152722394,2.775801892272943,3.3208903146656312,2.5854309582809876,2.6562558472511597,3.0445905276316862,2.479463925831109,2.2818018255786425,2.1479604389994837,2.1219645035756387,2.5280380634638764,2.488701332212637,2.242266261582658,2.1551607894537277,2.422614807506501,2.4166964200179324,2.5618776752306385,1.876092712313039,1.9931733175823754,2.1396102771330354,2.631788351013759,2.493150264935448,2.4954742563826287,1.9919427765164932,1.6751555412193733,2.2510928979381393,2.1564140728962107,1.9516203648344042,2.2998665475953737,2.5536859592357413,0.1328982683865496,0.1362684740125468,0.1394128037373608,0.13566694300482834,0.1471270609375757,0.14736680007327163,0.13131945700867662,0.14650122805349852,0.12265115380159453,0.12652297351020025,0.14764896281443296,0.1463549636279853,0.14785580297274967,0.14396194721683725,0.1445381325893734,0.16075899824741166,0.12943647461425656,0.12493834175708586,0.14548081749934835,0.13885927777832244,0.1651987352264276,0.13539973761644503,0.16384734124940392,0.16670226421877987,0.12462658467508131,0.15605005805039826,0.14417940830518317,0.13945570492648549,0.13501626367355088,0.14833579297111904,0.15030544156813716,0.15381239269566346,0.1516768003305021,0.1332430083942906,0.1338255855218931,0.17847241018094823,0.1358458911243182,0.14329381216910939,0.15904967851264848,0.1452878181465925,0.14551247211296814,0.1478827105759103,0.14290468867371328,0.13420944667855644,0.12909944443186686,0.12850288145439964,0.13909973610374407,0.12619664454310575,0.12674993053728087,0.12569396343212516,0.12674117669035587,0.1325888858991358,0.1374540780222577,0.14057072110326072,0.14411893667441436,0.14987732431438353,0.1303055078026695,0.14289056813756326,0.1317638123714284,0.12309988100912392,0.15097586922088552,0.1498529985929935,0.14654500736241363,0.14444178469160854,0.14693297444761938,0.158866535419151,0.12513685746260575,0.12095369983911217,0.14766354696268222,0.14895526771852569,0.1605921184672638,0.13448594551094686,0.1593399105907759,0.1625281487142616,0.12349407408680482,0.15108925242871013,0.14799439240001452,0.1425341027625412,0.1366584213282179,0.15021695795865994,0.15124393209287573,0.1550360445411652,0.15115268312721775,0.1310314250205724,0.12610818979415359,0.18575826568409193,0.14174772240879457,0.14495492399290114,0.15855184207165776,0.1464127548426481,0.14793937196562143,0.1526498253857045,0.14502265097132389,0.12901801590353734,0.1271723643609893,0.12881194901036283,0.1425780063714507,0.1328958912749118,0.13395953558980964,0.13255242404430598
53.0,2.473844049765133,2.483749855853193,2.4838184280181457,2.4932609730869113,2.7177703824354036,2.834370503964082,2.517405010312135,2.5400700555086444,2.7351235331768184,2.4144504921170333,2.601229691301417,2.7549701466333647,2.7854692175264866,2.498844997587647,2.434714029032496,2.626374254938147,2.318032826442317,2.4297997978060857,2.266938561514355,2.5096158247806812,2.673727562054731,2.7486722200357567,3.249562038336082,2.6071268424423315,2.6508679545457627,3.068838525862252,2.53227949903227,2.261992677393945,2.1723225252048404,2.1872135138747146,2.5262671674739643,2.502002864605903,2.230302949877929,2.1712674440860944,2.3899097097569375,2.415996006069206,2.560415203627757,1.901262154574184,2.0174561739368992,2.174985917497896,2.6168207025075207,2.4284700868959828,2.4587219560992533,1.9913368754087426,1.6618823921234902,2.205776182522999,2.1129601901171906,1.922789656844078,2.285269234037659,2.4722719090499146,2.4440314607576332,2.4907407374352166,2.500842615581066,2.5023737151855143,2.6929071781997163,2.825005721504347,2.474864067785883,2.500889859554478,2.752026762397903,2.3943605752867008,2.5729977986546624,2.798049262058733,2.8133125072247176,2.593661682437649,2.4162054303629765,2.6004372356638625,2.2802194849886774,2.395757024580127,2.2466457877309374,2.4659455966382295,2.698399844748118,2.7746350484920357,3.3180186463103882,2.580873118605788,2.65312602421829,3.037641452340695,2.475182617033993,2.278571675883963,2.145233568684599,2.118557218393796,2.521403470530977,2.482611131193903,2.238889923116676,2.1529035660657114,2.419496955566672,2.410451315627559,2.5572109276358335,1.8725549957843206,1.9897217931031006,2.1367090589872735,2.628299237131609,2.4885061044263797,2.4908835322611953,1.9908635631843075,1.6762426010394322,2.2495854010563954,2.1543679897066603,1.9520717476814025,2.298267783749081,2.552012391802761,0.13351750359935272,0.1368391937356626,0.139848268039057,0.136166275904596,0.14772529736551124,0.1481414952467627,0.13191605015202623,0.1469984278093324,0.12299899606095248,0.12692871914007803,0.14816583883908946,0.146909737103898,0.14840650299065702,0.144517274990717,0.14516021870573426,0.16145211786788305,0.1299407693512823,0.12542097591717136,0.14615359101442302,0.13933195304105692,0.16589322421538474,0.13598500321194587,0.16461169593838318,0.16764980559351697,0.12501883970634498,0.15687056234845903,0.14482676650178322,0.14006392466161408,0.1356097080200354,0.14891748692848752,0.15102428468850543,0.15465129038427236,0.15242153250590815,0.13383595565477063,0.1343064839973224,0.1795669212051071,0.13636349030252298,0.14399870513990976,0.15968602033123358,0.14595524406861834,0.14619627515517125,0.1484477130005055,0.14348994821839356,0.13479242781470738,0.1295309334918461,0.12905271161606013,0.13953627750193429,0.1267575596666787,0.12716197665389192,0.12617729454374926,0.12717647127889709,0.1331308404723943,0.13791563735963583,0.14125516871537214,0.14461766436714235,0.15056543608140757,0.13081200941628662,0.1434335588402175,0.132286758347638,0.12348907722321305,0.15161416431021096,0.1505388172763696,0.14706867220738837,0.1450292019693926,0.14768610664106394,0.1596096240691501,0.12554298626339377,0.12138346488593191,0.14826855517229862,0.1493992280772879,0.1612308685011483,0.13504630474781062,0.15992322261517236,0.16326581594986772,0.1240275951981139,0.1518738143873209,0.14874642840547936,0.14309640891059652,0.1373782634830903,0.1509571268036127,0.1521203412491426,0.15594585038605252,0.15201578305142785,0.1317028188653285,0.126421546786917,0.18692079236801873,0.14221229594138418,0.14560964209499216,0.15932510828800536,0.14702654923004554,0.14867001157867527,0.15342249058728036,0.1457365245678879,0.12946054866964493,0.1275107991282395,0.1292667481559552,0.14306890685254792,0.13344453292820707,0.1343785032849693,0.13309933614563726
54.0,2.4719479395940276,2.479631732368183,2.4801599366444895,2.490681451467029,2.7113620214601877,2.8259681527293385,2.5121630397627865,2.538235936507894,2.7325571605611816,2.4099088772891335,2.5982649839165624,2.751942424625319,2.7811431975052394,2.4954665375233445,2.4305852841714297,2.6239110398055163,2.3136552614149415,2.425556780286812,2.2633174440019848,2.5091383475647437,2.6699937644206257,2.7471608885182937,3.24613447124588,2.6016375638201206,2.6473766624491115,3.061885211040068,2.527615771350271,2.258428998249127,2.1696206752088316,2.183760434114461,2.51971720121686,2.4959310879419414,2.2267426613137484,2.1692422780773652,2.387062436705756,2.4090336701928545,2.5551166292797496,1.8976690416070272,2.0142069586505142,2.1719165914708447,2.6132360983819627,2.424884520142735,2.4546362881011574,1.989566222354579,1.662175683644141,2.2039930514497073,2.1099933662977346,1.922284837263677,2.283076302359365,2.4710411667460828,2.443025657605278,2.4859909040849164,2.49622874387425,2.5000161990177974,2.68734003710314,2.8169383596839808,2.46998719057692,2.4998618272142585,2.7490535448650446,2.390006907561474,2.5705471531420545,2.794449962834371,2.8092520482494265,2.5894663733964696,2.412022779513939,2.5972338673904027,2.2767623143221045,2.3916881384818325,2.2430280835939174,2.466461875323736,2.6947928738961817,2.7731707821448333,3.3148725497190292,2.5761646347959637,2.6498593352356146,3.030575823852146,2.4705312956269823,2.274816444153052,2.1420764737455804,2.1147148305555823,2.5146005917367527,2.476338549045511,2.234965115195257,2.150176402392629,2.416031793282322,2.4037428769180647,2.5522772237326192,1.8685680784170442,1.9859565501202772,2.133633622884453,2.624622584237733,2.483725270539761,2.4859245633714377,1.9895048563418662,1.6773412208530591,2.247738484705203,2.151997556016516,1.9523744566987264,2.296345667140191,2.5500046628239033,0.13418145612000154,0.13743851470328783,0.14031161276832899,0.13670081746575233,0.14837353813020693,0.14895865125626045,0.13256873709608089,0.14754675333797862,0.12339773085395273,0.12736856407033967,0.14870750252678375,0.14749145803214567,0.14896348609398108,0.14508887558398115,0.1458113224854867,0.16217371056931065,0.13048732287647585,0.1259321705982278,0.1468630376702052,0.13983013396225388,0.16662677379883015,0.13660790139864232,0.16541467555287204,0.16862082645614357,0.12544221862538402,0.15770166064079705,0.14549217745373663,0.14071459546252021,0.136234757741705,0.14951171750097356,0.15175151873986387,0.15551464678720728,0.15318123631775818,0.13445650174460388,0.13481533795446554,0.18067510727771036,0.13692443626427642,0.14470709579529387,0.16032814261388142,0.14663148125545236,0.14689946886916355,0.1490239982935805,0.14408730511859297,0.13539218721358157,0.12998034261229613,0.1296219569468681,0.13999652401707402,0.12732637137086003,0.1275953078141618,0.12668937246518028,0.12766035638419895,0.1337040985040453,0.13840352681006227,0.1419925508187883,0.14516316846239533,0.1512888875652005,0.13136157087289255,0.14401205581920634,0.13285037415157272,0.12392150652361474,0.15228819293895746,0.15125329575298793,0.147606004122693,0.14563926243301897,0.1484718526727818,0.16038726424148034,0.12599063914927058,0.12186048430707115,0.14890766355676094,0.14985241352092415,0.16190570273700317,0.13563832973363912,0.1605656839186478,0.1640329051905898,0.12461146566426412,0.15267405960415592,0.14951816044521565,0.14369449462675804,0.13813956159128268,0.15171520650322187,0.15302092071154186,0.1568830554459855,0.15290707141530024,0.13240567215185245,0.12676149687832788,0.18809904892158574,0.14272333117770022,0.14626165784535636,0.1601170547443592,0.1476428498289084,0.14943583014186249,0.1542357769098805,0.14649426652365174,0.1299199731545883,0.12784638837861978,0.12974356913552565,0.1435762694897927,0.13401192672564735,0.1348001921080858,0.13367222399029946
55.0,2.469605455145195,2.4750293162117947,2.47613941400761,2.4876442647431984,2.704544565468207,2.8172129813624323,2.506656108130026,2.5361309075785017,2.729804234897485,2.4050677013779302,2.59500550854851,2.7486668928330618,2.776595114537333,2.491829150148302,2.426038269701845,2.621229628757924,2.3088616030081783,2.421153271654584,2.2591779213957124,2.5084534369417875,2.6659351456526585,2.7453736792411783,3.2424640706700343,2.5959444618135037,2.643763030356919,3.054820318471063,2.5225640359848223,2.2543824397818226,2.166503791025854,2.1798635133451962,2.513021583013764,2.489676105290033,2.222698512954347,2.1667554756031797,2.3838881258573736,2.401609308989997,2.549547008789463,1.8936542131207406,2.01066094394414,2.1686831031181977,2.6094608539486788,2.4211761183757528,2.4501976227277553,1.9874657686580306,1.6623946939067267,2.20185631546496,2.106705256522121,1.9215822478845008,2.280564713845053,2.469506146371235,2.441619610966031,2.4807541924832823,2.491250191212158,2.497266648816906,2.681348786534814,2.808563773473804,2.4648121522495865,2.498568276555015,2.745881430106893,2.3853638051713864,2.5678392486639217,2.790601724199638,2.804915588329103,2.584993951672927,2.407462571710071,2.593728268389283,2.272885112160243,2.387468867660283,2.2389011094135784,2.466839417685695,2.690859757957621,2.7714230157785917,3.3114507083174254,2.5713220011816955,2.646458071311354,3.0233937868458804,2.465527213943493,2.2705705998633507,2.1385098692614584,2.1104625272895117,2.507629301443075,2.469884508824823,2.2305242777379393,2.1470005546590873,2.4122382789875974,2.3966075350834783,2.5470942229649665,1.864161035450737,1.9818836632986285,2.130379548636237,2.6207612791371777,2.4787943808807995,2.4806140132227,1.987879033652848,1.6784443095748347,2.2455663192265636,2.1493159063280602,1.9525314435354475,2.294112559551777,2.5476767041254647,0.1348929399386945,0.1380658143313219,0.14080304076680408,0.1372714592221281,0.14907382578751222,0.14981680981034298,0.13327594121062286,0.14814733811790048,0.12384757509695155,0.12784478996906581,0.14927701510744118,0.14809944492694532,0.14952762134471884,0.14567505122169205,0.14649214642411323,0.16292674685677103,0.13108137270716963,0.12647239597947224,0.14760700502019752,0.14035572462895535,0.16739704037868072,0.1372649312516931,0.16625519526165997,0.16961536936924504,0.12589711401386258,0.15854408824247418,0.14617694049322108,0.14140564714302922,0.13689128698284983,0.15011994112730043,0.1524885810175503,0.15640546533898708,0.15395735341805897,0.13510356060742046,0.1353514562658414,0.18179639252692778,0.13752851761969728,0.14541921815562175,0.1609780020965079,0.14731685747854345,0.14762140650944108,0.1496134271749098,0.1446969341091499,0.1360057941063597,0.13044523731266153,0.13020890744473768,0.14047872178126541,0.12790021529900097,0.12804616221770806,0.12722881858604856,0.12819479818970878,0.13430661407261252,0.13891662507028021,0.14278031856642198,0.14575656436857046,0.15204818522588107,0.1319548328684264,0.14462663790458624,0.13345651810931503,0.12439779823405103,0.15299476948037954,0.15199433614247623,0.1481567553062244,0.14626879561646314,0.14928812309854858,0.16120218724539917,0.12648324447578685,0.12238177648741673,0.1495798268580213,0.15032229657370152,0.16261360162017996,0.13625794711926625,0.1612669143737608,0.1648307992587355,0.12524165607786808,0.1534895722838137,0.15030904718897972,0.14432798978177705,0.13893887122490098,0.1524902259350018,0.15394609429102296,0.1578483939849283,0.153824428920858,0.13313626535279016,0.12712718715723167,0.18929156183290902,0.1432793315866156,0.14691113810808454,0.16092669988708924,0.14826424834383672,0.1502354561616499,0.15508751440154006,0.14729176214663128,0.1303927680440034,0.12817734272857123,0.13023997390591105,0.14409494992912691,0.1345926851909445,0.13522188033104504,0.1342680504431527
56.0,2.466852717272134,2.469972619647335,2.4717769113332384,2.4841681842000707,2.6973473273440933,2.8081253878998367,2.5008924201638525,2.5337779415426467,2.7268733012834123,2.3999477291833244,2.591456758599762,2.7451529485166355,2.7718301681032522,2.487943323789755,2.421094788804695,2.6183289011927973,2.3036797667551485,2.4165895996436166,2.2545519430645196,2.5075686058956532,2.661562178976587,2.74332917255168,3.2385513314597243,2.590067221090072,2.640028906596451,3.0476522557264194,2.5171438396635577,2.249885051617386,2.1629896367933723,2.1755462908410617,2.506176752604373,2.4832355789595852,2.2182006410718427,2.163829423325352,2.3804050864792017,2.393760458871533,2.5437253359702834,1.889243537738194,2.0068204279403834,2.1652797840188933,2.605494760782782,2.4173272350262565,2.445424865909619,1.9850544546295186,1.662537825893128,2.199381387427952,2.1031105612820347,1.9206906707604978,2.2777469531009573,2.467674548788213,2.4398461790154893,2.4750586554657947,2.4859265634477183,2.494136424989625,2.674964190626389,2.7998990317092165,2.459350037592775,2.497035651637598,2.7425219607222298,2.380452617550339,2.5648746920316414,2.7865154266946615,2.800318988235323,2.5802626458274838,2.40254267352604,2.589921673497637,2.26861821934743,2.3831002376271524,2.2342930548511877,2.4670940234971726,2.6866140147234154,2.7694056719405107,3.307751805531394,2.5663617120931606,2.6429245234537153,3.0160954860017304,2.4601876243169505,2.265868612492284,2.1345544703112473,2.1058254958241047,2.5004894740118297,2.4632499335892053,2.225599850664211,2.1433972790896787,2.4081353710165794,2.3890817213177855,2.541679584776827,1.8593629421249285,1.9775092073028888,2.126942416054262,2.6167182086349667,2.4737000530547264,2.474968545324302,1.9859984727809494,1.6795447761193656,2.243083074962477,2.1463361751436425,1.9525456598406405,2.2915808227669183,2.5450424475337527,0.1356548568887887,0.13872046426420048,0.14132278758794461,0.1378791421928819,0.14982829760718103,0.1507145369815673,0.13403610512363762,0.1488013872314039,0.12434881637153257,0.12835978453813868,0.14987748470425113,0.14873303304420926,0.1500998048582688,0.14627411392987963,0.14720342094355174,0.16371423525556805,0.13172830109979192,0.12704216185859057,0.14838332802098841,0.14091068725093278,0.1682016128693866,0.13795253807524485,0.16713214988837433,0.17063349411380385,0.12638396293391863,0.15939859993305747,0.14688239520629326,0.1421349907960126,0.1375791878676599,0.15074363805214966,0.15323692671133857,0.15732680667599896,0.15475134720885478,0.13577603079402648,0.13591414957813008,0.18293020087521125,0.13817552621124812,0.14613530466700617,0.16163756193958542,0.1480117032377155,0.1483614571992526,0.15021792566577097,0.1453190431864619,0.13663022070657127,0.13092306299981596,0.13081177987586565,0.1409810266858061,0.1284760726029316,0.12851066365369285,0.12779420221767582,0.12878185582142387,0.1349363081200112,0.13945379892408075,0.1436159033859358,0.1463990441604821,0.15284387465997717,0.13259248212252497,0.1452779587179242,0.13410714599346787,0.12491862204507592,0.15373063261146355,0.15275982135176552,0.14872066030589987,0.14691457074580447,0.15013277788513682,0.162057149909136,0.1270243442798413,0.12294430618818886,0.15028396884948314,0.15081658673765247,0.16335150038731344,0.13690103427998337,0.1620265459660138,0.1656609313749998,0.12591405728125782,0.15431991712392512,0.1511185003622951,0.14499652998882068,0.13977268869364554,0.15328116995815025,0.15489629350561518,0.15884262562977844,0.15476571319313948,0.1338908204293259,0.1275177534348434,0.19049681140245112,0.14387879837436293,0.14755820166618316,0.16175299480338454,0.1488933226404099,0.15106747461516698,0.1559754683919033,0.14812480591600463,0.13087533786691216,0.12850178919450564,0.13075349479510656,0.14461969485875148,0.13518135426784544,0.13564078571653998,0.1348837314798174
57.0,2.463725846828365,2.4644916549381333,2.467092479847082,2.480271981122356,2.6897996199724448,2.7987257703780233,2.4948801806142105,2.5312000112224653,2.7237729048166597,2.3945697255052343,2.5876242274728454,2.7414099889360375,2.7668535576834787,2.4838195467749737,2.4157766446609013,2.6152077365075788,2.2981376681889354,2.411866091988065,2.249471458377402,2.506491367410204,2.6568853376181556,2.7410459487970176,3.2343967484661333,2.5840255263174154,2.6361761394949417,3.0403894303773584,2.5113747291140887,2.2449688833811634,2.159095976648822,2.1708323058761847,2.4991791497283944,2.4766071712600377,2.21327918193835,2.1604865079056967,2.3766316278385693,2.385524656248345,2.5376706046355615,1.884462884082259,2.002687708761828,2.1617009657519026,2.6013376104593893,2.4133202235255027,2.440336923577335,1.9823512205794698,1.6626034825852147,2.1965836801978837,2.099223981069129,1.9196188879456348,2.27463550473331,2.4655540748598552,2.437738219929254,2.468932345867975,2.4802774664338263,2.490636887942775,2.6682170135094827,2.790961203225669,2.4536119313954488,2.4952903965228335,2.7389866793098068,2.3752946941322786,2.5616540900565603,2.7822019508595734,2.7954781087396876,2.575290684420515,2.397280951536514,2.585815317552599,2.2639919767279864,2.3785832738941046,2.2292321095680436,2.4672414925312256,2.6820691619845762,2.767132673177835,3.3037745247867663,2.5613002618605405,2.6392609826709243,3.008681065999548,2.454529779080753,2.2607449515172333,2.1302309919739777,2.1008289233878754,2.4931809838048538,2.456435746395993,2.2202242738935682,2.1393878319090103,2.4037420277033656,2.3812018668149744,2.536050968612167,1.8542028736791312,1.9728392567977793,2.123317804950201,2.6124962595361323,2.4684289046667223,2.4690048231856228,1.9838755513898565,1.6806355294012254,2.2403029222549424,2.143071496965579,1.9524200572633745,2.2887628185686957,2.5421158248751055,0.13647019317158174,0.1394018255951942,0.1418711181399264,0.13852485210621737,0.150639182313441,0.15165041886384698,0.1348476903893824,0.1495101758986994,0.12490180683024549,0.12891604199954051,0.15051205516136879,0.14939156866753941,0.15068096240499848,0.14688438431824596,0.1479459031022208,0.16453921928127416,0.1324336334202925,0.1276420175957973,0.14918982559998126,0.1414970468904135,0.16903799714859977,0.1386671024961378,0.16804440720949496,0.17167527577665456,0.12690324744627032,0.16026597093071884,0.1476099285004388,0.14290052026242864,0.13829836870260268,0.15138432004305677,0.15399802596082426,0.1582817899889815,0.15556470582131682,0.13647279046124053,0.13650272100553817,0.1840759570931137,0.13886526232486807,0.14685558956395386,0.16230879403554302,0.14871635664638394,0.14911900543799608,0.1508394896772285,0.14595387592526082,0.13726232373936165,0.13141112146381656,0.13142870189585606,0.14150148493830253,0.1290507493534819,0.12898479927330525,0.12838402759740558,0.12942368685737551,0.13559105649190978,0.14001389301326259,0.14449670987403257,0.14709188080998142,0.15367653935286316,0.13327525367322446,0.14596676049910784,0.13480432267920872,0.12548468941347624,0.15449242675375924,0.15354760270238987,0.14929742952296474,0.1475732832819882,0.1510036127429283,0.1629549248132137,0.12761759794947763,0.12354498232866505,0.15101896953109628,0.15134325982705651,0.16411627407715768,0.13756340410003656,0.1628442151459366,0.16652478190320005,0.12662447968561757,0.15516463395288302,0.1519458763186861,0.14569975225181947,0.14063744196564693,0.15408697582505865,0.15587194888512165,0.15986652915614274,0.15572875225223107,0.1346654881627934,0.12793230999149974,0.19171322508236185,0.14452023028282013,0.14820291309242556,0.16259481578054796,0.14953263702662595,0.15193041410775518,0.1568973261761841,0.14898909071581615,0.1313640021622763,0.1288177577411938,0.1312816245603439,0.14514512108130215,0.13577239370663083,0.13605404622607034,0.1355161226230347
58.0,2.460260964667378,2.458616434347475,2.4621061707748746,2.475974426794708,2.6819307562378873,2.7890345268334857,2.4886275942310943,2.5284200894401136,2.7205115905949477,2.3889544551435926,2.58351340857029,2.7374474113512903,2.7616704827585186,2.4794683074311896,2.4101056404514165,2.611865014099711,2.292263222842648,2.406983076422158,2.2439684167033547,2.505229234469301,2.6519150948031136,2.7385425883244334,3.2300008165404366,2.577839062163142,2.6322065773796584,3.033040249995062,2.5052762510640543,2.2396659846984863,2.1548405747296537,2.165745097724721,2.4920252141255106,2.46978854450079,2.207964271825975,2.1567491160060084,2.372586059202914,2.3769394375313193,2.5314018085986643,1.8793381207757998,1.9982650845310757,2.1579409798961646,2.5969891945535832,2.4091374373047394,2.434952701661443,1.9793750068183122,1.6625900669648859,2.1934786066339513,2.095060216375097,1.9183756814938522,2.27124285334831,2.463152425448999,2.4353285918829117,2.4624033165252843,2.4743225060233778,2.486779398083164,2.661138019315767,2.781767356858595,2.447608918446523,2.493358955271555,2.735287128468381,2.369911384351121,2.558178049550064,2.777672177234518,2.7904088106137594,2.5700962960124665,2.391695272316142,2.5814104353913234,2.2590367251462555,2.3739190019728102,2.223746463225406,2.4672976245609206,2.6772387175320635,2.764617942037802,3.2995175495093934,2.5561541448139775,2.6354697399711893,3.00115067151916,2.4485709305683283,2.255234086415658,2.1255601493286487,2.0954979972093506,2.485703705184038,2.4494428703025566,2.214429987345548,2.134993469341675,2.3990772073820823,2.3730044027690465,2.5302260339149494,1.8487099053528835,1.9678798864480191,2.1195012951356826,2.6080983186457005,2.4629675533220223,2.462739510316001,1.981522647143255,1.6817094783350108,2.2372400314459595,2.139535006296169,1.9521575874527033,2.2856709087401885,2.538910767975798,0.1373420144541174,0.14010924407825434,0.1424483233202649,0.13920961450005764,0.15150879585624172,0.1526230566287417,0.13570917677890387,0.15027504740755052,0.12550695703195505,0.1295161615726739,0.15118389509575209,0.15007440322160515,0.15127205172724187,0.14750418986442979,0.1487203745049449,0.16540477384253963,0.13320303288509164,0.12827255144600638,0.1500242969304135,0.14211689633742633,0.16990360168618687,0.13940492966112422,0.16899080162779448,0.17274080258945504,0.1274554950099916,0.16114699739594862,0.14836098080099205,0.1437001136418138,0.13904875153902463,0.15204353741569412,0.15477336045934567,0.15927359244473063,0.1563989444639474,0.1371926922750737,0.13711645741486667,0.18523308772989172,0.13959754015932124,0.14758031207583583,0.1629936804075284,0.1494311676982658,0.14989345010471422,0.1514801881750594,0.14660171331507132,0.13789882705385587,0.13190654884804087,0.1320576975462601,0.14203801511520894,0.12962085819760877,0.1294643983440043,0.12899672203785836,0.13012255109141702,0.13626867879466004,0.14059572073150617,0.1454201092497688,0.14783643088511841,0.15454679841333377,0.13400393228300936,0.14669388623389557,0.1355502313401797,0.12609675396569525,0.1552766840350832,0.1543554878096904,0.14988674334368976,0.1482415421020282,0.15189834577685046,0.16389829115799226,0.1282667834940265,0.12418065541154907,0.15178365310626016,0.15191058011527525,0.16490472369305298,0.1382407896852104,0.1637195550952161,0.16742387464193362,0.12736865246350051,0.15602323280597188,0.15279046815094105,0.1464372913025998,0.14152948175395028,0.15490652953787123,0.15687348124661626,0.16092089555777056,0.15671133817366148,0.13545633600883528,0.12836994093601797,0.19293917075106007,0.14520212361279833,0.14884527721840474,0.16345095693961356,0.15018474251141017,0.15282273480167083,0.1578506843649155,0.14988019755847254,0.13185498394837084,0.129123168219439,0.13182180689116874,0.14566569368537713,0.136360157315173,0.13645870082330097,0.136162006110153
59.0,2.4564941916426926,2.452376970138697,2.456838035342339,2.471294292501812,2.6737700490250234,2.7790720553026764,2.4821428657644486,2.5254611490177408,2.7170979037159393,2.3831226828982786,2.5791297952945946,2.733274613022436,2.7562861428088565,2.474900094085638,2.404103579357159,2.608299613366621,2.2860843462493823,2.401940880680082,2.238074767411368,2.503789720056778,2.6466619237572084,2.7358376714811863,3.2253640305338127,2.5715275132948627,2.628122068577824,3.0256131221507254,2.4988679522410724,2.2340084051947304,2.150241195173337,2.1603082056608094,2.48471138553543,2.4627773609912746,2.2022860470068384,2.1526396342881085,2.3682866898395565,2.3680423391313545,2.524937941672956,1.8738951164416864,1.993554853370713,2.1539941580306428,2.5924493046405046,2.404761229795204,2.429291106092539,1.9761447536564598,1.662495982014018,2.19008157959534,2.0906339676916126,1.9169698334591223,2.267581483552208,2.4604773014184977,2.432650153052072,2.455499620273233,2.468081288069286,2.4825753158176123,2.6537579721768725,2.772334561443424,2.441352083534927,2.491267771944579,2.7314348507967225,2.364324037640811,2.5544471773235076,2.772936986359626,2.7851269546291157,2.5646977091637546,2.3858035024395887,2.5767082618509485,2.2537828054465496,2.369108447374938,2.217864305484557,2.4672782193593106,2.672136199156915,2.761875401067662,3.294979563125084,2.5509398552836506,2.631553086362715,2.993504447240378,2.442328331113094,2.2493704866649606,2.1205626574543106,2.0898579045170322,2.4780575125112394,2.442272228366234,2.2082494309396385,2.1302354476122956,2.3941598683868217,2.3645257603740286,2.524222440129122,1.8429131123857063,1.962637170918335,2.11548846642234,2.6035272727686922,2.457302616625842,2.456189270224766,1.9789521377048378,1.6827595318353095,2.2339085728775214,2.1357398376377605,1.9517612020577022,2.2823174550644905,2.5354412086621805,0.13827345942134897,0.1408420453659826,0.14305471668080036,0.13993448966941582,0.1524395361447313,0.15363106090207768,0.13661906115234804,0.1510974104074361,0.1261647295982763,0.13016284373530723,0.15189618725142534,0.1507808871863311,0.1518740645301532,0.1481318626922448,0.14952763834498586,0.16631400105960167,0.1340422915130978,0.12893438922758063,0.15088451737049222,0.1427724011038815,0.17079572439962268,0.14016223853478102,0.16997012818384252,0.1738301734470515,0.1280412787310889,0.1620424963861611,0.14913705132671673,0.14453163482004291,0.139830269053791,0.1527228853441935,0.15556441955307884,0.16030544656041115,0.1572556071271184,0.13793455819335868,0.1377546213691852,0.18640102186656976,0.14037219352795713,0.14830971948115546,0.16369421368752515,0.15015650192785843,0.15068420296504195,0.1521421648903587,0.1472628750986219,0.13853630532746394,0.13240629517547156,0.13269667416275477,0.14258839179761032,0.13018280225273623,0.129945111963946,0.12963062525423621,0.130880812458957,0.136966928120995,0.14119805634054805,0.1463834333989254,0.14863413562453842,0.15545530320529577,0.13477935293161494,0.14746028996287247,0.13634718008612595,0.1267556108706475,0.15607980676695374,0.15518122866810083,0.1504882469380928,0.14891585736129415,0.15281460439231817,0.16489002634111552,0.12897579631973094,0.12484811459741707,0.15257677674947911,0.15252711475976288,0.165713563573898,0.13892882891102099,0.16465218794043396,0.16835977262415477,0.1281422225928176,0.15689518944065392,0.15365149836386008,0.14720877666789448,0.14244507273577126,0.15573866215324916,0.15790129289791535,0.16200652031171056,0.15771122091376452,0.13625933644296623,0.1288296933612898,0.19417294989044073,0.14592297254319267,0.1494852342723267,0.16432012287642242,0.15085217711730695,0.15374281714649696,0.158833036937241,0.1507935857972206,0.13234439742879095,0.12941581766362506,0.13237142739874885,0.1461757031823687,0.1369388730923624,0.13685167032771947,0.13681807877499982
60.0,2.4524616486078146,2.4458032745750833,2.4513081247751987,2.4662503495283303,2.665346811218467,2.768858753822119,2.4754341999642646,2.5223461627775086,2.7135403892773495,2.3770951735692525,2.57447888104829,2.728900991209481,2.7507057373149966,2.470125395065589,2.3977922645590826,2.6045104137057518,2.2796289539422596,2.39673983249602,2.231822459870411,2.5021803371565046,2.6411362977061716,2.7329497786145045,3.2204868852974227,2.565110564380163,2.623924461416725,3.018116454415555,2.4921693793727564,2.2280281944952107,2.145315602117308,2.154545168958619,2.4772341036978536,2.455571283040927,2.1962746437530316,2.148180449413805,2.36375182901591,2.3588708974593513,2.5182979976717923,1.868159739702784,1.9885593134033472,2.1498548317342983,2.5877177322952414,2.400173954428137,2.4233710428011848,1.9726794014043505,1.6623196307145014,2.186408011941274,2.085959935510355,1.9154101258953964,2.2636638799512117,2.457536403631152,2.4297357616123216,2.4482493099473204,2.461573418424436,2.4780360015529306,2.6461076362244667,2.7626798858156043,2.4348525114495803,2.489043290602737,2.7274413888936007,2.3585540034352417,2.550462080188249,2.768007258775025,2.7796484015573535,2.559113152434795,2.3796235084814965,2.5717100317686112,2.2482605584732234,2.3641526356121596,2.211613826006771,2.467199076699489,2.666775124650103,2.7589189728146035,3.290159249059706,2.545673887599742,2.627513312853733,2.985742537843083,2.435819233048458,2.2431886217425485,2.1152592314299676,2.0839338325394583,2.4702422801483213,2.4349247436443844,2.2017150445953377,2.1251350229454467,2.389008969051704,2.3558023708238958,2.5180578466986696,1.8368415700171234,1.9571171848734685,2.111274898621859,2.5987860087101575,2.451420712183371,2.449370766421268,1.9761764007382914,1.6837785988167113,2.2303227168916284,2.1316991254926654,1.9512338527274493,2.278714819324654,2.531721078760545,0.13926773161442813,0.14159953031204428,0.14369063116478958,0.14070056740193101,0.1534338766299935,0.15467304534593454,0.13757585582451706,0.1519787354813284,0.12687563252313425,0.13085888401991122,0.15265211825338515,0.1515103637938987,0.1524880281153582,0.14876573684678326,0.15036851549919739,0.16727002544728187,0.1349573171125111,0.12962819224851854,0.15176823401139009,0.14346580446793697,0.17171154080749573,0.14093515131500797,0.17098113689289882,0.174943495007132,0.128661217389584,0.16295330518642523,0.14993970237441506,0.14539293495743655,0.1406428606930824,0.15342400941489398,0.15637269576174598,0.16138063538300051,0.15813626761701835,0.13869717411429314,0.1384164438124098,0.18757919161201944,0.14118908172275665,0.1490440700105034,0.16441239664255144,0.1508927434627609,0.15149068668141416,0.15282763855619316,0.1479377206003079,0.13917116891671052,0.1329071055680656,0.13334341076882686,0.14315023091554316,0.13073276128845177,0.1304223937512779,0.13028397993563906,0.13170093896367302,0.13768348173506817,0.14181962845620436,0.147383969531122,0.14948652024950232,0.15640273276429975,0.13560240034046303,0.14826704509121105,0.13719760588618965,0.12746209508680134,0.15689805046598834,0.15602250994524894,0.15110154583142998,0.14959262914689261,0.1537499124018728,0.16593289830774527,0.12974864537449657,0.12554408441636059,0.15339702017914367,0.153201739870143,0.1665394100712234,0.13962304876531823,0.16564171698392444,0.16933407336306955,0.12894075372627217,0.15777994132118855,0.154528112145427,0.1480138304912002,0.1433803848847235,0.15658214605224507,0.15895575872394746,0.16312419474476447,0.15872610228134332,0.1370703557974869,0.1293105725478998,0.1954127906208842,0.14668126980053012,0.1501226557796468,0.1652009212450474,0.1515374663378159,0.15468895144621939,0.15984176405866263,0.15172458385759033,0.1328282349368077,0.12969336801184547,0.13292780519057132,0.14666924151838223,0.13750262332137486,0.13722973834207894,0.13748094067943054
61.0,2.4481994564162486,2.4389253599199705,2.4455364902991787,2.460861369158966,2.65669035570283,2.7584150204282567,2.4685098015805003,2.5190981035415523,2.70984759237686,2.3708926919563997,2.5695661592339047,2.724335943172453,2.744934465757412,2.4651546986982895,2.39119349923811,2.60049629451453,2.272924961454359,2.391380259604185,2.2252434434494828,2.500408598752331,2.635348689875787,2.7298974900716426,3.2153698756824602,2.5586079000866637,2.6196156042235943,3.010558654360739,2.485200079186757,2.2217574022252755,2.1400815596990252,2.1484795268922414,2.4695898083524535,2.4481679729591392,2.1899601983366863,2.1433939480448982,2.3589997859993215,2.3494626489262047,2.5115009704085516,1.8621578591819612,1.983280762751554,2.145517332586089,2.5827942690929033,2.3953579646347762,2.4172114177179687,1.9689978903723806,1.66205941604822,2.1824733165309125,2.081052820323013,1.9137053408566276,2.259502527151556,2.4543374329498477,2.426618275739248,2.4406804383830387,2.4548185029417673,2.473172815695922,2.6382177755901552,2.7528203988105693,2.4281212869794326,2.486711955306863,2.7233182853577627,2.3526226311683622,2.5462233649556523,2.7628938750208567,2.7739890121700324,2.5533608543860193,2.3731731570165646,2.566416979981462,2.2425003250705853,2.359052592196147,2.205023214453325,2.4670759963544926,2.6611690118026385,2.7557625798259027,3.285055290739054,2.5403727360924204,2.623352710452459,2.9778650880070914,2.429060888707851,2.23672296112586,2.109670586334646,2.0777509685051174,2.4622578824571515,2.4274013391943474,2.194859268232171,2.11971345156574,2.3836434677108267,2.3468706653126374,2.5117499130675407,1.8305243534866613,1.951326002978123,2.1068561715458514,2.5938774132751123,2.4453084575998374,2.442300662414868,1.973207813907303,1.684759588193801,2.226496633830288,2.1274260043632056,1.9505784911110011,2.2748753633037806,2.527764310097216,0.14032808932224308,0.14238097038054967,0.14435641595715518,0.14150896141304697,0.15449435856560312,0.15574761928974074,0.13857808627681403,0.15292055084119638,0.12764021189543828,0.13160716404956196,0.15345486887434914,0.15226216250157606,0.1531150066387695,0.14940414508251934,0.15124383958609022,0.16827598836913096,0.13595411610175498,0.13035465437469346,0.15267316077063744,0.14419943244671754,0.17264809358527594,0.1417196830097666,0.17202252742587879,0.1760808782408761,0.12931597513147802,0.1638802799452454,0.15077056252182808,0.146281853850157,0.14148646801292955,0.15414861035933655,0.15719967961965386,0.16250248528913125,0.15904252987498715,0.1394792843950165,0.13910111759227592,0.18876703223275013,0.14204809542348112,0.14978363559183622,0.1651502406911881,0.1516402974465059,0.152312332315907,0.15353890166191314,0.14862664904014253,0.13979964996666394,0.13340550336306872,0.13399554807492042,0.14372097697573039,0.1312666803219584,0.1308914815758509,0.13095492366870184,0.13258550036351593,0.13841593285549503,0.14245911510487316,0.14841895546614164,0.1503951913232772,0.15738978785389232,0.13647400743471225,0.14911535045002866,0.13810407555182336,0.1282170783230078,0.1577275074923736,0.15687693754827337,0.15172620242717055,0.15026813710922607,0.15470167729296844,0.1670296587089138,0.1305894464770428,0.1262652210842448,0.1542429760583102,0.15394363750133852,0.1673787716900726,0.14031884951475526,0.1666877190630841,0.17034840345083,0.12975972486009835,0.15867688413509143,0.15541937128803776,0.14885206612162707,0.14433148491932762,0.1574356912092948,0.1600372170998125,0.1642746963946025,0.15975363004560553,0.13788514363848078,0.12981153954472002,0.19665684053417468,0.14747550771413384,0.15075734134137003,0.1660918552214295,0.15224312383679336,0.15565932830174137,0.16087412175105378,0.15266838056084855,0.13330235320528896,0.12995333441889562,0.1334881852075665,0.1471401769298522,0.13804532478672416,0.137589532366675,0.1381470846018304
62.0,2.4437437359215157,2.431773238436644,2.4395431831400134,2.4551461226783617,2.647829995362734,2.7477612531575972,2.4613778753631372,2.515739944132039,2.7060280581121785,2.3645360028596567,2.564397123253948,2.7195888661713843,2.7389775276166235,2.4599984933109806,2.3843290865751996,2.5962561351904014,2.266000284318798,2.3858624897387597,2.2183696675175746,2.4984820178281058,2.6293095734917737,2.7266993861998214,3.2100134965401037,2.552039205081951,2.6151973453256785,3.002948129557484,2.4779795984106676,2.2152280780102744,2.1345568320559294,2.1421348187358618,2.4617749392389467,2.4405650930553486,2.183372847029917,2.138302516843207,2.35404887005719,2.339855129942769,2.5045658536965862,1.8559153435020848,1.9777214995379464,2.1409759921649725,2.577678706608607,2.3902956138463907,2.4108311367734543,1.9651191608710026,1.6617137409970433,2.1782929062234855,2.07592732262125,1.9118642603967733,2.2551099097594545,2.450888090237406,2.4233305536084666,2.432821058415897,2.4478361474741575,2.467997118653402,2.6301191544056195,2.7427731692637396,2.4211694949134133,2.4843002101177785,2.719077082787977,2.3465512702740745,2.541731638437114,2.757607715637258,2.768164647238752,2.5474590435778217,2.3664703146194292,2.560830341326654,2.236532446082972,2.353809342638565,2.1981206604854924,2.46692477809737,2.655331378405494,2.7524201446487746,3.2796663715889967,2.535052895091844,2.619073570167102,2.969872242412229,2.422070550424669,2.23000797429229,2.10381743724736,2.0713344996425613,2.4541041937996013,2.4197029380735016,2.1877145417696338,2.1139919896977974,2.378082322698297,2.3377670750342827,2.5053162986796966,1.823990538033849,1.9452696998970378,2.1022278650059962,2.5888043732685717,2.4389524704804457,2.4349956217149042,1.9700587548755626,1.6856954088811802,2.222444494035491,2.1229336087517034,1.9497980688574175,2.270811448784953,2.5235848344984966,0.14145783321371083,0.14318560320945217,0.14505243348387634,0.14236080336096668,0.15562358170172141,0.15685337920749193,0.13962428799945342,0.15392443691487423,0.12845904371020792,0.1324106394635294,0.15430760494064727,0.1530355922467599,0.1537561019886128,0.15004541519653627,0.15215445088506738,0.16933504161958599,0.1370387719313776,0.1311144980793316,0.1535969729632772,0.14497569850911038,0.17360228366969171,0.14251173125296354,0.1730929441917338,0.17724243426566372,0.1300062606624485,0.1648242935479028,0.1516313286368783,0.1471962210503304,0.14236102913951823,0.15489844787482196,0.15804685370014687,0.16367435617686144,0.15997602751802728,0.14027958626844328,0.1398077919341081,0.1899639817719654,0.1429491624848659,0.15052870441976182,0.16590976331853713,0.1523995917851969,0.15314857630121156,0.15427831772771716,0.14933009933717858,0.14041778996197612,0.13389777541137776,0.13465058025876736,0.14429789241125393,0.13178026084982852,0.13134738047256964,0.13164148237445294,0.13353716328144058,0.13916178373369925,0.1431151406093931,0.14948557556636619,0.15136183190611308,0.1584171834780312,0.1373951526012517,0.150006533783929,0.13906928347058292,0.12902146448205837,0.15856409143594596,0.15774202759912223,0.15236173373961193,0.1509385313467166,0.15566717763836493,0.16818303686119832,0.13150241259052617,0.1270081083666204,0.15511314125856632,0.154762282793415,0.1682280409325382,0.14101148881592937,0.16778973719719134,0.17140441237483495,0.1305945287797463,0.15958536893944597,0.15632424882663012,0.1497230874726722,0.14529432790480798,0.15829794151496937,0.16114596055406785,0.16545877824072136,0.16079139218304667,0.13869932279954778,0.13033151154243816,0.1979031592464775,0.14830417966971907,0.15138901642264693,0.16699131578952148,0.15297165248753677,0.15665202997064073,0.1619272325339183,0.15362001716862408,0.13376245915434207,0.1301930744582113,0.13404973160024064,0.14758212768682655,0.1385607093957769,0.1379275053266692,0.1388128865837236
63.0,2.4391306079771002,2.4243769223884457,2.4333482545234246,2.449123381371222,2.6387950430827805,2.736917850046593,2.4540466260621367,2.5122946573711076,2.7020903315810068,2.358045871078925,2.558977266510922,2.714669157466288,2.732840122373075,2.4546672672309198,2.3772208297512667,2.5917888151308115,2.2588828380686548,2.3801868506339243,2.2112330814436714,2.4964081073676936,2.6230294217798886,2.7233740473463044,3.2044182427215047,2.545424164033623,2.6106715330502426,2.995293287576958,2.470527483772152,2.2084722714755447,2.128759183325488,2.1355345837636146,2.4537859360970256,2.43276030563897,2.176542726104813,2.132928542470538,2.348917390456874,2.330085876919977,2.4975116413492584,1.8494580612860168,1.9718838218851003,2.136225142049909,2.5723708364174476,2.384969255494176,2.4042491058981943,1.9610621532106303,1.661281008542877,2.173882193878186,2.0705981428967655,1.9098956665697984,2.2504985123811365,2.4471960763566503,2.419905453395553,2.4246992228813653,2.440645957874534,2.462520270832183,2.621842536802493,2.7325552660105443,2.4140082200404147,2.4818344990963266,2.7147293237830117,2.340361270186336,2.5369875074439525,2.752159661164352,2.7621911675350757,2.5414259485706467,2.3595328478647466,2.554951350641325,2.2303872623547103,2.3484239124510946,2.1909343537645563,2.4667612217012187,2.6492757422496913,2.748905589830462,3.2739911750353454,2.5297308589282017,2.6146781830058794,2.9617641457383486,2.414865470532339,2.2230781307192835,2.0977204992471403,2.0647096131802902,2.44578108853753,2.411830463339178,2.180313305127236,2.1079918935661857,2.372344492348224,2.3285280311828056,2.498774662979088,1.8172691988982088,1.938954350294926,2.0973855588139245,2.5835697754955946,2.4323393684304215,2.4274723078307225,1.9667416013067631,1.6865789697934328,2.2181804678492427,2.1182350731604616,1.948895537615793,2.2665354375512314,2.519196583790708,0.14266029130474692,0.1440126283797216,0.14577905658648016,0.14325723628941808,0.15682419308152107,0.15798889878568728,0.14071300216738902,0.154992019502317,0.12933272434712392,0.13327232432311492,0.1552134690137796,0.15382993450622592,0.1544124542968776,0.1506878659577,0.15310118900311998,0.17045033993431896,0.13821741883315478,0.13190846925812197,0.15453730128327922,0.14579710776072685,0.1745708631110761,0.14330706647956906,0.17419097192499508,0.17842826924580174,0.13073282572438202,0.16578623266352574,0.15252376655913388,0.14813385660559025,0.1432664722626284,0.15567534340792452,0.15891568564293126,0.16489962877090958,0.16093842251295046,0.14109672421725128,0.14053556799223638,0.19116947997270758,0.1438922533821971,0.1512795833133381,0.16669298425565934,0.15317107813928144,0.15399885683754747,0.15504831711245337,0.1500485494157935,0.141021428988711,0.13437995994132826,0.1353058487692463,0.14487804937134355,0.13226895505805467,0.1317848469685548,0.13234156548283393,0.13455868330202259,0.1399184402947368,0.14378627462658491,0.1505809573388515,0.15238819418354382,0.15948563962083284,0.13836685554454126,0.1509420522557826,0.14009604568641598,0.12987618328070327,0.15940352245136455,0.1586151960420728,0.1530076106804004,0.15159982491841592,0.15664355065845686,0.16939573444484327,0.13249184073935885,0.1277692529050253,0.15600590903861447,0.15566742044720813,0.16908348818651892,0.1416960660053795,0.1689472737341024,0.17250376536492107,0.1314404702677352,0.16050470007388526,0.15724162447661844,0.15062648914871724,0.14626474909004936,0.15916747123144984,0.16228222607628265,0.1666771566561695,0.16183691128308164,0.13950838027745086,0.13086936555331102,0.1991497105728244,0.14916578194870445,0.1520173312991141,0.1678975737984375,0.15372554584219325,0.1576650226879199,0.16299807719177353,0.154574380347742,0.1342040955150707,0.13040977865576395,0.13460952254314892,0.14798843486147994,0.1390423056361415,0.138239917878222,0.13947459785322353
64.0,2.4343961934365304,2.4167664240386673,2.4269717556751234,2.4428119165222113,2.629614811747585,2.7259052091317435,2.4465242584274702,2.508785216080916,2.6980429578810146,2.351443061414144,2.553312082407398,2.7095862143171887,2.7265274495073064,2.4491715087853523,2.3698905319472523,2.587093213733184,2.251600538237064,2.3743536700238823,2.2038656345967693,2.494194380354938,2.616518707965886,2.719940053858334,3.1985846090778707,2.5387824616093013,2.6060400157245174,2.987602535990387,2.462863281998796,2.2015220322464435,2.1227063776451365,2.1287023612496307,2.445619238666378,2.4247512730194116,2.1694999718335013,2.1272944115887054,2.3436236564657693,2.3201924262687053,2.4903573271799417,1.8428118811566299,1.965770027915632,2.131259113819833,2.566870450094556,2.3793612430094275,2.397484231022785,1.9568458077016895,1.6607596216675882,2.169256592354179,2.065079981641213,1.9078083414296552,2.245680819622825,2.4432690921704374,2.416375833276129,2.41634298461495,2.4332675399957657,2.456753632639075,2.6134186869124174,2.722183757886445,2.406648547149414,2.4793412663033174,2.710286550941637,2.334073980339048,2.5319915787875553,2.7465605921422824,2.7560844338305976,2.535279797924902,2.352378623327206,2.5487812427626046,2.224095114730148,2.3428973271453755,2.1834924839517873,2.4666011269390893,2.6430156211261986,2.7452328379181834,3.2680283845039524,2.5244231219316604,2.6101688399769953,2.9535409426652888,2.407462901364273,2.215967899884239,2.0914004874130048,2.057901496346817,2.4372884410328193,2.4037848380487272,2.172687998224482,2.101734419395528,2.3664489349947253,2.3191899649522107,2.492142665409711,1.8103894113192616,1.932386028836526,2.0923248327812685,2.5781765067611966,2.425455769054964,2.419747384271651,1.9632687308645878,1.687403179845147,2.213718725613542,2.1133435320918172,1.9478738490351715,2.2620596913857036,2.5146134898001584,0.14393880074859852,0.1448612034467288,0.14653666588191455,0.14419940731447373,0.15809887350893215,0.15915271726860927,0.14184276976218485,0.1561249610796756,0.13026185918928024,0.13419527152516028,0.1561755729915785,0.15464443619924076,0.15508524211707597,0.15132980270387103,0.15408488416284868,0.17162503216670064,0.1394962105747707,0.1327373305305592,0.1554917251324756,0.14666626024035545,0.17555042993778103,0.1441013226305291,0.1753151319366088,0.1796384780960696,0.13149646257418537,0.16676699390595776,0.15344971029593069,0.14909257125707193,0.1442027080667936,0.1564811817377143,0.15980761995238343,0.1661816887074414,0.16193140287025018,0.14192928440120928,0.14128349561960335,0.19238296627361368,0.14487738604065495,0.15203659980412432,0.16750192023975524,0.15395523204268927,0.15486260965155493,0.1558513913768581,0.15078251503802687,0.14160619707921762,0.13484783748930512,0.13595853847455444,0.14545832436689446,0.1327279634987995,0.132198375173222,0.13305296314427748,0.13565289350127382,0.1406832086892755,0.14447103372712763,0.15170216874382197,0.15347608916706137,0.16059586993387837,0.13939017147749508,0.15192348946999013,0.14118728981423637,0.13078218166085953,0.16024131382911982,0.15949374920651851,0.153663259335497,0.1522478884715094,0.15762777998030303,0.1706704208084263,0.13356209520193635,0.12854507888817462,0.1569195622106265,0.15666902972550256,0.16994125812975197,0.1423675069393362,0.17015978426729034,0.17364813502370124,0.13229276407021115,0.16143413401906842,0.15817028097171396,0.15156185733646937,0.14723845611814135,0.16004278168774677,0.1634461849243157,0.1679304979008352,0.16288763915399695,0.1403076593053484,0.13142394601772997,0.2003943542015468,0.15005881591190218,0.15264186132006127,0.16880877174750522,0.15450729010760728,0.158696149991818,0.16408348786348154,0.15552619633847195,0.1346226267569196,0.13060046296943822,0.13516454703417735,0.14835213437288278,0.13948342148911286,0.13852282202785826,0.14012833858695
65.0,2.4295766131532908,2.4089717556506227,2.4204337378208436,2.436230499415997,2.6203186142417594,2.7147437284495313,2.4388189772091233,2.5052345930836086,2.6938944821099216,2.344748338665205,2.547407064345867,2.704349433984109,2.7200447084998034,2.443521706301522,2.362359996344104,2.5821682103949524,2.244181300357105,2.368363275642855,2.196299276345836,2.4918483497737083,2.6097879052755175,2.716415986083145,3.1925130904603445,2.532133782476573,2.6013046416757675,2.979884282368953,2.4550065398182506,2.194409409948296,2.116416179152345,2.121661690468066,2.4372712866867077,2.416535657506117,2.1622747204880963,2.1214225108595093,2.3381859773512423,2.310212314399848,2.4831219050020032,1.836002671736795,1.9593824157521045,2.12607223905373,2.5611773392150123,2.3734539298233504,2.390555418077791,1.9524890646545943,1.6601479833530617,2.164431514510695,2.059387539346297,1.90561106703029,2.240669316090743,2.4391148385415953,2.4127745514257617,2.407780396452163,2.425720499690789,2.4507085644808733,2.604878368867052,2.711675713726851,2.3991015610293007,2.476846955799586,2.705760306862593,2.327710750166143,2.5267444592792843,2.740821389111169,2.749860306896874,2.529038820201017,2.345025507581425,2.542321252527639,2.2176863440535954,2.337230612233117,2.1758232407084597,2.4664602935840394,2.6365645328260365,2.7414158114591762,3.26177668342064,2.51914617843237,2.605547832088678,2.9452027778728747,2.3998800952538963,2.208711751264594,2.0848781168239756,2.050935336370668,2.4286261256473103,2.395566985259522,2.164871060980865,2.0952408234104136,2.3604146089718903,2.3097893075365117,2.485437965415497,1.8033802505365375,1.9255708101865552,2.087041266719696,2.572627453870392,2.418288289959286,2.411837514547069,1.9596525212127271,1.6881609479509117,2.2090734376703756,2.108272120048092,1.9467359547646328,2.2573965720714515,2.509849484353158,0.14529668582530897,0.1457304402947037,0.14732564729606007,0.14518845934146418,0.15945032114661392,0.16034332570480003,0.1430121236512055,0.15732494972241867,0.1312470487424698,0.13518254868726318,0.15719699177739013,0.15547830249358843,0.15577568232308095,0.15196951270284872,0.1551063469729754,0.17286225080244555,0.14088128384556187,0.1336018526765007,0.1564577652441399,0.1475858528625693,0.17653742537383987,0.1448899886169678,0.17646387924835244,0.1808731366666999,0.132298000117643,0.16776747905285158,0.15441105955076248,0.15007016591683395,0.14516962099706626,0.15731791115115457,0.16072406827678024,0.1675239070051135,0.16295667921471552,0.14277578927786644,0.14205057150850142,0.19360387659429446,0.14590462971725926,0.15280010386773027,0.16833857811458902,0.15475255198515547,0.1557392630273775,0.15669008623169453,0.1515325481947701,0.14216750813378382,0.1352969255387528,0.1366056765662817,0.1460353963039042,0.1331522368993745,0.1325821851240769,0.13377334586427508,0.1368226887368974,0.14145329419843747,0.14516788598077016,0.15284621626652414,0.15462737298112667,0.16174856803501875,0.1404661833128674,0.15295254842155553,0.14234604015861982,0.13174041252592236,0.1610727601891345,0.16037487576096665,0.15432806476619332,0.15287844759591354,0.15861668368183712,0.17200972866764008,0.134717586543925,0.12933192191464793,0.15785226739402006,0.15777727720897725,0.17079736927102543,0.14302054991524296,0.17142667265518624,0.1748391914228016,0.13314653263378104,0.16237287942426928,0.15910890142013034,0.15252877146299731,0.14821102181758902,0.1609222983534371,0.16463793173958133,0.16921940294172338,0.16394095169756143,0.14109235305286083,0.1319940770739148,0.2016348367225028,0.1509817904546486,0.1532621086557897,0.16972291526731076,0.155319366681337,0.15974312709668895,0.16518014269538478,0.15647002670812774,0.13501322595909077,0.13076196402368276,0.13571170439702943,0.14866592869394002,0.13987712965016313,0.13877204679969457,0.14077009414126637
66.0,2.424707987980906,2.4010229294876195,2.413754252186305,2.4293979013372797,2.6109357634499313,2.703453806036433,2.430938987157048,2.501665761201363,2.689653449365413,2.3379824676320387,2.5412677057288406,2.6989682137270696,2.7133970988310256,2.437728348106676,2.354651026122768,2.577012684513564,2.23665303996189,2.3622159952249966,2.188565956059887,2.4893775286078315,2.602847486934516,2.712820424367965,3.186204181720142,2.5254978113030426,2.5964672592312468,2.9721469342838627,2.446976803958132,2.1871664542064564,2.10990635198455,2.1144361106930636,2.428738519897701,2.40811112140849,2.1548971083407,2.1153352269447514,2.332622662380669,2.3001830777242827,2.475824368628788,1.8290563016493764,1.952723283517137,2.1206588493305323,2.5552912953539524,2.367229669367211,2.383481572993784,1.9480108643797729,1.6594444965811876,2.1594223732069096,2.0535355165036737,1.9033126254256691,2.235476486391119,2.4347410163329832,2.409134466020067,2.399039511228469,2.4180244428124924,2.4443964267644316,2.5962523467980234,2.7010482023672013,2.3913783464690206,2.4743780116459675,2.701162134144659,2.3212929291015483,2.521246755730509,2.734952932611161,2.7435346475055025,2.5227212439594027,2.3374913672021056,2.5355726147736037,2.2111912911693894,2.3314247932259637,2.1679548136958524,2.466354521409149,2.6299359951401957,2.737468433000677,3.2552347552112457,2.513916522760527,2.6008174503491364,2.9367497960409397,2.392134304534607,2.201344154337741,2.078174102559058,2.043836320480363,2.419794016742901,2.387177828028894,2.1568949333159098,2.0885323618354517,2.35426047261383,2.300362490129687,2.478678222440413,1.7962707917895595,1.9185147690097424,2.081530440440856,2.5669255036282266,2.4108235487486183,2.403759362166288,1.9559053500148684,1.6888451830253195,2.2042587743617634,2.1030339715316075,1.9454848064532357,2.252558441391558,2.50491849927603,0.1467372313916995,0.1466194018789988,0.14814638973001518,0.14622552157116805,0.1608812315869747,0.1615591506527537,0.14421957802749596,0.15859368500785143,0.13228887150220023,0.13623720891013885,0.1582807581669077,0.15633068959425056,0.1564850298072483,0.15260526039828295,0.15616635653003613,0.1741650994178042,0.14237871584491046,0.134502803779774,0.15743287556383712,0.14855867942727116,0.17752813384064756,0.1456684008404657,0.17763560090033167,0.18213229202909434,0.1331382982810492,0.16878858927245124,0.15540977537547218,0.15106443023213298,0.14616705925008916,0.15818754195380458,0.16166639781512027,0.16892961646832025,0.16401598005855464,0.14363469260681513,0.14283573886563045,0.19483163857176014,0.1469741075474757,0.15357046917809175,0.1692049459684842,0.15556355724000073,0.15662823199061102,0.15756699310437763,0.15229923509727789,0.14270055705362977,0.13572247767331216,0.13724413473402333,0.1466057485733401,0.1335364829804197,0.13293021405422265,0.13450026704460197,0.13807100490513316,0.14222580303686166,0.14587525908469115,0.15401004383642816,0.15584392916230894,0.16294439102287744,0.14159599144407384,0.15403103968399853,0.1435753972822711,0.13275182025660634,0.16189292779823125,0.1612556406193032,0.15500137796701333,0.1534870836559005,0.15960690276247988,0.17341624989573612,0.13596274599059996,0.13012602185494476,0.15880207048804415,0.15900245661938917,0.17164771742614274,0.14364973339315085,0.17274728753740048,0.17607859027175835,0.13399680364315059,0.1633200985744901,0.16005606781733478,0.15352680663181387,0.14917787786221387,0.16180436846491114,0.16585747272381351,0.17054439034627916,0.1649941441526243,0.14185750055936283,0.13257858034785194,0.2028687818378986,0.1519332246261163,0.15387750570119346,0.1706378642796631,0.1561642552712022,0.1608035363493414,0.16628456235091899,0.15740026618499528,0.135370863463593,0.13089093813223682,0.13624780740119843,0.1489221587638046,0.14021625618401434,0.13898318691847372,0.14139571457920555
67.0,2.4198264387728785,2.3929499578129816,2.4069533499972486,2.422332893570715,2.601495572256688,2.6920558399289116,2.422892493021222,2.4981016932562983,2.6853284047451877,2.3311662131145607,2.534899499958855,2.693451950806106,2.706589819981492,2.4318019225280683,2.3467854244641493,2.5716255154864447,2.229043672584512,2.355912156504519,2.180697623107883,2.486789429841186,2.595707926168645,2.7091719490600736,3.179658377708396,2.5188942327563173,2.591529716718194,2.964398899306306,2.43879362114606,2.1798252146462875,2.103194660279208,2.1070491611987556,2.4200173780390766,2.399475327035955,2.147397271663425,2.109054946506258,2.3269520208214325,2.29014225265293,2.4684837118736542,1.8219986395172398,1.9457949293333199,2.115013276229214,2.5492121100864638,2.360670815072233,2.3762816017013315,1.9434301471876487,1.658647564333847,2.154244581302025,2.0475386136050404,1.9009217986697455,2.2301148151301873,2.430155326407406,2.405488435234648,2.390148381779381,2.410198975213797,2.4378285798965367,2.5875713848369895,2.6903182926429516,2.3834899882575153,2.4719608779032822,2.6965035753866085,2.314841866579199,2.515499074952575,2.728966103182391,2.7371233164280615,2.516345297760475,2.3297940687638796,2.528536564337613,2.2046402969218635,2.325480895635583,2.1599153925752455,2.466299610187448,2.623143525859663,2.7334046250899267,3.2484012833016087,2.508750649246291,2.5959799857665957,2.9281821418493377,2.384242781539843,2.193899578581128,2.0713091596972975,2.036629635904406,2.410791988681437,2.3786182894142094,2.1487920551491255,2.0816302908952453,2.348005484254672,2.2909459439257542,2.4718810959284268,1.789090110317859,1.911223979970812,2.0757879337563874,2.5610735428397158,2.4030481630281444,2.3955295906386738,1.9520395949347087,1.689448793982959,2.199288906029696,2.097642221044679,1.9441233557500532,2.2475576611291004,2.4998344663950816,0.14826365094637528,0.14752709942382544,0.148999282781309,0.14731169853311654,0.16239427362358944,0.16279853483794757,0.14546361450274067,0.15993286014884567,0.1333878627103509,0.13736225577623035,0.15942985909951446,0.1572006976157603,0.1572145770797439,0.15323528268859657,0.157265646688579,0.17553663762291902,0.14399447559634898,0.13544093557180423,0.15841443437202557,0.14958762799859301,0.1785186862749018,0.1464317371412209,0.1788286157957239,0.183415950422242,0.13401824013274202,0.1698312183135862,0.15644787371090674,0.15207314003631536,0.14719482337730838,0.1590921430059351,0.16263591743265646,0.17040208351027544,0.16511104557032866,0.14450437508381345,0.14363788879139824,0.1960656648515374,0.1480859973137506,0.1543480937249211,0.17010298194220083,0.15638878415982554,0.15752891149347528,0.15848473935717722,0.1530831938173073,0.14320032088001583,0.13611948823851033,0.13787063523926849,0.14716567602141134,0.13387517940918256,0.13323611145263817,0.1352311690225476,0.1394007922558821,0.14299774771147744,0.14659155264741303,0.15519053271127006,0.15712764631040183,0.16418393975106246,0.1427807006266282,0.1551608640601598,0.14487851114569478,0.13381732238729802,0.16269664764051883,0.16213298149560396,0.1556825267103899,0.15406923899752503,0.160594890243716,0.1748925310062733,0.13730199457815404,0.1309235144807981,0.15976689353088555,0.16035491515380645,0.17248808412336483,0.14424938644568835,0.17412092080274447,0.17736795868706667,0.13483850741347614,0.16427491061485058,0.1610102608741282,0.1545555368637923,0.1501343096807629,0.16268725941633305,0.1671047125702576,0.17190587695352327,0.16604442684548792,0.14259798568703846,0.1331762992404787,0.2040936795607465,0.15291165026898507,0.15448742030852658,0.1715513238390312,0.15704443758347852,0.16187482379453494,0.16739310872407748,0.1583111431938387,0.13569029836715243,0.13098386539104162,0.1367695901306462,0.1491127768292044,0.1404933740668872,0.13915159574285516,0.14200091853950797
68.0,2.414968086382721,2.3847828528900044,2.4000510824793895,2.4150542474009775,2.5920273535466545,2.680570228163464,2.4146876995516204,2.494565362070584,2.6809278933469467,2.3243203399126875,2.5283079404384186,2.6878100424812277,2.699628071431684,2.4257529178929476,2.338784994549211,2.5660055827110293,2.2213811137580897,2.3494520872156244,2.1727262268588388,2.484091566457627,2.588379696203642,2.7054891405066788,3.1728761732763164,2.5123427315039866,2.586493862463863,2.9566485850074775,2.43047653810968,2.172417740893103,2.09629886817376,2.099524381259301,2.411104300850503,2.3906259366979237,2.139805346728393,2.1026040562058395,2.321192361940889,2.2801273755966522,2.46111892855,1.814855553963256,1.9385996513232513,2.1091298513287247,2.5429395749876713,2.353759720369662,2.3689744101310253,1.938765853388652,1.657755589592927,2.1489135516552405,2.0414115311420633,1.89844736881648,2.2245967869141476,2.4253654696277387,2.4018693172450694,2.381135060940392,2.402263702747589,2.431016384283974,2.578866247115594,2.6795030533895106,2.375447571183696,2.4696219986323666,2.691796173187163,2.308378912032997,2.509502023756877,2.7228717813649768,2.7306421744361313,2.5099292101646746,2.321951478841415,2.521214336056815,2.1980637021553417,2.319399944973663,2.1517331670079085,2.466311359692048,2.6162006427754343,2.729238310274141,3.2412749511175427,2.503665052219829,2.5910377293492606,2.919499959977892,2.3762227786029944,2.186412493472144,2.0643040033176967,2.0293404698713333,2.401619915824776,2.369889292472819,2.1405948664000163,2.0745558668143933,2.341668602228494,2.2815761001187074,2.4650642453235005,1.7818672813609517,1.903704517734483,2.0698093264779516,2.555074458309902,2.39494875040309,2.387164863473573,1.9480676336359226,1.6899646897384182,2.1941780030161513,2.0921100030896294,1.9426545543041542,2.2424065930671637,2.4946113175366236,0.14987904837731714,0.14845249014462403,0.14988471439665405,0.14844805737077066,0.1639920598449133,0.16405971419218762,0.14674266403834965,0.16134413951308882,0.13454448805793426,0.1385606019198688,0.16064723341298637,0.1580873636601002,0.15796565389302925,0.153857784414068,0.1584048903282829,0.1769798629762271,0.14573436847668775,0.13641696639347625,0.15939973466195342,0.1506756748402263,0.17950506740669325,0.14717501262725682,0.18004117652425042,0.18472406236519934,0.1349387211997559,0.17089624462182906,0.15752741655403105,0.1530940534864472,0.14825265338687366,0.16003383591984732,0.16363386100267904,0.17194447483321135,0.16624361960059922,0.1453831409121938,0.14445586353462245,0.1973053439804591,0.14924052994384177,0.15513339959269637,0.1710346002751006,0.15722878059818565,0.1584406684160134,0.159445977182915,0.15388507162802492,0.1436615649124596,0.1364827037184452,0.1384817616397457,0.14771129779637282,0.13416259430231461,0.1334932390268016,0.13596339331467477,0.14081498176050258,0.1437660567101505,0.14731515531087125,0.15638450248237898,0.1584803903554433,0.1654677353502747,0.14402140339760242,0.15634398884457595,0.14625854682446585,0.13493778676316256,0.16347851200786376,0.163003708945195,0.15637083109611224,0.15462022758742835,0.1615769011754756,0.1764410678285514,0.1387397064806228,0.13172042159111,0.1607445331526336,0.16184496595631423,0.17331415114666626,0.14481362309824,0.1755468085170305,0.17870887801131066,0.13566647422012507,0.16523639689564565,0.16196986133983354,0.1556145391905065,0.15107545310142106,0.16356915816791825,0.16837943977856915,0.17330415598768215,0.16708892162780128,0.1433085400810218,0.1337861307984687,0.20530687418579724,0.1539156144977255,0.15509116301940562,0.1724608346839614,0.1579624015192456,0.1629542968574876,0.16850198626104776,0.15919672385135514,0.13596607414745668,0.13103706039561414,0.13727372196452392,0.14922932113966916,0.1407008034430416,0.13927238398055014,0.14258130273436903
69.0,2.4101690516639347,2.3765516269820135,2.393067500858433,2.4075807341127757,2.5825604202044508,2.669017368776567,2.4063328114982143,2.491079740466366,2.67646046026837,2.3174656128263282,2.52149852057006,2.682051886012467,2.69251705266212,2.419591822528554,2.3306715395588866,2.560151765584788,2.2136932790157076,2.3428361150924912,2.1646837166817168,2.4812914514409865,2.580873270265258,2.7017905790550447,3.1658580632750644,2.505862992213662,2.5813615447955107,2.9489043989585655,2.4220451015765874,2.1649760825722533,2.0892367398056817,2.0918853101488315,2.4019957280716895,2.381560612703838,2.1321514698077024,2.0960049427052967,2.3153619950064335,2.2701759829663684,2.453749012471165,1.8076529136102861,1.931139747609507,2.1030029062080327,2.5364734816326706,2.3464787386907644,2.3615789042134043,1.9340369232932009,1.656766975340314,2.14344469712575,2.03516896960643,1.895898117919819,2.2189348863492353,2.420379146856791,2.398309970226956,2.3720276015470034,2.3942382312667743,2.4239712003335985,2.570167697765477,2.668619553442328,2.3672621800364997,2.467387817894028,2.687051470145132,2.3019254148968757,2.503256208954755,2.7166808476990796,2.7241070823012845,2.5034912097324047,2.313981464009382,2.513607164768346,2.191491847714159,2.313182966751861,2.1434363266551086,2.466405569695972,2.6091208636785153,2.724983411100567,3.233854442084925,2.498676226011316,2.585992972105353,2.910703395106451,2.368091548057509,2.178917368488226,2.0571793484992975,2.0219940096096503,2.392277672534803,2.360991760262074,2.1323358069880816,2.0673303458175014,2.3352687848694162,2.272289389902544,2.4582453300695897,1.774631380158368,1.8959624569654916,2.0635901984171676,2.5489311368438035,2.386511928478667,2.3786818441803246,1.9440018437822055,1.6903857792062884,2.1889402356631673,2.086450452168782,1.9410813537646079,2.237117598988819,2.4892629845269747,0.15158637240902761,0.149394475563605,0.15080306827814058,0.14963561310198156,0.16567711108963973,0.16534079065698545,0.14805508380578883,0.1628291306077124,0.1357591113414007,0.13983502051689004,0.161935771225192,0.15898965524097258,0.15873962703286965,0.15447093425309855,0.1595846814419201,0.1784976893148084,0.14760397344341314,0.13743156013113336,0.16038597382373404,0.15182587399299077,0.18048312776004397,0.14789307792298775,0.1812714736814177,0.18605650439808338,0.13590063536782895,0.17198452235408013,0.15865050046463228,0.15412490569934792,0.14934021423592198,0.16101478650235426,0.1646613674366803,0.17355981836802742,0.16741543969479633,0.14626921568372792,0.14528846178662294,0.19855002839751318,0.15043798520779766,0.15592683165666982,0.17200165410077,0.1580840980492863,0.1593628321659297,0.1604533711877001,0.15470554209723786,0.14407885497168516,0.1368066422651186,0.13907397504129612,0.14823857725175502,0.1343928160212428,0.13369467694941314,0.13669419589002862,0.14231644346059585,0.14452758940909236,0.14804446745276034,0.15758871340037606,0.15990397064960432,0.16679619144186528,0.14531915940792736,0.15758241679566162,0.14771864171740048,0.1361140034592944,0.16423287552091975,0.16386451087058668,0.15706562469278523,0.15513525229774972,0.16254898390619257,0.17806429877715513,0.14028016589119666,0.13251263933109358,0.16173266087019117,0.16348278658970833,0.17412152264616085,0.14533634197139284,0.1770241348573381,0.18010286306348927,0.13647543168450332,0.16620360884197088,0.16293315302079805,0.15670339867345864,0.15199629332985182,0.16444817196545267,0.16968130992002628,0.17473937224453878,0.1681246592310737,0.14398375134028693,0.13440706633919106,0.2065055508044426,0.15494368179592938,0.155687996459533,0.17336376356127053,0.1589206457664597,0.1640391231237898,0.16960724635084481,0.16005092032352963,0.13619251996817938,0.13104669142485872,0.13775682927032032,0.14926289364076117,0.14083062084456666,0.13934042603807678,0.14313235861438448
70.0,2.405465455470028,2.3682862923523116,2.386022656360136,2.3999311249907413,2.573124085114672,2.6574176598047066,2.3978360336109596,2.4876678012657973,2.671934650607167,2.3106227966554105,2.514476733756294,2.6761868786598466,2.685261963153254,2.4133291247621473,2.3224668626741143,2.554062943505121,2.2060080838904734,2.3360645678693213,2.1566020419455323,2.4783965977751423,2.5731991215792456,2.6980948450524056,3.1586045425558282,2.499474699552939,2.576134612040388,2.941174748730798,2.4135188582744247,2.157532289309094,2.0820260393123924,2.084155487141502,2.3926880994423487,2.372277017363114,2.124465777173477,2.0892799926664454,2.3094792292854307,2.2603256111729357,2.4463929574505308,1.8004165870812028,1.9234175163147034,2.0966267724460748,2.529813621596577,2.3388102234667585,2.3541139898790657,1.929262297211712,1.655680124557879,2.137853430572756,2.0288256294898144,1.8932828280337304,2.213141598041674,2.4152040589574257,2.394843252355904,2.3628540564347014,2.3861421666242673,2.416704388452208,2.561506500918289,2.657684861636822,2.3589448996048454,2.465284779749124,2.6822810088592535,2.2955027246047797,2.4967622373575846,2.7104041827248033,2.7175339007950985,2.4970495250240834,2.305901890842437,2.505716285309377,2.1849550744426476,2.306830986481835,2.1350530611781497,2.466598039972288,2.601917706359908,2.720653850116431,3.2261384396295383,2.4938006649509306,2.580848005043075,2.901792591914842,2.35986634223678,2.1714486731067817,2.0499559103211062,2.0146154423478797,2.382765133173382,2.351926615839315,2.1240473168328116,2.0599749841291497,2.3288249905115426,2.263122244471252,2.451442009610658,1.767411481949638,1.8880038723285573,2.057126129385706,2.542646465246468,2.3777243148600897,2.370097196268272,1.939854603037249,1.690704971301159,2.1835897743127237,2.0806767027844337,1.939406705780475,2.231703040677145,2.4838033991924493,0.15338836277305098,0.15035190048331945,0.15175472080051375,0.15087531159284256,0.16745181376033946,0.16663970010535908,0.1493991280004985,0.1643893495737857,0.13703195508910088,0.14118808910842298,0.16329831504118814,0.15990646421025512,0.15953790042593236,0.15507286125122133,0.16080551487063544,0.18009292092804666,0.14960857248216033,0.13848530044420515,0.16137024273241837,0.15304134150870635,0.181448601257787,0.14858062046024817,0.18251764326771755,0.18741305689241788,0.13690485671452654,0.17309687127556098,0.15981924210411827,0.15516340172493387,0.15045707961809418,0.1620371929825779,0.16571945682616013,0.17525095786600564,0.1686282247979254,0.14716074600716567,0.1461344461591767,0.19979901898192537,0.1516786840608297,0.1567288549114186,0.17300591446025965,0.1589552810344913,0.160294683632538,0.16150958464149034,0.1555453019777035,0.14444657717327558,0.13708562306033148,0.1396436368759094,0.14874335027253435,0.13455979436953014,0.13383323807479308,0.1374207684126901,0.143907935709174,0.14527915719073556,0.14877793025108418,0.1587998702638924,0.16140009907348427,0.16816958146256045,0.14667497000049162,0.15887814690531774,0.1492618531048405,0.13734665073782684,0.16495386163125333,0.1647119626006672,0.15776628219482416,0.15560943020422516,0.16350697306525636,0.17976459602560735,0.14192751685686641,0.13329592438053267,0.16272882551080106,0.16527830366059135,0.17490575645891496,0.14581123289672399,0.17855203961409338,0.18155133715140898,0.1372600023805294,0.16717557878223155,0.16389832771284465,0.15782171445276966,0.15289166697871015,0.165322330705394,0.17100982636370599,0.17621149395790559,0.16914857782021184,0.1446180778256906,0.13503824203855117,0.20768672013270967,0.15599443547778952,0.15627714704988946,0.17425729343090482,0.15992168461885242,0.16512633015719438,0.17070479529777943,0.1608675045896569,0.13636375945362,0.13100881022285915,0.13821552663556314,0.1492041420384151,0.14087468008557275,0.13935037619063262,0.14364949798889437
71.0,2.4008934186545123,2.3600168612642207,2.3789366002102046,2.3921241913195765,2.563747661161941,2.6457914992843485,2.3892055706398514,2.484352517291028,2.6673590094610287,2.3038126561998586,2.507248073399644,2.670224417683378,2.6778680023856,2.4069753129209683,2.3141927670758027,2.547737995869469,2.198353443915493,2.3291377732803147,2.1485131520192446,2.4754145184439285,2.565367723371348,2.694420518846003,3.1511161059697574,2.4931975381894245,2.5708149125257296,2.9334680418953254,2.404917354930817,2.150118410728971,2.074684530831381,2.0763584515114246,2.3831778547021463,2.36277281298514,2.116778405097821,2.0824515927510854,2.303562374045279,2.250613796627282,2.439069757301431,1.7931724429988698,1.9154352555614176,2.0899957816218233,2.5229597864545035,2.330736528128887,2.346598573058583,1.9244609154546224,1.654493440227516,2.1321551648554493,2.0223962112838896,1.8906102812121661,2.2072294065977007,2.4098479067924696,2.39150202180749,2.3536424784389913,2.3779951146729705,2.409227309046599,2.552913420705682,2.646716046808438,2.3505068146776806,2.463339328258451,2.6774963319283054,2.289132190590613,2.4900207157767302,2.704052666982314,2.710938490689157,2.490622384600146,2.297730625915233,2.497542932517035,2.1784837231851246,2.3003450296752863,2.126611560238282,2.46690457029408,2.594604688610578,2.7162635498689682,3.218125627177249,2.489054863368831,2.5756051191706484,2.89276769508289,2.351564413474228,2.164040876805245,2.0426544038621386,2.007229955314534,2.373082172102361,2.342694782261919,2.115761835853756,2.0525110379739657,2.322356177488988,2.2541110950188505,2.4446719433906727,1.7602366619742773,1.8798348384884052,2.050412699195222,2.5362233303228923,2.3685725271525757,2.361427583246762,1.9356382890647437,1.6909151749376246,2.178140789306811,2.0748018894389544,1.937633562000834,2.2261752799152354,2.4782464933593418,0.15528748721588992,0.15132355267512046,0.15274003712335987,0.15216801001911034,0.16931836901049283,0.1679541747446034,0.15077291161266482,0.16602617925938615,0.13836305326960918,0.14262212531676163,0.1647376626449793,0.16083660135064923,0.1603619157085604,0.15566165222255537,0.16206776352596075,0.18176822201894363,0.1517530719003445,0.1395786596024539,0.16234951439595424,0.1543252333327687,0.1823971294248014,0.1492321695130159,0.1837777778013668,0.18879337738430776,0.1379522166167263,0.17423406553797083,0.16103576048591595,0.15620720774493507,0.15160271397566727,0.16310327053712004,0.16680900210813754,0.17702050056307794,0.16988366033766045,0.14805580138639846,0.14699255295364974,0.20105154560392194,0.1529629770845629,0.15753995011573466,0.1740490449820762,0.15984285321037833,0.16123544223339786,0.16261726433238993,0.1564050679240642,0.14475896677504113,0.13731380742958743,0.14018703931013657,0.14922136356661006,0.1346573956993976,0.13390149214073235,0.13814026649525768,0.1455920442699032,0.14601755184019888,0.14951406190037575,0.1600146281544515,0.16297034138111602,0.16958800052963577,0.14808974735793115,0.16023312610149618,0.15089109492280775,0.13863625436196447,0.16563537577933476,0.16554254375413574,0.15847225450267685,0.15603782739623373,0.1644464848040992,0.18154425381845748,0.1436857055388672,0.13406587768744627,0.1637304580826723,0.16724106409809955,0.17566240646801745,0.14623179243017104,0.18012962980006128,0.1830556021582425,0.1380147018862881,0.16815133418332925,0.1648634922808408,0.15896910696193833,0.15375626798633213,0.166189591316822,0.17236431793286774,0.1777202809501492,0.17015752308584542,0.14520587174592312,0.1356790006535166,0.2088472014355982,0.15706647822953562,0.15685781917626082,0.1751384137183179,0.16096805279447624,0.1662128062404619,0.17179040643047724,0.1616401287886808,0.13647372894670773,0.13091939477973036,0.13864645965446531,0.14904324783308728,0.14082464803019124,0.1392966970809987,0.14412808961596865
72.0,2.3964890620708923,2.35177334598103,2.371829383634377,2.3841787043839484,2.554460461230872,2.634159285251994,2.3804496273348428,2.4811568613642123,2.6627420819276515,2.29705595625957,2.49981803290264,2.664173900343098,2.670340369839631,2.4005408753322746,2.305871055944936,2.541175802075288,2.19075727462386,2.3220560590596464,2.140448996271854,2.4723527264312253,2.557389548867325,2.690786180783083,3.143393248368069,2.48705119279071,2.56540429457881,2.925792686023381,2.396260138273385,2.1427664964571957,2.0672299785000723,2.0685177425327796,2.3734614335907844,2.3530456618793782,2.1091194898528487,2.0755421296210326,2.2976297385533266,2.241078075740286,2.431798405837247,1.7859463499861574,1.9071952634722518,2.0831042653142244,2.5159117677815526,2.322240006108403,2.3390515596825128,1.9196517183323427,1.6532053253311079,2.12636531283302,2.015895415480347,1.8878892595090817,2.2012107966235215,2.4043183912247525,2.3883191367573082,2.3444209203953608,2.3698166812657835,2.4015513225235954,2.5444192212592904,2.635730177792618,2.3419590100439103,2.4615779074828756,2.6727089819510317,2.282835162288304,2.4830322510235443,2.697637181011708,2.704336712755049,2.484228017020994,2.2894855358024357,2.489088341228451,2.1721081347859412,2.2937261218438514,2.118140013496804,2.467340960434397,2.587195328221554,2.711826432905414,3.209814688153891,2.484455315595192,2.570266605496296,2.8836288492904605,2.3432030141032696,2.156728449061022,2.0352955442014258,1.999862735738146,2.3632286636836337,2.3332971825872084,2.1075118039703846,2.044959763576541,2.315881304135848,2.245292372739332,2.4379527908535876,1.7531359954718155,1.8714614301097603,2.0434454876573374,2.5296646188781287,2.359043182961313,2.3526896686251533,1.9313652795283682,1.6910092990302692,2.172607450987437,2.0688391466346174,1.9357648740747415,2.2205466784861585,2.472606198853992,0.15728586866253458,0.15230816332539235,0.15375936609926838,0.15351445465314845,0.1712787329256261,0.16928169942372223,0.1521743662066218,0.16774081904900776,0.13975219540817677,0.14413911425702977,0.16625657177721778,0.16177879179621915,0.16121315337462974,0.156235350269168,0.16337165296547823,0.18352608096246043,0.15404191528796476,0.1407119613090899,0.16332063238997246,0.15568071588218413,0.18332429327588948,0.14984210573945428,0.1850499417970762,0.19019696894739963,0.1390434755096081,0.17539682135601842,0.16230215561607553,0.15725394046427163,0.15277645270584583,0.16421523162240756,0.16793069569696165,0.17887075741764472,0.17118338036623196,0.1489523789063523,0.1478615042670847,0.20230674314692132,0.15429122852335012,0.15836060742125016,0.17513257169524146,0.16074729963678863,0.162184250792323,0.16377902389532056,0.15728557303967047,0.1450101478382839,0.1374852538432803,0.14070044446138238,0.14966832460914584,0.13467947485142515,0.13389180231826556,0.1388498460793984,0.14737111039159273,0.1467395823183231,0.15025150172754298,0.16122960033261646,0.1646160601198125,0.17105132133478756,0.14956427758239382,0.16164919114810147,0.15260906271245878,0.13998313969515463,0.1662711264736707,0.1663526631508629,0.1591831120408819,0.1564155048885437,0.16536291494274497,0.18340547310681807,0.1455584145158156,0.13481792545699087,0.16473487943032564,0.16938009399072923,0.17638707795164515,0.14659135041263235,0.18175599582980612,0.18461680304446287,0.1387339375850874,0.169129915727695,0.16582667812679716,0.16014522647923635,0.15458465837443464,0.16704784456147836,0.17374391294423103,0.17926524869617094,0.17114825027522262,0.1457414123457684,0.13632896540084694,0.20998360336823266,0.1581584314284909,0.15742921194654297,0.17600391085753742,0.16206230997049995,0.167295301851321,0.17285973692623655,0.16236235342615787,0.13651620743297554,0.13077440772871177,0.13904636140641,0.148769922123694,0.14067205892372894,0.13917370333859874,0.14456350894752304
73.0,2.392288506572669,2.343585758766073,2.3647210578583553,2.3761134354685405,2.545291798206072,2.622541415744108,2.371576408445912,2.478103806307503,2.6580924131047254,2.2903734616344686,2.492192105667771,2.6580447238990255,2.6626842649958706,2.3940363003233105,2.2975235324624164,2.5343752415199945,2.1832474915486846,2.3148197529415317,2.1324415240723695,2.4692187347208474,2.549275071292904,2.6872104112108897,3.1354364646019,2.481055348024417,2.5599046065268567,2.918157088686136,2.387566755029749,2.135508596119157,2.0596801464559205,2.0606568994797017,2.3635352758479753,2.343093226355208,2.1015191677106757,2.068573989938089,2.291699632076961,2.2317559849228243,2.4245978968713415,1.778764176665936,1.8986998381697988,2.075946555102251,2.5086693571528325,2.3133030108365555,2.3314918556814304,1.9148536461553123,1.6518141828505308,2.12049928736468,2.0093379425708617,1.8851285449784365,2.1950982527253564,2.398623213117124,2.385327455380982,2.3352174351392967,2.3616264722556153,2.3936877892900044,2.5360546667107693,2.6247443234247876,2.333312570492481,2.4600269614831896,2.667930501526211,2.2766329891317807,2.4757974499094013,2.691168605353146,2.697744427764336,2.4778846508470638,2.2811844870787157,2.4803537462807905,2.165858650089413,2.2869752884992165,2.109666610614969,2.4679230101663037,2.5797031429838158,2.7073564217729995,3.201204305985283,2.48001851596019,2.5648347550282327,2.8743761992173757,2.334799396457311,2.149545859351531,2.0279000464179844,1.9925389708472059,2.3532044822790588,2.323734739872574,2.0993296611022143,2.037342417161464,2.3094193287862375,2.2367025088266796,2.431302211443368,1.7461385576817814,1.8628897218573515,2.036220074583713,2.522973217717201,2.349122899891544,2.3439001159127675,1.9270479520918242,1.690980252493681,2.167003929696612,2.0628016088737713,1.9338035936512759,2.21482959817299,2.466896447502711,0.15938520220625274,0.15330440826027758,0.15481303348885664,0.1549152559130623,0.17333454704181275,0.17061946140491016,0.15360118690810953,0.1695342258503736,0.14119886181036523,0.14574062782618985,0.16785776651721274,0.1627316714250612,0.16209313456398464,0.15679195465389825,0.16471723323594703,0.18536876899927474,0.15647898827988577,0.14188533702454942,0.16428029939236247,0.15711092852732986,0.18422565403000477,0.1504046760291821,0.18633219223538536,0.19162314325716762,0.14017928877203029,0.17658578362226376,0.1636204832195008,0.15830115478185458,0.15397748059158797,0.16537526166045158,0.16908501061425524,0.18080367557345883,0.17252894645222405,0.14984841132579804,0.14874002238692674,0.2035636225473207,0.15566379551027834,0.15919131765996014,0.17625784750965473,0.16166904463588774,0.1631401580128574,0.16499742539552611,0.15818756321605892,0.1451941855768466,0.13759398910236645,0.14118013361859277,0.15007996501452317,0.13461996726722752,0.13379637681906745,0.13954670908845154,0.14924714725266416,0.14744212096572115,0.15098906284312302,0.16244136862676892,0.16633834867647737,0.17255914368267783,0.15109917717227417,0.16312800024172716,0.1544181459157297,0.14138737620945546,0.16685465558900278,0.1671386930069913,0.15989859692680577,0.15673757724734064,0.1662514407666698,0.1853503416827312,0.14754898898077817,0.1355472971876514,0.16573931101149927,0.1717037463499523,0.1770754978939403,0.14688310989399508,0.183430232584457,0.18623588620330012,0.13941200862679676,0.1701103996170447,0.16678585328695378,0.1613497632184769,0.1553712848877338,0.16789492467166256,0.17514750910422255,0.18084562799601644,0.17211742862194865,0.1462189511422519,0.13698812670134503,0.21109230262276066,0.15926893293726516,0.15799053865467294,0.17685035946572103,0.16320704470185032,0.16837043159354428,0.17390834992596996,0.16302768477196075,0.1364848603851353,0.13056987309191626,0.13941212476747758,0.14837341112707075,0.14040839142966466,0.1389756233049815,0.14495120328845168
74.0,2.388327873013364,2.3354841118826353,2.357631674107887,2.367947155858025,2.5362709849721603,2.6109582887971654,2.362594118723016,2.475216324943054,2.6534185480899577,2.2837859371244793,2.4843757850975954,2.651846285611194,2.654904887334794,2.3874720762213166,2.2891719998092097,2.5273351936010267,2.175852010223061,2.307429182660149,2.1245226847897505,2.466020056296674,2.541034763873862,2.6837117904766536,3.1272462495224467,2.4752296885581297,2.5543176966971406,2.91056965745482,2.378856751927555,2.128376759340167,2.0520527988363715,2.0527994616263205,2.3533958212134,2.3329131687220857,2.0940075749434035,2.06156956036409,2.2857903638835615,2.2226850605858206,2.4174872242170795,1.7716517916610635,1.8899512777766572,2.068516982564851,2.501232346143449,2.303907895744563,2.323938366985912,1.910085639233938,1.650318415767683,2.114572501309615,2.002738493047103,1.8823369196741868,2.1889042595094375,2.392770073332434,2.3825598358540963,2.3260600755063168,2.3534440934953698,2.38564806975264,2.527850521191764,2.6137755525403783,2.32457858081231,2.4587129343202556,2.663172433252604,2.2705470205549796,2.468316919245678,2.6846578205467573,2.6911774964886135,2.471610514638757,2.2728453463187077,2.471340382511174,2.159765609939876,2.28009355515306,2.10121954125406,2.4686665192628676,2.572141650688363,2.702867439018956,3.1922931640972703,2.4757609587939844,2.5593118587746684,2.8650098895434706,2.326370812869799,2.142527577154194,2.020488625590832,1.9852838478702506,2.3430095022504775,2.3140083771753295,2.0912478471687517,2.0296802549533672,2.302989209774258,2.2283779344749157,2.4247378646039772,1.739273423843693,1.8541257883959006,2.0287320397859974,2.51615201364514,2.3387982955484583,2.3350755886189734,1.92269868441879,1.6908209442424544,2.161344395776306,2.056702410658729,1.9317526723794944,2.2090364007588255,2.461131171131793,0.16158666213155232,0.15431090993669253,0.15590133289882133,0.15637086075211484,0.17548705891658783,0.17196429339392474,0.15505077007904086,0.17140704600942938,0.1427021501643328,0.14742773659116445,0.16954394517284727,0.16369378433022164,0.16300342345691335,0.15732942223015803,0.16610434796949305,0.18729829321396632,0.15906751571373914,0.14309867554983885,0.16522506623367775,0.15861893748895822,0.18509680378898735,0.15091401444381294,0.18762260455215718,0.19307097822733404,0.1413601663925044,0.17780151152757262,0.1649927252883348,0.1593463299992476,0.15520480857449667,0.1665854897145832,0.1702721558162556,0.18282076293863492,0.1739218230465882,0.1507417791922644,0.14962684628996836,0.20482103655018838,0.1570810022460142,0.16003256100824703,0.17742601103323524,0.16260842470815368,0.16410209837155937,0.1662749588279801,0.1591117931695838,0.14530515332636734,0.13763409807297605,0.14162246760054764,0.15045211910380002,0.13447300499911846,0.13360733859443683,0.14022815945634598,0.15122174460387805,0.14812216004120599,0.15172579375431328,0.1636464966376491,0.1681379563502033,0.17411073750872727,0.15269484254618002,0.16467095417275393,0.15632032705081764,0.14284871433140695,0.16737937912548276,0.16789701350228037,0.16061868425511266,0.1569992854617387,0.16710702730649774,0.18738080903365342,0.149660355026587,0.1362490006966012,0.16674088910365523,0.17421953969725457,0.17772360208994126,0.14710020280261812,0.18515146543199162,0.18791355129538057,0.14004310760249036,0.17109192438574067,0.16773893738489862,0.16258245918869113,0.15611050261718834,0.1687286222471705,0.1765737388115094,0.18246032006997714,0.17306164869292906,0.14663277117008497,0.1376569419663592,0.21216942037876407,0.1603966330970477,0.15854104906418684,0.1776741146130281,0.16440487735589251,0.16943467619358965,0.1749317424716105,0.16362962274994847,0.13637329970149614,0.13030197405686958,0.13974089252413918,0.14784251340507468,0.14002517287583047,0.13869668189762904,0.14528677454756547
75.0,2.384643282246468,2.3274984175940605,2.350581283608684,2.3596986368370776,2.527427334413751,2.5994303024476757,2.353510962916157,2.4725173900930084,2.6487290319810457,2.2773141475294985,2.476374564594621,2.6455879827396056,2.6470074363368883,2.3808586913535517,2.2808382611662195,2.5200545377158434,2.1685987461800997,2.2998846759497082,2.116724427792996,2.462764204142562,2.5326790998359257,2.6803088989276365,3.118823097980889,2.4695938990594564,2.548645413416901,2.9030387999005938,2.370149675694414,2.121403035745589,2.0443656997789033,2.0449689682467884,2.343039509426765,2.3225031512894168,2.086614847823146,2.0545512275608133,2.279920243240492,2.2139028391401223,2.410485381687829,1.764635063594415,1.8809518804154113,2.0608098792809653,2.493600526328519,2.29403701426369,2.3164099995265346,1.9053666378786527,1.6487164270644363,2.1086003675270115,1.9961117674007662,1.8795231656502798,2.1826413015819988,2.3867666727335104,2.3800491363522327,2.316976894331895,2.34528915083794,2.377443524318308,2.5198375488339004,2.6028409339748246,2.315768125792349,2.457662270054873,2.658446319728954,2.2645986059918206,2.460591265843719,2.6781157071326787,2.6846517796994593,2.465423836956517,2.2644859800970973,2.4620494847567773,2.153859355181645,2.2730819473170247,2.0928269950753666,2.469587287497149,2.564524369126172,2.6983734071905263,3.1830799459156864,2.471699138426762,2.553700207743812,2.855530064948589,2.3179345156741133,2.135708071946432,2.0130819967990106,1.9781225540358043,2.3326435979597853,2.304119017552851,2.0832988020895087,2.021994533176823,2.296609905434026,2.220355080878039,2.4182774097793804,1.732569669197086,1.8451757043901373,2.0209769630758454,2.5092038934669687,2.3280559875372764,2.3262327502531077,1.9183298541729565,1.690524283191178,2.155643019568554,2.050554686491809,1.9296150619084802,2.203179448026734,2.45532430156757,0.16389079993021646,0.15532624014065005,0.15702451376464718,0.1578815226580032,0.17773703301993465,0.17331260998687376,0.156520141609448,0.17335953847217345,0.1442606946051693,0.14920091572795233,0.1713177893281302,0.16466358141019727,0.1639456300939571,0.1578456705704432,0.16753260082092894,0.18931634395667077,0.16180995240892523,0.14435156600406196,0.16615132200144547,0.1602076811419562,0.18593342722908282,0.15136416996506205,0.18891930449275357,0.19453927044830016,0.1425864263513954,0.179044463286545,0.1664207562616711,0.16038685506235384,0.1564572491065865,0.16784795395294558,0.1714920256841536,0.18492300511940443,0.17536334910889512,0.1516303275722746,0.15052074987308647,0.2060776401289267,0.15854310915030095,0.16088479283343507,0.17863793961558852,0.16356565606375392,0.16506886936027276,0.16761401904188353,0.1600590219998732,0.14533721600904176,0.13759983425443145,0.14202395920527403,0.1507808192897882,0.1342330606500963,0.13331681642849763,0.1408916704977939,0.1532959620545533,0.14877687919810959,0.15246104902850638,0.1648415460388437,0.170015204860785,0.1757049795435977,0.15435139255023958,0.16627910744410468,0.1583170678486812,0.14436651498789463,0.1678386394889192,0.16862406849559763,0.16134365222795088,0.15719608536146734,0.1679244390004062,0.18949865525754225,0.15189493068155246,0.1369177943150888,0.16773668268296746,0.17693398996680007,0.17832764050911773,0.147235763654415,0.18691888090901124,0.18965019649052303,0.14062132467177305,0.17207372233728377,0.16868381963837809,0.16384312206918314,0.15679660671377713,0.1695467008099683,0.1780209295625936,0.18410784707475564,0.17397743322277326,0.14697726205352662,0.1383364477845035,0.21321079671417648,0.16154018870689146,0.1590800546265288,0.17847130580404924,0.1656584616808779,0.1704843840521174,0.17592537970021105,0.1641617204739833,0.13617516160544274,0.1299671741670157,0.1400301668355748,0.14716561067923808,0.1395141154030224,0.13833120745947605,0.14556608145174368
76.0,2.3812708551255017,2.3196586881636394,2.3435899375864726,2.3513866496903764,2.5187901594154467,2.587977854732072,2.3443351457752666,2.4700299745795276,2.6440324098756665,2.2709788576494696,2.468193937561351,2.63927921254429,2.6389971114826487,2.3742066340472587,2.272544119714407,2.512532153261858,2.1615156149528967,2.2921865605443816,2.1090787024510886,2.459458691242359,2.5242185524048533,2.677020316911059,3.110167504828386,2.4641676641960006,2.5428896050133876,2.8955729235946612,2.361465073057935,2.114619474960749,2.036636613420946,2.037188958615251,2.332462780227768,2.3118608363666118,2.0793711226220246,2.0475413781900706,2.274107579415157,2.2054468569966654,2.4036113630969385,1.7577398610888617,1.8717039442086625,2.0528195768295783,2.485773689283146,2.283672719825176,2.3089256592338536,1.900715582399878,1.6470066197226756,2.1025982988760954,1.9894724661235133,1.8766960649606899,2.1763218635492705,2.3806207121831786,2.377828215051005,2.3079959444515454,2.337181250136236,2.3690855133938284,2.512046513768836,2.591957536563573,2.306892290221502,2.456901412747891,2.653763703554051,2.258809094876213,2.4526210965148927,2.6715531456510377,2.678183138168442,2.459342846360736,2.2561242549885447,2.452482287854712,2.1481702266590834,2.265941490502795,2.0845171617401395,2.470701114642207,2.5568648160882868,2.693888248834926,3.1735633348663645,2.467849549188677,2.548002092943893,2.8459368701125487,2.3095077572036944,2.129121813205652,2.0057008751215166,1.9710802765723625,2.3221066437688545,2.2940675840624816,2.0755149657839738,2.0143065080564435,2.290300374099644,2.212670379230022,2.4119385064135206,1.726056368981473,1.836045544504778,2.012950424264889,2.502131743987714,2.316882593463221,2.3173882643245136,1.9139538390180189,1.6900831782544405,2.1499139714153324,2.0443715708753274,1.9273937138872792,2.1972711017597932,2.4494897706363385,0.16629743526388954,0.15634892327015892,0.15818276561246852,0.1594472697788828,0.18008465297258092,0.17466033820784044,0.15800587641104943,0.1753914902643543,0.1458725794071509,0.15105994740217019,0.17318197349847475,0.16563942002312337,0.16492141323405562,0.15833858283550165,0.16900131947313377,0.19142423729196975,0.16470786961116943,0.14564323486137257,0.16705528587875018,0.16187990740369426,0.1867313751454755,0.15174914160455039,0.19022050587575853,0.19602648315035362,0.1438581420571417,0.18031498010345848,0.16790630475713322,0.16142001364522288,0.15773339047432303,0.16916456194671176,0.17274414402798788,0.1871107754193468,0.17685470587617183,0.15251188791476233,0.1514205612942795,0.20733184588744713,0.16005027736655092,0.16174842667407122,0.1798941968305699,0.1645407964940298,0.1660391061644697,0.16901687941402713,0.16103000798974118,0.14528473174762954,0.1374857531742046,0.14238135836928179,0.1510624095643974,0.13389512345350654,0.1329170608990565,0.1415349643136601,0.15547021226781774,0.1494037240067739,0.15319456859666689,0.1660230961650865,0.17196989739868596,0.17734028426102755,0.15606860428664882,0.1679530704430517,0.16040918319306788,0.14593967279692296,0.16822577000303884,0.16931643263785784,0.1620741600974407,0.15732375244899352,0.16869825767456245,0.19170545358932906,0.15425453095977218,0.13754815678529764,0.1687237151098766,0.1798524388807199,0.17888430170784644,0.14728302329128642,0.1887317612647011,0.1914458574844898,0.14114065511949417,0.1730551554647504,0.1696183800686053,0.16513164134824984,0.1574238732282633,0.17034691736100305,0.17948705939669443,0.1857862983018395,0.17486125204723701,0.14724701235171353,0.1390283826943476,0.21421196335321244,0.16269825488535186,0.1596069567619355,0.1792378334721855,0.16697048463988512,0.17151577171943003,0.17688473556054612,0.1646176562764138,0.1358842037584073,0.12956236366030313,0.14027793883158363,0.1463307137659636,0.1388672886246902,0.13787376492890638,0.14578536247988283
77.0,2.3782467125039672,2.3119949358546883,2.336677687266986,2.3430299657025917,2.51038877286186,2.5766213436868814,2.3350748720503454,2.4677770512247625,2.639337226871521,2.264800832284286,2.459839397400321,2.632929372285261,2.6308791122525768,2.367526392629677,2.2643113786347078,2.504766919636527,2.1546305320745507,2.2843351641783745,2.1016174581330263,2.4561110305799194,2.515663594806384,2.6738646247741813,3.1012799649161367,2.458970668635354,2.5370521198138545,2.888180436108227,2.352822490745761,2.1080581266110117,2.0288833038999607,2.029482972005845,2.32166207335609,2.3009838862631087,2.072306535612153,2.0405623989136905,2.2683706816748956,2.197354650566324,2.396884162257785,1.7509920527672578,1.862209767279006,2.0445404067896313,2.477751626582443,2.272797365860259,2.3015042520384705,1.8961514131080381,1.6451873967242892,2.096581708216039,1.9828352897070318,1.873864399659352,2.169958430017453,2.3743398925443056,2.3759299301259977,2.299145278700751,2.329139997243175,2.3605853973860063,2.5045081801282456,2.5811424291420453,2.297962158888694,2.4564568064601127,2.6491361273266465,2.2531998366420924,2.4444070180705637,2.6649810166419696,2.6717874326671422,2.453385771411866,2.2477780375676826,2.442640026642147,2.1427285652164896,2.2586732102220495,2.076318230909685,2.472023800471121,2.549176509365667,2.6894258864993983,3.163742014375136,2.4642286854099096,2.542219805383111,2.836230449715216,2.301107789791936,2.122803270409276,1.9983659756373806,1.9641822027084697,2.3113985140395292,2.2838549997615667,2.0679287781716806,2.0066374358168297,2.2840795741052182,2.2053602607248974,2.405738813950381,1.7197625984363838,1.826741383404554,2.0046480031647893,2.4949384520124176,2.3052647309314906,2.3085587943425354,1.9095830166176544,1.6894905383468282,2.144171421658636,2.0381661983116217,1.925091579964978,2.191323723741092,2.4436415101644164,0.16880554306700024,0.1573774399965577,0.15937619776522502,0.16106787199807027,0.18252941713883394,0.17600284350504197,0.15950401058367952,0.17750212633026574,0.14753525083485394,0.15300382312967345,0.17513917459399714,0.16661956451481683,0.1659324825902033,0.15880601428031818,0.1705095176177386,0.19362285360691653,0.16776184015337434,0.1469724784133706,0.16793300156017213,0.16363810479349475,0.18748675032961096,0.15206292115924677,0.19152455387436065,0.1975306910692389,0.14517508470998428,0.18161326955326898,0.16945091093100498,0.1624429702849059,0.1590315706856392,0.17053704620159635,0.17402760347348034,0.18938373922167123,0.17839688079302057,0.1533843054195085,0.15232518248623322,0.20858177527374527,0.16160252947473688,0.16262381451503444,0.18119497504982818,0.16553370156240574,0.1670112540803124,0.17048566137878232,0.16202550223310025,0.14514237284166542,0.13728687002903017,0.1426917501250055,0.15129367778596578,0.13345491166921203,0.1324005887005183,0.14215610348770313,0.15774413635943338,0.15000049489286887,0.15392656459232829,0.16718776693697773,0.17400122221801942,0.17901453036781909,0.15784584312833966,0.16969290464577214,0.162596704699704,0.14756653459019586,0.1685341718064994,0.16997088934763316,0.1628113318616993,0.15737850332259953,0.1694229077687008,0.1940025264058274,0.1567402689243788,0.13813425587236136,0.16969898959843221,0.18297888268240442,0.17939085601894203,0.14723542404965195,0.19058952140763438,0.19330014125264122,0.1415950116080377,0.17403575536626,0.17054051398936404,0.1664480069547593,0.1579866099386464,0.1711270471888479,0.18096970766675352,0.18749327266805144,0.17570954177318823,0.147436919956021,0.13973531714523812,0.21516811541635203,0.16386947487490042,0.16012127835463796,0.17996936900827337,0.1683436641908415,0.17252492256608504,0.17780534006098866,0.16499131855916674,0.13549442182370447,0.12908503157602064,0.14048283794429936,0.14532552449034916,0.13807733291589125,0.1373193167133898,0.14594137975983937
78.0,2.375606975235372,2.3045371729305226,2.329864583875928,2.334647356158422,2.502252487637608,2.5653811673485474,2.325738346491359,2.465781592850853,2.6346520280663137,2.2588008362338856,2.4513164375140604,2.6265478592225824,2.6226586381271444,2.360828455428067,2.2561618411080437,2.4967577162372576,2.1479714130781766,2.2763308145858856,2.094372644207791,2.452728735139096,2.50702470026626,2.6708604028642453,3.092160973095292,2.454022597045132,2.531134806145544,2.8808697450124905,2.3442414754855236,2.101751040321701,2.021123535353383,2.021874547692712,2.310633828551437,2.2898699632883286,2.0654512230656206,2.0336366763934786,2.2627278592871227,2.189663756259975,2.3903227729837218,1.7444175072524828,1.8524716477490322,2.035966700740077,2.469534129801509,2.261393305800185,2.294164683870927,1.8916930703135555,1.643257161051162,2.090566008406026,1.976214938643014,1.8710369518002423,2.1635634855927783,2.367931914679711,2.374387139752805,2.290452949915007,2.321184998011655,2.351954536701665,2.497253312043733,2.5704126805456884,2.288988816582887,2.456354895252401,2.6445751336454952,2.2477921807233967,2.4359496373221,2.658410200645595,2.6654805239671484,2.4475708406703016,2.2394651944092088,2.4325239359562096,2.13756471169821,2.2512781319864525,2.068258392245255,2.473571144756942,2.5414729667493026,2.6850002427311694,3.153614667867842,2.460853041420635,2.5363556360696937,2.826410948436416,2.292751865772279,2.1167869130347494,1.9910980134256238,1.9574535196726226,2.3005190831336746,2.2734821877074887,2.0605726791721204,1.9990085726825795,2.2779664637848556,2.1984611565566405,2.3996959918339256,1.7137174328013594,1.8172692957541972,1.99606527958719,2.487626904346098,2.293189017547294,2.299761003816529,1.90522976463556,1.688739272382941,2.1384295406404927,2.031951703302993,1.9227116117906342,2.1853496757537103,2.4377934519781297,0.17141314144792621,0.1584102309936572,0.1606048136208029,0.16274280813760245,0.18507003077313308,0.17733485345366834,0.16100994885498748,0.17969001695022555,0.14924543231102416,0.15503065098667781,0.17719208009111342,0.1676021872593396,0.16698059943854882,0.15924580009500855,0.17205585554361746,0.19591257417802618,0.1709713265509659,0.14833759289376963,0.16878033526941838,0.16548442987184436,0.18819600571350087,0.15229954349510555,0.1928299728341408,0.1990495244139489,0.14653666213728617,0.18293938859177425,0.17105587974791664,0.1634527592632758,0.1603498517487321,0.17196691578304452,0.17534100175951872,0.1917407548127472,0.1799906278020545,0.15424547204861858,0.15323360752114548,0.20982520709333927,0.16319970785589008,0.16351122479505845,0.18254003432508312,0.16654397544712513,0.16798353924361067,0.17202229868497293,0.1630462405152498,0.14490526660304004,0.13699884205875265,0.14295266468246637,0.15147200657142643,0.1329091251393036,0.13176035863469418,0.14275359469442,0.1601164750146326,0.15056544483683187,0.1546578137091036,0.16833224496685803,0.17610765386553304,0.18072498487501887,0.15968198843561193,0.17149801388606917,0.1648787369939132,0.1492448158553918,0.16875740248540735,0.17058451804823552,0.16355684235309834,0.15735713286030603,0.1700926896726173,0.19639089500554452,0.15935245560867708,0.13866991733183726,0.170659518242562,0.18631580588554852,0.1798453157240353,0.14708675682160233,0.192491745982903,0.19521215625546634,0.14197824272298773,0.17501526621249627,0.1714481597564902,0.1677923305660767,0.1584792177250824,0.17188491303592957,0.18246600190045206,0.18922581854483103,0.17651873082849429,0.14754232027968392,0.1404607852218575,0.21607408320048133,0.16505246807097915,0.16062269864569076,0.18066135959924826,0.1697807447801172,0.17350778287746607,0.17868283269379437,0.16527690303121123,0.1350001842149972,0.12853346255353612,0.1406442988664735,0.14413751332573338,0.13713771639528022,0.13666341114616765,0.1460315826735059
79.0,2.373387764173225,2.2973154116544428,2.3231706786390576,2.3262575923425124,2.4944106166273086,2.5542777237535828,2.316333773848271,2.464066572279956,2.6299853585577484,2.252999634298176,2.442630551305072,2.620144070616247,2.614340888586866,2.354123310769682,2.2481173103153753,2.488503422461507,2.141566173496861,2.268173839501105,2.0873762100443782,2.4493193179037425,2.49831234201027,2.6680262315284926,3.0828110242170474,2.449343134092923,2.525139512335722,2.873649257878642,2.3357415740048357,2.095730265718182,2.0133750719186776,2.0143872249500023,2.2993744855535074,2.2785167297516633,2.058835321254552,2.0267865972912302,2.2571974215191717,2.1824117104885383,2.3839461890881166,1.7380420931673983,1.8424918837413424,2.027092790259879,2.4611209905154614,2.2494428930761856,2.2869258606618104,1.887359494326849,1.6412143156851693,2.0845666123052937,1.9696261134231017,1.8682225034373092,2.157149514881461,2.3614044794522306,2.373232702107038,2.2819470109298186,2.313335858294586,2.343204291747601,2.490312673646953,2.55978535960992,2.279983348092978,2.456622123185545,2.640092265109379,2.2426074765540327,2.427249561080858,2.6518515782020797,2.6592782728400355,2.4419162826964564,2.2312035920877555,2.4221352506340414,2.1327090069485717,2.2437572813076625,2.0603658354081458,2.47535894727271,2.5337677060302086,2.680625240077493,3.1431799787703127,2.4577391115510085,2.530411876011853,2.8164785109559594,2.2844572374781213,2.1111072105594477,1.98391770356527,1.9509194146933473,2.2894682254131706,2.2629500709575776,2.0534791087047934,1.9914411748783045,2.2719800014726443,2.19200949791928,2.393827699508088,1.707949947315901,1.8076353562184204,1.9871978333437272,2.4801999877937795,2.2806420709158504,2.291011556255828,1.9009064607354247,1.6878222892773564,2.132702498702877,2.0257412203517826,1.9202567610133239,2.179361319580717,2.4319595279037776,0.1741171866695013,0.159445700299724,0.16186847864264986,0.1644712348677707,0.18770429928191557,0.17865038247235943,0.16251837124712265,0.18195298729823156,0.15099904987857882,0.1571375739842866,0.17934339346980707,0.16858536964676346,0.16806757419174229,0.15965576402606307,0.173638600236961,0.1982932182618902,0.17433457751627088,0.14973630551867342,0.1695929785979024,0.16742063505628124,0.18885605395926042,0.1524531436953164,0.19413551690269185,0.2005801151106917,0.1479418564333492,0.1842932264460351,0.17272223069253745,0.1644462784944499,0.1616859954450862,0.17345540546314392,0.17668237726173153,0.19417977356117927,0.1816364244196209,0.1550933649833801,0.154144938065159,0.21105952561134497,0.16484143283444969,0.1644108189190144,0.18392863948764962,0.1675709172212066,0.16895393855541238,0.17362849500881736,0.16409293268099787,0.14456915550894742,0.1366181747812299,0.1431621979424452,0.15159554135348297,0.13225574110230762,0.13098998211375346,0.143326502979932,0.1625849401975943,0.15109738284406088,0.15538975191866186,0.16945331242798162,0.17828685639240682,0.1824682277140947,0.16157535724872543,0.17336703589427518,0.16725331116949094,0.15097151872797288,0.16888927472954693,0.1711547877291887,0.1643130007957732,0.1572571649698841,0.17070182192149796,0.1988712239957856,0.16209050255562338,0.13914859664236412,0.17160235413017164,0.18986402547100356,0.18024660838879866,0.14683131913689781,0.1944382233675267,0.19718044170715915,0.14228415975525743,0.1759936892691906,0.17233932963479234,0.16916486969870118,0.15889626259973375,0.1726184185267862,0.183972562125383,0.1909803724877967,0.17728527051743476,0.14755913051526262,0.14120941025766406,0.21692430545491515,0.16624581682931777,0.16111109173536797,0.18130903943816631,0.17128449043949334,0.1744601546592168,0.17951302119427115,0.16546902085043083,0.1343963817044217,0.12790695486683284,0.14076274174322104,0.14275401084211053,0.13604303686658792,0.13590239625243491,0.14605428786830982
80.0,2.3716252001710187,2.2903596642897712,2.316616022782058,2.31787944553955,2.486892472715577,2.5433314109384346,2.306869358871051,2.4626549623342266,2.6253457634434976,2.2474179912770715,2.4337872321758836,2.613727403726274,2.6059310631122186,2.347421446981765,2.240199589437616,2.4800029177067184,2.135442728863712,2.259864566658226,2.080660105011762,2.4458902918577134,2.489536993264121,2.6653806911141453,3.073230613132564,2.4449519644463322,2.5190680867116297,2.8665273822778743,2.3273423330313214,2.0900278524257754,2.0056556777333006,2.0070445430518715,2.2878804841019815,2.266921847962555,2.0524889664510675,2.020034548268764,2.251797677638458,2.175636049662886,2.377773404384351,1.7318916791348713,1.832272773378518,2.017913006928004,2.4525120002993996,2.236928481119526,2.279806688341692,1.8831696254583543,1.6390572636082061,2.078598932773013,1.9630835145390135,1.8654298366245003,2.1507290024897503,2.354765287724727,2.3724994753642834,2.2736555145806654,2.305612183944851,2.3343460229306294,2.4837170290695765,2.5492775351701833,2.270956838207922,2.457284934320413,2.635699064317046,2.2376670735679425,2.4183073961582275,2.645316029851525,2.653196540057386,2.4364403260507865,2.223011097178012,2.411475205512811,2.1281917918119033,2.2361116836973505,2.0526687500596115,2.477403007791534,2.5260742449993745,2.6763148010855824,3.132436630508383,2.454903390131218,2.5243908162177995,2.806433281953712,2.276241157242885,2.1057986324608162,1.9768457611353323,1.9446050749991577,2.278245815239883,2.2522595725691854,2.046680506689226,1.9839564986286014,2.2661391455027213,2.1860417160067813,2.388151596416864,1.7024892172195443,1.797845639461955,1.9780412442460713,2.4726605891605016,2.2676105086423743,2.2823271151697937,1.8966254825809319,1.6867324979446683,2.1270044661877794,2.0195478839602865,1.9177299792821152,2.1733710170051985,2.4261536697676784,0.17691348315294206,0.1604822177384553,0.16316688128889173,0.16625195930726414,0.1904290286096093,0.17994266205930257,0.16402314444197977,0.1842880351148432,0.15279117681127669,0.1593207073615172,0.1815958351061674,0.16956710223040214,0.1691952590820122,0.160033726920578,0.1752555862113387,0.20076398408610957,0.1778485396337107,0.1511657107998181,0.1703664575829227,0.16944800216620523,0.18946438669647175,0.1525180197198652,0.1954402208707765,0.20211904957618798,0.14938916360172277,0.18567448766685693,0.17445064474683142,0.16542029128459426,0.16303744199577475,0.17500342446820497,0.17804914694165636,0.1966977432965697,0.18333442629130542,0.1559260898847855,0.1550583936892364,0.21228167143726923,0.166527063459067,0.1653226274172085,0.18535949817432146,0.16861346389566348,0.16992015001234104,0.17530567333686012,0.1651662485179881,0.1441305747390239,0.1361424493888046,0.14331913947264618,0.15166337254510318,0.131494355087966,0.1300839702241263,0.14387457439496948,0.16514609373655445,0.15159577855492573,0.1561245670420797,0.17054787796196583,0.1805355942404379,0.18424008089064786,0.1635236290582555,0.17529773952679253,0.1697172414655915,0.15274285630375006,0.16892396199296766,0.1716796523637971,0.16508282515822195,0.15707701297206908,0.17124449283082288,0.2014437617344345,0.16495283164743707,0.1395633568011442,0.17252462581603606,0.19362255166732378,0.18059475702332461,0.1464640916545702,0.1964289723692418,0.19920289951298548,0.14250657396629673,0.17697132684585795,0.17321214348868094,0.17056605457648685,0.15923255788302795,0.17332558549785163,0.18548544476823395,0.19275269899704056,0.17800567266382264,0.1474840063226948,0.14198701368840988,0.21771280612242455,0.16744805290512121,0.1615865689119747,0.18190744917502666,0.17285767552242137,0.17537768465554462,0.18029194417191816,0.1655628148616069,0.13367858593275647,0.1272060531223205,0.14083975832473963,0.14116230871419486,0.13478936725979268,0.1350336536962133,0.1460088697620676
81.0,2.3703554040822876,2.283699943099814,2.3102206675306913,2.3095316870342213,2.4797273687870143,2.5325626269396193,2.2973533063096814,2.461569735835822,2.6207417878212778,2.242076671970497,2.4247919735290187,2.6073072558126817,2.5974343611837063,2.3407333523915606,2.232430481655712,2.4712550813703067,2.12962899471184,2.251403323791448,2.074256278478944,2.4424491699848714,2.480709127253576,2.662942361968477,3.063420234693037,2.4408687727729736,2.5129223776005216,2.8595125257813963,2.3190632992926137,2.084675850069843,1.997983116934694,1.9998700412724304,2.2761482639365926,2.2550829802304295,2.0464422949272705,2.0134029159878857,2.246546936912336,2.1693743101939185,2.371823412685757,1.7259921337777733,1.8218166147831625,2.0084216823233905,2.4437069507284543,2.2238324233614355,2.272826072841141,1.879142404018485,1.636784407802147,2.0726783826683777,1.9566018424824065,1.862667733415786,2.1443144330238493,2.348022040360018,2.3722203177001493,2.2656065137030548,2.2980335808153742,2.3253910906575705,2.4774971424432173,2.5389062760619185,2.2619203717166165,2.4583697727177976,2.63140707386727,2.232992321199035,2.4091237493655435,2.6388144361340995,2.647251186390778,2.431161199293679,2.2149055762546053,2.400545035429629,2.1240434071325307,2.2283423646672094,2.0451953258609463,2.4797191260864615,2.5184061014477965,2.6720828483026824,3.121383306507881,2.4523623714914145,2.5182947476957507,2.796275406109511,2.268120877399982,2.1008956482162704,1.969902901214844,1.9385356878185707,2.2668517269756743,2.2414116155996675,2.040209313044904,1.9765758001580633,2.2604628542091887,2.18059424201315,2.3826853420041902,1.6973643177518163,1.7879062201495273,1.968591092105846,2.465011595251294,2.2540809483320747,2.273724344067741,1.8923992078357774,1.6854628072994777,2.1213496134372263,2.0133848286308433,1.91513421824606,2.1673911298102317,2.4203898093961524,0.17979661796885515,0.16151811968287047,0.16449948629014918,0.16808341767134144,0.1932399401507533,0.181204082316345,0.16551724488595762,0.18669126380637702,0.15461600794878502,0.16157510380073883,0.1839521364493326,0.17054528303077227,0.1703655336546328,0.16037751399765593,0.17690417863651126,0.20332339789353165,0.18150879202630205,0.15262221757953853,0.17109614963324923,0.1715672883092922,0.19001920043085083,0.15248869841408022,0.19674344767058746,0.2036623333706547,0.1508765392659024,0.18708267564610373,0.17624140977186864,0.16637143942910887,0.16440129331774206,0.1766115075931453,0.1794380508388231,0.19929051966506248,0.18508442022831792,0.15674192777007354,0.15597331434681924,0.21348809932474913,0.168255664493496,0.16624652725696865,0.18683070336484914,0.16967013214944243,0.1708795649380528,0.17705491538622037,0.16626679897071833,0.14358704342755688,0.1355705663090903,0.1434231034822324,0.15167572678273308,0.13062656677428397,0.12903801822127506,0.14439836337703377,0.1677952403847987,0.15206086147547992,0.15686528317376555,0.1716130085786907,0.18284965781163956,0.18603554722568647,0.16552377558952608,0.17728693423301561,0.17226599276614005,0.15455418921316758,0.16885610665190257,0.1721576421471493,0.1658700988265784,0.1568161436045016,0.17171492195766744,0.2041082789134932,0.16793679769860267,0.13990685643024361,0.1734235731814728,0.19758847197699536,0.18089105781794138,0.14598092836154383,0.1984642564572222,0.2012767334922533,0.1426393467551833,0.17794882288018465,0.17406486482549943,0.17199651762517773,0.15948325524044596,0.17400459453675632,0.1870000890699409,0.19453783401749822,0.17867655435534893,0.1473145049870486,0.14280069361562037,0.2184331770622512,0.1686576446639609,0.1620495249715355,0.18245146579337032,0.17450307326231587,0.17625584951679527,0.18101593539200586,0.16555407955818052,0.13284320772077354,0.12643278523052326,0.14087829340827712,0.1393497629398169,0.13337463928655657,0.13405584425016,0.14589595251911533
82.0,2.369614496760524,2.277366260347887,2.3040046641106677,2.3012330881111955,2.4729446177262298,2.521991769793582,2.2877938209141155,2.4608338656068813,2.6161819767887677,2.2369964411783556,2.4156502687669885,2.600893024135526,2.5888559822818142,2.3340695153263176,2.224831790150624,2.4622587928497235,2.1241528865743344,2.24279043863495,2.0681966798149145,2.439003465269053,2.471839217204377,2.6607298244387096,3.053380383749622,2.4371132437404306,2.5067042333296454,2.8526130959603937,2.3109240195163294,2.0797063082757177,1.9903751536603091,1.992887258885848,2.2641742647969956,2.242997788864692,2.0407254429552837,2.0069140871104083,2.241463508608193,2.1636640284925237,2.366115207805721,1.72036932571896,1.8111257060778694,1.9986131480250051,2.4347056333776993,2.2101370732331453,2.266002920090725,1.8752967703176662,1.63439415124888,2.06682037485059,1.9501957977449667,1.8599449758651152,2.137918291089999,2.341182438220946,2.372428087290207,2.257828061132485,2.2906196547590483,2.316350855335219,2.471683777899544,2.52868865112055,2.2528850334080137,2.45990308243856,2.6272278363587964,2.228604568881245,2.3996992275141804,2.6323576775898934,2.641458072611784,2.4260971309855655,2.2069048958922157,2.389345975221663,2.1202941937547966,2.220450349728877,2.0379737524734076,2.4823231019305383,2.5107767931664666,2.667943304276013,3.110018690194657,2.4501325499617836,2.512125961453926,2.786005028103183,2.2601136502828414,2.0964327273032146,1.9631098388828128,1.932736440380116,2.2552858349824056,2.2304071231063762,2.0340979676913453,1.9693203356912934,2.2549700859261432,2.1757035071324013,2.377446595714033,1.6926043241522362,1.7778231729458613,1.9588429567347176,2.457255892871163,2.240040007590165,2.2652199064590617,1.8882400141636442,1.6840061262563593,2.1157521107932027,2.0072651888657767,1.9124724295542475,2.1614340197788966,2.4146818786154953,0.18275993040649346,0.16255170731889423,0.165865479996431,0.16996366259903975,0.19613160873471774,0.18242615173300605,0.1669927021221857,0.18915783933022948,0.1564668755992346,0.16389475638366938,0.1864150250077105,0.1715177128255647,0.1715802803918041,0.16068495930474627,0.1785812407068094,0.20596927581449528,0.18530951255489372,0.15410151316893253,0.17177731006753977,0.17377869166033644,0.19051952481703927,0.15236000183133971,0.19804492803829654,0.2052053740622762,0.15240135527685233,0.18851707691105998,0.17809436574934465,0.16729627161552355,0.16577430283325828,0.1782797720973189,0.18084510807841814,0.20195279107287495,0.186885777057201,0.15753938369508905,0.15688915195765685,0.21467474787470145,0.17002598376781863,0.16718222210483089,0.18833968491028316,0.1707389612704161,0.17182924380139228,0.17887688930833842,0.16739511131068885,0.14293726394201361,0.134902997231652,0.14347465670216686,0.15163415997603882,0.12965640795183875,0.1278493267342606,0.14489935986473645,0.1705263439986984,0.15249370630229747,0.15761582944096664,0.17264596121915196,0.18522381185163098,0.18784876470641554,0.16757200028767066,0.17933039917083465,0.17489356794204194,0.1563999814906792,0.1686809246159842,0.17258794317531492,0.166679399502019,0.15647523631462773,0.17210743159520692,0.20686400795188828,0.1710386298404532,0.14017135335934408,0.17429658353347532,0.20175686531986908,0.1811382431123035,0.1453787534732557,0.20054457960542735,0.20339840140799204,0.1426764550608746,0.17892719675237562,0.17489593851879853,0.17345712526356288,0.15964394237999657,0.17465382764313198,0.18851126983052557,0.19633003541246494,0.17929469021132718,0.14704924647364634,0.14365885692369032,0.2190785698264976,0.169872986412383,0.16250068853625502,0.18293584539620075,0.17622344244752383,0.17708993776412363,0.18168168660411355,0.16543937869680267,0.13188764261132527,0.125590888923166,0.14088280718033228,0.13730388798455231,0.13179905498099656,0.13296915208238397,0.1457175910575679
83.0,2.3694385990592406,2.2713886282972875,2.2979880637477015,2.293002420055147,2.466573532417842,2.5116392375368166,2.2781991074343373,2.460470324469567,2.6116748754436694,2.2321980637005585,2.4063676112923287,2.5944941059548055,2.580201125887033,2.3274404241132927,2.21742531810325,2.453012931542408,2.1190423199843016,2.234026238922949,2.0625132583886425,2.4355606906941265,2.4629377363422886,2.658761658872087,3.043111555153509,2.4337050620163154,2.5004155022262595,2.8458375003860557,2.302944040430092,2.0751512766687474,1.982849552047604,1.9861197351662547,2.251954926422901,2.2306639361747727,2.0353685468071943,2.0005904482981465,2.2365657019933973,2.1585427409695965,2.360667783557592,1.7150491235813166,1.8002023453852287,1.9884817356118114,2.425507839822269,2.195824784165917,2.2593561360210184,1.8716516646663257,1.63188489693029,2.0610403221788505,1.9438800808183703,1.8572703460264475,2.1315530612944174,2.334254182170354,2.3731556423100684,2.250348209704441,2.2833900116287884,2.307236677370403,2.4663076995701827,2.518641729181512,2.243861908071043,2.4619113075435033,2.6231728943904042,2.224525166048504,2.390034437415513,2.6259566347590866,2.6358330594919903,2.4212663496868703,2.199026922665498,2.377879259726052,2.116974492523015,2.2124366643940485,2.031032219558294,2.4852307350968457,2.5031998379463802,2.663910091552822,3.0983414649945242,2.4482304198725005,2.5058867485005347,2.775622292614566,2.2522367282248688,2.0924443391990875,1.9564872892182739,1.9272325199122997,2.243548013621949,2.2192470181466626,2.0283789105480485,1.9622113614529024,2.24967979898769,2.1714059425585286,2.372453016990356,1.6882383116603443,1.767602572515682,1.9487924179443203,2.449396368825181,2.225474304021851,2.2568304658530547,1.8841602792282224,1.6823553637299107,2.110226128597705,2.001202099167395,1.9097475648557287,2.155512048694279,2.4090438092520463,0.18579552764514395,0.1635812414794939,0.16726370797521475,0.17189036188168613,0.19909743288262896,0.18359948317867886,0.16844057192982742,0.19168197972538314,0.15833631929373895,0.1662726491876604,0.18898719748742104,0.17248208618681496,0.17284134755849515,0.16095390550537886,0.1802831075618035,0.20869870365855248,0.1892434841794927,0.15559855155705257,0.17240511012867638,0.17608184501738489,0.19096534760103953,0.1521271099923918,0.199344787063006,0.20674298932090088,0.15396037256261655,0.1899767465076697,0.1800088516244862,0.16819129139358083,0.16715287398896458,0.18000788430412626,0.1822655900310338,0.20467802343380795,0.18873740595228833,0.15831723478168783,0.15780544784737002,0.2158370267479404,0.17183644434616788,0.16812922747833273,0.1898831753599657,0.17181746035970974,0.17276589732213748,0.18077176409501375,0.16855159675813747,0.1421813213275338,0.13414203495368246,0.14347543547049524,0.15154174253260297,0.12859080607975815,0.12651695695624285,0.14538010969749318,0.17333197601900782,0.15289629390472717,0.15838108423606767,0.1736442124748901,0.18765177548783699,0.18967298320276305,0.16966369273752435,0.1814228397734349,0.177592425111353,0.1582737836438813,0.1683942989703952,0.17297045742287404,0.1675160891012837,0.1560563271431639,0.17241652839818392,0.2097095862767402,0.17425339787536512,0.14034872959840952,0.17514122675442717,0.20612075290300175,0.18134061433322007,0.144655755764882,0.20267065750242003,0.20556358595993862,0.14261207383372282,0.1799078664629364,0.17570402931583187,0.1749490114545388,0.15971074421295953,0.17527191147125706,0.19001306112011188,0.19812274402638066,0.17985707248517296,0.14668806113873742,0.1445711869467214,0.2196417000636144,0.17109239124258782,0.16294117606228276,0.1833552816301096,0.17802151253869627,0.17787503022379306,0.18228630484910696,0.1652161528342264,0.13081038761695085,0.12468600860124014,0.14085940040570247,0.13501242577757414,0.1300655095173843,0.1317755109115845,0.14547742526744184
84.0,2.369863831831926,2.2657970592113337,2.2921909176675213,2.2848584541507573,2.460643425746473,2.501525428205819,2.2685773706203154,2.4605020852460266,2.6072290288836797,2.2277023043370634,2.3969494945075223,2.5881198985305485,2.5714749914798527,2.32085656707972,2.210232868694553,2.443516376845796,2.114325210474845,2.225111052389616,2.0572379635691354,2.4321283592439427,2.454015157893045,2.657056445615861,3.0326142437558694,2.430663912268232,2.494058032617605,2.839194146629592,2.295142908761543,2.0710428048742875,1.9754240762340196,1.9795910093878015,2.2394866885540154,2.21807908447008,2.030401742755129,1.9944543862128978,2.2318718263353228,2.154047984036008,2.3555001337547457,1.710057395987702,1.7890488308278367,1.9780217766627481,2.4161133616372736,2.180877909590999,2.252904626562608,1.8682260273748807,1.6292550478282561,2.055353637512348,1.9376693921943045,1.8546526259537426,2.125231228243307,2.327244973071084,2.3744358409353343,2.243195012254424,2.2763642572774927,2.298059917169917,2.461399671586791,2.5087825790802505,2.234862080494617,2.464420892093469,2.6192537905608475,2.2207754621347155,2.3801299858808886,2.6196221881817805,2.630392007802987,2.416687083958012,2.1912895231491083,2.366146123779932,2.1141146442815346,2.204302334174377,2.0243989167768683,2.4884578253584375,2.4956887535785506,2.6599971326803273,3.0863503143333237,2.4466724755537173,2.499579399843792,2.765127344323505,2.2445073635594794,2.0889649533812986,1.95005596730023,1.922049113643641,2.2316381372561716,2.207932223777881,2.0230845815345257,1.9552701336674874,2.2446109517279402,2.167737979485526,2.367722265277138,1.6842953555156428,1.7572504935237112,1.9384350555463086,2.44143590991833,2.2103704552323493,2.2485726857590955,1.8801723806931976,1.6805034286347118,2.1047858371927406,1.9952086940380271,1.9069625757995794,2.149637578339463,2.403489533132087,0.1888943569621857,0.16460493310828503,0.16869260567487557,0.17386081112749668,0.20212964643054523,0.18471381459587655,0.1698509493104264,0.1942569858077179,0.16021622087785647,0.1687008644539394,0.19167127844657605,0.17343597712005285,0.1741504963943936,0.16118219692700406,0.18200556941286872,0.21150803956175201,0.19330214932517276,0.15710757268597586,0.17297468833981078,0.17847584444424258,0.19135772923331523,0.15178561552168574,0.20064355188739671,0.20826944743525747,0.1555497356751056,0.1914604947816085,0.18198365571586514,0.1690530289172103,0.16853306971165122,0.18179504007281827,0.183694016580292,0.2074584311635811,0.19063771223635065,0.15907457452403567,0.1587217928995814,0.2169698271853342,0.17368515584176478,0.16908686262113198,0.19145719604871664,0.17290256321145123,0.1736858743342698,0.18273910954511566,0.16973650903273213,0.14132087294578216,0.13329202746211014,0.14342824295079573,0.15140322489266492,0.12744007221692263,0.1250422147145556,0.14584432057575414,0.17620330526248743,0.1532715360271397,0.15916688514966418,0.17460548496851655,0.19012624281972668,0.19150057062334563,0.17179340345826022,0.18355787926153616,0.18035343535352774,0.16016825129579343,0.1679928542909839,0.17330583510609837,0.16838625321069867,0.15556292438146824,0.17263699526336226,0.21264300669443054,0.17757500936163365,0.1404305440183106,0.17595528848259046,0.21067109155010347,0.181504127369014,0.14381156918692894,0.20484335822055266,0.20776719107725203,0.14244067633479485,0.18089265713202335,0.1764880599944589,0.17647361224558492,0.15968042328297566,0.17585775912484297,0.1914988162464408,0.19990855909632674,0.18036097918314767,0.14623211047012077,0.14554852827974368,0.22011486849141418,0.17231408857746694,0.16337254869246182,0.18370448261757083,0.17989996745561712,0.17860598193426427,0.18282735920708568,0.16488280767875005,0.12961111022677493,0.12372583928395274,0.14081588136562026,0.1324633678582789,0.1281800013254218,0.13047879117065908,0.14518078880425125
85.0,2.370926315932117,2.2606215653533486,2.2866332770958833,2.2768199616826936,2.455183610596719,2.491670739837061,2.2589368152220226,2.4609521207584133,2.602852982206507,2.2235299278877374,2.387401411815138,2.581779799122775,2.5626827785407786,2.314328432552858,2.2032762451054695,2.433768008157312,2.1100294735790746,2.2160452067691523,2.052402744725366,2.428713983902346,2.445081955082404,2.6556327650172653,3.021888944407888,2.428009479163771,2.487633672830929,2.8326914422621914,2.2875401712382923,2.0674129425176644,1.968116490357026,1.9733246208246338,2.226765990930029,2.205240896060056,2.025855167071201,1.9885282875164807,2.227400190901352,2.150217294102694,2.350631252210533,1.7054200115609766,1.7776674605282943,1.9672276027567834,2.406521990397804,2.1652788029396084,2.246667297646049,1.865038798753756,1.6265030069246678,2.0497757337102795,1.9315784323644267,1.8521005977009466,2.1189652765429132,2.3201625117859646,2.3763015413415896,2.2363965216179302,2.2695619975580676,2.2888319351405926,2.4569904580810267,2.499128269652194,2.225896635467676,2.4674582801492817,2.6154820674689017,2.217376806573826,2.369986479721672,2.613365218398112,2.625150778316329,2.4123775623594024,2.1837105639177334,2.3541478022204463,2.1117449898746625,2.196048384581532,2.018102033790416,2.492020172488384,2.488257057853954,2.656218350205778,3.074043921636909,2.445475211335628,2.493206206491924,2.7545203279098236,2.2369428086200847,2.0860290393272627,1.9438365882077189,1.9172114088026573,2.219556080246943,2.1964636630573944,2.018247420570287,1.9485179085596425,2.23978250248101,2.1647360491073884,2.3632720000183207,1.6808045309576778,1.7467730106346835,1.9277664493523348,2.4333774029556654,2.1947150788268823,2.240463229686516,1.8762886962222713,1.678443229885364,2.0994454069203012,1.9892981079799832,1.9041204140348635,2.1438229704975096,2.398032982081957,0.1920463429995496,0.16562092850940435,0.1701501237755053,0.17587196233278363,0.20521937949733246,0.18575807278128234,0.17121303090556694,0.19687532010074338,0.16209801398466062,0.17117075295688824,0.19446976213868175,0.17437681847659023,0.175509330188922,0.1613676637438582,0.18374386679838042,0.21439294364140984,0.19747571822173107,0.1586221590469312,0.17348121693581434,0.180959318546823,0.19169889910792812,0.15133156523896255,0.20194213489025775,0.2097785468929436,0.15716499403156295,0.19296687587520145,0.18401697178990983,0.1698781401072066,0.16991063492521397,0.18363996317338938,0.18512418127074823,0.21028498056548764,0.1925845608957511,0.1598108498411702,0.15963776780572433,0.2180675612090531,0.1755699485012403,0.17005425049494055,0.19305706975429748,0.1739905943689646,0.17458515735016725,0.18477778142358764,0.17094989246845782,0.14035931657483247,0.13235958010977056,0.14333711655179684,0.15122516972148628,0.12621839627320028,0.12342905560885559,0.14629694494009918,0.17913013693052648,0.1536232510788419,0.15997999468519145,0.17552776917459675,0.19263895211851167,0.1933230553012372,0.17395484423004376,0.18572809138017074,0.1831658910557483,0.16207520762767572,0.1674740031201718,0.17359547313131307,0.1692965797460205,0.15500008171097446,0.1727639938031082,0.21566157777887024,0.18099624207109077,0.14040811892634977,0.17673680076013806,0.21539681364865332,0.1816364118159049,0.14284742757308092,0.20706360768336446,0.21000336938653502,0.14215715124121972,0.18188379102681707,0.17724724778756662,0.17803270026288154,0.15955047438235456,0.17641060797306804,0.19296116961053644,0.20167923157582712,0.18080405022477533,0.1456839655741087,0.1466026721159181,0.22049000251284864,0.17353622705898167,0.16379687031760187,0.18397826923655167,0.18186142799316907,0.17927741009023324,0.18330291110646735,0.1644387733452703,0.1282906490248076,0.12272019175423783,0.14076175178011363,0.12964490254241975,0.1261519974385509,0.12908492446852837,0.14483475226936723
86.0,2.3726621722133037,2.2558921589866356,2.281335193258465,2.2689057139356503,2.4502233998532024,2.4820955704670062,2.2492856459894237,2.4618434038288717,2.5985552805098266,2.2197016991525382,2.377728856617677,2.575483204991507,2.5538296865502925,2.3078665088599606,2.1965772505169117,2.4237667048744145,2.106183024830068,2.20682902979577,2.0480395512263305,2.4253250776532025,2.4361486011360998,2.654509197423561,3.010936151960737,2.425761447370545,2.481144271193493,2.8263377948550574,2.280155374587967,2.064293739224228,1.960944558554052,1.9673441087508858,2.2137892732906335,2.1921470332540944,2.021758956027521,1.9828345388707005,2.2231691049588616,2.147088207580507,2.3460801327383414,1.7011628389240225,1.7660605326091912,1.9560935454728796,2.3967335176789804,2.1490098176430026,2.2406630552019107,1.8621089191133773,1.6236271772014084,2.0443220236318536,1.9256219018204397,1.8496230433220224,2.1127676907994686,2.3130144991778385,2.3787856017044318,2.229980790630444,2.2630028383234166,2.2795640916892297,2.4531108231845034,2.4896958697327722,2.216976657779157,2.471049915771763,2.6118692677133186,2.2143505487997475,2.359604525749248,2.607196605948225,2.620125231803612,2.408356013451464,2.1763079115460076,2.3418855298847494,2.109895870146755,2.187675841127188,2.0121697602601936,2.495933576259732,2.480918268563591,2.652587666676398,3.0614209703310906,2.4446551215483936,2.4867694594531358,2.743801388053369,2.229560315740115,2.0836710665143947,1.9378498670197533,1.912744592617871,2.20730171695612,2.1848422590425463,2.0138998675748376,1.941975942353982,2.235213409580995,2.1624365826181355,2.359119880657874,1.6777949132259682,1.736176198513316,1.9167821791740334,2.4252237347422105,2.178494792410646,2.2325187611446813,1.872521603479115,1.6761676763964541,2.094219008122392,1.9834834754955988,1.9012240312106594,2.138080586951508,2.3926880879279446,0.19524059516780556,0.16662728878127844,0.17163365081774695,0.17792046930914715,0.20835677447171394,0.18672048768752894,0.1725152348171557,0.19952873832605506,0.16397297255213777,0.17367317038479566,0.19738493589575345,0.17530187489440974,0.17691920367972197,0.1615080953544288,0.1854927010374005,0.21734843729044556,0.20175333411537072,0.16013533418974019,0.17391998479552578,0.18353054081120193,0.1919923247897384,0.1507614839082388,0.20324178744579877,0.21126374018654134,0.15880115369646783,0.19449417830047816,0.18610636292252267,0.17066353569475565,0.17128103393244892,0.18554092497749342,0.1865492102881053,0.21314743081077392,0.19457524822231304,0.1605258871186016,0.16055286185750758,0.21912423368294523,0.17748843227857067,0.17103032644654587,0.1946774661365656,0.17507724958465398,0.1754593659465719,0.18688579259513083,0.1721915187328285,0.13930192416646459,0.13135370799884205,0.14320735556545902,0.1510160361343347,0.12494432548296142,0.12168450043931596,0.1467442307988396,0.18210100660582526,0.1539560789325271,0.16082801279682057,0.17640934004487274,0.19518080976318217,0.19513121035967082,0.17614091820950634,0.1879250783839354,0.1860175737190114,0.1639857568644127,0.16683595706329618,0.17384147655883175,0.17025416929659484,0.1543744141634994,0.17279317816490888,0.21876189647679,0.18450881457090149,0.14027266587614937,0.17748407038711436,0.2202849156180098,0.18174670632983664,0.1417662814867806,0.20933225760276414,0.2122655854861224,0.14175693301468065,0.18288385611233213,0.17798113745197128,0.1796284178109711,0.1593192076278252,0.17693005048305213,0.19439206596097638,0.20342567831990813,0.181184371466638,0.1450476276795058,0.1477460301504957,0.22075872232067437,0.17475688250435475,0.16421676416050038,0.18417169730037541,0.1839084323791244,0.17988369421489867,0.18371152178701725,0.16388452467399606,0.1268509255791894,0.12168095274006582,0.1407080895455822,0.12654525167643443,0.12399471389164768,0.12760194073341827,0.144448081100776
87.0,2.375107521529,2.2516388523744952,2.276316717381025,2.2611344821942776,2.4457921064005346,2.4728203181321367,2.2396320676725012,2.4631989072795637,2.5943444688913306,2.216238382931354,2.3679373223176587,2.569239513396771,2.5449209149888854,2.3014812843282715,2.1901576881098475,2.413511346394506,2.10281377976095,2.1974628492036388,2.044180332441031,2.4219691534803647,2.4272255692798983,2.6537043231819677,2.9997563612655775,2.4239395015561507,2.4745916760325377,2.8201416119793787,2.2730080655382037,2.061717244619319,1.9539260449625617,1.9616730124407054,2.200552975375518,2.178795158361635,2.018143245896199,1.9773955269373644,2.219196877775216,2.1446982608803595,2.3418657691515046,1.6973117466996952,1.7542303451931176,1.9446139363899828,2.386747735055913,2.1320533071324212,2.2349108051607893,1.859455328764172,1.6206259616403524,2.039007920136242,1.9198145010540137,1.8472287448709286,2.1066509556191835,2.305808636109554,2.3819208801994676,2.223975872127486,2.256706385426441,2.2702677472226473,2.4497915310288936,2.480502448157416,2.20811323221798,2.47522224302175,2.608426933892862,2.211718038246425,2.3489847307749696,2.6011272313722564,2.6153312290364004,2.4046406657946204,2.1690994326086006,2.329360541609991,2.1085976259421297,2.179185729323022,2.0066302858474945,2.500213836445579,2.4736859034984637,2.6491190046394144,3.04848014384171,2.444228700522167,2.480271449735642,2.732970669433975,2.2223771372529773,2.0819255044201186,1.9321165188153615,1.9086738523177942,2.1948749217455856,2.1730689347906855,2.0100743624676642,1.9356654912750952,2.230922631361989,2.160876011211744,2.35528356663975,1.675295577560032,1.7254661318243365,1.9054778248230708,2.416977792082993,2.1616962135888733,2.224755943642908,1.8688834801274306,1.673669677082571,2.089120811141011,1.977777931087185,1.8982763789760253,2.1324227894845498,2.387468782496389,0.19846568526325217,0.16762196323831619,0.17313993678662207,0.1800027494029593,0.21153115916054605,0.18758876274745961,0.1737453828987261,0.2022084737054761,0.16583257662417147,0.17619877721029314,0.20041878449874678,0.1762082098850747,0.17838111268299317,0.1616012015022432,0.1872462629189009,0.220368992476239,0.20612329403623894,0.16163970509957593,0.17428649777712937,0.18618758296999027,0.19224274563185795,0.1500723760954233,0.20454402093466068,0.21271830450779922,0.16045276165090822,0.19604041804920141,0.1882487351922995,0.17140654070008504,0.1726395038975376,0.18749578773911765,0.18796165869253748,0.21603441607866353,0.19660648402372644,0.16121990359330732,0.16146637038650552,0.22013354937591192,0.17943808100205388,0.1720138548771302,0.19631248548694372,0.176157593218128,0.1763037670476475,0.18906017244539006,0.17346081191046303,0.13815592842367547,0.13028592021433402,0.1430455000724419,0.15078620153523606,0.1236411937562163,0.11981904695066495,0.1471937319986738,0.18510333186097477,0.15427532487064158,0.1617192296612198,0.1772487686829378,0.19774207192417834,0.19691518392238985,0.1783437824944408,0.1901395950000697,0.18889488763615295,0.16589045401656713,0.16607769733595945,0.17404658479989507,0.17126627442459358,0.15369404344385887,0.17272082150514334,0.22193983397647538,0.1881034950583483,0.1400154543608897,0.17819570637552137,0.22532059403115362,0.18184569543270512,0.14057286714638673,0.2116499170233239,0.21454671757496693,0.14123613884771083,0.1838957515097582,0.17868962914708436,0.18126330684298528,0.158985813988069,0.17741605466796578,0.19578282184280943,0.2051380190118639,0.18150056612035792,0.1443284761460081,0.1489911930508827,0.2209124346310741,0.17597406939403654,0.16463546395520864,0.18428020555527408,0.1860434138965436,0.18041899618420754,0.1840522305353088,0.16322155396694124,0.12529475034422907,0.12062191727549625,0.14066730985178685,0.12315235301212084,0.12172526387177612,0.12603989537922328,0.14403109185651916
88.0,2.3782984847326984,2.2478916577802575,2.2715979006892626,2.253525037743272,2.441919043123325,2.4638653808689517,2.2299842850212075,2.4650416039326366,2.590229092448739,2.2131607440241177,2.3580323023176,2.5630581215985906,2.5359616633370505,2.2951832472850255,2.184039361065199,2.4030008121150614,2.0999496539048055,2.1879469927269626,2.040857037738434,2.4186537243676836,2.4183233327395297,2.653236722639731,2.9883500671735987,2.422563326388195,2.4679777356753263,2.8141113012063603,2.266117790816611,2.0597155083282934,1.9470787137200092,1.9563348711682391,2.1870535369243997,2.1651829336920816,2.015038172949347,1.9722336383782888,2.2155018186178186,2.1430849904131293,2.3380071552633948,1.6938926035108668,1.7421791964026676,1.9327831070870531,2.376564434103692,2.114391624839108,2.229429453453228,1.8570969680165577,1.6174977632233998,2.0338488360826616,1.9141709305568184,1.8449264844016182,2.1006275556082774,2.298552623443938,2.3857402350022863,2.2184098189445254,2.250692244720042,2.2609542621476377,2.4470633457458297,2.4715650737615817,2.199317443573063,2.4800017059600665,2.605166608606297,2.2095006243477657,2.3381277016101865,2.5951679752103285,2.610784630786308,2.401249747949287,2.1621029936801586,2.316574072233289,2.1078805981051185,2.1705790746806928,2.0015118002135974,2.504876752818948,2.4665734804495605,2.645826286642071,3.0352201255946105,2.4442124425871334,2.4737144683476666,2.7220283167314676,2.2154105254920835,2.0808268225218667,1.9266572586735589,1.9050243751309512,2.1822755689771913,2.1611446133591565,2.006803345168304,1.9296078115475879,2.226929126158144,2.1600907660822304,2.351780717407923,1.6733355991994003,1.714648885232472,1.8938489661110733,2.408642461783037,2.1443059599667396,2.2171914406905633,1.8653867038308982,1.6709421408583016,2.0841649863181617,1.972194609257064,1.8952804089800281,2.126861939879705,2.382388997613597,0.20170998902419987,0.168602757200621,0.17466502245562399,0.18211505898026406,0.21473127463702252,0.18835030379874235,0.17489094643419817,0.20490546913026336,0.16766894541258145,0.17873839294188737,0.2035728765036922,0.17709264877819317,0.1798955659014879,0.1616445605241302,0.18899828238982175,0.22344864851997936,0.21057331871920879,0.16312764688474107,0.17457659659065408,0.18892850184186652,0.1924561629935661,0.1492617035304336,0.2058504940775157,0.21413555849843677,0.16211402191193525,0.19760333488131182,0.1904403231003618,0.17210508227914137,0.17398112484603542,0.18950207212116452,0.18935364510676558,0.21893357012532777,0.19867438670315002,0.16189350094759103,0.16237727320717596,0.22108905436690385,0.18141633901215537,0.17300345170280798,0.1979557849404739,0.17722607400085874,0.17711329007290566,0.1912968187552393,0.17475676279514363,0.13693055064168297,0.1291702187462668,0.1428592544558942,0.15054790831766718,0.12233746025567008,0.11784706045337501,0.14765427082543225,0.18812362014760114,0.15458672699391987,0.16266241603184284,0.17804493039082323,0.20031258276289307,0.1986646763198294,0.18055494352128054,0.19236171495883062,0.19178306244144502,0.16777953289235908,0.16519890346600566,0.1742140701217159,0.1723399719087132,0.15296846230157715,0.1725439569630447,0.2251905344463862,0.19177024540943421,0.139628024479337,0.1788706493315384,0.23048742555471638,0.18194523879346758,0.13927372107235358,0.21401675304805803,0.21683919714260777,0.1405917020619923,0.1849226101973957,0.17937299914413124,0.18294033357228207,0.15855040744485427,0.177868970495259,0.19712422265064708,0.20680563622376613,0.18175189265986524,0.14353313265296738,0.15035038068580403,0.2209424559054576,0.1771857528851654,0.16505685450746435,0.18429979033632846,0.18826867385974605,0.18087730862156204,0.1843244981446969,0.1624522899469905,0.1236255117199847,0.11955847821521202,0.14065279375296244,0.11945333339132697,0.11936462164390725,0.12441066942990188,0.14359539733527985
89.0,2.382271182677931,2.244680587467224,2.2671987944089156,2.2460961518673073,2.4386335229061933,2.455251156713931,2.220350502785535,2.4673944666102394,2.586217696279731,2.210489547230735,2.3480192900200225,2.556948426856996,2.5269571310752963,2.288982886057494,2.178244072563904,2.392233981433498,2.097618562794768,2.1782817880999352,2.038101616487531,2.41538630329901,2.409452364740755,2.653124976144111,2.9767177645359824,2.421652606534261,2.46130429844911,2.808255270107184,2.259504097150824,2.058320579976488,1.9404203289638349,1.9513532242076224,2.1732873976769524,2.1513080215548777,2.0124738734590766,1.9673712598552762,2.212102236754019,2.14228593258972,2.334523284887383,1.6909312779804044,1.7299093843604394,1.9205953891430467,2.366183406397469,2.0960071241943243,2.224237906009825,1.8550527771809624,1.6142409849324217,2.0288601843303185,1.9087058908205448,1.8427250439680456,2.0947099753729823,2.291254162043837,2.390276524288489,2.213310683917074,2.2449800220571476,2.2516349968710294,2.4449570314669646,2.4629008153806784,2.190600376633355,2.485414748647542,2.602099834452379,2.207719656537702,2.327034045066286,2.5893297180025945,2.6065012978248716,2.3982014884759,2.155336461335366,2.3035273565918017,2.107775127480043,2.161856902711875,1.9968424930197681,2.5099381251529453,2.45959451720787,2.642723435231606,3.021639599015619,2.444622842073483,2.4671008062974042,2.7109744746257016,2.208677732790853,2.0804094902970274,1.9214928016733654,1.9018213482858541,2.1695035330128,2.149070217805332,2.0041192555962435,1.9238241593960652,2.223251852303525,2.160117278423583,2.348628992406348,1.6719440533835985,1.7037305334024408,1.8818911828497036,2.400220630647375,2.126310649149497,2.209841915796994,1.862043652253211,1.6679779766382385,2.079365703995837,1.9667466445075679,1.8922390728717386,2.1214103999200606,2.377462665105868,0.2049620781657295,0.16956729525699896,0.17620418035701843,0.18425357788527344,0.21794555004225907,0.18899250540358217,0.17593935098042468,0.20761064640782784,0.16947531808014596,0.18128338836352229,0.2068482353736644,0.17795174044681034,0.18146244336779682,0.16163555529279114,0.19074210143381523,0.22658115060721884,0.21509085982557305,0.16459152412702013,0.17478659131053823,0.19175154609299597,0.19263978090135034,0.14832733747068486,0.20716286871678874,0.21550911995218694,0.16377893979716987,0.19918039270181864,0.1926766884447802,0.17275790065338598,0.17530090555573477,0.19155704766909618,0.19071702329968226,0.2218316917536292,0.20077449317967905,0.16254763889908225,0.1632840991524626,0.221984307788256,0.1834207445756734,0.1739976087486363,0.1996007491773626,0.178276559163345,0.17788254399061637,0.19359034824048652,0.17607783469302865,0.13563696097611047,0.12802299802499476,0.14265735242583039,0.15031512591721424,0.12106690562949182,0.11578712201084691,0.14813584815474995,0.1911477272675914,0.15489614758503312,0.16366655395239188,0.17879701148489976,0.2028820627891056,0.20036916204749033,0.18276538287146454,0.19458103211978528,0.19466642334914677,0.16964319002521677,0.1641998440618419,0.17434762201476933,0.17348178012795093,0.1522083128803476,0.17226053523583773,0.2285084247763976,0.19549839403969554,0.13910244134908917,0.17950820710699114,0.23576758414570476,0.18205799209646348,0.13787713942573226,0.216432271306053,0.21913518306353796,0.1398214886290712,0.18596770164011778,0.18003191136455343,0.1846629048735442,0.15801403868261074,0.17828951856165268,0.19840665664132554,0.20841725721360063,0.18193834766626787,0.14266923547015303,0.151834804968656,0.2208401650284194,0.17838985690275969,0.16548549532289178,0.1842272061337569,0.19058634771808752,0.1812525401562798,0.18452811190283216,0.1615799604183632,0.12184674722122169,0.11850717067173748,0.1406783846758326,0.11543370228628792,0.11693734979802017,0.12272763513886258,0.14315354123065527
90.0,2.3870617362181794,2.2420356536987063,2.2631394497657067,2.238866595851047,2.435964858633745,2.4469980437035295,2.2107389257154306,2.470280468134528,2.582318825482004,2.2082455573511313,2.337903778827446,2.550919826431999,2.5179125176840786,2.282890688972906,2.1727936257869027,2.3812097337472453,2.0958484219638995,2.1684675630567463,2.0359460180573263,2.4121744032582018,2.4006231385093226,2.65338766404233,2.964859948203888,2.4212270266619753,2.4545732126811175,2.8025819262530582,2.2531865312684487,2.0575645091892407,1.9339686548315032,1.9467516108329999,2.1592509973728795,2.1371680842594163,2.010480483697495,1.9628307780301393,2.2090164414512015,2.142338623821015,2.3314331518368436,1.6884536387311693,1.7174232071890307,1.9080451141369297,2.355604443512299,2.076882158629286,2.2193550687611214,1.8533416965678018,1.6108540297493041,2.0240573777383783,1.9034340823368734,1.8406332056241728,2.088910699519528,2.283920952772084,2.3955626062336504,2.2087065198806077,2.2395893232906308,2.2423213117996306,2.443503352323931,2.4545267418501444,2.1819731161877653,2.4914878151450184,2.5992381540298912,2.206396484250152,2.315704367954624,2.5836233402891704,2.6024970909237077,2.3955141159348483,2.14881770214888,2.2902216295226814,2.108311554911233,2.1530202389282334,1.9926505539272825,2.515413753220598,2.4527625315644057,2.6398243729552333,3.0077372475305664,2.445476393311358,2.460432754593084,2.699809287796507,2.2021960114827035,2.0807079772230455,1.916643862893805,1.8990899590110235,2.1565586882142935,2.136846671186566,2.0020545336709956,1.9183357910451286,2.2199097681322453,2.160991979429797,2.3458460510789805,1.6711500153521492,1.6927171509989778,1.8696000548506038,2.3917151854810483,2.107696898742329,2.2027240324715183,1.85886670305806,1.6647700933369727,2.0747371345160395,1.9614471713409967,1.8891553223002298,2.116080531388669,2.3727037167995264,0.20821114219890988,0.1705129819335666,0.1777518740996236,0.18641449578582892,0.22116241123597458,0.18950308900665525,0.17687833051045962,0.21031519604454754,0.17124655291403298,0.18382609222827678,0.21024520036946925,0.17878172188320285,0.18308084875333863,0.1615712988974367,0.19247077142126356,0.22976010115506224,0.21966342751423662,0.16602393904400703,0.17491341033804483,0.19465536376814427,0.19280189341422926,0.14726748814565174,0.20848263955509966,0.21683319470743867,0.16544148742663567,0.20076878527486164,0.19495273425659346,0.1733647742742483,0.17659388350334826,0.19365784287134755,0.19204358607780972,0.22471494662602118,0.2029017851158148,0.1631835878518187,0.1641847847748781,0.22281307642479575,0.18544906137494796,0.17499471477123896,0.20124070479062844,0.17930238533803813,0.17860583285910064,0.1959339540109892,0.17742186482263486,0.13428816636368002,0.12686283593334868,0.14244936506802577,0.15010332339575544,0.11986862482220154,0.11366230837087186,0.1486494995032228,0.1941611565021792,0.15520919680014833,0.16474051712186827,0.17950451806851095,0.20544043544516863,0.20201815043318522,0.18496570803224652,0.1967868838864927,0.1975287233159637,0.17147191683087093,0.16308123959543172,0.17445123576011778,0.1746972425775464,0.15142508113008052,0.17186960048357103,0.231887232282231,0.1992768281139274,0.13843158524090557,0.18010810231091476,0.24114208693259737,0.18219692854551203,0.13639308733930486,0.21889509157088122,0.22142676294576388,0.13892438120822057,0.1870343194919597,0.18066741791840302,0.18643487288602006,0.1573786764265547,0.1786787576056257,0.19962028465074588,0.2099610541759881,0.18206077114583913,0.14174512472409748,0.15345398073397035,0.2205971829711627,0.17958426277157014,0.1659266203709605,0.18406018919502717,0.1929983618744993,0.18153864474501447,0.1846630513571326,0.1606084007845877,0.11996160830454375,0.1174850864386335,0.1407577679743143,0.11107616953569335,0.11447104309821546,0.12100519297209493,0.14271853613571783
91.0,2.3927062662069702,2.239986868738011,2.2594399179853695,2.231855140979185,2.4339423631905825,2.439126439874251,2.201157758560886,2.47372258132765,2.578541025153262,2.206449539185224,2.3276912621423964,2.54498171758363,2.50883302264393,2.276917144358525,2.1677098239151418,2.3699269484537666,2.0946671469453224,2.158504645331598,2.034422191816784,2.4090255372291196,2.3918461272709877,2.65404336668164,2.9527771130285085,2.421306271438914,2.4477863266986186,2.797099677215178,2.2471846398971413,2.057479345591908,1.9277414554604584,1.9425535703185226,2.144940775751896,2.1227607841151217,2.00908813993672,1.9586345795646882,2.2062627419767487,2.1432806005179272,2.3287557499251124,1.686485554386042,1.7047229630110292,1.8951266136476401,2.3448273370233252,2.056999081575245,2.214799847637714,1.8519826664875088,1.6073353006559314,2.019455829166054,1.8983702055974705,1.838659751423952,2.08324221265413,2.2765606964915266,2.4016313390133965,2.204625379670647,2.23453975427342,2.233024567340254,2.442733072448406,2.446459922005433,2.1734467470252428,2.498247349513308,2.5965931099375803,2.2055524569190568,2.3041392770865543,2.5780597226101776,2.598787870854376,2.3932058588865797,2.1425645826953374,2.276658125863061,2.109520221243028,2.1440701088414422,1.9889641725974263,2.521319436794975,2.4460910413101575,2.6371430223602124,2.993511754565291,2.446789590630936,2.453712604242938,2.6885329009237315,2.1959826139010654,2.081756752777326,1.9121311574138975,1.896855394534972,2.143440908943524,2.12447489656019,2.00064161931207,1.913163962719369,2.216921831978421,2.1627513002948975,2.343449552869798,1.670982560344583,1.6816148126868005,1.8569711619254219,2.3831290130890586,2.0884513263504645,2.1958544542235123,1.8558682339091244,1.6613113998690883,2.070293448220745,1.9563093242596832,1.8860321089145606,2.1108846960686396,2.3681260845208865,0.2114474130603592,0.171436962557986,0.17930174325275888,0.18859409138149705,0.22437060552387694,0.18987048287453187,0.17769631552712203,0.21301086629185828,0.1729796068194854,0.18636018291817724,0.21376328426324298,0.17957849054238162,0.1847489654793966,0.16144855376478007,0.19417717494465914,0.2329791126710373,0.2242789174881854,0.1674179928996239,0.17495476009149924,0.19763918728301486,0.19295171802796668,0.14608061611952675,0.2098109465964865,0.21810288248744264,0.16709578066897063,0.20236544887908914,0.19726273537961028,0.17392674683418738,0.17785523574717854,0.1958015695650173,0.19332529397600728,0.22756909795785352,0.20505073228097173,0.16380286118515847,0.16507653817995502,0.2235695415879293,0.18749940694516476,0.17599306694101544,0.2028691740430165,0.18029642316606248,0.17927716671918656,0.19831927998513918,0.17878596737599942,0.13289882636379668,0.12571017360667452,0.142245458626771,0.14992915347485483,0.11878674825597196,0.11150037243673346,0.14920709895978862,0.19714938501232393,0.15553080593046545,0.16589271705696093,0.18016729013579885,0.2079781745563395,0.2036014751416957,0.1871463198553356,0.19896858128227604,0.20035352683463212,0.17325686644323282,0.16184411316484304,0.17452912569014908,0.1759905065858968,0.15063071783922774,0.17137148493204696,0.23532000681594248,0.20309419345050453,0.13760946753010714,0.1806705377877099,0.24659105929848768,0.18237478084240596,0.1348330698397341,0.22140273776969854,0.22370617145632707,0.1379003144745711,0.18812566169192876,0.18128094726069738,0.1882605234650016,0.15664715420710337,0.17903802808184413,0.20075524131396522,0.21142475794562343,0.1821209506632982,0.14076944778944248,0.1552150332710353,0.2202055741744113,0.18076679246966254,0.16638610721933786,0.18379769866596773,0.19550637915782915,0.18172979946866047,0.18472931801646575,0.15954181587390534,0.11797224432839419,0.11650919356931204,0.14090376484244913,0.10635894471008499,0.11199545613463398,0.11925820175965807,0.1423033332315762
92.0,2.39924089349781,2.23856424484845,2.2561202502936246,2.2250805585363853,2.432595349461349,2.4316567432625775,2.1916152060718597,2.47774377901176,2.574892840391188,2.205122257532919,2.3173872333673913,2.5391434975719043,2.49972384543532,2.27107274054159,2.1630144701295344,2.358384504950457,2.0941026532721336,2.1483933626586844,2.0335620871349245,2.405947218195607,2.383131804251469,2.6551106644092934,2.9404697538610214,2.421910025532713,2.440945488828846,2.7918169305647424,2.241517969764503,2.0580971388098286,1.9217564949881534,1.9387826419383327,2.130353172553672,2.108083783431445,2.008326978448861,1.9548050511207262,2.203859447598024,2.145149399091314,2.3265100729655757,1.6850528935678761,1.691810949949026,1.8818342192541548,2.3338518785056452,2.0363402464634466,2.2105911485701655,1.8509946272504993,1.6036832006341912,2.0150709514725453,1.8935289610940282,1.8368134634213413,2.0777169993830062,2.26918109406499,2.4085155808033085,2.2010953161226743,2.2298509208584107,2.223756123899701,2.4426769559719994,2.4387174246819723,2.1650323539347025,2.5057197958132336,2.5941762447741983,2.205208923978319,2.2923393792734683,2.572649745505783,2.595389498388447,2.3912949458915094,2.1365949695494186,2.262838080450083,2.1114314673197763,2.1350075379631743,1.9858115386914648,2.5276709756491558,2.439593564236117,2.6346933059937494,2.9789618035456176,2.4485789283623953,2.446942646255152,2.677145458687183,2.1900547923793283,2.0835902864372895,1.907975400312665,1.8951428420862262,2.130150069562359,2.1119558169835706,1.999912952438956,1.9083299306433938,2.214307002176165,2.16543167221285,2.341457157222751,1.6714707636004251,1.6704295931306423,1.8440000838858048,2.3744650002764596,2.0685605495791077,2.189249844562307,1.8530606224701045,1.657594805149185,2.066048815451992,1.9513462377659472,1.8828723843638053,2.1058352557430444,2.363743700096249,0.21466256131649616,0.17233608790990995,0.18084662100722565,0.19078879432704848,0.2275595215028112,0.19008422959801968,0.17838283527440943,0.21569022743375493,0.17467395089074542,0.18888103190867378,0.21740103679678255,0.1803375896805013,0.18646392879796272,0.16126364959507714,0.19585417055545562,0.23623194942353143,0.22892591468514925,0.16876754449758777,0.17490928998423055,0.2007029709045992,0.1930991779773164,0.14476533294014332,0.2111483815908432,0.21931448176584736,0.16873625566015474,0.20396708379022904,0.19960038735509444,0.1744463406652839,0.1790803963754973,0.19798545503053872,0.1945545188432888,0.23037975623604054,0.20721535318441048,0.16440712932963078,0.16595572134806588,0.22424850551581182,0.1895703656152675,0.1769908667215476,0.20448015990356488,0.18125115142708742,0.1798902658894234,0.20073632353765056,0.1801664462653037,0.13148500261839347,0.1245868886586522,0.1420561138363913,0.14981005508858997,0.11786982169133037,0.10933378678370657,0.14982111668794645,0.20009820198256256,0.1558647762379519,0.16713073735720294,0.18078552369143228,0.21048665067318462,0.20510959920953026,0.18929758641140096,0.20111562854655285,0.20312463104629025,0.17499023591894025,0.16048965010083507,0.17458568198369254,0.17736393211806348,0.14983720562316444,0.17076801991827892,0.23879914414539646,0.20693908967171726,0.13663155909520966,0.18119628542578722,0.25209401004438553,0.18260343384036598,0.13320998087981795,0.22395146351340905,0.22596601310310255,0.13675024713303136,0.18924471174442814,0.18187427937697678,0.19014454349388718,0.1558230822845075,0.1793688701423875,0.20180186062097866,0.21279577888156068,0.18212171921560655,0.13975070249312882,0.1571220603903985,0.21965806155571413,0.18193517122014352,0.16687040997032118,0.18344016678008093,0.19811173193443654,0.1818206309315221,0.18472673661599942,0.15838450793286282,0.11587914409798628,0.1155956162147732,0.14112758713633702,0.10125328687492564,0.10954130559673679,0.11750134034714552,0.14192026564262866
93.0,2.40670173894419,2.237797794293354,2.253200497916193,2.218561619807326,2.4319531303306388,2.4246093519049636,2.1821194729983264,2.482367034009007,2.5713828162934806,2.2042844771941454,2.3069971859049514,2.533414563656852,2.490590185538742,2.2653679658493533,2.1587293676110444,2.346581282634789,2.094182856477437,2.1381340427721964,2.033397653380702,2.402946959141528,2.374490642676552,2.6566081375725004,2.927938365552584,2.423057973610943,2.4340525473990757,2.7867420938729364,2.2362060675981663,2.0594499384683327,1.9160315375520358,1.9354623649665628,2.115484627517918,2.0931347445177804,2.0082271355060373,1.9513645793600736,2.2018248675824106,2.1479825559520935,2.3247151147715823,1.6841815248995469,1.6786894661256269,1.8681622625354175,2.322677859534364,2.0148880067251267,2.206747877489059,1.8503965191672058,1.5998961326659633,2.0109181575170365,1.8889250493182153,1.8351031236702946,2.072347544312397,2.2617898463553265,2.4162481897789863,2.1981443820721873,2.2255424288985073,2.2145273418848026,2.4433657670263713,2.431316318715179,2.1567410217050713,2.51393159810564,2.5919991011385344,2.205387234861892,2.2803052813267026,2.567404289516103,2.5923178342975146,2.3897996055100417,2.1309267292857825,2.2487627281208926,2.1140756339857734,2.1258335518050924,1.9832208418706732,2.5344841695561926,2.433283618133277,2.632489146403097,2.964086077897404,2.4508609008359046,2.4401251716379684,2.6656471057667184,2.184429799250922,2.0862430476803646,1.904197306669134,1.8939774888932994,2.1166860444326834,2.099290355514054,1.9999009729711845,1.9038549510418106,2.212084237059575,2.1690695263776725,2.3398865235818094,1.6726437003591905,1.6591675669952193,1.8306824005434013,2.365726033848276,2.048011186033475,2.1829268669972532,1.8504562464046852,1.6536132180918433,2.062017406551765,1.9465710463621149,1.8796791002970263,2.100944572194968,2.3595704953519423,0.21785003140601555,0.17320688689556601,0.18237859119311303,0.1929952198612925,0.2307194820250426,0.19013540358113218,0.17892891125406096,0.2183468873211647,0.17633187569036313,0.1913859654320303,0.2211559241376128,0.1810542114995548,0.18822172734290502,0.16101240696637642,0.19749475696298183,0.23951264552867982,0.23359395136868014,0.17006744861420525,0.17477675543505738,0.2038474573833254,0.1932546400213085,0.14332030032734677,0.21249480117206812,0.22046577345357243,0.17035783216730546,0.2055701865678506,0.20195887539591445,0.17492773891287894,0.18026517505912187,0.200206974390898,0.1957242909262629,0.23313263657821282,0.20938929243870308,0.16499811921481536,0.16681776575534382,0.22484558377595676,0.1916610737161894,0.17798619545224229,0.2060684503554008,0.18215873602839927,0.1804385587971222,0.20317337809433678,0.18155872722734862,0.13006385270884585,0.12351577387662752,0.1418918228579431,0.14976378733783108,0.11716978389440436,0.10719960602988667,0.1505043390263789,0.20299404250731504,0.15621333667221704,0.16846098270467777,0.18135980187148096,0.21295845119117682,0.20653391965697926,0.19141001213625256,0.20321791599254638,0.20582650670795624,0.17666563960911905,0.15901908991429747,0.1746254838398307,0.17881776764793142,0.14905609897465918,0.17006275715804978,0.2423164089480516,0.21080024908869957,0.13549511522242583,0.1816868012213388,0.25763010901101485,0.1828933066278694,0.13153794915229566,0.22653613347513818,0.22819947602122242,0.13547606015594513,0.1903941303894584,0.18244950858125353,0.19209196180854438,0.15491072656491445,0.17967291600206983,0.20275091601497994,0.2140613280665445,0.1820670402811099,0.13869674369041782,0.15917560984286008,0.21894824460492784,0.18308696596868904,0.16738645276917552,0.1829897464479152,0.20081534361729522,0.18180648488117174,0.18465473996148296,0.15714058863061411,0.11368048265874987,0.11475894560750159,0.14143811089795813,0.09571989730412021,0.1071387716878481,0.11574845348884125,0.14158051748167422
94.0,2.415124923399623,2.2377175293360096,2.250700712078792,2.2123170960766894,2.4320450186830467,2.4180046638379182,2.172678764090259,2.4876153191415518,2.568019497957842,2.2039569629688316,2.296526613157594,2.527804313098502,2.481437242434691,2.259813308609048,2.1548763195406,2.3345161609041916,2.0949356720943357,2.127727013406323,2.033960839923124,2.4000322730507215,2.365933115771962,2.658554366518543,2.915183442954379,2.424769800341225,2.4271093507365484,2.7818835747109523,2.231268480125755,2.0615697941927853,1.910584347289562,1.9326162786773646,2.1003315803843225,2.077911329683538,2.0088187473803436,1.948335550944529,2.200177311197293,2.151817607511134,2.3233898691565167,1.6838973170039226,1.6653608096634187,1.8541050750703942,2.3113050716846035,1.9926247157915402,2.20328894032495,1.8502072825480407,1.5959724997331324,2.007012860158735,1.884573170761715,1.8335375142247747,2.067146332048512,2.2543946542253797,2.424862024116008,2.1958006303546793,2.2216338842466055,2.2053495817023467,2.444830269743165,2.424273672940504,2.148583835125301,2.5229092004513554,2.5900732216293343,2.206108739003671,2.2680375900576233,2.562334235181269,2.5895887393531636,2.388738066302613,2.125577728479098,2.2344333037126423,2.1174830620853657,2.116549175878857,1.9812202717963423,2.541774818289151,2.4271747207926557,2.6305444661354778,2.9488832610464613,2.4536520023816264,2.433262471399571,2.654037986842179,2.179124886849247,2.0897495059839533,1.9008175915623102,1.8933845221847057,2.1030487079163502,2.0864794352089957,2.000638120828242,1.8997602801392202,2.210272494962751,2.173701293983369,2.3387553113909205,1.674530445860419,1.6478348089452717,1.8170136917098623,2.356915000609518,2.026789853318774,2.1769021850377097,1.848067483376552,1.649359547611655,2.058213391862047,1.9419968845504996,1.876455208363296,2.09622500720748,2.355620402114279,0.221005285666419,0.17404555188184687,0.18388908991365524,0.19521016785060707,0.23384198977333254,0.19001701874794105,0.17932741845071304,0.22097563738081752,0.17795864296124536,0.19387441411892284,0.22502423515573053,0.1817232216950989,0.19001714772613457,0.16069007451955453,0.19909225127466693,0.2428155891315211,0.23827370071423215,0.17131375813878924,0.17455816988006415,0.20707415568094742,0.19342861794839433,0.14174413804643743,0.21384915931059031,0.22155626275511858,0.17195605168233125,0.20717109490491986,0.20433096526838931,0.175376918007865,0.18140587044730686,0.20246397598795485,0.19682853770919226,0.23581381192098705,0.21156591372751454,0.1655775037905353,0.16765713625331838,0.2253573710254411,0.1937712667407923,0.1789769676540609,0.2076299263762968,0.1830111094814297,0.18091517620565736,0.20561702680698352,0.18295731995267084,0.1286532832065971,0.12251994012127092,0.14176278253778457,0.14980791249686734,0.11674050575501947,0.10513909823368825,0.1512695627818558,0.20582430243521535,0.1565767482360275,0.16988837072905402,0.18189113343798682,0.21538764801173693,0.20786705418618,0.19347439190265361,0.2052658733240908,0.20844473947081488,0.1782784462315075,0.1574336735094205,0.17465337193247835,0.18034992745122483,0.14829806985554278,0.16926118893494238,0.24586295820688342,0.21466669048635498,0.13419947977407432,0.1821443652169761,0.2631784617446538,0.18325276828419604,0.12983219763992832,0.22915017708867255,0.23040052393018973,0.13408037727378383,0.19157616604058952,0.183008996018375,0.194108058876109,0.15391485843235678,0.1799517587950647,0.20359386330604617,0.2152085321609341,0.18196207215850796,0.13761428489826832,0.16137232807773544,0.21807080842597648,0.1842194992964298,0.16794148404969905,0.18245054155985482,0.20361764168728072,0.1816837275096846,0.18451215290878714,0.1558136969299939,0.11137152361298137,0.11401166050777053,0.14184123078849262,0.08970338248681413,0.10481576538502699,0.1140119440715525,0.14129367440115004
95.0,2.4245465677176408,2.23835346223973,2.248640944007161,2.20636575862914,2.432900327403226,2.411863077097907,2.163301284097627,2.493511607231531,2.564811430481976,2.204160479656849,2.2859810085278376,2.5223221431568623,2.47227021560365,2.2544192571479527,2.151477129099116,2.3221880191561053,2.0963890156559306,2.117172602295258,2.0352835961311633,2.397210672907046,2.357469696763451,2.660967931594642,2.9022054809175977,2.4270651903911373,2.420117747168512,2.7772497806500267,2.2267247540749153,2.064488755608524,1.9054326883381814,1.930267922344882,2.0848904708925824,2.062411201238165,2.0101319503439163,1.9457403525359076,2.198935087710035,2.1566920901793525,2.3225533299337133,1.684226138503867,1.651827278684996,1.83965698843803,2.299733306531458,1.969532727093924,2.200233243008421,1.8504458577034397,1.5919107048175882,2.003370472256834,1.880488025916202,1.8321254171387344,2.06212584719758,2.247003218537977,2.434389941990004,2.1940921138056453,2.218144892755631,2.1962342037591682,2.4471012282540427,2.4176065561933853,2.140571878984282,2.5326790469111855,2.5884101488453624,2.207394785837604,2.255536912277621,2.5574504630414268,2.587218074326962,2.388128556829643,2.120565833703997,2.219851042062469,2.1216840924628744,2.1071554356961637,1.9798380181297321,2.5495587216210907,2.4212803900052147,2.628873187738119,2.9333520364186416,2.456968727329746,2.4263568365482002,2.6423182465933848,2.174157307507749,2.094144130825475,1.897856970071236,1.8933891291889666,2.0892379343752254,2.0735239791257505,2.002156835929655,1.8960671741602084,2.2088907342198207,2.179363406223927,2.3380811800940635,1.6771600753436204,1.6364373936455066,1.8029895371968307,2.348034787365235,2.0048831690402187,2.1711924621929906,1.8459067110493916,1.644826702623205,2.054650941724855,1.9376368868334184,1.8732036602116822,2.0916889225636663,2.3519073522095666,0.2241259329000211,0.17484794138027157,0.1853690550453667,0.19743058134254785,0.23691990894813564,0.18972440587161155,0.17957339216361,0.223572514630717,0.1795624494023257,0.19634792770281975,0.22900102500175648,0.18233920708039866,0.19184377435089311,0.16029128806117898,0.20064047394052373,0.2461355660812371,0.24295709281238556,0.1725038764262496,0.17425593520818422,0.21038522037005986,0.19363145532006806,0.14003535032413794,0.21520937015788155,0.2225873601093508,0.1735271802096664,0.2087660461841635,0.2067091176526077,0.17580171261147817,0.18249937177358116,0.20475479319827222,0.19786230362507687,0.2384099509844212,0.21373840676235623,0.16614678698560417,0.16846735676390032,0.2257815699886996,0.1959012816451056,0.17996086392643426,0.20916185511203003,0.18380004755733176,0.18131294759652017,0.20805219672636308,0.18435582090535266,0.12727157914256096,0.12162216754338681,0.14167860329422946,0.1499592489852749,0.11663589902784975,0.10319709375552512,0.15212927685281177,0.2085776219536087,0.15695299325216527,0.17141609296347177,0.1823809938688056,0.21776998777932086,0.2091030922450922,0.1954819419117163,0.20725057627481833,0.21096645095166183,0.17982605115565356,0.1557346643596684,0.17467457058020522,0.181955897096495,0.1475724931195289,0.16837095030266824,0.24942936884395214,0.21852784300050038,0.13274635153930073,0.1825722390393982,0.2687183780695634,0.183687633003589,0.12810892782405212,0.23178562433406424,0.2325640555672054,0.1325663119241153,0.1927925903627082,0.18355531565950464,0.19619824166029348,0.15284058140465068,0.1802068025525751,0.2043230737085507,0.21622453623228496,0.181813202868086,0.13650843010952868,0.16370482363399264,0.2170217111867298,0.18532974222027265,0.1685428958298156,0.1818288027353997,0.20651846794746595,0.18145006090694082,0.1842969930035691,0.15440674722203412,0.10894412105950359,0.1133637311906736,0.14233935344196516,0.08312321272994812,0.10259607444933926,0.1123022755254251,0.1410674071922378
