,Mean (mm),Mean (mm),Mean (mm),Mean (mm),Mean (mm),Mean (mm),Mean (mm),Mean (mm),Mean (mm),Mean (mm),Mean (mm),Mean (mm),Mean (mm),Mean (mm),Mean (mm),Mean (mm),Mean (mm),Mean (mm),Mean (mm),Mean (mm),Mean (mm),Mean (mm),Mean (mm),Mean (mm),Mean (mm),Mean (mm),Mean (mm),Mean (mm),Mean (mm),Mean (mm),Mean (mm),Mean (mm),Mean (mm),Mean (mm),Mean (mm),Mean (mm),Mean (mm),Mean (mm),Mean (mm),Mean (mm),Mean (mm),Mean (mm),Mean (mm),Mean (mm),Mean (mm),Mean (mm),Mean (mm),Mean (mm),Mean (mm),Mean (mm),Mean (mm),Mean (mm),Mean (mm),Mean (mm),Mean (mm),Mean (mm),Mean (mm),Mean (mm),Mean (mm),Mean (mm),Mean (mm),Mean (mm),SD (mm),SD (mm),SD (mm),SD (mm),SD (mm),SD (mm),SD (mm),SD (mm),SD (mm),SD (mm),SD (mm),SD (mm),SD (mm),SD (mm),SD (mm),SD (mm),SD (mm),SD (mm),SD (mm),SD (mm),SD (mm),SD (mm),SD (mm),SD (mm),SD (mm),SD (mm),SD (mm),SD (mm),SD (mm),SD (mm),SD (mm),SD (mm),SD (mm),SD (mm),SD (mm),SD (mm),SD (mm),SD (mm),SD (mm),SD (mm),SD (mm),SD (mm),SD (mm),SD (mm),SD (mm),SD (mm),SD (mm),SD (mm),SD (mm),SD (mm),SD (mm),SD (mm),SD (mm),SD (mm),SD (mm),SD (mm),SD (mm),SD (mm),SD (mm),SD (mm),SD (mm),SD (mm)
,L.caudalanteriorcingulate,L.caudalmiddlefrontal,L.cuneus,L.entorhinal,L.fusiform,L.inferiorparietal,L.inferiortemporal,L.isthmuscingulate,L.lateraloccipital,L.lateralorbitofrontal,L.lingual,L.medialorbitofrontal,L.middletemporal,L.parahippocampal,L.paracentral,L.parsopercularis,L.parsorbitalis,L.parstriangularis,L.pericalcarine,L.postcentral,L.posteriorcingulate,L.precentral,L.precuneus,L.rostralanteriorcingulate,L.rostralmiddlefrontal,L.superiorfrontal,L.superiorparietal,L.superiortemporal,L.supramarginal,L.transversetemporal,L.insula,R.caudalanteriorcingulate,R.caudalmiddlefrontal,R.cuneus,R.entorhinal,R.fusiform,R.inferiorparietal,R.inferiortemporal,R.isthmuscingulate,R.lateraloccipital,R.lateralorbitofrontal,R.lingual,R.medialorbitofrontal,R.middletemporal,R.parahippocampal,R.paracentral,R.parsopercularis,R.parsorbitalis,R.parstriangularis,R.pericalcarine,R.postcentral,R.posteriorcingulate,R.precentral,R.precuneus,R.rostralanteriorcingulate,R.rostralmiddlefrontal,R.superiorfrontal,R.superiorparietal,R.superiortemporal,R.supramarginal,R.transversetemporal,R.insula,L.caudalanteriorcingulate,L.caudalmiddlefrontal,L.cuneus,L.entorhinal,L.fusiform,L.inferiorparietal,L.inferiortemporal,L.isthmuscingulate,L.lateraloccipital,L.lateralorbitofrontal,L.lingual,L.medialorbitofrontal,L.middletemporal,L.parahippocampal,L.paracentral,L.parsopercularis,L.parsorbitalis,L.parstriangularis,L.pericalcarine,L.postcentral,L.posteriorcingulate,L.precentral,L.precuneus,L.rostralanteriorcingulate,L.rostralmiddlefrontal,L.superiorfrontal,L.superiorparietal,L.superiortemporal,L.supramarginal,L.transversetemporal,L.insula,R.caudalanteriorcingulate,R.caudalmiddlefrontal,R.cuneus,R.entorhinal,R.fusiform,R.inferiorparietal,R.inferiortemporal,R.isthmuscingulate,R.lateraloccipital,R.lateralorbitofrontal,R.lingual,R.medialorbitofrontal,R.middletemporal,R.parahippocampal,R.paracentral,R.parsopercularis,R.parsorbitalis,R.parstriangularis,R.pericalcarine,R.postcentral,R.posteriorcingulate,R.precentral,R.precuneus,R.rostralanteriorcingulate,R.rostralmiddlefrontal,R.superiorfrontal,R.superiorparietal,R.superiortemporal,R.supramarginal,R.transversetemporal,R.insula
Age (years),,,,,,,,,,,,,,,,,,,,,,,,,,,,,,,,,,,,,,,,,,,,,,,,,,,,,,,,,,,,,,,,,,,,,,,,,,,,,,,,,,,,,,,,,,,,,,,,,,,,,,,,,,,,,,,,,,,,,,,,,,,,
5.0,3.1253202553934947,2.8734048388902904,2.3236113805185394,3.0100111774137606,2.9690900150223354,2.851234409999525,3.070430130290512,3.100662979199479,2.4066796685478002,3.0733533844980148,2.3674315493258087,2.8708662821708155,3.104306391967414,2.652384870181154,2.9070327930707114,2.97701655225289,3.0600140069849298,2.874092602345532,1.9371754765008693,2.4109228819494857,3.06972363724928,2.76954107447745,2.8603738076197858,3.18010989176482,2.7999060956410458,3.123479734267821,2.5969427463172043,3.1065334556750086,2.929283924887363,2.756220592998452,3.4552046337955025,3.0874485602049013,2.850526591390224,2.255922992150301,3.153948929287584,3.013839675679172,2.8470879662097057,3.0885171145784907,3.0357286225847075,2.458586501747202,3.0273485114442704,2.422846736683672,2.9087293168052772,3.163577253439967,2.641162617934609,2.856107260697366,2.964327558391922,3.048591012335414,2.8736199290243465,1.9337281828645059,2.377114104082458,3.0331235613157044,2.717566780117417,2.8588405969720307,3.1848642800344806,2.7633451010519687,3.0621653373045388,2.582553208290654,3.1579991846826028,2.921740736926606,2.771118707942334,3.444193204950585,0.1952254732864449,0.139368467778526,0.15406119482677808,0.2187214842026796,0.1298067631190216,0.12305590872035212,0.1360114108746728,0.15980273621295665,0.12326789057794815,0.14237610669526876,0.13677133038054023,0.16936592587437466,0.13258418743273911,0.16982794596468864,0.15790898297209088,0.14345455049279493,0.18513264006508165,0.15537086820507048,0.15476311143362756,0.12865022966043319,0.14374158761048936,0.134970223951576,0.12984169699594256,0.19225141830096623,0.14076410237993534,0.13263182355588235,0.12572043901538532,0.13724365488052942,0.13006874132138765,0.2156455007040078,0.14042274647529746,0.231640035783172,0.14941494583205522,0.15521458775248612,0.23317535936729555,0.13819695284473618,0.11944050655220091,0.13655158458728736,0.1575992990818307,0.13409848554166795,0.1411095809782049,0.1432902453564348,0.17036897255262876,0.13539888486251742,0.1685986999075403,0.15155696572514005,0.1397298781441877,0.18490989800410437,0.14528104075384818,0.15895406318738867,0.13192760352315014,0.15973513151925892,0.14431685145407502,0.12929818918031594,0.2009155139914869,0.13483829232309336,0.12865771724416883,0.1278389382739042,0.13632994744886048,0.12701598599278868,0.2281140483840261,0.1449004868225083
6.0,3.091399534778668,2.8544033583042285,2.2905572104945993,3.009258742040929,2.9416494621199183,2.8128539232771765,3.0465152814497056,3.0634485001582465,2.383936466532561,3.0396046704548927,2.338455654479313,2.8329162223658533,3.0769402196560742,2.636079085632615,2.869933935692283,2.9558246469759784,3.0269483070465606,2.840158935739156,1.9176737027514446,2.3820488269126643,3.03427520074236,2.7575309481212047,2.818178159459864,3.1490942591383533,2.7651151644474212,3.090739924734659,2.5596867369441854,3.083222860914689,2.896169334260388,2.7313391398066322,3.4314031015375743,3.059058967911099,2.8299631117951236,2.226642282634671,3.153539304961262,2.9868197259274947,2.8116765656750675,3.065059094764504,2.9999033940626005,2.435259524122455,2.993494770519251,2.3915555455883566,2.8714238855314087,3.135694924737497,2.624437724399921,2.821517538729827,2.9434861206314706,3.0164126356232295,2.8390826830393525,1.9162457184672854,2.347866469889716,3.0005096772267317,2.7063077424725672,2.817553270561043,3.151057468371382,2.7272104564954622,3.029548884358852,2.5455872583556625,3.136509858754958,2.8906337916439138,2.7455188131263877,3.4223486119835185,0.19270506618525216,0.13814633442784782,0.1521559698357813,0.21880683973740217,0.12921143206681276,0.1221436317582194,0.13487900599457253,0.15829950164149054,0.12175412022329272,0.14110063898425138,0.1351733896637338,0.16740603419787597,0.1312270001384944,0.17005156702985263,0.15654071853239285,0.14225385032538485,0.18372661053517586,0.15372476269829563,0.15304645050511512,0.12671086490371597,0.14294060589236063,0.13306149709100137,0.12873380392352218,0.19120058087426792,0.13905997109532686,0.131470251602642,0.12438487162541918,0.13505469166366466,0.1284312055590772,0.21323691856992782,0.13893549381342526,0.22817658869804247,0.14769797029573054,0.15349453083582598,0.23242540614169732,0.13702869270303597,0.11888414530996212,0.13542124420609974,0.15656498055238746,0.13234621387365128,0.14000986389344172,0.14172990573636787,0.1683580711336863,0.13395366427820465,0.16836529830954355,0.1510995539696398,0.13904827514320822,0.18322785031363403,0.1445615222285864,0.1567423675202235,0.12936345231869317,0.15785397952151003,0.14198580994256543,0.12861953859505043,0.19957772823303654,0.13347140855482997,0.12744996304317668,0.12647506252716356,0.13524455675602223,0.12623223708890713,0.22673127670173335,0.14291363207604954
7.0,3.059038368827014,2.836211596678998,2.2592782984217727,3.008919544842321,2.915782268453425,2.77659618976565,3.023905318635472,3.0281030657543933,2.3625364401868656,3.007633143329182,2.3110070494530692,2.7970466826824056,3.0509129290767656,2.6206203168345286,2.8348624400530635,2.9355115816838913,2.995535091210387,2.8079899502501067,1.8991086647672217,2.3548093075041265,3.000522447067119,2.7460231298875377,2.7783709038090123,3.1194069783951286,2.732221921321262,3.0597214042411975,2.524581075685128,3.061043610807734,2.8648371358783846,2.707253479976596,3.408561761470541,3.0319102411667096,2.810332232848912,2.198815594644319,3.1535109667918393,2.9613330008710244,2.7782262118036454,3.04292701623178,2.965846682318109,2.4132840404762357,2.961411266147391,2.361881212516854,2.8360914031786324,3.109183585490033,2.6085347382823048,2.7888201492002023,2.9234794384953,2.985883402109283,2.8063154858134,1.8995553742730222,2.3202545262985677,2.969477361526155,2.6955415810138232,2.778568673274591,3.1187208475289556,2.6930506300745103,2.9986480141246004,2.510735784596851,3.1160623019835416,2.8611618636063345,2.720756177418155,3.4013691386867966,0.19036648297298484,0.13698665437049992,0.15035489157734028,0.21881270804821734,0.12859775107414803,0.12126524350342816,0.13378783165356256,0.1568799396621869,0.12031919828410685,0.13987098507409554,0.13366767791772152,0.16557353596786883,0.12994723105100167,0.17018972249458533,0.15525482399036292,0.1411081158927425,0.18236755927123752,0.15215690114978586,0.1514157558571915,0.12490829594903721,0.1421659473885836,0.13129745385035455,0.12767477166710667,0.19016770449790266,0.13744478361518536,0.13034741444878303,0.12313190183782617,0.1330203750605507,0.12689686326985142,0.21099731596765386,0.13754664556902962,0.2249939257938433,0.1460662968253295,0.1518396142182414,0.2316661925284453,0.1359108440439751,0.11833059369776631,0.13433473608788732,0.15556613613607448,0.13067986759007197,0.13893384061045536,0.14025166548528348,0.16648342170633332,0.1325836975742361,0.16809449642175542,0.15064300375162282,0.13836048902418308,0.18162037260898536,0.14383211549811287,0.1546554275568869,0.12699015905536465,0.15609464113582922,0.13982673517512192,0.1279484853688452,0.1983132094378809,0.13215809988353014,0.12628767658767948,0.12519020782818188,0.13420514287685656,0.12547230800930403,0.22541225832274472,0.14105642692419815
8.0,3.0281954376835456,2.8188072940939017,2.2297268830827557,3.0089724435288088,2.8914433433254576,2.7424016824767734,3.0025643462029485,2.9945778532607603,2.3424410326157616,2.9773917935025644,2.285044749106703,2.7632013587358273,3.02618874166328,2.6059850387508185,2.8017595183872284,2.916054708989837,2.965729730554625,2.7775364569426775,1.8814576130411602,2.329157149315095,2.968421780759801,2.735001651636797,2.7408842260318327,3.091018281507139,2.701172486754045,3.0303743491726505,2.491564308021424,3.039963178735911,2.835237044178492,2.683951151782888,3.3866575877984744,3.0059705835453543,2.791608149533266,2.172406600488385,3.153844168724654,2.9373354296685497,2.746681124505366,3.0220835795762166,2.933513080443559,2.3926217447175855,2.931052108144576,2.3337816908363322,2.8026797778761683,3.084006455129103,2.5934308544087243,2.7579601845255506,2.9042864923226204,2.9569577858418707,2.7752696037376237,1.883639672821208,2.2942312375389977,2.939984959493215,2.68525168507302,2.741821990581195,3.0878221074215335,2.6608101285771664,2.9694137280171105,2.4779382696356986,3.0966253907422945,2.833278943926671,2.696815762937361,3.3812339900128525,0.18820034778783656,0.13588609800007015,0.14865302099827554,0.2187475067572793,0.1279701504213525,0.12042008324702874,0.13273693130898398,0.15553946731255247,0.11896036082074153,0.13868481410705585,0.13224881270385036,0.16386164711296528,0.12873955001643322,0.17025172923347862,0.1540478279163858,0.14001487448051575,0.18105427128258914,0.15066388924542343,0.14986803250928954,0.12323611418996308,0.14141798571460595,0.12967089860910094,0.12666274798594207,0.18915399988638584,0.13591373662496395,0.1292626002491821,0.12195829817490458,0.1311313007094375,0.12546109801929295,0.2089186006778584,0.13625039568596917,0.22207605570325792,0.14451572700424856,0.15025151129144365,0.23090050681029037,0.1348415976913353,0.11778044882308697,0.13328941776433953,0.15460073724640397,0.1290954496507573,0.1378841969282371,0.13885177386673722,0.16473988477135337,0.13128517771542045,0.16779034614012284,0.15019036356311607,0.1376701739779491,0.18008512279990932,0.14309655626897422,0.1526893524023674,0.12479799908275113,0.15444885751735615,0.13783021524140185,0.1272858060168424,0.19711744831864553,0.13089652611910116,0.1251695453973207,0.12397988100095629,0.13321062872252606,0.12473598729141167,0.2241558540133877,0.13932079020329244
9.0,2.9988294214932867,2.802168190628238,2.2018552032602634,3.009396295811257,2.8685875960385787,2.7102108744223794,2.9824564685072774,2.962824039950176,2.3236116869243446,2.948833611356735,2.2605277682997795,2.7313239461414693,3.002731878849369,2.5921497263453745,2.7705663829289726,2.8974313815070203,2.937487596157508,2.7487492668812035,1.8646977980662482,2.3050451779367616,2.937929606356619,2.724450545229311,2.7056503114929082,3.0638984004463934,2.671912981237285,3.0026489359142805,2.4605749794344804,3.0199490380809837,2.807318773597851,2.6614196935000414,3.365667554725417,2.9812081986206316,2.773765056829928,2.1473789724760013,3.154519164705024,2.9147829414789,2.7169855236901452,3.002491485393708,2.9028571815312576,2.3732343307555714,2.9023714063267008,2.3072149339139414,2.771136917753195,3.0601267530862715,2.579103267606095,2.728882737122906,2.8858862624527046,2.929590260869325,2.745896303203127,1.868481136651367,2.2697495678409965,2.9119908164071604,2.675421443981999,2.7072484079493395,3.058328937963425,2.630433458791394,2.941797027451794,2.447134196093677,3.0781680014051505,2.80693902371776,2.6736825318037103,3.361922370914131,0.18619794042547735,0.13484175534033294,0.1470457864495467,0.2186190538940489,0.12733263089358382,0.11960755121257147,0.1317254641975595,0.15427398347203417,0.11767496673663319,0.13754016168122263,0.13091198036344623,0.16226406237919558,0.12759922364307583,0.17024611645398588,0.15291656145283655,0.13897193946709097,0.17978580761783786,0.1492426384178131,0.14840048166767245,0.12168818010525198,0.14069713041504542,0.1281750281819012,0.12569610280719265,0.1881606972666226,0.1344624565214571,0.1282151707840456,0.12086093510702209,0.12937873627813892,0.12411953565641776,0.20699307845780118,0.13504146603826828,0.2194080231022091,0.1430424341090539,0.1487312266506022,0.23013116830778033,0.13381932711962496,0.11723445093435318,0.13228303767440364,0.15366720552007643,0.1275892545772446,0.13686312417927807,0.13752687700955937,0.16312248100475513,0.13005463650617793,0.1674568762689923,0.14974445133247502,0.1369806252942249,0.17861997323674872,0.14235831082119962,0.15084023967409435,0.12277766655932602,0.15290917501419887,0.13598742694242952,0.12663237582484868,0.19598650177024785,0.12968497182813005,0.12409435366262489,0.12284000761774821,0.13225998383035126,0.12402317840327028,0.2229610123671064,0.13769937906933402
10.0,2.970899000401238,2.7862720263613325,2.175615497737001,3.0101699594005056,2.8471699358954026,2.6799642386143057,2.963545789903613,2.932792803095502,2.3060098462176817,2.9219115872733736,2.2374151218919187,2.701358140514675,2.9805065620687965,2.579090854582124,2.7412242459124845,2.8796189518486193,2.9107640590972568,2.7215791911300005,1.848806470335449,2.282426218960394,2.9090023283938584,2.714353842525443,2.672601345556832,3.0380175671849177,2.644389525262498,2.9764953408512933,2.431551635405701,3.0009686622247207,2.781032038573578,2.639646643402607,3.3455686364554134,2.9575912899661825,2.756777149720578,2.1236963829163003,3.1555162086782937,2.8936314654608526,2.68908362926795,2.9841134342801694,2.873833578673518,2.3550834924992214,2.87532327050962,2.2821388951168324,2.74141073093892,3.037507698793093,2.5655291727013516,2.7015328994093175,2.868257729224763,2.903735301239956,2.718146850601043,1.8540622883030033,2.246762481434545,2.8854532775472106,2.6660342470725933,2.6747831108475335,3.0302090290689137,2.6018651275052282,2.9157489138439696,2.418263046592238,3.0606590103460474,2.7820960940924397,2.651341446136945,3.343413486343094,0.18435114774986783,0.1338510760169389,0.1455289565690163,0.21843460836452355,0.12668880309148328,0.11882709990427143,0.1307526888929253,0.1530798090194612,0.1164604990035817,0.13643537698738095,0.12965286862562128,0.16077492101238328,0.1265220507312573,0.17018069650979184,0.15185812166965926,0.13797737059467974,0.17856144416726644,0.14789032665405516,0.14701047889619656,0.12025861926521296,0.14000380178491884,0.12680341538719625,0.12477339374824696,0.1871890168094596,0.133086962497841,0.12720455349638754,0.11983680217280406,0.12775458924394223,0.1228680330833821,0.20521344289325819,0.13391505836929155,0.21697584806174292,0.14164292491806357,0.1472792142576425,0.22936097753166568,0.13284256849709566,0.11669344365791734,0.1313136897593569,0.15276433292218344,0.1261578535968384,0.1358723843040094,0.13627396841365982,0.16162637940177046,0.1288889137352796,0.16709803472021395,0.14930785101340158,0.13629479799067817,0.17722296574128824,0.14162056605207682,0.14910420619638162,0.1209202743659688,0.1514688718328592,0.13429010645206366,0.12598913265064815,0.19491691215627113,0.12852183498533082,0.12306097396880732,0.12176689584478688,0.13135223373356442,0.12333387514508685,0.22182675561909215,0.13618551708730484
11.0,2.9443628545524083,2.7710965413724478,2.1509600052956857,3.0112722920074337,2.8271452721985155,2.651602248064358,2.945796414747109,2.9044353199695703,2.2895969536008756,2.896578711634173,2.2156658247427408,2.6732476374707947,2.959477012755356,2.5667848984249697,2.713674319571957,2.8625947726278445,2.885514490452081,2.695977040753382,1.8337608803417293,2.2612530979771823,2.8815963514077225,2.7046955753855393,2.641669513588195,3.013346013694659,2.618548239321169,2.951863740368958,2.4044328214164943,2.9829895245488878,2.756326553542788,2.6186195397651364,3.326337807192511,2.9350880611555894,2.740618623186915,2.101322504118407,3.156815554589784,2.873836930773234,2.662919661148659,2.966912126831495,2.846396864962666,2.3381309238576233,2.849861810509239,2.2585115278121535,2.713449125562535,3.0161125116811003,2.5526857645214025,2.6758557638018177,2.8513798729780397,2.879347381002108,2.6919725123224727,1.8403656503156196,2.2252229425496313,2.8603306881926382,2.6570734836766365,2.6443612847442868,3.0034300706523456,2.575049641506666,2.8912203886090273,2.3912643037528625,3.044067293938919,2.758704146163509,2.6297774680567683,3.325686541252202,0.18265241853329453,0.13291181774161037,0.14409861469325283,0.21820090960872826,0.1260419235579288,0.1180782272463915,0.12981794965923985,0.1519536341135294,0.11531456407436608,0.13536907639372278,0.1284676062506397,0.1593887741295729,0.1255043040648197,0.1700626297278766,0.15086983992480743,0.1370294394363889,0.17738062126823384,0.14660436474304964,0.14569555495990616,0.11894181765976528,0.13933841184687004,0.12554999243285833,0.12389333691964728,0.18624014697831523,0.13178363250262493,0.1262302351445282,0.11888301038106468,0.12625137338065714,0.12170266741042875,0.20357276286939227,0.13286680958688218,0.2147664672192718,0.14031400646799316,0.1458954789583764,0.2285926784830809,0.13191000226729735,0.11615834195650286,0.13037977305017684,0.1518912148268626,0.12479807962754677,0.13491336818996458,0.1350903445121351,0.16024688744404952,0.12778512921747553,0.166717646564584,0.14888291445557883,0.13561532793009506,0.17589227512059513,0.14088622812232113,0.14747741352435395,0.11921735204944152,0.15012189084643035,0.13273052089374118,0.12535704858374574,0.193905638974442,0.127405617498629,0.1220683604760028,0.1207572037012695,0.13048646675990908,0.12266814145078207,0.22075216729510674,0.13477312921797505
12.0,2.919179664091814,2.756619475740916,2.127840964718992,3.012682151342892,2.8084685142504977,2.6250653757843927,2.929172447392883,2.8777027678452223,2.274334452178981,2.872787974820822,2.195238891711823,2.646936132625179,2.9396074523427926,2.55520833283783,2.687857816141572,2.846336196457882,2.86169426130022,2.6718936268156637,1.8195382785780683,2.2414786405783507,2.8556680799344623,2.6954597756699283,2.6127870009515877,2.989853971947671,2.5943352439048155,2.9287043108524813,2.3791570829482636,2.9659790984352625,2.7331520329426304,2.598325920862145,3.3079520411407706,2.913666715762492,2.7252636722106653,2.080221008391466,3.1583974563848303,2.8553552665748234,2.6384378392422407,2.950850263643593,2.8205016334910353,2.3223383187397943,2.8259411361414504,2.2362907853670593,2.687200009753211,2.99590441118187,2.5405502378932106,2.651796422717452,2.8352316740517796,2.856380974204084,2.667324554758537,1.8273737452287349,2.2050839154162207,2.8365813936226685,2.6485225431259645,2.6159181151080984,2.9779597526280086,2.549931507583742,2.86816245316234,2.3660774501970243,3.0283617285577122,2.7367171710438236,2.608975559682896,3.3087207405938917,0.18109472124756984,0.13202200227703415,0.1427511346010184,0.21792421616824895,0.12539492812328992,0.11736047116887117,0.12892066516344033,0.15089247199891118,0.11423488976009986,0.1343401030601908,0.12735270913702726,0.15810055374459708,0.12454267812052665,0.1698984839457919,0.14994925452080737,0.13612659960983026,0.17624290261058287,0.14538236728307713,0.14445337892408902,0.11773241622137978,0.13870135064182168,0.12440903403227974,0.12305478256260176,0.18531522941230094,0.13054917192038065,0.1252917567556059,0.11799679620026572,0.12486217430088882,0.12061972540938136,0.20206446811096596,0.13189275035301865,0.2127676764768766,0.1390527570535476,0.14457966282980902,0.2278289311731487,0.1310204363542698,0.11563010659505123,0.12947995570653956,0.15104719436070374,0.12350701220096476,0.1339871476558274,0.133973564996039,0.15897944332154637,0.12674065731586953,0.16631938512525046,0.1484717673761752,0.13494455449575485,0.1746261802066091,0.1401579277641929,0.14595608823101067,0.11766084127861087,0.14886277791911884,0.1313014403344295,0.12473710829301718,0.19295000107015325,0.12633491737977032,0.12111554324886274,0.11980790922358979,0.12966183845541196,0.12202609503159018,0.2197363814979206,0.13345668319203158
13.0,2.895308109164471,2.742818569546042,2.1062106147896666,3.014378395117742,2.7910945713539372,2.6002940947862188,2.9136379921961124,2.852546323995302,2.2601837850571016,2.850492367215009,2.176093337658792,2.62236732159319,2.920862102264882,2.544337632784594,2.663715947855517,2.8308205759519347,2.8392587427198817,2.649279760381166,1.8061159155374422,2.2230556723551045,2.8311739185103253,2.6866304752389594,2.585885993011586,2.9675116739159324,2.571696659504958,2.906967228687128,2.3556629654824017,2.9499048572655755,2.711458191210232,2.5787533249681944,3.290388312504242,2.8932954573604905,2.7106864917735125,2.060355568044592,3.160242168008763,2.8381424020244483,2.615582383458619,2.935890545312373,2.7961024773509204,2.3076673710548197,2.8035153572221145,2.2154346211486904,2.6626112916401783,2.97684661672693,2.529099787643668,2.629299968573239,2.8197921127852013,2.834790554894223,2.644154244300354,1.8150690955818425,2.1862983642643146,2.814163739116577,2.640364814752427,2.589388787407469,2.953765764910228,2.5264552325244343,2.8465261089192437,2.342641968546182,3.0135111905763563,2.716089159846179,2.5889206831350524,3.292495289320623,0.17967150445330587,0.1311798779238284,0.14148315748583443,0.21761034296207668,0.12475046277218464,0.11667340535863914,0.1280603191617789,0.1498936186993157,0.11321932183943417,0.1333474920844462,0.1263050323425058,0.15690554341726293,0.12363424222669184,0.1696942893213467,0.14909408705837757,0.13526746126849445,0.17514794205349413,0.14422212781561652,0.14328174317356535,0.11662530451227505,0.1380929769945969,0.12337514026269064,0.12225669499356603,0.18441534913796173,0.12938058480129624,0.12438870961815136,0.1171755234568085,0.1235806144356295,0.11961569322261097,0.20068233320827608,0.13098926686174445,0.21096807512118604,0.1378565008658225,0.14333111791268166,0.22707229261842812,0.13017279099628806,0.11510972405551623,0.12861314303098387,0.15023181642514044,0.12228196243385647,0.1330945215378254,0.13292141754790923,0.15781961000112057,0.12575310360646794,0.16590675364372054,0.14807631842404365,0.13428454406820592,0.17342304141541304,0.1394380306082203,0.14453653718316656,0.116243088635545,0.14768662525078677,0.12999610995273875,0.1241302929791081,0.1920476278008986,0.12530842233591474,0.12020162349756107,0.11891628316392781,0.12887757390942972,0.1214078943359305,0.21877857365995,0.13223113673339
14.0,2.8727068699153806,2.7296715628671175,2.0860211942903897,3.016339881042841,2.7749783528114205,2.5772288780816948,2.8991571535119074,2.8289171656926584,2.2471063953403125,2.829644879198412,2.1581881774432228,2.599484899990164,2.903205183955407,2.534149273229183,2.641189926947987,2.816025263723201,2.8181633057893003,2.6280862525141955,1.7934710417128177,2.2059370188986858,2.808070271671522,2.678191705952982,2.5608986751328056,2.9462893515714494,2.5505786066130804,2.8866026702581236,2.3338890145003237,2.9347342744216287,2.691194742782715,2.5598892903578254,3.273623595486971,2.873942489523209,2.69686127685718,2.0416898553869363,3.1623299434069114,2.8221542662808923,2.5942975137077093,2.9219956724337215,2.7731539896346584,2.2940797747117156,2.782538583567141,2.195900988524201,2.6396308793526044,2.9589023477478484,2.518311608599722,2.6083114937862537,2.8050401695175755,2.8145305971208208,2.622412847339029,1.8034342239144596,2.1688192533238864,2.7930360699535592,2.6325836878878244,2.5647084871109125,2.9308157974133175,2.5045653231167573,2.8262623572951373,2.320897341421814,2.999484556368789,2.696774103683429,2.569597800532945,3.2769893923848517,0.17837665952987833,0.13038388765312203,0.14029157011166438,0.2172646971317501,0.12411091226664857,0.1160166359489839,0.12723645282702264,0.14895461795415835,0.11226581965027059,0.13239044064407135,0.12532172749134465,0.15579935049501248,0.12277639869591411,0.169455588879693,0.14830222197819487,0.13445076940220352,0.1740954571009887,0.14312159750885559,0.14217855008277389,0.11561561361213231,0.1375136129597708,0.12244321924052987,0.12149813629906148,0.18354152906935237,0.1282751474568122,0.12352073209780766,0.11641668346137363,0.1224008178343915,0.11868724631335457,0.19942046050752243,0.1301530656647028,0.20935701138355065,0.13672278575329466,0.14214896689993445,0.22632520476410847,0.12936608515683104,0.11459819098536393,0.12777844903578067,0.14944478996223728,0.12112045816093168,0.1322360563803268,0.1319318865969931,0.15676307079787483,0.12482028341289968,0.16548307538417398,0.14769827049172043,0.1336371137038068,0.1722812838314675,0.13872865116146735,0.14321515822559724,0.11495683580732055,0.14658901933763407,0.12880822231624423,0.12353756895442802,0.19119641777252686,0.12432490456773508,0.11932576954624172,0.11807986395030734,0.1281329682944508,0.12081372834153557,0.21787795261012569,0.1310918900893743
15.0,2.851334626489551,2.717156195783456,2.067224942003872,3.018545466829046,2.7600747679255697,2.5558101986826154,2.8856940356954386,2.8067664702101176,2.235063726133683,2.810198501152725,2.141482425924736,2.578232563431456,2.8866009188481367,2.5246197291355057,2.6202209656531577,2.8019276123848638,2.798363321586703,2.6082639142790773,1.7815809075971678,2.190075505800293,2.7863135439543223,2.670127499672349,2.5377572326798115,2.9261572368862203,2.530927205720708,2.8675608119507148,2.3137737754834147,2.920434823285171,2.6723114020972063,2.5417213553055573,3.257634864293018,2.8555760158242625,2.6837622224433613,2.0241875427276304,3.164641036524603,2.8073467885029655,2.574527449899462,2.909128345603561,2.751610763434547,2.28153722361955,2.762964924992416,2.1776478408607445,2.6182066810196947,2.9420348236761678,2.5081628955883066,2.588776090773497,2.790954824588108,2.7955555749322296,2.602051630265703,1.7924516527660972,2.152599546824913,2.7731567314128935,2.625162551864037,2.541812399686923,2.9090775400515767,2.484206286148728,2.8073221997053737,2.3007830514453724,2.9862507023089555,2.6787259936683903,2.550991873996314,3.2621822547390114,0.17720448555846502,0.12963264209456468,0.13917348413617686,0.21689231236726922,0.12347842671483503,0.11538979896271602,0.12644865843013625,0.1480732307769732,0.11137245089433809,0.13146828259424476,0.12440020506532352,0.15477787991287892,0.12196684546469469,0.16918748519130314,0.14757168885452687,0.13367538549280164,0.17308520792748305,0.14207886687712995,0.14114180011968536,0.11469870828602016,0.13696354122226354,0.12160846972429085,0.12077825323213752,0.1826947279084929,0.12723038423730776,0.12268750709999515,0.11571789366780962,0.12131737514717018,0.11783123966102911,0.19827326220527408,0.12938114137962137,0.20792452953341634,0.13564936366506777,0.14103215331340826,0.22558998798434793,0.128599424424917,0.11409650239430591,0.1269751711861706,0.14868595718441757,0.12002022933505467,0.13141212224888965,0.13100312570042508,0.15580562605250642,0.12394020199520354,0.16505149035995648,0.14733913357788625,0.13300385455303856,0.17119938487721137,0.1380316693182016,0.1419884468062478,0.11379520740682104,0.14556599320635427,0.12773188981916328,0.12295987998811013,0.1903945039652475,0.12338321657462462,0.11848721338628233,0.11729643470177283,0.12742738594130215,0.12024380874292873,0.21703375381865156,0.13003474334024456
16.0,2.8311500590320113,2.705250208374353,2.0497740967128295,3.020974010187237,2.7463387259989345,2.5359785296008246,2.8732127431018366,2.786045414820531,2.224017220542308,2.792106223459645,2.125935097962933,2.5585540075324125,2.8710135283768334,2.5157254754674794,2.6007502762052335,2.788504974550127,2.7798141611902967,2.5897635567401296,1.7704227636834615,2.1754239586511512,2.7658601398949476,2.6624218882573865,2.5163938510172024,2.907085561832256,2.5126885773193344,2.8497918301501373,2.295255793913096,2.9069739772379695,2.6547578835908485,2.5242370580859497,3.242399093126419,2.838164239837254,2.6713635235137785,2.0078123023757914,3.167155701307179,2.7936758978494725,2.5562164119438022,2.8972512654177875,2.73142739184293,2.270001411687383,2.7447484913138056,2.160633131525472,2.5982866047706343,2.9262072639434304,2.498630843436327,2.5706388519520518,2.777515058336035,2.77781996237675,2.5830218594714625,1.7821039046762566,2.137592208997385,2.754484068773823,2.6180847960128757,2.520635710604006,2.88851868273933,2.465322628408356,2.789656637565302,2.2822385812383366,2.9737785047707797,2.661898820913879,2.5330878656448554,3.248053081335565,0.1761496562190314,0.12892489667603982,0.13812621659922664,0.21649788166530784,0.12285494624406744,0.1147925583603161,0.1256965741336316,0.14724740905241393,0.11053738586262404,0.1305804669973343,0.12353810110270906,0.15383730951374316,0.12120354279094758,0.1688946835206802,0.146900647062834,0.13294027209656478,0.17211698098818515,0.14109215008569534,0.14016958120838488,0.11387017853757855,0.13644300481028288,0.12086636377065989,0.12009626679498656,0.1818758406960334,0.12624404531257294,0.12188876003693236,0.11507689514607529,0.12032530911283809,0.11704469821481563,0.1972354419477409,0.12867074710254034,0.20666131863415158,0.13463417340103295,0.13997948262144105,0.22486883900080504,0.12787199029580912,0.11360564292987642,0.12620276798357863,0.14795526864407788,0.11897919378993022,0.13062292417849017,0.13013343316520795,0.154943190525069,0.12311103622244265,0.16461495715939334,0.14700023863238137,0.13238615467370696,0.1701758657117214,0.13734874850045453,0.1408529991272263,0.11275169674798112,0.1446139826171224,0.12676161739992062,0.12239814266855098,0.18964022424146562,0.12248228778600222,0.11768524770292156,0.1165640021352954,0.12676025825737097,0.11969836414635353,0.21624523369647064,0.12905585798896732
17.0,2.812111847687753,2.6939313407191263,2.0336208971999685,3.0236043688282552,2.7337251363341304,2.517674343848158,2.8616773800862774,2.7667051767967537,2.213928321671277,2.7753210365008414,2.1115052084174093,2.540392927908384,2.856407233975261,2.507442987189,2.582719070838378,2.7757347028321817,2.762471195678319,2.5725359909616574,1.7599738604646786,2.161935203042486,2.7466664640296368,2.655058903568448,2.4967407155095738,2.889044558381549,2.4958088419004794,2.8332459012416313,2.278273615270775,2.894319209661786,2.6384839017007504,2.507423936973556,3.227893256191241,2.8216753651358073,2.6596393750501175,1.99252780664056,3.1698541916999656,2.781097523479217,2.539308619750644,2.8863271324723008,2.712558467952109,2.2594340328242675,2.727843392347208,2.1448148138855347,2.579818558734621,2.9113828879811954,2.4896926469707314,2.5538448697389153,2.764699851100622,2.7612782335027184,2.5652748013474396,1.7723735021844502,2.123750204071266,2.7369764273155726,2.6113338096661796,2.501113605330677,2.8691069153908786,2.4478588566836295,2.7732166722903173,2.2652034134221752,2.962036840128212,2.6462465765327488,2.515870737598308,3.234581077126965,0.17520718859422402,0.12825953229500905,0.1371472715767478,0.2160857885026373,0.12224222391714484,0.11422460457315893,0.12497987969262349,0.14647527263750992,0.10975889126660658,0.1297265400929887,0.12273324785934657,0.15297406684717937,0.12048468358565674,0.16858153174437687,0.14628737249100193,0.13224447995691863,0.17119057638546484,0.1401597714505741,0.1392600592083938,0.11312583066445309,0.13595220856615797,0.12021262957102474,0.1194514640399566,0.1810857013846783,0.12531408628457538,0.12112425718443606,0.11449154912296014,0.11942004083375596,0.11632480762276565,0.19630197619767326,0.12801936733789857,0.20555866309988913,0.1336753253488697,0.13898965564209342,0.2241638322400332,0.12718303071342135,0.11312658066512979,0.12546083908746428,0.1472527631675387,0.11799544344650433,0.12986852974841867,0.1293212305498449,0.15417179116041593,0.12233111759563611,0.16417625861144478,0.1466827519271883,0.13178522099141313,0.1692092856004572,0.1366813547114232,0.13980551241325911,0.11182014994833467,0.1437297859532819,0.12589227569142883,0.1218532441465129,0.1889320963790966,0.1216211218577008,0.11691922328711589,0.11588077722741093,0.12613108077004834,0.11917763593258852,0.2155116648378888,0.12815172236916528
18.0,2.794178672601795,2.683177332897053,2.018717582247978,3.0264154004629686,2.7221889082337296,2.5008381144364447,2.851052051003849,2.7486969334115936,2.204758472625653,2.759795930658014,2.098151772147782,2.523693020174742,2.8427462570772013,2.4997487392639792,2.566068561786811,2.7635941498442405,2.746289796128975,2.556532028007988,1.7502114484337907,2.149562064565515,2.728688920894639,2.6480225774658717,2.478730011521501,2.872004458506115,2.4802341199556377,2.8178732016104227,2.262765785037828,2.882437993938386,2.623439170864065,2.491269530242899,3.214094327691516,2.806077595293544,2.6485639720340983,1.9782977278310656,3.1727167616482954,2.769567594551,2.5237482932299353,2.8763186473630213,2.6949585848544015,2.2497967809392576,2.712203737908512,2.130150841308078,2.5627504510408476,2.8975249152210254,2.4813255010184454,2.5383392365511637,2.7524881832210792,2.7458848623584524,2.5487617222847545,1.7632429678301782,2.1110264962765735,2.7205921523174,2.604892982155778,2.483181269335422,2.850809927920545,2.431759477762591,2.757953305295767,2.249617030618355,2.9509945847551884,2.6317232516377973,2.4993254519763783,3.2217454470656723,0.17437241379329238,0.12763553898019533,0.13623432299683402,0.21566013643195803,0.12164184701756912,0.11368565342542596,0.12429829289381412,0.14575508948638702,0.10903532383752976,0.12890613025805175,0.12198364801758821,0.152184807401983,0.119808666984509,0.1682520573042647,0.14573024600359902,0.13158713728693008,0.17030579828786196,0.13928015379886347,0.13841146939522908,0.11246167793538729,0.1354913219069461,0.11964323458748563,0.11884319167582814,0.18032508691570748,0.12443864947318418,0.1203938043370092,0.11395983281447726,0.11859735706849484,0.11566890525397688,0.19546809559554879,0.12742469326018244,0.20460839518320162,0.1327710879345973,0.13806129545241197,0.2234769238139056,0.1265318517542091,0.11266026292164462,0.12474910770559204,0.14657855181541007,0.11706723102958849,0.12914889324369638,0.12856504371654312,0.15348756494506352,0.12159891651617019,0.16373801026299567,0.14638768959119902,0.1312021002387357,0.1682982386012801,0.1360307759408287,0.13884278286547033,0.11099474874314705,0.14291052752899358,0.12511907476572637,0.12132604172367172,0.18826879690446902,0.12079879449268173,0.11618854676190768,0.11524515750909202,0.12553940954570617,0.11868187549394625,0.21483233210549266,0.12731912045065585
19.0,2.7773092139191586,2.672965924987481,2.0050163906395757,3.0293859628022135,2.711684951000345,2.485410314377499,2.841300860209759,2.731971861937929,2.1964691165105226,2.7454838963128445,2.0858338040136375,2.508397979946809,2.8299948191164273,2.4926192066563346,2.550739961284697,2.7520606681994786,2.7312253336205106,2.541702478943445,1.7411127780837623,2.1382573688114466,2.711883915026188,2.6412969418100265,2.4622939244175814,2.855935494177936,2.4659105319763235,2.8036239076417533,2.2486708486956872,2.8712978034495626,2.6095734055178847,2.4757613761685144,3.2009792818313114,2.791339133884074,2.6381115094474143,1.96508573825645,3.1757236650974994,2.759042040223617,2.5094796522916076,2.86718851068583,2.678582335642122,2.241051349941362,2.697783637813591,2.1165991671602495,2.547030189818527,2.884596565094457,2.4735066004063984,2.5240670448058102,2.7408590350366646,2.731594322992261,2.5334338886745256,1.7546948241529596,2.099374049843269,2.7052895890585527,2.5987457028135137,2.466773888086749,2.833595410242632,2.4169689984332132,2.7438175379970278,2.2354189154483555,2.9406206150256318,2.618282837341861,2.483436970898782,3.2095253961041124,0.17364094932110813,0.12705200207491446,0.1353851986085194,0.215224777125844,0.12105525682019672,0.11317544536743056,0.12365156659225532,0.1450852583720366,0.10836512383426072,0.12811893555049303,0.12128745206161475,0.1514663942249822,0.11917407479715429,0.16791000143540477,0.1452277434027589,0.13096744089832135,0.16946244781112724,0.1384518084048291,0.137622108847656,0.11187393100431763,0.13506048248728814,0.11915436909409911,0.11827085112225187,0.17959472237240634,0.12361604672782825,0.11969724568859616,0.11347983474390938,0.1178533787272186,0.11507447152944963,0.19472926650770098,0.12688460012513147,0.20380284950371344,0.13191987555284526,0.13719296889285099,0.2228099574524346,0.12591781033620858,0.11220761372907695,0.12406740501039348,0.1459328051560285,0.1161929573466799,0.12846387682528218,0.12786348614067042,0.1528867566456644,0.12091302771668411,0.16330267083869693,0.14611593202583423,0.13063769876755346,0.16744135201272892,0.13539814149098914,0.13796170182503323,0.11026999238234934,0.14215362405517876,0.12443753862735338,0.12081736384290308,0.18764914311038125,0.12001445166481295,0.11549267856568977,0.11465571088126598,0.12498485720031084,0.11821134259402986,0.2142065294665392,0.12655510366473846
20.0,2.7614621517848383,2.66327485706967,1.9924695611574719,3.032494913556889,2.7021681739365455,2.4713314166831544,2.8323879120591102,2.716481139648591,2.18902169643095,2.7323379238470205,2.074510318874599,2.4944515028399508,2.8181171415266943,2.4860308643299733,2.5366744815662328,2.7411116105111075,2.717233179231134,2.5279981548323187,1.7326550999075767,2.1279739413715024,2.6962078509605187,2.6348660284612393,2.4473646395624202,2.8408078973690323,2.4527841984540366,2.7904481957208804,2.235927351725731,2.860866111577048,2.5968363200993907,2.4608870130249554,3.1885250928146696,2.777428184480992,2.628256182271795,1.9528555102258416,3.1788551559928915,2.74947678965589,2.496446916845584,2.8588994230366414,2.663384313407614,2.2331594337396963,2.6845372018783453,2.104117744809212,2.532605683196819,2.8725610570330526,2.4662131399615093,2.5109733869199045,2.729791386886601,2.718361089452479,2.5192425669078378,1.7467115936923001,2.0887458290013243,2.691027082818266,2.592875360971232,2.4518266470531707,2.817431052271461,2.403431925483539,2.7307603718094473,2.2225485505336215,2.9308838073134993,2.605879324757774,2.4681902564852543,3.1979001291947666,0.1730086731240154,0.12650809053912895,0.13459786508670288,0.21478333690832924,0.1204837669569384,0.11269374495859442,0.1230394862310861,0.14446429383135603,0.1077468085800663,0.12736471347703304,0.12064293847091509,0.15081587887693954,0.11857965050429521,0.16755885088553427,0.14477842665960367,0.13038464889069948,0.1686603178700192,0.1376733262610951,0.13689032966373613,0.11135898816864438,0.13465980044943665,0.11874243021299842,0.11773389470907444,0.17889528686435516,0.12284474363071908,0.11903446288172345,0.11304974971084306,0.11718453070989128,0.11453912157410766,0.19408117292248406,0.12639712665616487,0.20313481970235434,0.13112023777629148,0.13638320362503742,0.2221646718445862,0.12534030784414624,0.11176953258974008,0.12341565636429062,0.14531574324929933,0.11537115916739736,0.12781326909104396,0.12721524422042332,0.1523657162866527,0.12027215678759125,0.16287255402281953,0.14586823798455165,0.13009280117811797,0.16663728612427192,0.13478444089865516,0.13715925061708115,0.10964067895302698,0.14145675401209193,0.12384348059293683,0.12032801211675064,0.18707207773960163,0.1192673081425366,0.11483113114477823,0.11411116084373882,0.12446708868406185,0.11776630463691286,0.2136335574995187,0.1258569654131541
21.0,2.7465961663438594,2.6540818692229564,1.9810293325843626,3.0357211104378314,2.693593486344928,2.4585418943652493,2.8242773109070516,2.702175943816405,2.182377655492062,2.7203110036422307,2.064140331590255,2.481797284469505,2.8070774457417853,2.4799601872487935,2.5238133348656104,2.7307243293922996,2.704268704039062,2.5153698667389515,1.7248156643981967,2.1186646078369176,2.681617133233877,2.6287138692798444,2.4338743423205753,2.8265919000513957,2.4408012398802783,2.7782962422330324,2.2244738396093786,2.851110391702613,2.5851776290456505,2.44663397908677,3.1767087348456466,2.764312950657936,2.618972185488921,1.9415707160483655,3.182091488279822,2.7408277720066003,2.4845943068017893,2.85141408501136,2.6493191112431664,2.226082726243274,2.672418539918645,2.0926645276220954,2.5194248393049348,2.861381610468346,2.459422314510712,2.499003355310508,2.719264219110131,2.706139635787433,2.5061390233758445,1.7392757989877012,2.0790947979807304,2.6777629788757813,2.587265345960749,2.438274731703189,2.802284543921324,2.3910927657015537,2.718732808148407,2.2109454184956236,2.921753037992715,2.5944667049983625,2.4535702708554785,3.1868488512900655,0.17247169924776135,0.126003047026041,0.1338704142499351,0.21433924182368932,0.11992858048138492,0.1122403405509313,0.12246186775091973,0.1438908130089685,0.10717896613013451,0.12664327266813716,0.12004849641657907,0.15023048367522165,0.11802428050497482,0.16720186732389491,0.1443809362175873,0.1298380746500886,0.16789918959574063,0.136943370482336,0.1362145329408835,0.1109134255682931,0.13428936300869096,0.11840400651815876,0.11723182276679253,0.17822741986454008,0.12212334496971287,0.11840537418019605,0.11266787355000117,0.1165875131875001,0.11406059719886304,0.19351969882660425,0.12596045624164548,0.20259751727865044,0.13037084967183266,0.13563050157536882,0.22154270895054556,0.12479878457066503,0.11134689427421675,0.1227938691597426,0.14472762783520604,0.11460049772980392,0.1271968013688684,0.12661906436427137,0.15192089628345645,0.11967510774403703,0.162449841043093,0.1456452581538065,0.12956808774608292,0.16588473489237548,0.1341905422137765,0.1364324944863424,0.10910188643319406,0.1408178296857621,0.12333297967256693,0.11985876409948956,0.18653665589437604,0.11855664622557639,0.11420346731557171,0.11361037303407713,0.12398581699096727,0.1173470366661165,0.21311272149860752,0.12522221796403465
22.0,2.7326699377412194,2.6453647015266175,1.970647943702966,3.0390434111559053,2.6859157975280774,2.446982220435607,2.816933161108744,2.6890074517142253,2.176498436798907,2.7093561260801673,2.054682857020201,2.4703790204508347,2.7968399531954597,2.4743836503767067,2.5120977334170016,2.7208761774562826,2.692287279122541,2.5037684257276545,1.7175717220486,2.1102821937988843,2.668068166382483,2.622824496126208,2.4217552180566617,2.813257734197034,2.429907776746579,2.7671182235634313,2.2142488578280357,2.8419981172080333,2.5745470467938376,2.4329898126284877,3.165507182128287,2.7519616359885286,2.610233714080507,1.9311950280331573,3.1854129159036275,2.733050916434566,2.4738660420701772,2.8446951972058834,2.636341322241112,2.219782921361163,2.6613817617503712,2.0821974689660703,2.507435566272076,2.8510214448318876,2.4531113188809415,2.4881020423946225,2.709256512046498,2.694884436045426,2.494074524469648,1.7323699625786688,2.070373921011475,2.6654556225103656,2.581899047113918,2.4260533275052927,2.788123575106557,2.3798960258752655,2.707685848429257,2.2005490019558622,2.9131971834372177,2.5839989691764385,2.4395619761292133,3.1763507673424742,0.1720263550446219,0.1255361794409256,0.13320105036209534,0.21389574129890698,0.11939080573090402,0.11181504413416081,0.12191855581362435,0.14336352412042813,0.10666024915499915,0.1259544661850484,0.11950261067696821,0.14970758517233151,0.11750697734749027,0.166842114620086,0.14403398419439628,0.12932708193891265,0.16717882998771907,0.13626066967151135,0.13559316346548073,0.11053398741046881,0.13394923917654178,0.11813586326318416,0.11676418139852246,0.1775917277784313,0.12145058137080453,0.11780993373063907,0.11233259779473871,0.11605927439164018,0.11363675921797065,0.19304091116745312,0.12557289978996097,0.20218453264173067,0.12967050307490863,0.1349333494796548,0.22094562293959533,0.12429271488361619,0.11094054942292673,0.12220212210065087,0.14416875630517542,0.11387974788932573,0.12661416204387532,0.12607374166534868,0.15154884819543296,0.11912077158617075,0.16203659365214482,0.14544754811778934,0.12906415065675447,0.16518242723963047,0.13361720946538344,0.13577857597662413,0.10864895374191433,0.14023497163633813,0.12290235804492657,0.1194103765666631,0.18604203380042653,0.11788181462228235,0.11360929876293889,0.11315234297644608,0.12354079891596041,0.11695382194315858,0.21264333011219913,0.12464857147436384
23.0,2.7196421461219327,2.63710109405997,1.9612776332959871,3.042440673421965,2.679090016788591,2.4365928679060542,2.810319567019322,2.6769268406149025,2.1713454834565558,2.699426281542517,2.046096910024061,2.4601404063992764,2.787368885321495,2.469277728677647,2.5014688894546153,2.7115445073162268,2.681244275559766,2.4931446428627364,1.7109005233517527,2.1027795248486543,2.6555173549426123,2.6171819408606707,2.410939452135262,2.800775631777951,2.4200499295444207,2.7568643160973427,2.20519095186309,2.833496761475068,2.5648942877810774,2.419942051924662,3.1548974088666526,2.74034244404635,2.60201496302826,1.9216921184893598,3.188799692809619,2.7261021520985755,2.4642063425606473,2.8387054602161204,2.6244055394937704,2.2142217130024022,2.651380977189428,2.072674522208283,2.496585772227431,2.8414437795552545,2.447257347899114,2.4782145405893075,2.6997472460349226,2.6845499642747988,2.483000336580358,1.725976607004724,2.0625361623235317,2.65406335900123,2.5767598537625687,2.415097619927996,2.7749158357414565,2.3697862127926994,2.697570494067393,2.1912987835357773,2.905185120020948,2.5744301084048433,2.4261503344261524,3.1663850823044344,0.17166915986804238,0.12510685373534017,0.13258807848453769,0.21345593046073832,0.11887147107945525,0.11141769131197811,0.12140942228039256,0.14288121629602682,0.10618936911017487,0.12529818622080208,0.1190038485198108,0.14924469881927593,0.11702686470682133,0.16648248415827208,0.1437363483324361,0.1288510808898802,0.16649899053109146,0.13562401210637468,0.1350247050656545,0.11021757629299325,0.1336394844692104,0.11793492827431934,0.11633056076237536,0.1769887905718901,0.12082529699149046,0.11724813088643322,0.11204240433888572,0.11559698494824772,0.11326558010352211,0.1926410434836245,0.12523288010152417,0.20188979838114784,0.1290180986937854,0.13429022713679847,0.22037488948309955,0.12382160303936046,0.11055132576996177,0.1216405557708322,0.14363945710657378,0.11320778791711836,0.1260650091844549,0.12557810999991,0.1512462190987014,0.11860811581097043,0.16163476719623315,0.1452755806258148,0.12858150907618435,0.1645291287368516,0.13306511919947428,0.13519470804915656,0.1082774620098795,0.13970648537940505,0.12254815969489069,0.11898358911492292,0.1855874591113936,0.11724222740783455,0.11304828464681944,0.1127361849441609,0.12313183095738822,0.11658695298079289,0.21222469445954648,0.12413391491118461
24.0,2.7074714716310266,2.629268786902331,1.9528706401461262,3.0458917549468785,2.673071053429048,2.4273143097884398,2.804400632993932,2.665885287791262,2.1668802385701245,2.6904744604109565,2.0383415054614242,2.451025137930207,2.7786284635536656,2.464618897115485,2.4918680152126336,2.702706671585347,2.67109506442897,2.4834493292085065,1.7047793188006408,2.0961094265774247,2.643921103450473,2.611770235343562,2.4013592299209616,2.789115824766143,2.4111738187653367,2.747484696219979,2.197238667195956,2.825573797885487,2.556169066444479,2.4074782352498034,3.144856389264786,2.7294235784050547,2.59429012731387,1.9130256597260942,3.1922320729431424,2.7199374081574588,2.455559428183142,2.8334075746379765,2.613466356093455,2.209360795076055,2.6423702960516895,2.0640536407158754,2.4868233653001925,2.832611834069973,2.4418375963921726,2.4692859423116027,2.690715401414661,2.6750906945238766,2.4728677260990946,1.7200782548053697,2.0555344861468856,2.6435445336276415,2.571831155238527,2.4053427944398114,2.762629015740352,2.3607078332418463,2.6883377464781533,2.183134245856845,2.8976857241178475,2.565714113796395,2.4133203078660186,3.1569310011284064,0.171396805194242,0.12471448772936361,0.1320298938421623,0.21302277117069462,0.11837153866892541,0.11104814138590323,0.12093436489668338,0.14244275060259515,0.10576509074920508,0.12467435999038023,0.11855084832644701,0.1488394647629926,0.11658316389906959,0.1661257183380915,0.14348686656963908,0.12840952474358255,0.16585940656402676,0.13503224062732883,0.13450767658704094,0.10996124368732507,0.1333601454868376,0.11779827853634764,0.11593059372619369,0.17641916832429694,0.12024643818673457,0.11671998957440545,0.11179586017219205,0.1151980137668063,0.11294513697591442,0.19231648026468623,0.12493891762916066,0.20170755474201213,0.12841263893316782,0.13369961388301865,0.2198319151939251,0.12338497957162407,0.11018002984035759,0.1211093643526865,0.1431400862921763,0.11258358994745449,0.12554898169720785,0.12513103341096232,0.1510097476039748,0.11813617483714714,0.16124622353677917,0.1451297571108962,0.1281206231029574,0.16392364348065178,0.13253487601671965,0.13467816718153583,0.107983216255453,0.13923084007650222,0.12226713026071835,0.11857912793563001,0.18517226248835697,0.11663736301447454,0.11252013029364646,0.11236112184407127,0.12275874544144873,0.11624673292770633,0.21185612767671194,0.12367629867298104
25.0,2.696116594413487,2.621845520132976,1.9453792030360875,3.049375513441501,2.667813816752052,2.4190870190945706,2.799140463387729,2.6558339705161633,2.163064145244664,2.6824536530671823,2.031375658191893,2.4429769106589343,2.770582909325734,2.460383630654162,2.4832363229252343,2.6943400228768093,2.661795016808378,2.4746332958292996,1.699185358888226,2.0902247245763976,2.6332358164423155,2.606573411435243,2.392946736778355,2.7782485451336174,2.4032255649008136,2.738929540316601,2.1903305493080283,2.8181966998210553,2.5483210972211805,2.395585900878494,3.1353610975267356,2.7191732426382353,2.587033401919075,1.905159324052493,3.195690310249512,2.714512613769995,2.4478695188476074,2.828764241067357,2.6034783651324855,2.2051618614911743,2.6343038281530484,2.056292777856008,2.4780962536195457,2.8244888278075986,2.4368292591870313,2.4612613399785483,2.6821399585249344,2.6664611008409786,2.4636279594169785,1.7146574285201086,2.049321856711528,2.6338574916688398,2.5670963408736442,2.3967240365092373,2.7512308050175305,2.352605394010729,2.6799386070769056,2.1759948715405346,2.8906678721018446,2.55780497646393,2.4010568585685297,3.1479677287668397,0.17120613611163576,0.12435854578874489,0.13152497216492975,0.21259911184201752,0.11789191720116209,0.11070627752886184,0.12049330614728866,0.14204705207272142,0.10538622702588245,0.12408294663435214,0.11814230976065454,0.1484896347275593,0.11617518174901492,0.1657744324007681,0.1432844321224435,0.1280019071940614,0.16525979722325584,0.1344842481273002,0.13404062845612913,0.10976218063115559,0.13311126427939254,0.11772312748723769,0.11556395478473237,0.1758834076058831,0.11971304306905164,0.11622556769032005,0.11159161224881381,0.1148599054765421,0.11267360492653475,0.192063742082598,0.12468961751061641,0.2016323172706302,0.12785322134181082,0.13315999371216747,0.21931804705393537,0.12298239819443457,0.10982744900123723,0.12060878837508324,0.142671024978877,0.11200621106794646,0.12506570920903828,0.12473139865832994,0.15083625955963634,0.11770404130642091,0.16087274365081994,0.14501041843206283,0.12768190665400211,0.1633648160225146,0.13202702707114874,0.13422628664036593,0.10776222761518801,0.13880664904804763,0.12205619811870959,0.11819770964916627,0.1847958502304013,0.11606676321442183,0.11202458595332622,0.11202647603590296,0.12242140692717425,0.11593347721981052,0.21153694484946817,0.12327391873853755
26.0,2.685536194614337,2.61480903383124,1.938755560748585,3.0528708066167014,2.6632732160601873,2.411851468836284,2.794503162555844,2.6467240660624394,2.159858646585264,2.6753168498928837,2.0251583830750777,2.4359394202008477,2.763196444071461,2.456548404257563,2.4755150248266196,2.686421913803848,2.6532995037762164,2.466647353789432,1.6940958941074733,2.0850782444368274,2.623417898454372,2.6015755009960526,2.3856341580720213,2.7681440248523552,2.396151288442355,2.7311490247724373,2.184405143680729,2.8113329406635406,2.541300094548317,2.38425258708525,3.126388507856564,2.7095596403194966,2.580218981825553,1.8980567837777007,3.199154658674075,2.709783698094994,2.4410808344639507,2.824738160100161,2.594396159703172,2.2015866061568006,2.6271356833093833,2.049349886995822,2.470352345314697,2.8170379801996943,2.432209531110628,2.454085826007196,2.67399989770499,2.658615657274398,2.4552323029251393,1.7096966506884521,2.043851238247433,2.6249605784040684,2.5625387999997566,2.389176531604762,2.7406888934873126,2.3454234018873428,2.6723240772790313,2.1698201432083217,2.8841004403468795,2.550656687520259,2.3893449486534157,3.139474470172169,0.1710941341207211,0.1240385342133911,0.1310718609654442,0.2121877061021889,0.11743347386713159,0.11039200703543364,0.12008619225379896,0.14169310259910967,0.10505163442144799,0.12352393498571163,0.11777698530911246,0.14819305992964413,0.11580229965048193,0.16543113470710902,0.1431279889913443,0.12762776022824626,0.16469986583315052,0.1339789735607575,0.1336221397993566,0.1096177086699974,0.13289288244049954,0.11770681302734606,0.1152303591531816,0.17538204760499718,0.11922423189330462,0.11576495651403433,0.11142838253486517,0.11458035938540308,0.11244925066673625,0.19187947152071727,0.12448365776880363,0.2016588465818554,0.12733903260225427,0.13266985939182366,0.21883458171178757,0.12261343316587038,0.10949435377176174,0.12013910838394802,0.14223267752452523,0.11147478504197185,0.12461482084557186,0.12437810883291944,0.1507226634873137,0.11731085822508577,0.16051603978470846,0.1449178548323474,0.12726573934358607,0.16285153324101978,0.13154207551668073,0.1338364500769527,0.10761069624554198,0.13843265194020107,0.12191245671649786,0.11784004511444977,0.1844576977674134,0.11553003206438538,0.11156144560626206,0.11173166100527084,0.12211970893544791,0.11564751542877313,0.21126646329649001,0.12292510219340311
27.0,2.6756889523785943,2.6081370680763993,1.932951952066317,3.05635649218332,2.659404160656049,2.405548132025416,2.7904528348534243,2.6385067517029284,2.1572251856970195,2.6690170412697287,2.019648694970574,2.4298563621712748,2.7564332892246397,2.453089692889621,2.4686453331509566,2.678929696979632,2.6455638964107155,2.4594423141532094,1.6894881749513722,2.0806228117499175,2.6144237540228787,2.596760535886332,2.3793536791665706,2.758772495894386,2.389897109881476,2.7240933259727185,2.179400995795427,2.804949993794699,2.535055772863003,2.3734658321446167,3.1179155944583004,2.7005509750224745,2.5738210620150257,1.8916817112108293,3.202605372162162,2.7057065902912543,2.435137594942109,2.8212920323322916,2.5861743328978513,2.1985967229819887,2.6208199713365867,2.0431829215024644,2.463539548514828,2.810222510677802,2.427955606989889,2.4477044928145513,2.666274199294065,2.6515088378725005,2.4476320230146564,1.7051784438499078,2.0390755949845807,2.616812139112559,2.558141921948684,2.3826354651949075,2.7309709710640218,2.339106363659704,2.665445158499878,2.164549543481657,2.8779523052268865,2.5442232380782253,2.378169540240389,3.1314304302968785,0.17105790118930128,0.12375399721913172,0.1306691717131851,0.2117912303629369,0.11699704548383279,0.11010526163975952,0.1197129922944467,0.141379934576811,0.10476020872400808,0.122997342071508,0.11745367304310578,0.14794767997951203,0.11546396368081442,0.1650982455831937,0.1430165278164369,0.1272866523642363,0.16417930063460015,0.1335153984028253,0.1332508160888277,0.10952527107754095,0.1327050448908477,0.11774678624054426,0.11492956197111141,0.17491562595295074,0.11877919820526901,0.11533828013935236,0.11130496326978614,0.11435720992538145,0.11227042649539047,0.19176041991195775,0.12431977858674195,0.20178212018746197,0.1268693429928026,0.13222771585816073,0.2183827745658435,0.12227767706677557,0.1091815003173164,0.11970063944214945,0.14182547026981407,0.11098851464941362,0.12419595304859865,0.12407007794619054,0.15066594579779014,0.11695581190961286,0.16017776707361756,0.14485231512003607,0.12687247741779034,0.16238272607784324,0.1310804929080499,0.13350608555649449,0.10752499498410727,0.13810769839641143,0.12183314815204534,0.11750684315078755,0.18415734385643157,0.11502683478781953,0.11113054580838666,0.11147617381507924,0.12185357103290566,0.11538919325150022,0.21104400317115443,0.12262829400422597
28.0,2.666533547851259,2.601807362947774,1.9279206157719975,3.0598114278522206,2.6561615598422135,2.4001174816737874,2.786953584635621,2.6311332047104745,2.1551252056849943,2.6635072175794554,2.0148056087379924,2.4246714321855842,2.7502576662190226,2.4499839715142238,2.462568460132456,2.671840725017367,2.6385435657900644,2.4529689879849426,1.6853394519128908,2.076811252106883,2.606209787684084,2.5921125479664284,2.3740374854265713,2.750104190231717,2.3844091497096818,2.7177126203027036,2.1752566511335663,2.7990153325963036,2.5295378466023757,2.363213174331137,3.1099193315360205,2.6921154503207707,2.567813837469183,1.8859977786610322,3.2060227046591003,2.7022372195175866,2.4299840201920304,2.8183885583596564,2.578767477808823,2.1961539058758106,2.6153108020505345,2.0377498347431064,2.457605771349147,2.8040056386734693,2.4240446816517376,2.4420624328176834,2.658941843631382,2.6450951166835672,2.4407783860766763,1.7010853305439835,2.034947891152947,2.609370519073572,2.5538890960522806,2.377036022748174,2.7220447276619626,2.333598786115826,2.659252852154826,2.1601225549820176,2.872192343115816,2.538458619250628,2.3675155954491576,3.1238148140933966,0.17109464501051677,0.12350451341671653,0.13031557286660234,0.21141230035733669,0.11658344890388583,0.10984599789557133,0.11937369743297627,0.14110662519824457,0.10451088128006514,0.12250321223972893,0.11717121047163201,0.14775151271991324,0.11515967565043977,0.1647781148395906,0.14294908202587206,0.12697818721013715,0.16369777577583555,0.13309254350113067,0.13292528728752961,0.10948242437574639,0.13254780332954366,0.11784060081763743,0.11466135756808712,0.1744846842120166,0.11837720070088943,0.11494569491727696,0.11122021246688624,0.11418840853836137,0.11213556457584298,0.1917034348851556,0.12419677257482006,0.20199730631574206,0.1264435012626439,0.13183208311422867,0.2179638485730599,0.1219747389552443,0.10888963307049668,0.11929372637714789,0.1414498507246989,0.11054666462954738,0.12380875655118982,0.1238062264162444,0.15066316583086692,0.11663812569931749,0.15985953456975674,0.1448140150934448,0.1265024638079331,0.16195737108159156,0.13064273057769435,0.13323266009685739,0.10750165383406675,0.1378307331040111,0.12181564798366708,0.11719881412789288,0.18389438534880617,0.11455689657749639,0.11073176456538401,0.11125958826630677,0.12162293629097333,0.1151588745952853,0.21086888835455592,0.12238204492901092
29.0,2.6580286611773416,2.5957976585246634,1.9236137906483366,3.06321447133429,2.6535003229212695,2.3954999907932213,2.783969516257567,2.62455460235793,2.153520149654274,2.658740369203695,2.010588139236925,2.4203283258591166,2.7446337964883902,2.4472077150952933,2.4572256180053085,2.665132350530248,2.6321938829925258,2.4471781863489617,1.681626975484991,2.0735963910989414,2.598732403974224,2.587615569096691,2.3696177622166252,2.7421093398363308,2.3796335284184784,2.7119570841476093,2.1719106551765184,2.7934964304501206,2.5246960302035752,2.353482151919349,3.1023766932937487,2.6842212697880097,2.5621715031697483,1.8809686584374259,3.2093869101102244,2.6993315149327954,2.4255643301236205,2.8159904387781505,2.57213018752842,2.194219848747295,2.6105622852671164,2.033008580084881,2.4524989219468374,2.7983505836182463,2.4204539499231057,2.4371047384336273,2.6519818110562117,2.6393289677559486,2.434622658502303,1.6973998333101905,2.031421090982521,2.6025940635663503,2.5497637116423615,2.3723133897330597,2.7138778531954353,2.328845176043704,2.653698159659235,2.1564786603308725,2.8667894303875867,2.533316822150341,2.3573680763994447,3.116606826514173,0.17120166541402906,0.12328969271106044,0.1300097837254353,0.21105348670062068,0.11619349075717136,0.10961419761583176,0.11906832024902986,0.14087229132569098,0.10430261573182813,0.12204161681812004,0.11692846937475267,0.1476026449562569,0.11488898498638726,0.16447303806083866,0.1429247242341342,0.12670200227983042,0.16325495250914981,0.13270946627299243,0.13264420646847275,0.10948683016764563,0.13242121934547565,0.11798590316670607,0.11442557875693762,0.17408977300684517,0.11801755575049747,0.11458738891465885,0.11117304967064474,0.11407200694961951,0.11204317151191047,0.19170544870787734,0.12411347595793196,0.2022997396458511,0.12606092987080908,0.13148149880537724,0.2175790027455408,0.12170424286362742,0.1086194874358163,0.11891873970556348,0.14110628710684373,0.11014855520847254,0.12345290260724129,0.1235854773799401,0.15071145075522765,0.11635705439808695,0.15956291564645014,0.14480314523979315,0.12615603736622752,0.1615744917224882,0.1302292300216713,0.13301367476299092,0.1075373453145021,0.1376007821058168,0.1218574512468366,0.11691667339543137,0.18366847241787898,0.11412000130673154,0.11036502023029925,0.11108154870553377,0.12142776913136703,0.1149569437226269,0.21074044761602886,0.12218500046711044
30.0,2.650132972501874,2.590085694886375,1.919983715478027,3.0665444803403656,2.651375359195824,2.391636132395569,2.78146473407443,2.618722121918119,2.1523714607099538,2.6546694865241527,2.0069553013269803,2.416770738807205,2.739525901466501,2.4447373985967396,2.452558019003671,2.6587819261314767,2.6264702190962934,2.4420207203095914,1.6783279961606594,2.0709310543173296,2.5919480074295436,2.5832536311374557,2.3660266949013122,2.734758176680223,2.375516366499378,2.706776893892685,2.169301553405715,2.788360760737907,2.520480038103714,2.3442603031838054,3.095264653935565,2.6768366369978023,2.5568682540984233,1.8765580228491576,3.2126782424608353,2.6969454056956708,2.4218227446468137,2.814060374183685,2.5662170551489565,2.1927562455055027,2.606528530802218,2.0289171108949278,2.4481669084370896,2.7932205649436948,2.417160606630923,2.4327765020794176,2.645373081907746,2.634164865137954,2.4291161066826517,1.6941044746880343,2.0284481587032976,2.596441117870127,2.5457491580507905,2.368402751618076,2.706438037578774,2.3247900402313606,2.6487320824284706,2.1535573421496967,2.8617124434161525,2.5287518378901535,2.3477119452109814,3.1097856725116775,0.17137634188375955,0.1231091735602961,0.1297505690671597,0.21071732952787325,0.11582797657864148,0.10940986837212892,0.11879689416774578,0.14067608488364344,0.1041344052487363,0.1216126542257161,0.11672435152299977,0.14749922403270144,0.11465148136479787,0.1641852717536775,0.14294256285953083,0.12645776801490308,0.16285048055600365,0.13236525820917014,0.13240624888344257,0.10953624728861218,0.13232536719207674,0.11818042319033588,0.11422209613340059,0.1737314567916245,0.11769963054910876,0.11426358139323078,0.1111624519819467,0.11400614177085458,0.11199182321157346,0.19176346740461478,0.12406876061919722,0.20268489887580068,0.12572112054863116,0.13117452060114262,0.21722942031312872,0.12146582661014439,0.10837179254711922,0.11857607217346479,0.14079526816385773,0.10979355619273073,0.12312808855228177,0.12340675376655239,0.15080799035469938,0.11611187940602262,0.15928945776479342,0.14481987774717928,0.12583354134587302,0.16123315945629052,0.12984043233649886,0.13284666033688147,0.10762887070129347,0.13741694028586843,0.12195615964580472,0.11666114453649713,0.1834793041564565,0.1137159901428239,0.11003027042152683,0.11094176442289547,0.12126805356182269,0.1147838074275971,0.21065801602060638,0.12203589076680488
31.0,2.6428051619698376,2.5846492121122053,1.9169826290437846,3.0697803125813126,2.6497415779684603,2.388466379492638,2.7794033424413276,2.613586940663901,2.151640581957094,2.6512475599225236,2.0038661098677673,2.4139423666452284,2.7348982025871336,2.4425494969824673,2.4485068753617742,2.652766804434236,2.6213279451796065,2.4374474009311164,1.675419764432858,2.068768067353246,2.58581300258626,2.579010765949083,2.363196468845235,2.7280209327354217,2.3720037844438835,2.7021222259231656,2.1673678913025127,2.783575796841444,2.516839584739919,2.33553516639904,3.0885601876655002,2.6699297555237633,2.551878285236899,1.8727295442053464,3.2158769556563014,2.695034820965025,2.418703483671561,2.8125610651721638,2.560982673762734,2.191724790059487,2.6031636484717144,2.025433380540426,2.4445576389491137,2.7885788020813633,2.414141846602128,2.429022816172099,2.6390946365252703,2.629557282877916,2.424209997008847,1.691181777217016,2.0259820585452353,2.590870027264157,2.5418288246093708,2.3652392938717166,2.699692970726282,2.3213778854667937,2.644305621877888,2.151298083059951,2.8569302585754404,2.52471765758291,2.3385321640034675,3.1033305570383427,0.17161612213870686,0.12296262054862123,0.12953673453331438,0.21040635225801682,0.11548771937150015,0.10923304405634311,0.11855947299094449,0.14051718872932578,0.10400527025729912,0.12121645047016874,0.11655778520407956,0.14743945021012117,0.1144467880220586,0.16391704743507107,0.1430017389412837,0.12624518697322068,0.16248399961887566,0.13205904265293508,0.13221011145821263,0.10962852427535874,0.1322603362382907,0.11842196570594005,0.11405081737199715,0.1734103182552421,0.11742283686029883,0.11397452231677281,0.11118745035717036,0.11398902037079252,0.11198016002620062,0.19187456062140068,0.12406152694535069,0.20314838604011065,0.12542363015362676,0.13090972847443186,0.21691627654386778,0.12125914090198574,0.10814727405687348,0.11826613585986835,0.14051730323225997,0.10948108161056641,0.12283404275422388,0.12326897607309908,0.15095003171661903,0.11590190450080398,0.15904069160567366,0.14486437287555812,0.12553533118613117,0.16093249452835212,0.12947678675570895,0.13272917356044814,0.10777314716829779,0.13727835995685186,0.122109469881958,0.11643296244049059,0.18332662447050993,0.11334476006104695,0.10972751096075177,0.11084000459028098,0.12114379179940724,0.11463989722236186,0.21062093656557193,0.12193352142089575
32.0,2.6360039097262637,2.579465950281465,1.9145627701283112,3.07290082576799,2.648553888541754,2.3859312050962656,2.7777494457134186,2.609100235868112,2.151288956500778,2.648427579780497,2.001279579718887,2.411786904988519,2.7307149212840605,2.440620485216379,2.4450133993137677,2.6470643380517216,2.616722432320696,2.433409039277882,1.6728795307945579,2.06706025579791,2.580283793980638,2.57487100539191,2.3610592694129675,2.7218678399739025,2.369041902743503,2.6979432566242885,2.1660482143483613,2.7791090121424826,2.513724384549339,2.3272942798395935,3.0822402686876176,2.6634688289394957,2.547175791566893,1.8694468948151273,3.218963303641953,2.693555689899669,2.4161507671077773,2.811455212339494,2.5563816364621035,2.191087176318299,2.6004217480915184,2.0225153423885094,2.4416190216120888,2.78438851446279,2.411374864663626,2.4257887731287244,2.6331254552479972,2.6254606950241457,2.4198555958719967,1.68861426343666,2.0239757547383417,2.585839137027691,2.5379861006499547,2.3627582019624915,2.693610342552251,2.3185532185380247,2.6403697794228718,2.1496403656831,2.8524117522393952,2.521168272341419,2.329813694896637,3.097220685046638,0.171918511736459,0.12284972223955283,0.12936712273353929,0.21012307452948012,0.11517354765045107,0.10908378550924024,0.11835613053654824,0.14039481297406847,0.10391425666984538,0.12085315997494671,0.11642772249220984,0.14742156980342438,0.11427455568731418,0.1636705847343902,0.143101423146088,0.12606399315450817,0.16215514103203668,0.13178997282995572,0.13205451269227322,0.10976159214610891,0.13222623311640658,0.11870840248238856,0.11391168651774919,0.17312696237491346,0.1171866253270968,0.11372049189668876,0.1112471261827388,0.11401890794864439,0.11200688215242671,0.19203585220123232,0.12409069742650154,0.20368590749167373,0.1251680767903398,0.13068572693546426,0.21664074622517238,0.12108384871116197,0.10794665694518948,0.1179893597988109,0.14027292250468362,0.10921058488253463,0.12257052899620041,0.12317106078510752,0.1511348738271329,0.11572645222782851,0.1588181395834366,0.14493678473828447,0.1252617816609788,0.1606716665190479,0.12913875834033092,0.13265879392966373,0.10796719582592836,0.13718424049409786,0.12231516307611195,0.11623287620035919,0.18321021821066732,0.11300626226188319,0.10945677483277362,0.11077609369546046,0.12105500327331602,0.11452567151824383,0.21062856203065547,0.12187676509206263
33.0,2.629687895916156,2.5745136494734506,1.9126763775143238,3.075884877611254,2.6477672002183206,2.383971082218276,2.7764671482458563,2.60521318480359,2.1512780274461023,2.646162536479767,1.999154725739929,2.4102480494524325,2.726940278991041,2.4389268382623976,2.4420188030938585,2.6416518795971338,2.612609051597746,2.4298564464141927,1.6706845457387445,2.0657604452425575,2.5753167861489077,2.5708183813262617,2.3595472819691143,2.7162691303676914,2.366576841889731,2.6941901623812985,2.1652810680246484,2.774927880022801,2.5110841519690763,2.319525181780003,3.0762818712059583,2.65742206081864,2.542734968070106,1.8666737469876462,3.221917540363097,2.692463941658388,2.4141088148653886,2.8107055162815837,2.5523685363393604,2.190805098190983,2.5982569394774857,2.020120949806327,2.4392989645552214,2.780612921519539,2.4088368556423503,2.423019465366301,2.6274445184151474,2.6218295756249717,2.416004169663227,1.6863844558864602,2.0223822115125696,2.581306792439947,2.5342043755043995,2.3608946613588953,2.6881578429710205,2.316260546233043,2.6368755564787785,2.148523672640633,2.8481258007819377,2.5180576732785194,2.321541500010192,3.0914352614890004,0.17228106466199514,0.12277018928729974,0.1292406100374535,0.20987002434875662,0.1148863130056136,0.10896218122258096,0.11818696039678338,0.14030819174121972,0.1038604346100236,0.12052296669038964,0.11633313720832425,0.14744386903740417,0.1141344570908744,0.16344810357814282,0.14324081296201524,0.12591395144197118,0.16186352955553687,0.13155723011058906,0.13193819294251563,0.10993345748020629,0.13222318359394242,0.11903766486380267,0.113804683281925,0.17288202013552442,0.11699048032882403,0.11350180018860723,0.11134060812320797,0.11409411574378406,0.11207074528318046,0.1922445114292021,0.12415521096984602,0.20429325646214078,0.12495413618073589,0.13050114724929232,0.21640401081764007,0.12093962490838295,0.1077706683438423,0.11774618808253097,0.14006267749321907,0.10898155450377249,0.12233735031854462,0.12311191938961634,0.15135986206785348,0.11558486085791288,0.15862332376907531,0.14503726655033133,0.12501329344781062,0.16044989464033618,0.1288268348818596,0.132633121002204,0.10820813064387903,0.13713381897708346,0.12257109523838829,0.11606165184737086,0.1831299074964762,0.1127005004981512,0.10921813117127421,0.11074990743332308,0.12100172399451094,0.1144416177907443,0.21068025702861384,0.1218645539199764
34.0,2.6238158006845307,2.569770049767474,1.9112756899845111,3.0787113258219723,2.647336422300719,2.382526483870516,2.775520554393782,2.601876964743185,2.1515692378981455,2.6444054204019873,1.9974505627905137,2.4092694956523193,2.7235384971418566,2.4374450310844136,2.439464298936229,2.63650678168368,2.60894317408902,2.426740433404368,1.6688120597583769,2.0648214612783984,2.5708683836272996,2.5668369256125128,2.358592691878249,2.711195035888762,2.364554722374089,2.6908131195794294,2.165004997812773,2.7709998738641533,2.508868601436287,2.312215410494823,3.0706619694245756,2.651757654734789,2.5385300097282544,1.8643737730320207,3.224719919765073,2.6917155053999844,2.4125218468543386,2.81027467759431,2.5488979664868294,2.1908402495866,2.5966233324455197,2.018208156161041,2.4375453759076846,2.777215242683154,2.4065050143652527,2.420659985301893,2.6220308063659883,2.618618398728727,2.412606984773638,1.6844748771059361,2.021154393097927,2.5772313387801864,2.530467038504497,2.3595838575294463,2.683303161896897,2.3144443753398733,2.633773954460977,2.147887486553992,2.844041280577033,2.5153398515070307,2.313700541463862,3.0859534913178894,0.17270137486718262,0.1227237527937432,0.12915610402699088,0.20964974948874615,0.1146268972240528,0.10886834812309949,0.11805207582929907,0.1402565803579864,0.10384289763084632,0.12022608545178463,0.11627302353131201,0.14750466858229364,0.11402618201354728,0.16325183552029598,0.1434191300841387,0.12579485714659794,0.16160878532750328,0.13136002249180506,0.13185991507202702,0.1101421957808427,0.13225133420209254,0.11940773694959535,0.1137298223574765,0.1726761519375284,0.11683391536787596,0.11331878675472708,0.11146706923807509,0.1142129903137553,0.11217055649377727,0.1924977449018358,0.12425401789312338,0.20496629711588202,0.12478153827321939,0.1303546496413077,0.21620726530113793,0.12082615614401405,0.10762004037701588,0.11753707841491529,0.1398871416912502,0.10879351022114513,0.12213435233330808,0.1230904579300554,0.15162238259884983,0.11547648187174389,0.15845777326103888,0.14516597540285914,0.12479029917048448,0.16026644780039714,0.12854153307971133,0.13264977216796567,0.10849314823628158,0.13712636181387933,0.12287518873683524,0.1159200749437121,0.18308554820031112,0.11242752932220851,0.10901168427645999,0.11076136902049113,0.12098400627585014,0.11438825472234623,0.21077540024501787,0.12189587267147288
35.0,2.618346304176394,2.565212891242834,1.9103129463215969,3.0813590281109877,2.647216464091563,2.3815378830647966,2.7748737685123306,2.599042752959727,2.152124030961976,2.643109221928876,1.9961261057302306,2.4087949392035326,2.720473797170267,2.4361515386463597,2.4372910990750776,2.631606396924539,2.605680170872719,2.4240118113127265,1.6672393233464349,2.06419612949664,2.5668949909520564,2.5629106701109925,2.3581276845049857,2.7066157885091515,2.362921664688088,2.6877623046039196,2.1651585491941363,2.7672924670483106,2.5070274473880767,2.305352504258584,3.065357537547512,2.64644381426157,2.534535111523038,1.8625106452573812,3.2273506957932314,2.6912663102832877,2.411334082984547,2.810125396873598,2.54592451999682,2.1911543244142,2.595475036811492,2.0167349148197835,2.436306163798696,2.774158697385197,2.404356535659236,2.41865542535253,2.616863299439744,2.615781638383703,2.4096153075943594,1.6828680496345794,2.0202452637243753,2.5735711213276575,2.5267574789821223,2.3587609759426513,2.6790139892441793,2.3130492126465145,2.631015974784829,2.147671290044654,2.840127067998599,2.5129687981397906,2.306275781377366,3.080754579485759,0.1731770687289588,0.12271016290713922,0.12911254158450094,0.20946482816936549,0.11439621900262227,0.1088024324483056,0.1179516097986125,0.14023925298910492,0.10386076241969185,0.11996276355628611,0.11624639523154626,0.14760231873247628,0.11394943285128996,0.1630840342764154,0.14363561800130342,0.12570653564744308,0.1613905259995367,0.13119758329122816,0.13181846544726106,0.11038594510057669,0.13231085365744105,0.1198166492985347,0.1136871527762394,0.1725100507208028,0.11671646897508023,0.11317182040850282,0.11162572436009555,0.11437390381204815,0.11230517034845128,0.19279278897176208,0.12438607556917726,0.20570095001420519,0.12465006408529461,0.13024492547463937,0.21605172473940779,0.12074314096873467,0.10749551302611356,0.11736250109055234,0.13974691144887816,0.10864599968957904,0.12196142601230081,0.12310557705563123,0.15191985660480242,0.11540067793151097,0.15832303105091583,0.1453230766264015,0.12459326896878614,0.16012064445929758,0.12828340405784183,0.1327063808216803,0.10881951848084861,0.13716115733683007,0.12322542471439438,0.11580895305935014,0.1830770265683677,0.11218745226649306,0.1088375726721182,0.11081044590420527,0.1210019187835009,0.11436613432081096,0.21091338685814237,0.121969752603548
36.0,2.613238086536751,2.560819913978844,1.9097403853082717,3.0838068421891784,2.6473622348934387,2.380945752812956,2.7744908949566423,2.596661726726061,2.152903849742686,2.6422269314421065,1.9951403694186924,2.4087680757214196,2.7177104005100574,2.435022835912123,2.4354404157445844,2.6269280779329183,2.6027754130270724,2.4216213912035824,1.6659435869958847,2.0638372754885075,2.563353012659422,2.5590236466820553,2.3580844452138994,2.702501620200837,2.3616237893232115,2.6849878938400153,2.1656802676501465,2.763773132957036,2.505510404261583,2.2989240013458248,3.0603455497788383,2.641448742972583,2.5307244684361487,1.8610480359728712,3.2297901223928744,2.69107228546708,2.4104897431659467,2.8102203747153585,2.5434027899616694,2.191709016582839,2.594766162391299,2.01565917914971,2.4355292363574343,2.771406505057203,2.402368614351245,2.416950877935257,2.611920977975644,2.613273768638242,2.4069804045165135,1.6815464960119102,2.0196077876219114,2.570284485361594,2.523059086269087,2.3583612020669946,2.6752580149271874,2.3120195649409796,2.6285526188657005,2.1478145657341052,2.83635203942057,2.51089850428962,2.299252181870416,3.0758177309450487,0.17370579839655018,0.12272918766625182,0.12910888759484396,0.20931787904841265,0.1141952402829385,0.10876461072550515,0.1178857151882638,0.14025550072959336,0.10391316898391555,0.11973328253879911,0.11625228550835107,0.14773519519446018,0.11390392067789107,0.16294698551546563,0.14388953979707564,0.12564884212699276,0.16120836908874553,0.1310691700507545,0.13181265526947028,0.11066289990585411,0.13240193411671708,0.12026247312377106,0.11367675733531613,0.17238444483551285,0.11663770112647893,0.11306129905985719,0.11181582772593096,0.11457524519694567,0.11247348521218237,0.193126902716441,0.12455034469800357,0.2064931789089184,0.12455954278028407,0.1301706993664806,0.21593863059519505,0.12069029018998191,0.10739783703094069,0.11722293838062559,0.1396426070881519,0.10853859559317348,0.12181850993852428,0.1231561725212408,0.15224973437448633,0.11535682130237888,0.15822066043953315,0.14550874780655754,0.12442271564413088,0.16001185230365197,0.12805303828708495,0.13280059486950305,0.10918457593838583,0.13723750936883156,0.12361983640316099,0.11572911816484036,0.1831042559654998,0.11198041997323,0.10869596821096195,0.11089714684053303,0.12105554689846457,0.11437584401412955,0.21109363113200263,0.12208526601663221
37.0,2.608449827910627,2.5565688580547965,1.9095102457272566,3.0860336257674006,2.647728644008927,2.3806905661268183,2.7743360380818625,2.59468506331504,2.1538701373453484,2.641711539323382,1.9944523687154985,2.4091326008213274,2.7152125285949817,2.434035397845641,2.4338534611789435,2.622449177322008,2.6001842716303076,2.4195199841412496,1.664902101199704,2.0636977248452286,2.5601988532856343,2.5551598871860484,2.358395159369571,2.69882276293583,2.3606072167710024,2.682440063672932,2.1665086986622106,2.7604093449721074,2.504267186493935,2.29291744003109,3.0556029803225906,2.6367406444414576,2.5270722754493,1.8599496174876162,3.2320184535093492,2.691089360110165,2.4099330473084697,2.8105223117154727,2.541287369473668,2.1924660200015604,2.5944508190008255,2.0149389025179816,2.4351625017131044,2.7689218851307302,2.400518445268187,2.4154914354671244,2.6071828223129363,2.6110492635406684,2.4046535419311965,1.6804927387774382,2.019194929020519,2.5673297761612512,2.5193552496972367,2.35831972137099,2.6720029288602385,2.3112999390112816,2.6263348881189557,2.148256796243786,2.83268507121689,2.5090829610693537,2.2926147050627517,3.0711221506482183,0.17428523600020515,0.12278061210027387,0.1291441342428862,0.20921157054608266,0.11402497223674571,0.10875509086671431,0.11785456520671819,0.14030463018204944,0.10399928131057574,0.11953796013500359,0.11628974742291458,0.14790169545329193,0.11388936179576702,0.16284301595904127,0.14418017618013132,0.12562166140572312,0.1610619345879106,0.13097406365192588,0.13184132222947484,0.11097130515380166,0.13252479230629063,0.1207433149453391,0.1136987521242992,0.17230010069381033,0.11659719016818049,0.11298764968039013,0.11203667084831676,0.11481541230313749,0.11267443975218032,0.19349736137822515,0.12474578618717808,0.20733897878743449,0.12450984898334079,0.13013073119695404,0.21586925683297883,0.12066732746364629,0.10732777684396101,0.11711888431258505,0.13957487429390372,0.10847089321808438,0.12170559200092096,0.12324113609800677,0.1526094891786279,0.11534429268978412,0.15815225106649186,0.14572318251668834,0.12427919942895273,0.1599394877723526,0.12785106998082207,0.13293007549673067,0.10958571203534662,0.13735473176882462,0.12405650328507964,0.11568142897608713,0.1831671737388112,0.11180662829113289,0.10858707523815866,0.11102151932063205,0.12114499336598837,0.11441800872635323,0.21131556917787067,0.12224152148254308
38.0,2.603940208443023,2.552437463549996,1.9095747663612552,3.088018236556512,2.6482706007406245,2.380712796018227,2.774373302243161,2.5930639399995,2.154984336875057,2.64151603595437,1.9940211184802485,2.4098322101186103,2.7129444028588146,2.433165699410798,2.432471447612329,2.6181470477050075,2.5978621177606382,2.4176584011900406,1.664092116450865,2.0637303031580316,2.5573889173669277,2.5513034234832928,2.358992012336599,2.695549448686137,2.359818067522922,2.6800689904879413,2.1675823877117204,2.7571685764752636,2.5032475085222656,2.287320358588934,3.0511068033828215,2.632287722241813,2.5235527275442196,1.8591790621107598,3.2340159430879796,2.6912734633713566,2.409608215322049,2.8109939084698676,2.5395328516251645,2.193387028579434,2.594483116455949,2.0145320382917395,2.435153867994889,2.7666680570373394,2.398783223237015,2.4142221903651664,2.6026278127908706,2.6090625971392947,2.4025859862295262,1.6796893004706626,2.018959652150158,2.5646653390058587,2.5156293585984013,2.358571719323135,2.669216420957639,2.310834841645424,2.624313783959968,2.148937464195187,2.8290950397615027,2.5074761595917927,2.2863483130740527,3.066647043547731,0.1749130686958386,0.12286423760066217,0.12921730089124814,0.20914862952184154,0.113886480927624,0.10877411339325112,0.11785835401237965,0.1403859625510602,0.10411828849419541,0.1193771524276054,0.11635785492753523,0.14810023569008884,0.11390547477148559,0.1627745018339174,0.1445068237602778,0.12562490788422465,0.16095084788238337,0.1309115676497481,0.1319033324786299,0.11130945055213723,0.1326796705688442,0.12125731166664899,0.1137532861880849,0.17225782523813865,0.11659453024934217,0.11295132840896811,0.11228758061757872,0.11509280470878075,0.11290700961290548,0.1939014502224916,0.1249713586256491,0.20823436509541143,0.12450090034622976,0.13012381795388922,0.21584491585081586,0.12067399012385795,0.1072861136582377,0.11705084483616486,0.139544385824029,0.10844250846567331,0.12162271050360779,0.1233593568593704,0.15299661090757574,0.11536248046303875,0.1581194246227784,0.14596659383167163,0.12416333242469191,0.15990301546861993,0.1276781810316605,0.1330924961216394,0.11002036796978659,0.1375121439725766,0.12453354604926124,0.11566677329047481,0.18326573820190586,0.11166631635829641,0.10851112982365844,0.11118364732702321,0.12127037921055772,0.11449329294122164,0.21157866188208965,0.12243765973774498
39.0,2.599667908278956,2.5484034705437493,1.9098861859929617,3.089739532267377,2.6489430143911283,2.3809529154989915,2.7745667917956736,2.5917495340522807,2.15620789143688,2.641593411716769,1.993805633572551,2.410810599228628,2.710870244735326,2.4323902155715027,2.431235587278923,2.6139990416950996,2.5957643224962865,2.415987453414292,1.6634908832423367,2.063887836018105,2.554879609439538,2.5474382874341397,2.359807189479579,2.6926519094237404,2.3592024620705128,2.6778248506702544,2.1688398802800815,2.7540183008482897,2.502401084783692,2.2821202952938746,3.046833993163593,2.628058179947234,2.520140019702585,1.8587000421514193,3.235762845074097,2.691580524409439,2.4094594671166036,2.811597865574422,2.53809382950846,2.1944337362254904,2.594817164572558,2.014396539838141,2.4354512433319875,2.7646082402085628,2.39714014308464,2.4130882350464,2.598234929748655,2.607268243482454,2.400729003802654,1.6791187036311002,2.018854921240839,2.562249519174676,2.5118648023044274,2.3590523813919444,2.6668661811336913,2.310568779631413,2.622440307804098,2.149796052209763,2.8255508214283394,2.5060320909697817,2.2804379680240623,3.062371614596015,0.17558699452172333,0.12297988158593072,0.12932743452694173,0.20913184931755965,0.11378089267286415,0.10882195280469852,0.11789729758505627,0.14049883329329524,0.10426940632746673,0.11925125617962354,0.11645570450114655,0.1483292482273567,0.11395197795841304,0.16274387671998372,0.14486879358602547,0.1256585256048176,0.16087474302872315,0.13088100783591464,0.1319975829132857,0.1116756649710918,0.13286683786915848,0.12180262604185996,0.11384054136192627,0.17225846826301608,0.11662932926636162,0.11295282081858724,0.11256791761921045,0.11540581733230697,0.11317020424805775,0.19433645876093217,0.1252260163396047,0.20917536406739598,0.12453265537396559,0.13014879534973736,0.2158669642866068,0.12071003025708393,0.10727364853312564,0.11701933837395612,0.13955184358953707,0.10845307629599157,0.12156995465313017,0.12350972281345904,0.15340859942796786,0.11541078024143767,0.15812384032172955,0.1462392176852101,0.12407578275044862,0.1599019474958567,0.1275351045557533,0.13328554146068264,0.11048602830011904,0.13770906755051746,0.1250491222979995,0.11568607035620378,0.1833999257475608,0.11155976469116596,0.10846839907431205,0.11138364940460835,0.12143184489508302,0.11460240276285615,0.2118823980006966,0.12267285023802219
40.0,2.5955916075634438,2.544444619115371,1.9103967434050915,3.0911763706108504,2.6497007942629986,2.3813513975809504,2.774880611094524,2.5906930227462213,2.157502244135906,2.641896656992278,1.9937649288520047,2.412011463766704,2.708954275658293,2.431685421291687,2.4300870924129567,2.6099825119055007,2.5938462569154908,2.414457951878297,1.663075652067096,2.0641231490166883,2.5526273340397205,2.54354851089897,2.3607728761630824,2.6901003771206717,2.3587065209052667,2.6756578206051342,2.17021972184871,2.7509259914729554,2.5016776297153513,2.2773047884204844,3.0427615238689336,2.6240202211313677,2.516808346906117,1.858476229918735,3.2372394134130436,2.691966472383241,2.4094310226020808,2.8122968836250704,2.536924896215881,2.195567836848798,2.5954070731665366,2.0144903605243294,2.436002535853601,2.7627056540759596,2.395566399638008,2.4120346619278874,2.5939831535255484,2.6056206766184595,2.3990338610416493,1.6787634707982493,2.018833700522523,2.560040661946928,2.5080449701471377,2.359696893045922,2.664919899302723,2.31044625975726,2.620665461066706,2.1507720429089945,2.8220212925913333,2.504704746316151,2.274868632032506,3.0582750687455373,0.1763047190449922,0.12312737748454083,0.12947361076964267,0.20916409717585052,0.11370939912730911,0.10889891910763438,0.11797163487282927,0.14064259236680107,0.10445187935131053,0.11916071136612746,0.11658241740980714,0.14858717948322642,0.11402858751403352,0.162753638831733,0.14526540995827664,0.1257224884474362,0.1608332664556059,0.1308817320464504,0.13212300377508845,0.1120683109747488,0.13308659079917218,0.12237744250183824,0.11396073231603496,0.17230292462739705,0.1167012073240546,0.11299264236544533,0.11287707465328757,0.11575283469562489,0.11346306389252758,0.1947996752883099,0.1255087080225562,0.21015800410107957,0.1246051115293636,0.13020453914264105,0.21593680874721105,0.12077521603019592,0.10729120564481308,0.11702489676046939,0.13959798115958644,0.10850224959329431,0.12154746438074997,0.12369112285913773,0.15384295761647565,0.11548859482600393,0.1581672002080797,0.14654131613047322,0.12401727844113437,0.15993584275597109,0.127422628109003,0.13350690663281775,0.11098021517646019,0.13794482380844883,0.12560142295633794,0.11574027331805374,0.18356972810126115,0.11148729329942184,0.10845918053680403,0.1116216770335488,0.1216295517048324,0.11474608798477731,0.2122262974243059,0.12294628837540397
41.0,2.591669986441477,2.5405386493441573,1.9110586773803584,3.092307609297782,2.650498849658861,2.3818487152759333,2.775278864494885,2.5898455833541725,2.1588288380772167,2.642378762162556,1.9938580191782216,2.4133784993482177,2.7071607170614866,2.4310277915352247,2.4289671752485757,2.606074810949396,2.592063292096455,2.4130207076463925,1.662823673418109,2.0643890677449903,2.5505884957036873,2.5396181257380803,2.3618212577517217,2.6878650837489,2.3582763645186953,2.6735180766777873,2.171660457898998,2.7478591217310275,2.501026857754386,2.272861376243262,3.0388663697029172,2.6201420493678094,2.5135319041365087,1.858471297721837,3.2384259020501354,2.6923872364515424,2.4094671016883984,2.8130536632176812,2.5359806448397304,2.196751024358394,2.596206952053786,2.0147714537174637,2.4367556536888944,2.7609235180710945,2.3940391877240312,2.411006563426669,2.5898514644607804,2.6040743705956326,2.397451824337652,1.6786061245116235,2.018848954225203,2.5579971126018832,2.504153251458379,2.3604404397535577,2.66334526537904,2.310411788810971,2.6189402451631665,2.1518049189143382,2.818475329624435,2.5034481167437277,2.269625267219085,3.0543366109487415,0.17706395277723797,0.12330657506429636,0.1296549354388217,0.2092483210374488,0.11367326210895737,0.10900535951997997,0.11808162924450614,0.14081660512691765,0.10466498336272115,0.11910600392316698,0.11673714261938012,0.14887248842071185,0.11413501592411184,0.16280635776738722,0.14569600953238057,0.1258168004767359,0.16082608115225228,0.13091311023257418,0.13227856157515747,0.11248577943814472,0.13333925461938181,0.12297996330759697,0.11411410684644475,0.17239213639402526,0.11680979572197102,0.11307133904070699,0.11321447544074394,0.11613222579351605,0.11378465665690203,0.1952883816830577,0.12581837593497433,0.2111783081165892,0.12471830363385461,0.1302899660922452,0.2160559115111526,0.12086933328568411,0.10733963569140405,0.11706806657950054,0.13968356674995278,0.10858969844696265,0.12155542945132264,0.12390244905079166,0.1542971840284625,0.11559533446813497,0.15825125438783919,0.14687318055992793,0.12398861113014888,0.16000430624885115,0.12734159663549982,0.13375429623545704,0.11150048317610184,0.13821873245948169,0.12618866934366885,0.11583037178306545,0.18377514973151612,0.11144925984580265,0.10848380170208541,0.11189791329314053,0.12186368333964061,0.11492514418012169,0.21260991461985923,0.12325719336209422
42.0,2.587861725058074,2.536663301309399,1.9118242267014567,3.0931121060390514,2.6512920898812835,2.382385341595774,2.7757256563518786,2.589158393148976,2.160149116365887,2.6429927176093213,1.994043919410788,2.4148554015885075,2.705453790378655,2.430393801266075,2.4278170480199894,2.602253291439974,2.590370799117412,2.4116265317828693,1.6627121977883514,2.064638417794235,2.5487194989677064,2.5356311638118467,2.3628845196100707,2.685916261280456,2.3578581134023096,2.671355795273476,2.1731006339123495,2.744785165004252,2.500398483337888,2.268777597036779,3.035125504869576,2.6163918682301817,2.510284886375484,1.8586489178698602,3.2393025649307154,2.6927987457731537,2.409511924285494,2.813830904948184,2.5352156684723512,2.197944992663341,2.597170911050172,2.015197772784677,2.437658504967093,2.7592250516254886,2.3925357021696483,2.4099490319597763,2.5858188428935818,2.6025837994623093,2.395934160081771,1.6786291873107408,2.0188536465788633,2.556077216418774,2.5001730355699845,2.3612182069833727,2.662109969276955,2.310409873580563,2.6172156615088453,2.1528341628472782,2.8148818089015624,2.502216193365324,2.26469283570352,3.050535446158085,0.1778624093400111,0.12351734113909275,0.1298705466818212,0.20938755571615694,0.1136738181840708,0.1091416603669934,0.11822757027867632,0.14102025391914919,0.10490802838133667,0.11908766873969098,0.11691906039595426,0.1491836454835352,0.11427097105007479,0.1629046807553288,0.14615994071767835,0.12594149645886404,0.1608528714133521,0.13097453481708274,0.1324632623564466,0.11292648421579983,0.13362518436919565,0.12360840500172159,0.11430094644696293,0.1725270949305299,0.11695473647613393,0.11318948824443373,0.11357957350092317,0.1165423395130793,0.11413407572673763,0.19579984842498843,0.1261539556718262,0.21223228684874845,0.12487230258450724,0.13040403448215207,0.2162257962570554,0.12099218742080589,0.10741981948437998,0.11714941091568866,0.13980940675488487,0.10871510984292655,0.12159408780590988,0.12414259916540234,0.15476876515972646,0.11573041747570756,0.15837780626306158,0.14723513493505355,0.12399063954713871,0.16010698841039248,0.12729291520288946,0.13402542333126152,0.11204441470775413,0.13853011139673538,0.1268091108703765,0.11595739454871769,0.18401620543509653,0.11144605786827624,0.10854261962127287,0.11221257180752059,0.12213444770192633,0.11514041482716272,0.213032842259211,0.12360480678923975
43.0,2.584125503558246,2.532796315090419,1.912645630151097,3.0935687185455087,2.652035424232863,2.382901749552298,2.776185091020661,2.588582629403462,2.1614245221070005,2.6436915137142356,1.9942816444093185,2.4163858661029183,2.703797717043586,2.429759925448105,2.4265779229613775,2.598495305990443,2.5887241490565764,2.4102262353520634,1.662718475670805,2.0648240247556466,2.546976748367997,2.5315716569805997,2.363894847102715,2.684224141687329,2.3573978880475983,2.669121152777423,2.1744787953701668,2.7416715946744135,2.4997422209030353,2.265040989075574,3.0315159035729753,2.6127378812921114,2.5070414886047288,1.8589727626719341,3.2398496560001098,2.693156929506884,2.4095097103032916,2.8145913094124726,2.534584560206026,2.199111435672687,2.598253059971586,2.015727271093135,2.438658997817383,2.7575734741707194,2.391033137801774,2.408807159944254,2.5818642691632157,2.6011034372667785,2.394432134665121,1.6788151817350927,2.0188007418134806,2.554239318676833,2.496087711813779,2.3619653802038516,2.6611817009107757,2.3103850208540395,2.615442711519093,2.1537992573292564,2.8112096067966585,2.5009629672937854,2.2600562996055418,3.0468507793260184,0.17869780436251317,0.12375956068547635,0.13011961767019045,0.2095849284443867,0.11371248302734538,0.10930824918479863,0.11840977592082956,0.14125294042126108,0.1051803620786138,0.11910629292490843,0.11712738663771037,0.14951913201599518,0.11443615571989675,0.16305133842267278,0.14665656337982266,0.12609664256714273,0.16091334821218847,0.13106542136173677,0.13267615531543067,0.11338885682702803,0.1339447660730224,0.12426099513028678,0.11452156719385574,0.17270884300430922,0.1171356823884104,0.11334769989956613,0.1139718511843402,0.11698150055212415,0.11451043664845315,0.19633132978710174,0.126514376499246,0.2133159330274333,0.12506721440808255,0.13054574414486309,0.21644805387026228,0.12114360557120492,0.10753267175994774,0.11726951154246934,0.1399763498820054,0.10887818776245965,0.12166372308186815,0.1244104795748125,0.1552551672600507,0.11589327116761053,0.15854871785484614,0.14762753907018822,0.12402429285607196,0.16024358452374807,0.12727755157178072,0.13431800829366008,0.11260961595370135,0.1388782775963144,0.12746102332794515,0.11612241253399855,0.1842929181162564,0.11147811507953731,0.1086360206418713,0.11256589596547732,0.12244207887309168,0.11539279348504082,0.2134947150480736,0.1239883918705457
44.0,2.5804200020870294,2.528915430766505,1.913475126511985,3.0936563045280203,2.6526837620162,2.3833384121573276,2.7766212728563793,2.588069469390485,2.162616498405643,2.6444281408589987,1.9945302090334127,2.4179135885068033,2.702156718490063,2.4291026390452206,2.4251910123069234,2.5947782072139955,2.587078712992183,2.408770629418281,1.662819757558422,2.0648987142204294,2.5453166484408,2.527423637104689,2.364784425594265,2.6827589569415267,2.356841808946087,2.666764325574894,2.1757334877538477,2.738485884123258,2.499007784886916,2.2616390906341777,3.0280145400171596,2.6091482921271854,2.5037759058059574,1.8594065044371966,3.2400474292036456,2.6934177168115156,2.409404679651724,2.8152975772064597,2.5340419131331124,2.2002120472954894,2.59940750863391,2.016317902009989,2.4397050403689517,2.7559320051383205,2.3895086894473563,2.4075260397971356,2.577966723608893,2.5995877580574027,2.3928970144788297,1.6791466303241913,2.018643204159031,2.552441764655317,2.4918806695216213,2.3626171448835107,2.6605281501948115,2.3102817374194022,2.6135723966092947,2.154639684981758,2.807427599683677,2.499642429641921,2.255700621044858,3.043261815405001,0.17956785509530326,0.12403313840220694,0.13040135987721624,0.209843663776604,0.11379075557033425,0.10950559704684083,0.1186285950400318,0.14151408878785826,0.10548137367688096,0.11916251938966395,0.11736137798991708,0.14987744017073668,0.11463026788648416,0.1632491501054364,0.14718524884672704,0.1262823372960259,0.16100725527522225,0.13118520957394628,0.13291633681160173,0.11387134112335263,0.1342984180616083,0.12493596921016858,0.11477632097041227,0.17293847689941877,0.11735229767750366,0.11354661782164248,0.11439081884422228,0.11744800579152914,0.11491287468335877,0.1968800591629994,0.12689856226435572,0.21442521640902534,0.12530317967308835,0.13071413593164646,0.21672434837914506,0.12132343912342482,0.10767914524492964,0.11742897157523371,0.14018529194772802,0.10907865368704511,0.12176466125176999,0.12470500843615685,0.15575382765778933,0.11608333319917777,0.15876591529488054,0.148050792006982,0.12409057385255885,0.16041383423411812,0.12729653863653262,0.13462977746944582,0.11319371332491264,0.13926254917900296,0.1281427077472466,0.11632654195024796,0.18460531677856526,0.11154589175554842,0.10876442027164672,0.11295815840783692,0.12278683927694511,0.11568322603496431,0.2139952137725267,0.12440723338196129
45.0,2.5767039007893855,2.5249983884169818,1.9142649545668349,3.093353721697428,2.6531920125338506,2.3836358024226936,2.776998306214169,2.5875700903828864,2.1636864883668996,2.645155589425301,1.9947486281426783,2.419382264415524,2.7004950161518275,2.428398417021364,2.423597528290829,2.591079347723822,2.585389862002452,2.4072105250458513,1.6629932939441903,2.064815311779827,2.5436956037223615,2.5231711360444615,2.3654854404492944,2.6814909390150357,2.356135996589274,2.664235490051097,2.1768032565448094,2.735195506732572,2.498144889726671,2.2585594399871454,3.0245983884061727,2.6055913043090393,2.5004623329608906,1.8599138154747732,3.2398761384866543,2.69353703684589,2.409141052240727,2.8159124089260374,2.5335423203459153,2.2012085214407917,2.6005883668530396,2.0169276189023786,2.4407445407509916,2.754263863959851,2.3879395519332998,2.406050763935485,2.574105186569849,2.5979912358824886,2.3912800659140063,1.6796060556175532,2.0183339978455,2.5506428996334773,2.487535298025332,2.3631086864908597,2.660117007043382,2.310044530064657,2.6115557181948112,2.155294928426257,2.803504663936538,2.49820857152258,2.2516107621411803,3.039747759347467,0.1804702807253688,0.12433800074587874,0.1307150269555595,0.21016708783207283,0.11391022194868752,0.10973422112775262,0.1188844104162904,0.1418031496507241,0.10581049832928226,0.11925705078594206,0.11762033780250379,0.1502570733150973,0.11485300138120166,0.16350102871378092,0.1477453802140283,0.12649871260210035,0.16113437593168595,0.1313333646834716,0.13318295480107334,0.11437238790359194,0.13468659241938266,0.12563156791943683,0.11506559705267408,0.1732171485786456,0.11760425918725641,0.11378692135709813,0.11483601413013296,0.11794012108388598,0.11534054221100885,0.19744324449676692,0.12730543288498794,0.2155560796305221,0.1255803732802055,0.13090829057900327,0.2170564230702389,0.1215315665847929,0.10786023501244853,0.117628418625442,0.14043718138648642,0.10931624750994091,0.12189726632110975,0.12502511922423143,0.15626214555484744,0.11630005329360805,0.15903139456016607,0.14850533550675923,0.12419056203191736,0.1606175211912656,0.12735097676262871,0.13495846162909728,0.11379435041148579,0.1396822486570892,0.12885248980686845,0.11657094774369466,0.1849534347461482,0.1116498792207479,0.10892826317554727,0.11338966077693134,0.1231690220359234,0.11601271300200822,0.21453406958411564,0.12486063830887564
46.0,2.5729358798103683,2.5210229281211376,1.9149673530983404,3.0926398277646174,2.6535150850884466,2.3837343933602435,2.7772802954491844,2.587035669653503,2.164595935095833,2.645826849794821,1.9948959165967097,2.4207355894444063,2.6987768314626703,2.4276237343404237,2.421738683147266,2.58737608013312,2.583612967165603,2.405496733299087,1.6632163353210803,2.064526643025029,2.542070018748919,2.51879818566026,2.3659300770323934,2.6803903198798773,2.35522657146866,2.6614848225912904,2.1776266472244497,2.731767935884117,2.4971032498594328,2.2557895754090076,3.021244422944086,2.6020351214112836,2.4970749650512074,1.8604583680937992,3.239316037794466,2.693470818768773,2.4086630479802227,2.8163985051671196,2.533040374936738,2.202062552017658,2.601749744444857,2.0175143751374547,2.4417254070927066,2.7525322700668715,2.3863029200865506,2.404326424776311,2.5702586383853414,2.5962683447903454,2.3895325553617757,1.6801759801546763,2.0178260871028826,2.548801068890542,2.4830349866567367,2.363375190494385,2.659915961370811,2.309617905577845,2.6093436776910006,2.155704470284221,2.7994096759291844,2.496615384048556,2.2477716850142473,3.0362878161058893,0.1814028033794314,0.1246740984745908,0.13105991924024674,0.21055863185218016,0.11407255925584744,0.10999468751775121,0.11917764218896339,0.14211960502720283,0.10616722199573546,0.11939065385343384,0.11790362299717536,0.15065654695396705,0.11510404729384736,0.16380998515912765,0.14833635294046207,0.12674593528958134,0.16129454081064454,0.13150937922182288,0.13347521373882398,0.11489044944262515,0.13510977655823564,0.12634603449166232,0.11538982407034572,0.17354606790761637,0.11789125818963057,0.11406932729950613,0.11530700138678472,0.11845607842929887,0.11579260616274503,0.19801806378838,0.12773390642875837,0.21670443486707708,0.12589900465011047,0.1311273269354733,0.21744610682734153,0.12176789684340866,0.1080769831626575,0.11786850849877217,0.14073302552078298,0.1095907288571359,0.1220619350244041,0.12536976464105798,0.15677747225098473,0.11654289542823248,0.15934722751697408,0.1489916576774373,0.12432541653075291,0.16085447283587,0.1274420360311129,0.13530179418958632,0.11440918541958765,0.14013670738980213,0.12958871978135167,0.11685684733512339,0.18533730812784166,0.11179059843258901,0.10912802330870121,0.11386073372352325,0.12358895353413525,0.11638231197200183,0.2151110685484532,0.12534793721139853
47.0,2.569074619294974,2.516966789958273,1.9155345608892118,3.0914934804404193,2.6536078889825485,2.3835746579817765,2.7774313449165664,2.586417384475173,2.165306281697546,2.646394912349256,1.9949310892551195,2.4219172592088216,2.696966385856346,2.426755065966317,2.4195556891104397,2.583645757055094,2.5817033995598395,2.4035800652423,1.6634661321820599,2.06398553354727,2.540396298056705,2.514288817812429,2.3660505207081544,2.679427331508054,2.3540596540757703,2.6584624995807102,2.1781422052741624,2.728170644959638,2.4958325797223324,2.2533170351743133,3.01792961783493,2.5984479470075454,2.4935879970586283,1.8610038346034088,3.2383473810724177,2.6931749917389882,2.407914886780144,2.8167185665255947,2.532490669997906,2.202735832935124,2.6028457512252414,2.0180361240823856,2.442595547523294,2.7507004428909156,2.38457598873404,2.402298114736665,2.566406059394607,2.5943735588293166,2.387605749213235,1.680838926475074,2.0170724361611407,2.5468746177057677,2.478363124747694,2.363351842362601,2.659892703091373,2.308946370746923,2.606887276513238,2.15580779317711,2.7951115120355534,2.4948168583326997,2.244168351783762,3.0328611906326954,0.18236314980378057,0.12504140972963804,0.13143538890891082,0.21102183504137756,0.1142795391075573,0.11028761429879666,0.11950875179537783,0.1424629741867731,0.10655108683441354,0.11956416422613071,0.11821065191822754,0.15107439019477065,0.11538309601418954,0.16417913234255002,0.14895757571748824,0.1270242086556925,0.16148763645528025,0.1317127752385458,0.13379238000275842,0.11542397390046058,0.1355684949061062,0.12707761229849648,0.11574947234809173,0.1739265049500562,0.11821300280143392,0.11439459208897423,0.11580337114102027,0.1189940735191587,0.116268245465966,0.19860166065478826,0.12818290179361672,0.21786616128360725,0.12625931832561507,0.13137039952754526,0.21789532073394735,0.1220323728554282,0.10833048386312467,0.11814992948819518,0.14107389763053918,0.10990187882261476,0.12225909046004238,0.12573792095015018,0.15729710075517456,0.11681134053957795,0.15971556832831532,0.14951029673934302,0.12449637893468155,0.16112456033562667,0.12757095838302474,0.13565750921054653,0.11503588909634867,0.14062527126698077,0.13034977302802808,0.11718551467398093,0.18575697453301637,0.11196859866224977,0.10936420418574008,0.11437173716733537,0.12404699621072246,0.11679314011681245,0.21572605648621454,0.12586848631632566
48.0,2.5650787993882176,2.5128077140076988,1.9159188167221581,3.0898935374357217,2.6534253335187556,2.383097069299154,2.777415558971465,2.5856664121207484,2.165778971277103,2.6468127674702946,1.9948131609775033,2.4228709693241126,2.6950279007666373,2.4257688868629397,2.4169897584145263,2.579865731102924,2.5796165302634244,2.4014113319398125,1.6637199350201044,2.063144808937765,2.538630846181968,2.509627064361303,2.365778956841176,2.6785722058715464,2.352581364902094,2.655118697404581,2.178288476175369,2.7243711073409336,2.4942825937524846,2.2511293575576095,3.0146309472827615,2.5947979846714038,2.489975623964852,1.8615138873127275,3.2369504222658363,2.692605484915332,2.4068407885504293,2.8168352935973884,2.5318477986217607,2.2031900581022588,2.6038304970100716,2.018450819104299,2.443302870171935,2.748731601863553,2.3827359527026797,2.3999109262336,2.5625264299368564,2.5922613520476987,2.385450913859508,1.6815774171182547,2.016026009250273,2.5448218913583904,2.4735031016300284,2.3629738275640078,2.660014922119413,2.3079744323599445,2.604137516076879,2.1555443797263907,2.790579048629586,2.4927669854878385,2.240785724569464,3.029447087880359,0.18334905371018856,0.1254399436821594,0.131840845838152,0.2115603466544315,0.11453303101788083,0.11061367489127273,0.11987824642720069,0.14283282052250437,0.1069616971328924,0.11977849175511543,0.118540913247984,0.1515091477883075,0.11568983997419374,0.1646116886956784,0.14960847159078602,0.12733377440846408,0.16171361491976916,0.13194310698953593,0.13413378790176023,0.11597139957897808,0.13606331068479913,0.1278245426087507,0.11614505662193228,0.1743597923340893,0.1185692210356476,0.1147635142951188,0.11632473965984218,0.11955226364014843,0.11676664847934262,0.19919113993491183,0.1286513420046871,0.21903710328160336,0.1266615950021761,0.13163669546182266,0.21840608497067096,0.12232497580155101,0.10862188878217882,0.11847340732124474,0.1414609448492914,0.11024950212535656,0.12248917460620012,0.12612859279610242,0.15781825473973357,0.11710488982778006,0.16013866026400828,0.1500618449201489,0.12470477593310451,0.16142769866451157,0.12773905963620139,0.13602333918306372,0.11567214315601164,0.14114730763567465,0.1311340510207979,0.11755828461431223,0.18621247204154245,0.112184456261607,0.10963733928348762,0.1149230608080076,0.1245435516178975,0.11724637683959398,0.21637894413946712,0.12642167034123025
49.0,2.5609071002351014,2.5085234403487338,1.9160723593798878,3.0878188564613676,2.6529223279996565,2.382242100324191,2.777197041969018,2.5847339298630647,2.1659754469395924,2.647033405539598,1.9945011466234652,2.4235404154056397,2.692925597627316,2.4246416719942174,2.4139821032937125,2.5760133548898274,2.577307730354546,2.3989413444559213,1.663954994328186,2.061957294787726,2.5367300676609372,2.5047969571672506,2.365047570796017,2.6777951749423767,2.3507378244391486,2.6514035924481565,2.1780040054094543,2.720336796409746,2.492403006387035,2.2492140808334042,3.0113253854916393,2.5910534379765,2.486212040751591,1.8619521985309058,3.2351054153200542,2.691718227456605,2.4053849732010035,2.816711386978377,2.5310663539005778,2.2033869214280974,2.604658091615244,2.0187164135703606,2.4437952831678253,2.7465889664163,2.380760006819416,2.397109951684132,2.558598730351349,2.589886198493844,2.3830193156917274,1.68237397462372,2.0146397706002497,2.542601235127647,2.468438306635569,2.3621763315671074,2.6602503083692333,2.30664659720489,2.601045397797295,2.1548537125535443,2.7857811620852075,2.490419756626771,2.2376087654910224,3.0260247128013114,0.18435825877839565,0.12586974476757698,0.13227576420212017,0.2121779272863346,0.11483500558332435,0.11097360167683214,0.12028668403000949,0.143228759469006,0.10739872580792978,0.12003462640603159,0.11889397607396282,0.15195938278776486,0.11602397713436689,0.16511098125642643,0.15028847930362527,0.12767491486582405,0.1619725044077531,0.13219996413294166,0.13449884633931408,0.11653114899457515,0.1365948277353438,0.12858506251644192,0.11657713911301207,0.17484732767863354,0.11895966451010531,0.11517693737859962,0.11687074856229863,0.12012876594383573,0.1172870103988597,0.1997835633359637,0.12913815814488303,0.22021306955340617,0.1271061529971783,0.13192543068276,0.2189805260295235,0.1226457297595835,0.1089524129465135,0.11883971082981845,0.14189539690122363,0.11063342969831144,0.12275263966346904,0.12654081858433627,0.15833807679008444,0.11742306875936896,0.1606188429336251,0.15064695245291623,0.12495202178854133,0.16176384680365521,0.12794773132298626,0.13639701265141835,0.11631563923412253,0.14170221347815698,0.1319399829496393,0.11797655760806973,0.18670383842257857,0.11243877349884297,0.10994799257043664,0.11551512488392697,0.12507906379049694,0.1177432665492502,0.21706971270042072,0.12700690605173262
50.0,2.556518201980645,2.504091709060652,1.915947427645108,3.0852482952282267,2.652053781727849,2.3809502240687084,2.7767398982643714,2.5835711149749727,2.1658571517901057,2.6470098169388767,1.9939540610526112,2.423869293068741,2.690623697872137,2.423349896324054,2.4104739359822087,2.5720659810289823,2.574732370911441,2.3961209138549724,1.664148560599276,2.0603758166884,2.5346503670298532,2.4997825280905945,2.363788547937306,2.677066470692536,2.348475153178443,2.6472673610966653,2.1772273384578273,2.7160351855478426,2.490143532063101,2.2475587432762785,3.007989906665613,2.587182510496445,2.4822714424005494,1.8622824405670562,3.232792614180408,2.6904691485216166,2.4034916606417878,2.8163095472644915,2.530100928926717,2.2032881168217173,2.6052826448566475,2.0187908608477048,2.4440206946401646,2.7442357559807506,2.3786253459111673,2.393840283505316,2.5546019409773164,2.587202572216042,2.3802622211009856,1.6832111215309928,2.0128666844410557,2.5401709942927937,2.463152129096178,2.360894539840411,2.660566551755149,2.3049073720697866,2.597561923089851,2.153675274280022,2.780686728776364,2.487729162862361,2.234622436668202,3.0225732703480284,0.18538852230612288,0.12633089752539536,0.13273968986692777,0.21287844931500485,0.11518753746708119,0.1113681898991855,0.12073467886890517,0.14365046750137614,0.10786192150776637,0.12033364479116614,0.11926950120032133,0.15242367987734176,0.11638521526227734,0.16568044825217418,0.15099705482339398,0.12804795544031175,0.1622644210029007,0.1324829754679899,0.13488704621402092,0.11710162273592495,0.13716369233061254,0.12935740303487883,0.11704633292634246,0.17539057605640043,0.11938411283830265,0.11563575272013926,0.1174410644679615,0.12072165610216196,0.11782853061426032,0.20037594512895826,0.12964229393946153,0.22138983296796588,0.12759335016394519,0.13223584563182308,0.2196208842549096,0.12299470694521826,0.10932334105162884,0.1192496584207641,0.1423785756766379,0.11105352172289298,0.12304993817479108,0.12697367651146102,0.15885361589944197,0.11776543188819763,0.16115855994001538,0.15126633163256845,0.12523962057280763,0.1621330080246268,0.12819844227005617,0.13677625173252747,0.11696407841180048,0.14228942484195922,0.13276602791593342,0.11844180469735698,0.18723111058754976,0.11273217743625669,0.11029675915242053,0.116148381176961,0.1256540229883165,0.1182851215704441,0.21779841974396846,0.12762364654733133
51.0,2.55188083926807,2.499494049219431,1.9155067967319226,3.0821639485921826,2.6507846680531,2.379175564587567,2.77601595608442,2.5821377586463883,2.1653941320109094,2.6467046389200677,1.9931393094386842,2.423814489638528,2.68809350649841,2.4218750323286327,2.4064222504177986,2.5680045351836642,2.5718561536452045,2.392912892506653,1.664281126214935,2.0583644714825655,2.532356038125655,2.4945700724659177,2.3619498063476727,2.6763612028820334,2.3457526171415033,2.642672393805842,2.1759112706144736,2.71144065248543,2.4874649047505164,2.246145235609519,3.0046050204946653,2.5831620337284105,2.478132679942938,1.8624749749448437,3.2299948232513938,2.688823971092774,2.401117934052087,2.815600360083652,2.5289133235278687,2.2028639478936025,2.6056682207210575,2.018640216172051,2.443939400046778,2.741642981373925,2.3763152726416275,2.390061628972943,2.5505181752078223,2.5841762693520725,2.3771427161433842,1.6840728276740653,2.010671265181882,2.53749756493658,2.457631164634024,2.3590782743009537,2.6609380454027574,2.3027147851650627,2.593649936450144,2.151962690219516,2.775271869599859,2.4846590494500864,2.231807295714954,3.019074208370564,0.18643796822703287,0.12682351225764568,0.1332317635250914,0.21366462568154773,0.11559185996487423,0.11179799423749677,0.12122243365204127,0.1440981747396785,0.10835078784811461,0.12067662831861653,0.1196668428637559,0.1529013486751105,0.11677326077468349,0.1663223700290481,0.1517336483722661,0.12845332887907202,0.1625896268418314,0.1327921407216134,0.1352976552299366,0.11768154269709029,0.13777054668713404,0.1301403359806791,0.1175530681546289,0.17599061261093496,0.11984294734321727,0.11614086250369657,0.11803549264461004,0.12132923908595204,0.11839074732206345,0.20096612632005187,0.130163175724003,0.22256445932887328,0.1281232796656217,0.13256670943383045,0.22032881237624488,0.12337162788969228,0.10973543973336417,0.11970340955630644,0.14291139197767125,0.11150899111128205,0.12338207298869192,0.1274256879281752,0.15936315315245247,0.11813141457880698,0.1617591267445665,0.15192041311240967,0.12556868489913686,0.16253529388183532,0.12849245494825323,0.137158975969906,0.11761563471480131,0.1429087760613064,0.13361101782958124,0.1189549768061169,0.18779433537805423,0.11306550242243403,0.11068434094672297,0.11682278444359458,0.12626847260121096,0.11887262656696428,0.21856489186741332,0.12827134679371727
52.0,2.5470039647335265,2.494727145887636,1.91475538758005,3.0785608599893104,2.6491202165139978,2.3769268501077465,2.775027939143039,2.580428107735556,2.1645908460931236,2.6461190962160264,1.9920578582120037,2.4233856592791216,2.6853346627574677,2.4202185425331937,2.401847167352796,2.5638242352175,2.5686861027983547,2.3893282980022654,1.6643461511111053,2.055932441019416,2.529842931988064,2.4891549395246613,2.3595421949819833,2.675673992422749,2.342582064470068,2.637629937313478,2.1740655964237137,2.7065551923464235,2.484371936549795,2.2449328583515196,3.0011653786126433,2.579003350863798,2.47379322860803,1.8625269200460044,3.226705048774234,2.6867875934469283,2.3982723296886057,2.8145859511919165,2.527494164473426,2.2021191570601064,2.6058186998788613,2.018262942253288,2.443561244160039,2.7388128189548677,2.373837521021572,2.3857921547977727,2.5463420786511746,2.5808183743974142,2.3736711655349017,1.6849488520649765,2.008064227948648,2.534579546355751,2.451874834032798,2.3567359026598957,2.661365995282826,2.3000809503908157,2.589319654694676,2.149726156454442,2.769541683543904,2.4812126782161323,2.2291262822222553,3.0155179463094424,0.1875061343788716,0.12734766636478928,0.1337492338001255,0.2145341451951653,0.11604547623782965,0.11226239111093977,0.12174830403846791,0.14457412217699678,0.10886356133678729,0.12106439367250053,0.12008377674938601,0.15339453627700805,0.11718778098325708,0.1670340029525811,0.15249762501772088,0.12889175925239552,0.16294867374538086,0.13312883308079362,0.1357287405319377,0.11827100079145401,0.13841587232841468,0.13093482156900343,0.11809686849789378,0.17664673132269706,0.1203388828627355,0.11669306298364608,0.11865431353274392,0.12195088587611982,0.11897455618394157,0.20155543981416468,0.13070212053488942,0.2237393067971863,0.1286948402429898,0.13291481703480823,0.2211032152910756,0.12377463418161976,0.11018715527184808,0.12019830899002622,0.14349278181553135,0.11199635723037861,0.12375230679494478,0.1278929893815186,0.1598702632565463,0.11851986897880164,0.16241697123417448,0.15260828005422555,0.12593845162207204,0.16297111471374987,0.12882995349845208,0.13754391760048204,0.11827032909297161,0.14356155503219317,0.1344751669061442,0.11951469674703401,0.1883936148943319,0.11344035103834059,0.1111117787590054,0.1175361906699213,0.12692050071702485,0.11950371217567814,0.21936775411722237,0.1289493362396467
53.0,2.5419065855113727,2.4897914731244777,1.9137086575606184,3.074437310000703,2.6470757206962654,2.374226459899197,2.7737862950258743,2.578445023017805,2.163460355605076,2.6452640604298576,1.9907190641170267,2.4226056478644336,2.682353889464235,2.4183868869752576,2.39678458924316,2.5595238720441715,2.565239573246299,2.3853901892384886,1.6643403371122953,2.053100178399725,2.527114788957516,2.483534741972535,2.356592295513169,2.6750043380146105,2.3389884888358945,2.632163452427837,2.1717143602424467,2.701387704603146,2.4808804590942395,2.2438752644694353,2.997669168139317,2.5747264330175406,2.4692552196745923,1.8624420834668092,3.222918847449321,2.684374707684511,2.3949762470774423,2.81327633137737,2.5258412852681715,2.201067096438998,2.6057479171713434,2.017665603669848,2.4429084590809884,2.7357552364681252,2.3712059328985426,2.381064642549305,2.5420714299695204,2.5771512939369905,2.369869753656469,1.685830401010243,2.0050678380465303,2.5314235886505307,2.4458857643665346,2.353890429076913,2.6618583105774194,2.2970315030695843,2.5845931377201863,2.1469900117594625,2.763508514119581,2.477403165129356,2.2265379312753226,3.011897146502836,0.18859292193609142,0.12790345700597175,0.13428883584583826,0.21548338819599222,0.11654491734222971,0.11276046711339449,0.12231018470793407,0.14508111371642374,0.10939811178399135,0.12149774580934224,0.1205176333845539,0.15390615354684828,0.11762846468868024,0.16781129174000273,0.15328832685351393,0.12936407428265023,0.16334226186526432,0.1334948492371506,0.13617802097942086,0.11887042122723056,0.13910011177888779,0.13174236950568788,0.11867703834171278,0.1773578018073624,0.12087530338999672,0.11729316977262522,0.11929793158261548,0.12258625734005421,0.11958121641863236,0.2021461379814396,0.13126095872243054,0.22491807188419907,0.12930663412229493,0.1332764105667421,0.2219423048936029,0.12420147320071016,0.11067634895463471,0.1207310040084631,0.14412118628349047,0.11251146346687156,0.12416455231900164,0.12837109283122436,0.16037991077440214,0.118929509644879,0.16312726840733616,0.15332866476184093,0.12634766718068074,0.16344099154197025,0.1292108692127812,0.13792999307037127,0.11892860734590253,0.14424945621304086,0.1353590254354642,0.12011900024504342,0.18902909877266016,0.11385856608384043,0.11158024199073378,0.118285918585363,0.12760769128089222,0.12017558820732933,0.2202053059215325,0.129656911777802
54.0,2.5366077087359646,2.484687504989196,1.9123820640447504,3.0697915792074517,2.644666474185687,2.37109677323195,2.7723014713185408,2.5761913652684503,2.1620157221150738,2.6441504031646965,1.9891322838982328,2.4214973012683356,2.679157909433578,2.4163865256923454,2.3912704185448024,2.5551022365773854,2.5615339198644342,2.381121625112006,1.6642603860430292,2.0498881367242405,2.5241753493744117,2.4777070925152063,2.353126689614171,2.674351738357516,2.334996883910753,2.6262963999571913,2.168881606427565,2.695947088727974,2.4770063040170403,2.2429261069304256,2.9941145761944585,2.570351251304606,2.464520784421385,1.8622242728035185,3.2186317759770406,2.681600005906004,2.3912510857446523,2.8116815114280924,2.523952519416839,2.1997211181480902,2.605469707439779,2.016854765000194,2.4420032769106266,2.732480201658217,2.368434350120077,2.3759118737970746,2.537704007825014,2.5731974345557096,2.365760664889063,1.6867086808164033,2.001704360780655,2.528036341921187,2.4396665827092954,2.350564857711743,2.662422900468615,2.293592078523907,2.579492445423429,2.1437785949092194,2.757184704837962,2.4732436261585904,2.2240007779593487,3.0082044712888876,0.18969824471824656,0.12849101777852662,0.13484724452470645,0.21650867179496677,0.11708666609463107,0.11329131547608401,0.12290596904938081,0.14562202450376785,0.10995223744577262,0.12197756309026804,0.12096566700857882,0.15443918579490432,0.11809503842765949,0.16865011319115872,0.15410509603752642,0.12987114505796069,0.1637711881466612,0.13389209148339373,0.13664314421110524,0.11948021920998192,0.1398237134488775,0.13256449483384947,0.11929289198203422,0.1781227269088559,0.12145570353708281,0.11794205912322442,0.11996675946895893,0.12323503891997312,0.12021202163949182,0.20274053322065794,0.13184156975279263,0.2261044743403598,0.12995726786999606,0.13364765288927702,0.2228442853231115,0.12464988605151103,0.1112008716223883,0.12129814319382509,0.14479504077819688,0.11305014036928143,0.12462284571230327,0.12885546155108982,0.16089716210740496,0.11935905482728594,0.1638851528583768,0.1540802851200128,0.12679505842119615,0.1639455002703798,0.12963516522163512,0.13831608468572923,0.11959086626522115,0.14497422329852996,0.13626312941336594,0.1207659150602623,0.18970098518452821,0.1143220567415419,0.1120909602765365,0.11906926642351637,0.12832760372800764,0.12088542257363982,0.22107581397158385,0.13039336730447257
55.0,2.531126341541671,2.4794157155410015,1.9107910644035713,3.064621948190657,2.6419077705680136,2.367560169375965,2.7705839156067067,2.5736699952628492,2.1602700071914342,2.6427889960236537,1.9873068743000728,2.4200834653647276,2.675753445480401,2.4142239187219805,2.3853405577136795,2.550558119730826,2.5575864975281624,2.376545664519511,1.6641029997278367,2.046316769093769,2.5210283535792013,2.4716696038583668,2.3491719589579034,2.67371569215135,2.3306322433663804,2.6200522407098057,2.165591379335985,2.6902422441932456,2.472765302951488,2.2420390387016385,2.9904997898978514,2.5658977768399307,2.4595920541271954,1.8618772956524008,3.213839391057793,2.678478180211834,2.3871182452163375,2.8098115021321672,2.521825700424239,2.1980945743051605,2.604997905525463,2.0158369908227542,2.44086792974998,2.7289976822696853,2.36553661453371,2.370366630110577,2.5332375908797835,2.568979202838498,2.3613660836136163,1.6875748977899783,1.9979960614561703,2.524424456267971,2.4332199161351027,2.3467821927240515,2.6630676741384547,2.289788312076321,2.574039637701114,2.140116244678358,2.7505825992101376,2.4687471772727014,2.2214733573595784,3.004432583005737,0.19082202769820628,0.12911051621893752,0.13542105208690897,0.21760623755767824,0.11766714410840946,0.11385402909680273,0.12353353922303778,0.1461997907895303,0.11052364336510291,0.12250479560489277,0.12142502616566608,0.15499669931790908,0.11858726456714144,0.16954626238627038,0.15494727513974846,0.13041388745199872,0.16423634024394484,0.13432257214124033,0.13712166145988905,0.12010080777992982,0.14058713162615014,0.13340272095502154,0.11994374861763069,0.17894044357761518,0.12208369133017154,0.11864066759203876,0.12066121714970243,0.12389694135163377,0.12086830519833144,0.20334100787280257,0.1324458800156697,0.22730226578828697,0.13064534917839776,0.13402461594582032,0.2238073387110456,0.12511759387134186,0.11175854999530904,0.12189636266198063,0.145512758529611,0.11360819060152154,0.1251313694020039,0.12934148722343938,0.1614272207447071,0.11980721565099275,0.16468570203480745,0.15486183946395257,0.1272793289789526,0.16448527860456463,0.1301028400160467,0.13870102947462026,0.12025744744074986,0.14573764039038276,0.13718799329924353,0.12145345012895628,0.19040952977076547,0.1148328044586473,0.1126452272669061,0.1198835021651214,0.1290777606252055,0.12163032965665008,0.22197749972014685,0.13115798692700764
56.0,2.5254814910628256,2.4739765788391157,1.908951116008195,3.0589266975314184,2.6388149034290036,2.3636390276012293,2.7686440754759594,2.570883773776309,2.1582362724024735,2.6411907106098353,1.985252192067011,2.4183869860274947,2.6721472204195553,2.411905526101677,2.3790309092057136,2.545890312418198,2.5534146611128774,2.3716853663576605,1.6638648799912317,2.042406528609056,2.517677541912277,2.4654198887076872,2.3447546852173176,2.6730956980960348,2.3259195608745467,2.6134544354939466,2.161867723324581,2.6842820704713017,2.4681732875307856,2.241167712750224,2.986822996369259,2.561385980738486,2.4544711600707885,1.861404959609708,3.208537249391963,2.6750239227024672,2.3825991250185674,2.8076763142776886,2.519458661795114,2.1962008170280067,2.6043463462696654,2.0146188457159933,2.4395246497000627,2.7253176460470634,2.3625265679870036,2.364461693059324,2.5286699577959775,2.5645190053702973,2.3567081942110897,1.688420258237499,1.9939652053782153,2.520594581791107,2.4265483917179944,2.342565438273536,2.6638005407690235,2.2856458390493484,2.5682567744499902,2.1360272998415306,2.7437145407471855,2.4639269344405443,2.218914204561211,3.0005741439915488,0.1919642053112557,0.1297621510401721,0.13600674697174814,0.21877224024828057,0.11828269931576435,0.11444769349923481,0.12419075645035325,0.14681739955719503,0.11110992191062437,0.123080463751221,0.12189272602452846,0.1555818468617706,0.11910493919541225,0.17049543977639284,0.15581420777341268,0.13099326294457092,0.16473868997037563,0.13478841642520553,0.13761100384403452,0.12073260406609526,0.1413908265335294,0.13425858168084576,0.12062892757306141,0.17980992346682306,0.1227629885862449,0.11938999082892741,0.12138173048940959,0.12457170109109747,0.1215514445361529,0.20395002269316934,0.13307586031723584,0.2285152370441292,0.13136948326103368,0.1344032687728329,0.22482961192520812,0.12560228510688462,0.11234717396358977,0.12252227262562965,0.14627271518309296,0.11418137414520092,0.12569447055570182,0.12982446665834774,0.16197545850321568,0.12027268599455838,0.1655239199828366,0.15567200151134541,0.12779915569267813,0.16506103135457328,0.13061392998137752,0.13908360894827224,0.1209286315747175,0.14654152374220808,0.13813410278827296,0.12217958520585796,0.19115505394475335,0.11539286727321797,0.11324440293768391,0.12072585422268614,0.12985563618736734,0.1224073590945706,0.22290852719140117,0.13195003830119648
57.0,2.5196921644338017,2.4683705689427717,1.9068776762297583,3.0527041078108232,2.6354031663544077,2.3593557271777508,2.7664923985119465,2.5678355615841437,2.1559275793165082,2.63936641852635,1.982977593943502,2.416430709130535,2.6683459570659522,2.409437807868961,2.372377375476832,2.5410976055531767,2.5490357654939886,2.3665637895231626,1.6635427286577373,2.03817786837088,2.5141266547141026,2.4589555597688717,2.3399014500653146,2.6724912548914577,2.3208838301070247,2.606526445117908,2.157734682750279,2.678075467034502,2.4632460893881984,2.240265782043353,2.9830823827284725,2.5568358341152035,2.4491602335309333,1.8608110722717273,3.2027209076799386,2.671251925478342,2.37771512467742,2.805285958652735,2.516849237034263,2.1940531984344367,2.603528864513676,2.0132068942583348,2.437995668861889,2.721450060734893,2.3594180523274764,2.358229844212836,2.5239988872357393,2.5598392487359867,2.351809181062407,1.6892359684654967,1.9896340578519398,2.516553368590865,2.4196546365320217,2.3379375985198974,2.6646294095423584,2.2811902947655374,2.562165915566813,2.1315360991733714,2.736592872960199,2.458796013630956,2.216281854649464,2.9966218165844647,0.19312471951505328,0.1304461491254179,0.13660069368597,0.22000273761200448,0.11892959393561409,0.11507137975348443,0.12487545151487506,0.1474778779533145,0.1117085354872417,0.12370565706198264,0.1223656223896065,0.15619787197110366,0.11964788980542262,0.17149323918340129,0.15670523954963775,0.13161027882613552,0.16527928621262494,0.13529186358909076,0.1381084601129751,0.12137603498128646,0.14223526449741083,0.13513362228785875,0.12134774379345961,0.18073017330355307,0.12349742876149336,0.12019108148245296,0.12212872943113996,0.1252590803759948,0.12226286449816352,0.20457012382999346,0.133733523035114,0.22974722409717832,0.1321282688700354,0.13477946497683874,0.2259092043444606,0.1261016037134005,0.11296448485573717,0.1231724441810821,0.1470732344931805,0.11476539372595461,0.12631667499647647,0.13029957791799132,0.1625474426572528,0.12075413301908557,0.166394721600984,0.15650941541589544,0.1283531851380116,0.1656735341657576,0.13116851101955648,0.13946253962338973,0.12160463330694062,0.14738771414487672,0.13910190754458013,0.12294226103258982,0.19193795258315127,0.11600438260508142,0.11388991440682437,0.12159350252545546,0.13065864561821605,0.1232134849533809,0.223866991107043,0.13276876610507438
58.0,2.5137773687889817,2.4625981599111775,1.9045862024393736,3.045952459609986,2.6316878529299834,2.354732647375494,2.764139332300309,2.5645282194617103,2.153356989501862,2.6373269913763115,1.9804924366740182,2.4142374805477154,2.664356378234471,2.4068272240613555,2.365415858982986,2.53617879004947,2.5444671655468825,2.3612039929126922,1.6631332475518796,2.0336512414800114,2.5103794323250614,2.452274229747588,2.3346388351748524,2.6719018612375343,2.315550044735554,2.599291730389939,2.153216301969966,2.671631333355174,2.4579995401569557,2.239286899548177,2.979276136095258,2.552267308085058,2.4436614057863992,1.860099441234706,3.1963859226221247,2.6671768806399303,2.3724876437189817,2.8026504460454,2.5139952596464563,2.191665070642218,2.6025592950987604,2.011607701028232,2.436303219336488,2.717404894077701,2.3562249094026693,2.351703865140611,2.519222157861198,2.554962339520512,2.3466912285485546,1.6900132347804897,1.985024884182491,2.5123074667674588,2.412541277651215,2.3329216776228283,2.6655621896405277,2.2764473145474144,2.555789120948282,2.1266669814485226,2.7292299393602355,2.4533675308127942,2.213534842709559,2.992568263122638,0.19430351753726752,0.13116276227796544,0.1371991137398429,0.22129368117220166,0.11960399286194046,0.11572413739696694,0.12558541546683286,0.14818428256172383,0.11231680141838588,0.12438153323574958,0.12284038739334792,0.15684811216832628,0.12021597277721746,0.17253513672756318,0.157619719366286,0.13226598774058235,0.16585924720192566,0.13583526616836114,0.13861115586582606,0.12203154237444849,0.14312091823357614,0.13602939953714127,0.12209950362857581,0.18170023505390367,0.12429095214978689,0.12104504618888864,0.12290264569763112,0.12595886685868452,0.12300403955681531,0.20520394826667931,0.1344209189067658,0.23100211271955348,0.1329202939437705,0.13514892955434712,0.22704415670448932,0.12661313826654846,0.11360816471933184,0.12384339624554423,0.1479125751861892,0.11535588046343379,0.12700269635986777,0.1307618556416638,0.16314895875962213,0.12125018835887891,0.1672929174183139,0.1573726909846239,0.12894003034967882,0.1663236356811082,0.13176669927851775,0.1398364642370212,0.12228559657994431,0.1482780700240622,0.14009181385818678,0.12373937004727645,0.19275870107724227,0.11666956849662287,0.11458325521651322,0.12248356996891535,0.13148413526771421,0.12404559525588427,0.2248509053579543,0.1336133856469287
59.0,2.507756111262674,2.4566598258035595,1.9020921520081724,3.0386700335099808,2.627684256741493,2.3497921674644635,2.7615953244266707,2.560964608184307,2.1505375645268545,2.635083300762846,1.9778060770030153,2.411830146152955,2.6601852067400102,2.404080234716375,2.358182262180097,2.5311326568207684,2.539726216146968,2.355629035422938,1.6626331384981705,2.0288471010372238,2.5064396150855983,2.4453735113495254,2.3289934222188258,2.671327015834152,2.309943198431899,2.5917737521183426,2.148336625340529,2.6649585689056745,2.4524494714703216,2.238184718231841,2.9754024435893878,2.5477003737629778,2.437976808115976,1.8592738740949064,3.1895278509189056,2.6628134802876766,2.366938081669311,2.799779787243754,2.5108945631364596,2.1890497857691575,2.601451472866239,2.009827830604145,2.434469533224878,2.713192113820029,2.3529609810601313,2.344916537412181,2.5143375483345123,2.549910684308782,2.341376521050454,1.69074326348901,1.9801599496750093,2.507863526421177,2.4052109421496364,2.327540679742029,2.6666067902456128,2.2714425337174995,2.5491484504911632,2.1214442854416378,2.7216380834583878,2.4476546019549175,2.2106317038267296,2.9884061459442304,0.19550054922982468,0.13191226369948608,0.13779806765779878,0.22264090802060882,0.1203019524726477,0.11640498740306032,0.12631839053927976,0.14893968856564735,0.11293187903588664,0.12510931728761002,0.12331348689441265,0.15753600087567612,0.12080907067922038,0.17361648070966607,0.15855700100914522,0.13296148648710562,0.16647975198769926,0.1364210870919738,0.13911603430821215,0.12269958764584621,0.14404826721528602,0.1369474806037121,0.1228835009014309,0.18271918585681446,0.12514759828809227,0.12195304157844852,0.12370391000046199,0.12667087276217953,0.12377649487436973,0.20585422769376235,0.13514013341152098,0.23228384166678223,0.13374413088515766,0.13550724499961037,0.22823244106634466,0.12713441202883619,0.11427582667780407,0.12453158261505348,0.14878891904895283,0.11594837979205794,0.12775744023884342,0.13120616539699276,0.1637860288542058,0.12175944005135028,0.16821319892924466,0.15826039908350545,0.12955826777991297,0.1670122580891271,0.13240865094786264,0.14020394366434924,0.1229715905953121,0.14921446131574828,0.14110417719754573,0.12456874764716805,0.19361786166913847,0.11739072324605199,0.11532598300913731,0.12339311420673246,0.1323293736485575,0.12490048184887846,0.22585819187419418,0.13448307659705108
60.0,2.501647398989297,2.450556040679138,1.8994109823072665,3.030855110091924,2.6234076713746903,2.344556666714644,2.7588708224766525,2.5571475885272723,2.147482365959786,2.6326462182890564,1.9749278716749628,2.4092315518201195,2.655839165397442,2.4012032998715234,2.3507124875241243,2.5259579967807753,2.534830272169634,2.3498619759505712,1.6620391033211397,2.023785900143276,2.5023109433361364,2.4382510172803666,2.32299179287021,2.670766217381213,2.3040882848678295,2.583995971111366,2.1431196972188973,2.658066073158347,2.446611714961533,2.236912891061511,2.9714594923306534,2.5431550022639233,2.432108571798418,1.8583381784486053,3.18214224927067,2.65817641652202,2.3610878380545195,2.7966839930358867,2.5075449810090533,2.1862206959330446,2.600219232657351,2.0078738475644857,2.4325168426280603,2.708821687706425,2.3496401091473915,2.3379006425970448,2.5093428373178184,2.544706689685724,2.33588724294907,1.691417260897596,1.975061519634637,2.503228197652245,2.3976662571013114,2.321817609037188,2.6677711205396686,2.2662015875983466,2.542265964092193,2.115892349927362,2.713829648765731,2.441670343026172,2.207530973086157,2.9841281273873754,0.19671576392566134,0.13269494413343857,0.1383934381273697,0.22404013358839753,0.12101940989674012,0.11711291525327719,0.12707206130457602,0.14974717883699393,0.11355075906172159,0.1258903006782685,0.12378115965492445,0.15826506795500397,0.12142708942233646,0.17473248249218662,0.15951644500732928,0.13369791396326283,0.16714203090603327,0.1370518943912743,0.13961983867019645,0.12338065581533955,0.1450177980440468,0.13788944083697385,0.1236990132366291,0.18378613764952145,0.12607149539364026,0.12291626918779591,0.12453294873408835,0.12739493352607767,0.12458180612541665,0.20652379078584832,0.13589328268910497,0.23359640440552368,0.13459833145892006,0.13584983672597864,0.22947195197516107,0.12766287408277036,0.11496500646499369,0.1252333791722557,0.14970036030426,0.11653833777247434,0.12858600301504622,0.13162717692909812,0.1644649246739451,0.1222804253575882,0.1691501245525626,0.15917106723719165,0.13020643451410385,0.1677403959525204,0.13309456101834483,0.14056344964027404,0.12366260643131172,0.15019876416819944,0.1421392946309328,0.12542816401968315,0.19451608894411235,0.11817022332468911,0.11611971548805693,0.12431911978553965,0.13319154341314635,0.12577483060493574,0.2268866699687166,0.13537697682502356
61.0,2.4954702391031547,2.4442872785971406,1.8965581507077884,3.0225059699369052,2.6188733904153367,2.3390485243960204,2.755976274035908,2.5530800212659464,2.144204455368989,2.6300266155580614,1.9718671774343204,2.406464543423108,2.6513249770216523,2.398202879564352,2.3430424374709697,2.5206536008431724,2.5297966884902876,2.343925873392283,1.6613478438453089,2.0184880918989636,2.497997157417089,2.4309043602457923,2.316660528801896,2.6702189645786425,2.298010297715099,2.575981848177274,2.1375895619619465,2.6509627455855433,2.440502102263823,2.2354250710043315,2.9674454694388275,2.5386511647028533,2.4260588281125077,1.8572961618920583,3.1742246743778124,2.6532803814434276,2.3549583124006626,2.7933730742098835,2.503944346769,2.183191153251648,2.5988764093134122,2.0057523164877304,2.4304673796470686,2.7043035834813938,2.3462761355119905,2.330688962264718,2.5042358034732546,2.539372762236254,2.330245578625346,1.692026433312759,1.9697518593665175,2.498408130560901,2.3899098495802718,2.315775469668011,2.669063089704749,2.2607501115124857,2.5351637216481033,2.110035513680336,2.7058169787933575,2.435427869995403,2.204191185573083,2.9797268697902397,0.19794910666520818,0.13351110756612317,0.13898091440972785,0.22548694540121847,0.12175217282853482,0.11784686417712455,0.12784404612703676,0.15060983298153569,0.114170255428453,0.1267258402114871,0.1242393984333516,0.1590389386916484,0.12206995531626692,0.1758782084510261,0.1604974206444106,0.13447644808691955,0.16784735477402662,0.13773035318127705,0.14011909647706888,0.1240752590138805,0.14603000469578886,0.13885686024275834,0.12454529860503437,0.18490023634780436,0.1270668466144002,0.12393596911191306,0.1253901801302876,0.12813090592924867,0.12542159798957028,0.2072155638680847,0.1366825089137075,0.23494384926595466,0.13548142127923268,0.1361719579204767,0.23076049889719372,0.1281958917327985,0.11567315528760731,0.1259450713491744,0.15064489634053238,0.11712108801454678,0.12949366502464338,0.13201933624335827,0.16519217530768876,0.12281162470787998,0.1700981063397157,0.16010317540843785,0.13088302573303795,0.1685091131436377,0.13382466083905473,0.1409133584904269,0.12435855440715361,0.15123285648996884,0.14319739708370638,0.12631531656825706,0.19545413429274788,0.11901051940993733,0.11696612450789302,0.12525849065492003,0.13406773446077896,0.12666521197845568,0.227934046252445,0.13629417631695892
62.0,2.4892436387386545,2.437854013616786,1.8935491145808583,3.013620893626029,2.614096707449178,2.3332901197785727,2.752922126690054,2.5487647671756375,2.1407168943227792,2.627235364172961,1.968633351025551,2.403551966835815,2.646649364427518,2.395085433832353,2.3352080144765948,2.5152182599216686,2.5246428199843254,2.3378437866447634,1.6605560618951967,2.0129741294050367,2.493501997668874,2.4233311529514876,2.310026211686828,2.6696847561263053,2.291734230645469,2.5677548441243503,2.131770263926586,2.6436574856595936,2.4341364650104387,2.233674911027474,2.9633585620336764,2.534208832194707,2.4198297083370086,1.8561516320215383,3.1657706829407335,2.648140067152336,2.348570904233828,2.7898570415538417,2.5000904939211015,2.1799745098428027,2.5974368376756907,2.0034698019523036,2.428343376382928,2.6996477688894833,2.3428829020014805,2.3233142779847045,2.4990142254629575,2.533931308545286,2.324473712460232,1.6925619870410338,1.9642532341758039,2.4934099752474004,2.381944346660581,2.309437265794183,2.670490606922907,2.2551137407824386,2.5278637830556097,2.1038981154752125,2.697612417052322,2.4289402988314652,2.2005708763727148,2.975195035490968,0.19920051362540872,0.1343610663245352,0.1395559782092152,0.22697679784439967,0.12249591004271963,0.11860572863212482,0.1286318890010189,0.15153071635200066,0.11478699976405643,0.12761735640770452,0.1246839332112555,0.1598613309894331,0.12273761209392621,0.17704857310682717,0.16149930798190507,0.1352983014845649,0.16859702247194028,0.13845921453145335,0.14061010594793835,0.12478393934263221,0.14708538846489053,0.13985131853918745,0.12542159202548203,0.1860606603758346,0.12813791281989045,0.12501341216094264,0.12627600984753287,0.12887866569886292,0.12629754121494013,0.20793256996616474,0.13750997501225068,0.23633027786302582,0.13639189383749273,0.13646867406018293,0.2320958000493347,0.12873074449027358,0.11639763422504869,0.12666284204397152,0.15162041987470895,0.11769183956451386,0.13048587765505076,0.13237683654076662,0.16597456870634344,0.12335145709909998,0.17105139763828364,0.16105515192147352,0.13158649237429973,0.16931953763171242,0.13459921423994797,0.14125194619857195,0.12505926229115458,0.15231861432312183,0.14427864138446256,0.12722782297830978,0.19643284909413405,0.11991413029700461,0.11786692808377582,0.1262080431269826,0.13495493842329617,0.1275680719665776,0.22899790524040917,0.13723371114014646
63.0,2.482986605030118,2.431256719797304,1.890399331297603,3.0041981617403732,2.6090929160619827,2.3273038321323103,2.7497188280247253,2.544204687031679,2.1370327443894808,2.624283335736881,1.9652357491931094,2.4005166679321244,2.6418190504299552,2.3918574227130596,2.3272451209969316,2.509650764929949,2.5193860215271378,2.331638774604684,1.659660459295328,2.0072644657622747,2.4888292044319282,2.4155290081031366,2.3031154231979283,2.6691630907241213,2.2852850773307036,2.5593384197608913,2.1256858474697116,2.6361591928528667,2.4275306348346253,2.231616064098067,2.9591969572349712,2.5298479758544516,2.413423343750697,1.8549083964332993,3.156775831659818,2.642770165749232,2.3419470130800906,2.7861459058558227,2.495981255970099,2.1765841178242704,2.5959143525854644,2.0010328685366705,2.4261670649366343,2.694864211675242,2.339474250463397,2.3158093713265298,2.493675881949084,2.528404735197758,2.318593828834676,1.6930151283889567,1.9585879093676308,2.4882403818119956,2.3737723754162787,2.30282600157539,2.67206158137623,2.249318110730754,2.5203882082114917,2.0975044940866248,2.689228307053736,2.4222207455032176,2.1966285805702657,2.970525286827699,0.20046990654384247,0.13524513534755073,0.14011389128974114,0.22850500799501858,0.12324614284439897,0.11938834810450352,0.12943305190374763,0.1525128690187474,0.11539743886425143,0.12856633096705347,0.12511021687490245,0.16073605047370682,0.12343001798707236,0.17823833359363422,0.1625214997022239,0.13616471567766708,0.16939234649907337,0.1392413007802495,0.14108892489703137,0.1255072710121053,0.1481844573762039,0.14087438859261403,0.12632710235100236,0.18726661826340127,0.1292889915942499,0.12614989020917833,0.1271908259691306,0.1296381046415739,0.1272113481436775,0.2086779262432876,0.1383778585786201,0.23775984156266053,0.1373282039931414,0.13673484744494277,0.2334754777665711,0.12926462009178344,0.11713571044717475,0.1273827603034019,0.15262471264385932,0.11824566627484581,0.1315682439153712,0.13269358812919538,0.1668191462855947,0.12389827737367791,0.17200408202239345,0.16202536947124854,0.13231523890352198,0.17017285377422323,0.13541851191886864,0.14157738527736696,0.1257644744586303,0.1534579089694866,0.1453831020314451,0.12816321499605282,0.1974531863040019,0.12088363437587996,0.11882388004485023,0.12716449941263752,0.13585004486639282,0.12847972356465162,0.2300757007908259,0.1381945574160116
64.0,2.47671814511193,2.424495871197886,1.8871242582291354,2.9942360548610525,2.60387730983951,2.3211120407272032,2.746376825625551,2.539402641609399,2.1331650671373947,2.621181401852926,1.9616837286814657,2.397381492585934,2.636840757843828,2.388525306243984,2.3191896594878987,2.5039499067816977,2.514043647994138,2.3253338961687176,1.6586577378702168,2.0013795540714376,2.4839825180466835,2.4074955384064496,2.295954745008137,2.6686534670719917,2.278687831442558,2.5507560358951324,2.119360356948224,2.6284767666377,2.4207004433696344,2.2292021831832898,2.9549588421625144,2.525588566797014,2.4068418656323414,1.8535702627236084,3.147235677235454,2.6371853693345204,2.3351080384655365,2.7822496779039434,2.491614466420784,2.1730333293138444,2.5943227888840177,1.9984480808192548,2.4239606774092173,2.68996287958321,2.3360640227452816,2.3082070238596963,2.488218551593771,2.522815448778572,2.3126281121296333,1.6933770636630392,1.9527781502471473,2.4829060003549217,2.3653965629213882,2.2959646811713568,2.6737839222467725,2.2433888566799496,2.5127590570124525,2.0908789882892242,2.6806769923086597,2.4152823259795055,2.192322833250954,2.965710286138592,0.2017571858849721,0.13616362533561974,0.14064968523477803,0.23006675261573922,0.12399823778487615,0.12019350131856511,0.1302449078387951,0.15355929466029336,0.11599783559336088,0.12957430282960508,0.125513413800038,0.16166698311904668,0.12414714295374407,0.179442085683293,0.16356340252428414,0.13707695343813284,0.1702346360081289,0.1400794867822127,0.14155136263177592,0.12624586163494705,0.14932772478209574,0.1419276279866398,0.12726100905728094,0.18851734494300657,0.1305243920197079,0.12734670433533649,0.12813499338358603,0.13040912736215837,0.12816476658170248,0.209454839836464,0.1392883447926149,0.23923673568646492,0.1382887608187197,0.13696512224565321,0.23489705558892246,0.12979461316265575,0.117884555613612,0.1281007712148828,0.15365544074322987,0.11877749837830934,0.13274649197002275,0.13296318756096254,0.16773318977306081,0.12445037592269181,0.17295006393431636,0.1630121411377075,0.1330676210595776,0.17107029166045168,0.13628286372235135,0.14188774406958432,0.12647385211050782,0.1546526047362479,0.14651076258153084,0.1291189330291049,0.1985162000601137,0.12192165827727107,0.11983875698528369,0.12812448192552373,0.1367498396432979,0.12939633885357227,0.23116474854140515,0.13917562525628113
65.0,2.4704572661184314,2.4175719418777972,1.88373935274659,2.9837328535691707,2.598465182367505,2.314737124833235,2.7429065670781707,2.534361491684129,2.129126924134848,2.6179404341242214,1.9579866462350788,2.394169286671102,2.6317212094840254,2.385095544462664,2.311077532405449,2.4981144763906307,2.508633054260725,2.3189522102335793,1.6575445994443936,1.995339847433317,2.4789656788535352,2.399228356567062,2.28857075879038,2.6681553838698155,2.271967486652795,2.5420311533353486,2.112817836719034,2.6206191064864375,2.4136617222487025,2.226386921250294,2.950642403936066,2.521450576137371,2.400087405260711,1.8521410384887373,3.1371457763680373,2.6314003700086834,2.328075379916244,2.7781783684862473,2.4869879587779185,2.1693354964293206,2.592675981412637,1.9957220033785106,2.4217464459017024,2.6849537403578947,2.332666060694661,2.3005400171537125,2.482640013059158,2.5171858558726594,2.3065987467260403,1.6936389991698193,1.9468462221194942,2.477413480976434,2.356819536249968,2.2888763087417523,2.6756655387165793,2.23735161395258,2.504998389355248,2.0840459368576525,2.671970816328169,2.4081381562291773,2.1876121695000186,2.960742695761807,0.20306222244562533,0.13711683440531688,0.14115815387655042,0.23165706645067824,0.1247474010876197,0.12101990094943102,0.1310647347990416,0.1546729493044971,0.11658427379478498,0.13064286222793836,0.12588839194290116,0.16265808492949022,0.12488896617508735,0.1806542616567868,0.16462443788725295,0.1380362889201832,0.1711251767396876,0.14097667651251564,0.14199297548238116,0.1270003525002761,0.1505157068090339,0.14301256841754428,0.12822245894548145,0.18981209628695048,0.1318484047595553,0.12860515025817712,0.12910884752070226,0.131191647667287,0.1291595718855535,0.21026660211246262,0.14024361810407124,0.24076519105270225,0.13927191965412258,0.13715391073203295,0.23635795728919368,0.13031772732468397,0.11864124691306499,0.12881268760404366,0.15471015175648334,0.11928211723053563,0.13402644107421405,0.133178886398094,0.16872419934765762,0.12500598147758518,0.17388306164177067,0.16401371630171585,0.1338419433873439,0.1720131129410436,0.1371925883799031,0.14218098928768272,0.12718697466540502,0.15590455709680612,0.147661506528359,0.1300923217230722,0.19962304284265597,0.12303086220509568,0.12091334208812501,0.12908450861969498,0.13765100594689939,0.13031394191251014,0.2322622195297617,0.14017575261199697
66.0,2.4642229751839966,2.4104854058962344,1.880260072221085,2.9726868384457905,2.592871827231733,2.3082014637204207,2.7393184999682054,2.5290840980311846,2.124931376950141,2.6145713041538694,1.9541538585984144,2.3909028960615655,2.6264671281654297,2.381574597406593,2.3029446422055133,2.4921432646704287,2.503171595202288,2.312516775695933,1.6563177458423803,1.9891657989486558,2.4737824271929316,2.3907250752906832,2.2809900462175916,2.667668339817505,2.2651490366331584,2.533187232889836,2.106082331139019,2.6125951118714257,2.4064303031050773,2.2231239312662194,2.9462458296753846,2.5174539749904548,2.393162093914593,1.850624531324943,3.126501685757946,2.6254298598721686,2.3208704369582716,2.773941988390845,2.4820995665462964,2.1655039712885102,2.5909877650126085,1.992861200792886,2.419546602515099,2.6798467617438457,2.329294206159082,2.292841132778104,2.476938045007377,2.51153836306492,2.3005279170048656,1.693792141215825,1.9408143902898156,2.47176947377677,2.348043922476049,2.281583888446293,2.6777143399677383,2.2312320178711595,2.497128265136614,2.0770296785665505,2.6631221226233617,2.400801352221087,2.182455124402641,2.955615178035482,0.20438484704441956,0.1381050377912807,0.14163384907008486,0.23327084201514983,0.12548867536014718,0.12186618893911176,0.13188971093644913,0.15585672981691023,0.11715266795530747,0.1317736420125726,0.12622971922570242,0.16371336810533227,0.12565547395460697,0.18186913039848482,0.165704041537661,0.13904399511187412,0.1720652071982338,0.14193577439644592,0.1424090667612572,0.12777141760497332,0.1517489182685923,0.1441307025451763,0.12921056267091421,0.1911501413274298,0.13326526687101134,0.1299265004736189,0.1301126874175469,0.13198558478662673,0.13019755713022652,0.2111165813694704,0.14124585239041365,0.24234946234450552,0.1402759731853428,0.13729538152879725,0.23785550810455536,0.13083088175894586,0.11940277130628875,0.12951418430466083,0.155786273857545,0.1197541544696541,0.1354139593055974,0.13333356018243575,0.16979986203565078,0.12556326778397586,0.17479660330408933,0.16502827633790487,0.13463645631884852,0.17300259245597796,0.13814800018495557,0.14245499280004312,0.12790334243625928,0.15721561098526385,0.1488351074948552,0.13108062672202608,0.20077495965227204,0.12421392138812372,0.12204940531716069,0.13004098971335307,0.1385501287241658,0.1312284028153188,0.2333651352073769,0.14119369898090006
67.0,2.458034279442962,2.4032367373124157,1.8767018740237436,2.9610962900720454,2.587112538017955,2.3015274366587235,2.7356230718812915,2.523573321425902,2.1205914871516267,2.6110848835449834,1.9501947225159368,2.387605166631179,2.621085236702942,2.3779689251133016,2.294826891344041,2.4860350625347936,2.4976766256942264,2.3060506514524564,1.6549738788886916,1.9828778617182523,2.4684365034052855,2.3819833072829897,2.2732391889626804,2.66719183361494,2.2582574750554314,2.5242477353668593,2.099177884565091,2.6044136822650144,2.3990220175719776,2.219366866198243,2.941767306500273,2.5136187344712293,2.3860680628727424,1.8490245488284942,3.1152989621056038,2.619288531025426,2.3135146091177385,2.7695505484058223,2.4769471232306675,2.161552106009172,2.5892719745252037,1.9898722376408209,2.4173833793504174,2.674651911485607,2.3259623009861015,2.285143152302361,2.4711104261005894,2.505895376940309,2.294437807347054,1.6938276961075849,1.934704920063262,2.465980628856171,2.3390723486736587,2.274110424444656,2.6799382351822945,2.2250557037582346,2.489170744253269,2.0698545521905722,2.6541432547053088,2.393285029924085,2.176810233044057,2.950320395297778,0.20572483788790025,0.13912847505319714,0.14207108065937668,0.2349028311272222,0.12621693931629188,0.1227309325191334,0.13271691128867583,0.15711346199732784,0.11769877855341576,0.13296830542291338,0.1265316652221373,0.16483688303690408,0.12644665816527884,0.1830808001850537,0.16680166159449514,0.14010132808937614,0.1730558903413526,0.14295965068909947,0.1427946921376995,0.12855976115898282,0.1530278666039317,0.1452834678622485,0.13022439101424302,0.1925307515048046,0.13477912070806347,0.1313119824048709,0.13114676808993642,0.13279085957892417,0.13128052121325312,0.21200821401275832,0.14229719924200046,0.24399381268231862,0.1412991413215816,0.13738345095332075,0.2393869384757738,0.13133092346728692,0.12016603364937907,0.1302007959559857,0.1568811171017883,0.12018809716727213,0.13691491245430926,0.13341967838750546,0.17096800927106295,0.12612036508314564,0.1756840271566914,0.166053929940799,0.13544935251091236,0.17403999484970226,0.13914939205644544,0.14270754388893017,0.12862238069753587,0.15858759886053533,0.15003121852035084,0.13208099288219485,0.20197327859644232,0.125473503005855,0.12324867939484409,0.1309902262471093,0.1394437032400589,0.13213543304150654,0.2344703640785453,0.14222813891633956
68.0,2.4519101860297345,2.395826410185566,1.8730802155256894,2.948959489029022,2.5812026083119215,2.2947374229181356,2.7318307304030687,2.5178320226436024,2.1161203163075766,2.607492043900687,1.9461185947321025,2.3842989442538602,2.6155822579114405,2.374284987620319,2.2867601822769323,2.4797886608974005,2.4921655006119443,2.2995768963998415,1.6535097004078465,1.9764964888428558,2.46293164783101,2.3730006652496844,2.2653447686986112,2.666725363962034,2.25131779559137,2.515236121574682,2.092128541354154,2.5960837171395603,2.391452697282685,2.2150693790135096,2.937205021530505,2.509964825694642,2.3788074434139452,1.8473448985956527,3.103533162111371,2.6129910755688956,2.306029295920683,2.765014059319257,2.471528462335834,2.1574932527091177,2.58754244479172,1.9867616785007591,2.415279008508697,2.6693791573276964,2.322684187023227,2.277478857296021,2.465154935000921,2.500279304083705,2.288350602133543,1.6937368701516202,1.928540076744966,2.460053596314913,2.3299074419168733,2.266478920896541,2.6823451335423227,2.2188483069363354,2.4811478866019736,2.062544896504358,2.6450465560850844,2.3856023053070383,2.1706360305094825,2.9448510098868397,0.20708190515924574,0.14018733416557766,0.14246392167480695,0.2365476484869207,0.12692691139819118,0.12361262104314626,0.13354330647714116,0.1584458881108445,0.11821823422861422,0.1342285293872298,0.12678820939860758,0.16603269538033827,0.12726251539722114,0.184283224745503,0.16791675460932795,0.14120950750730993,0.1740982800047159,0.14405110021417047,0.14314467162243205,0.12936611321924113,0.15435304340898012,0.14647222708127194,0.1312629708240517,0.193953186196731,0.13639396622372027,0.13276275179455446,0.1322112921879347,0.13360739092520846,0.13241025474271698,0.21294499422923666,0.1433997739772197,0.24570249366236302,0.14233955960408928,0.13741177870750856,0.24094939063396328,0.13181464672221585,0.12092786949000517,0.1308679194834124,0.1579918771654002,0.12057830090915563,0.1385351034216529,0.1334292763501334,0.1722365625100051,0.12667537745567,0.17653848706438538,0.1670887079257125,0.13627876209861706,0.17512654524360582,0.14019701436891988,0.14293636843144933,0.12934344524079738,0.16002233809214378,0.15124936017649704,0.13309046427527363,0.20321939721166635,0.12681223788228563,0.12451283091822643,0.13192841102935263,0.14032814870222451,0.13303058271190155,0.2355746202162269,0.14327765528114264
69.0,2.445869702078614,2.3882548985749223,1.8694105540980461,2.9362747158978095,2.5751573316993874,2.2878538017686436,2.7279519231191474,2.511863062459611,2.1115309259863504,2.6038036568240828,1.941934831991378,2.3810070748034695,2.609964914605794,2.3705292449651587,2.2787804174601485,2.4734028506719707,2.4866555748308414,2.2931185694347835,1.6519219122243798,1.9700421334232499,2.457271600810549,2.363774761896444,2.257333367098276,2.666268429558693,2.2443549919127155,2.506175852321577,2.084958345863101,2.5876141159673907,2.3837381738704146,2.2101851226791616,2.9325571618858506,2.506512219775647,2.3713823668169622,1.8455893882226828,3.0911998424756564,2.6065521856030545,2.2984358968932135,2.76034253191924,2.4658414173665286,2.1533407635061286,2.5858130106534265,1.9835360879511479,2.4132557220909545,2.6640384670146715,2.319473706118023,2.269881029328581,2.459069350370516,2.4947125510800445,2.2822884857452856,1.6935108696544656,1.9223421256400886,2.4539950262532133,2.320551829279719,2.2587123819616455,2.684942944229877,2.2126354627279765,2.4730817520794517,2.055125050282553,2.635844370273786,2.377766294338758,2.1638910518841348,2.939199684140827,0.20845567234007878,0.14128173180165107,0.1428062200097875,0.23819977766470776,0.12761315836549578,0.12450966372873501,0.1343657638539532,0.15985665364817742,0.11870656213167825,0.1355559823813134,0.12699305744789227,0.16730485740424414,0.12810304695790936,0.18547021327894436,0.1690487790892057,0.14236969272762126,0.1751932812715956,0.14521279379503294,0.14345360958385847,0.13019122304339212,0.1557249130393508,0.14769824448305677,0.13232528057991727,0.1954166737029588,0.13811360596502695,0.13427986050910584,0.13330640091866994,0.13443509254201996,0.13358852355152231,0.21393046217398706,0.1445556389428255,0.24747972001512708,0.14339526584428916,0.13737376942442778,0.24253992840094182,0.13227882144179787,0.12168506344052235,0.1315108226247301,0.15911564183256793,0.12091901313861779,0.14028020149646062,0.13335393041638025,0.17361346582407144,0.12722640719735215,0.177352964953936,0.16813055733715765,0.1371227464846048,0.17626339293295276,0.14129104891425137,0.14313915667868898,0.13006582950538467,0.16152162713875357,0.1524889072030742,0.13410598638744195,0.20451476380192385,0.12823268620717132,0.12584342592028022,0.13285163262958902,0.14119982797506245,0.13390924014274122,0.23667446392435762,0.14434073219410123
70.0,2.4399318347240007,2.380522676539695,1.8657083471119327,2.923040251259511,2.5689920017661168,2.28089895248025,2.7239970976151877,2.5056693016492613,2.1068363777562324,2.6000305939182784,1.9376527910382229,2.377752404153913,2.604239929600916,2.3667081571853275,2.2709234993496183,2.4668764227721804,2.4811642032263164,2.2866987294539327,1.6502072161628025,1.9635352485601967,2.451460102684313,2.3543032099289327,2.2492315658346245,2.665820529104808,2.2373940576912514,2.497090388415818,2.0776913424488304,2.5790137782208578,2.375894278968436,2.204667750162372,2.9278219146860778,2.503280887829197,2.3637949643605634,1.8437618253058494,3.0782945598988394,2.5999865532283444,2.290755811561392,2.7555459769938544,2.4598838218275785,2.149107990518015,2.584097506951607,1.980202030570442,2.4113357521981795,2.658639808291051,2.316344700118028,2.262382449969553,2.4528514508715262,2.4892175245142676,2.2762736425632397,1.693140900922642,1.9161333320537526,2.4478115687713364,2.3110081378362257,2.250833811799671,2.687739576427013,2.2064428064557164,2.4649944005824493,2.047619352299811,2.6265490407824825,2.3697901129881416,2.1565338322532264,2.933359080397868,0.20984565376138734,0.14241168908141894,0.14309161804376622,0.239853579909172,0.1282701101054188,0.12542038839714612,0.13518105163073216,0.1613482930845827,0.11915922804656438,0.13695229587865498,0.12713966755898898,0.1686573727643663,0.12896825986447016,0.18663544522652784,0.17019718591634397,0.14358295398930573,0.17634160403570637,0.14644722179501404,0.1437159244552856,0.13103584969458637,0.15714389783902089,0.14896265763186056,0.13341024555525585,0.19692038681018012,0.13994158209156235,0.13586421790641448,0.13443216422732893,0.13527387047076186,0.13481704967852223,0.21496819065813869,0.14576678362045586,0.24932963794967625,0.14446418466281102,0.13726258179360576,0.2441555505791762,0.13272023245354972,0.12243437412708577,0.13212466006374238,0.16024940056598494,0.121204409506076,0.14215566094118443,0.13318473777696974,0.17510660450499627,0.12777158748543804,0.1781202919042889,0.1691773346975036,0.13797929026214759,0.1774515670019765,0.1424315773648484,0.1433136015113116,0.1307887733579602,0.16308723991848012,0.15374907332005847,0.13512441098776748,0.2058608530530907,0.12973729655189495,0.12724188917502308,0.13375588318721854,0.1420550745109803,0.13476663429636415,0.23776630482905858,0.14541574762663392
71.0,2.4341155911002454,2.372630218139106,1.8619890519384747,2.90925437569522,2.56272191209786,2.2738952543229174,2.7199767014768046,2.4992536009878816,2.1020497331855648,2.596183726786402,1.9332818286170927,2.3745577781790708,2.5984140257116777,2.3628281843183614,2.2632253304012853,2.460208168111732,2.4757087406737566,2.280340435354007,1.6483623140476429,1.956996287354475,2.4455008937927247,2.3445836220528506,2.2410659465805933,2.6653811613002802,2.2304599865987313,2.4880031906656828,2.0703515754682495,2.5702916033723127,2.3679368442099666,2.198470914430291,2.922997467050983,2.5002908009702343,2.356047367323532,1.8418660174414192,3.064812871081337,2.593308870545197,2.283010439451319,2.750634405331181,2.453653509223726,2.144808285862549,2.5824097685275467,1.9767660709370634,2.4095413309314266,2.653193148901363,2.3133110108707657,2.2550159007884427,2.446499015166095,2.483816630971263,2.27032825696835,1.6926181702626812,1.90993596129112,2.441509873969515,2.301278994660445,2.242866214570298,2.6907429393158138,2.2002959734420764,2.4569078920076945,2.040052141330758,2.617172911122241,2.361686877224021,2.14852290670197,2.9273218609961362,0.21125122789804865,0.14357710205303273,0.14331358189731952,0.24150330621747862,0.12889208210270045,0.12634304128036605,0.1359858465631282,0.16292321439085514,0.1195716880997435,0.13841902851238774,0.12722128878994265,0.17009415388475654,0.12985816893856336,0.18777249069547622,0.1713614050908998,0.14485023806655659,0.1775437091240738,0.14775662934994563,0.14392589002690284,0.13190074937907267,0.15861035954468872,0.15026644385042753,0.13451673260101857,0.19846341205585463,0.14188110486197808,0.13751654495699603,0.1355885702384118,0.13612362150967072,0.13609748966120203,0.2160617702873405,0.14703510104533368,0.25125628619723356,0.14554410959183633,0.1370711471878888,0.2457932082932491,0.13313573178949073,0.12317256677651275,0.1327044989075059,0.1613900575205997,0.12142864636985082,0.1441666284435663,0.13291230269450915,0.17672370891178793,0.12830912463222283,0.1788331799315668,0.17022679824065218,0.13884629087559863,0.17869192272544349,0.14361854365963087,0.14345744920447892,0.1315114735810719,0.1647209177152402,0.15502889385298085,0.1361425041985216,0.2072591352007801,0.13132835751328112,0.12870945658900368,0.13463707089935492,0.14289022769160786,0.13559784078673662,0.23884640768694526,0.14650096562505105
72.0,2.42843997834169,2.3645779974323813,1.8582681259487999,2.894915369786032,2.5563623562803754,2.266865086566663,2.7159011822896297,2.4926188212507943,2.097184053842657,2.5922739270315627,1.9288313014724707,2.3714460427528468,2.5924939257529642,2.358895786401777,2.2557218130710863,2.4533968776043227,2.4703065420485775,2.2740667460316697,1.646383907703417,1.9504457029068631,2.4393977144762107,2.334613610973878,2.232863091009095,2.6649498248450203,2.2235777723068986,2.478937719879439,2.0629630892782496,2.5614564908941015,2.359881701228262,2.191548268450073,2.9180820061003163,2.497561930313704,2.348141706984629,1.8399057722256582,3.0507503327235233,2.586533829654092,2.2752211800890554,2.7456178277192853,2.4471483130597282,2.1404550016575357,2.5807636302225414,1.9732347736294762,2.4078946903916814,2.6477084565901787,2.3103864802237943,2.2478141633547777,2.4400098219163397,2.4785322770359763,2.264474513341567,1.691933883981117,1.903772278657335,2.435096591948004,2.2913670268264092,2.2348325944332417,2.6939609420783257,2.194220599009609,2.4488442862519393,2.032447756150064,2.6077283248041683,2.3534697030152474,2.139816810315587,2.9210806882737717,0.212671605988686,0.14477770623523095,0.1434654422063778,0.24314311312197975,0.12947330718037942,0.1272757879337559,0.13677674578032664,0.1645836820477884,0.11993945407188097,0.1399576222736271,0.12723101403369858,0.1716189712219748,0.1307728000627412,0.18887483751471237,0.17254082825467248,0.14617232797166682,0.17879974657140052,0.14914294315178733,0.14407769042798302,0.13278665896794337,0.16012457651266854,0.15161038087649428,0.13564354462716458,0.20004471187205444,0.14393497225016622,0.1392373204304007,0.13677551397529805,0.13698423284577588,0.13743140999714387,0.21721479293829793,0.1483623600574248,0.2532635487720883,0.14663268241911945,0.136792199860076,0.24744982659801495,0.1335223062413956,0.12389645451020635,0.1332453553665514,0.16253444836491623,0.12158593294786782,0.14631783919362648,0.13252673101054524,0.17847224310518697,0.12883735118524103,0.17948426672942064,0.17127659900353084,0.13972154566876485,0.17998507767041602,0.14485170984529988,0.1435685648023528,0.1322330961188137,0.16642435793857763,0.15632720581385276,0.1371569583410968,0.2087110381001279,0.13300794146344247,0.1302471201400723,0.13549103812463564,0.14370167778038084,0.13639779216644454,0.23991090119445302,0.1475945281625101
73.0,2.422924003582715,2.3563664884787308,1.8545610265140282,2.8800215141130594,2.5499286278994346,2.2598308284814532,2.7117809876392918,2.4857678232133247,2.0922524012958124,2.5883120662568606,1.9243105663488016,2.3684400437491187,2.5864863525396755,2.354917423473098,2.2484488498149307,2.446441342163635,2.464974962226179,2.267900720383612,1.6442686989546476,1.9439039483181084,2.433154305075194,2.324390789397694,2.2246495807930686,2.6645260184389254,2.2167724084875298,2.469917436865353,2.055549928235752,2.5525173402585692,2.3517446816565637,2.1838534651888732,2.9130737189538847,2.4951142469745915,2.3400801146226353,1.837884897254827,3.036102501525785,2.5796761226554747,2.267409433000676,2.7405062549462924,2.440366066840384,2.136061490020755,2.57917292687785,1.9696147032261184,2.406418062679997,2.6421956991019946,2.3075849500246495,2.240810019238067,2.433381649784438,2.473386869293311,2.258734596063838,1.6910792483844699,1.897664549457527,2.428578372807039,2.2812748614081593,2.2267559555481897,2.6974014938966193,2.1882423184808286,2.440825643211894,2.0248305355323426,2.5982276253393266,2.3451517063306633,2.130374078179295,2.9146282245689346,0.21410579569788354,0.14601303468936078,0.1435404484628878,0.24476708262144584,0.1300079782619122,0.12821671524541656,0.13755028332553332,0.16633179833175032,0.12025817447138686,0.14156935042892754,0.127161850366225,0.17323539389027523,0.13171219457582284,0.18993592594810993,0.17373478654139832,0.1475497964520782,0.18010948600253615,0.15060769005724875,0.14416549106527754,0.13369427515481758,0.1616867165555313,0.15299500120657372,0.13678941493130353,0.20166307894792224,0.146105480702028,0.14102671868867028,0.13799278539790255,0.13785558310716084,0.13882025965570638,0.21843083337146038,0.14975017296014453,0.2553550985553574,0.14772736950340132,0.1364183208280573,0.24912233057985694,0.13387716234427094,0.1246029493374803,0.1337422445334439,0.16367936124764312,0.12167062687187333,0.14861350165103662,0.13201763492522822,0.18035927826595805,0.12935479098140526,0.180066175776697,0.17232427069694162,0.14060273607646964,0.18133133655537412,0.14613060509387873,0.14364501413012062,0.1329527901200976,0.1681991990689436,0.15764262512084826,0.13816440814327605,0.21021790168673768,0.13477784012852737,0.13185556504096077,0.1363135860739526,0.14448592161127116,0.13716129326886262,0.24095579006443146,0.1486944466675516
74.0,2.4175866739576635,2.347996165337389,1.850883211005285,2.86457108925737,2.5434360205407747,2.2528148593372905,2.707626565111428,2.4787034676508073,2.087267837113374,2.584309016065429,1.9197289799905513,2.3655626270417707,2.5803980288866777,2.3508995555698236,2.2414423430887793,2.4393403527033715,2.459731356081931,2.2618654173065136,1.6420133896258595,1.937391476689001,2.426774405930103,2.3139127700300004,2.2164519976054353,2.6641092407819045,2.2100688888123843,2.4609658024317027,2.0481361366976314,2.5434830509380597,2.3435416171281207,2.1753401576138574,2.9079707927314282,2.4929677220678146,2.331864721516319,1.8358072001251908,3.0208649341885048,2.572750441649781,2.2595965977122736,2.7353096978002647,2.43330460407048,2.1316411030700126,2.577651493334759,1.965912424305434,2.4051336798973453,2.636664844181358,2.3049202621208558,2.234036250007803,2.426612277432509,2.4684028143281895,2.253130689516122,1.6900454697792677,1.8916350389968526,2.421961866646885,2.271005125479762,2.218659302074826,2.7010725039527568,2.1823867671782646,2.4328740227843277,2.0172248182522563,2.588683156238803,2.3367460031391354,2.1201532453783116,2.9079571322197633,0.2155525597633552,0.14728236933792507,0.1435318390563096,0.2463692466130923,0.13049030398768557,0.12916383446624513,0.13830295189467726,0.16816948267873927,0.12052373358071092,0.14325525738965705,0.12700680980771706,0.17494672145957887,0.13267641466576113,0.19094919208374106,0.17494252346325664,0.14898295333068426,0.1814722396212332,0.15215190838023032,0.14418352785458527,0.1346242287464111,0.16329680539338265,0.1544205397908512,0.13795300161569407,0.2033170824345261,0.14839432755485196,0.14288453899597509,0.13924005682660445,0.13873754498099153,0.14026533956088713,0.21971342865482077,0.1511999582698385,0.2575343310076998,0.14882543488923067,0.135941997468326,0.25080767603759957,0.13419783067453597,0.12528912364223532,0.1341902450576816,0.16482156217712676,0.12167735696777401,0.15105717149637543,0.13137415001117766,0.18239135150523464,0.12986023695090368,0.18057159425418046,0.17336721835204236,0.14148740889614314,0.18273060419587392,0.14745446790130437,0.14368516419244926,0.1336697038209275,0.1700470011922318,0.15897352072955906,0.1391614518627562,0.21178092454520198,0.13663949208548243,0.13353509914549183,0.1371005070325843,0.14523962994048906,0.13788304239287963,0.2419769706014386,0.14979859333673837
75.0,2.4124469966009188,2.339467502067567,1.8472501367936804,2.848562375800089,2.536899827790162,2.2458395584041417,2.7034483622916743,2.4714286153385525,2.0822434228636353,2.580275648060371,1.915095899142184,2.3628366385047115,2.5742356776088675,2.346848642729494,2.2347381953485534,2.4320927001372197,2.4545930784912717,2.2559838956970557,1.6396146815415713,1.9309287411203035,2.4202617573813527,2.3031771655764577,2.2082969231191325,2.6636989905738426,2.2034922069532263,2.452106277386776,2.040745759020779,2.534362522404921,2.335288339276171,2.1659619986921537,2.9027714145527623,2.4911423267083306,2.323497658944439,1.8336764884330043,3.0050331874121117,2.5657714787374837,2.2518040737499216,2.730038167069283,2.4259617582547706,2.1272071929230982,2.5762131644345865,1.962134501445875,2.404063774144796,2.6311258595728244,2.3024062583599805,2.2275256372335233,2.4196994835226953,2.463602518725529,2.2476849780793553,1.6888237544720457,1.8857060125804492,2.41525372356777,2.260560446115225,2.210565638172844,2.7049818814287883,2.1766795804244574,2.4250114848659647,2.0096549430844624,2.579107261013677,2.3282657094095014,2.1091128469978493,2.9010600735644214,0.21701036991049086,0.14858468562877467,0.14343292912306568,0.24794361604879403,0.1309145790120669,0.13011508509265854,0.13903123010700086,0.17009844900242715,0.12073237059442128,0.14501609154275794,0.12675902366694602,0.17675590723257548,0.1336655494535724,0.19190812083282255,0.1761631628049558,0.15047178716632914,0.18288677905622266,0.15377605350810217,0.14412621701508074,0.13557705368868966,0.16495469103363133,0.1558868749936299,0.13913288244725408,0.20500500606303398,0.15080250633943462,0.14481012678554744,0.1405168698562813,0.1396299894191971,0.1417677690250359,0.22106605491147419,0.15271289841393634,0.25980428766339014,0.1499239102067196,0.13535570052043527,0.25250288463070913,0.13448229075880128,0.12595228259351904,0.13458458022803133,0.1659578249523045,0.12160117687500645,0.15365161583069464,0.13058496618380186,0.18457431146357292,0.1303528419418891,0.18099337105761956,0.17440270584510684,0.14237295485472573,0.1841822862987702,0.1488221818686122,0.14368780313975907,0.13438300232101177,0.17196922167375714,0.160317985601193,0.14014467779255502,0.2134011026307886,0.13859390277211633,0.13528557510344852,0.13784762494599337,0.14595972702634297,0.13855765908350753,0.24297024995097388,0.15090469242106602
76.0,2.407523978646811,2.330780972728506,1.8436772612503574,2.8319936543222974,2.530335343233345,2.238927304952018,2.6992568267656396,2.4639461270519045,2.077192220114919,2.5762228338447914,1.910420680548159,2.360284924011819,2.568006021521138,2.3427711449896256,2.2283723090502,2.42469717537889,2.449577484329575,2.2502792144519312,1.6370692765263095,1.9245361947127884,2.413620099769365,2.2921815887427672,2.2002109390070905,2.663294766514647,2.1970673565817966,2.4433623225388197,2.0334028395621133,2.5251646541315025,2.327000679733959,2.1556726413909515,2.89747377153763,2.4896580320111092,2.314981058185789,1.8314965697745513,2.9886028178969655,2.5587539260190306,2.244053260639692,2.724701673541437,2.418335362898021,2.1227731116977773,2.5748717750185595,1.9582874992258716,2.403230577523323,2.6255887130208935,2.300056780589537,2.2213109624847283,2.412641046717132,2.4590083890702563,2.2424196461344956,1.687405308769325,1.8798997355134641,2.408460593669964,2.249943450388608,2.2024979680019676,2.709137535506791,2.171146393541957,2.4172600893535336,2.0021452488035947,2.5695122831750377,2.3197239411106274,2.0972114181231323,2.893929710941047,0.21847735679343008,0.14991859118323383,0.14323721811965753,0.24948421483349237,0.1312752706715095,0.13106833931320006,0.13973161539224102,0.17212018094248632,0.12088082067185513,0.14685223307912681,0.12641188362006842,0.17866547398541188,0.1346797212440806,0.19280630928501713,0.17739567187727978,0.15201590228422282,0.18435124830733424,0.15547990047573823,0.14398828743085626,0.1365531506140941,0.1666600048066689,0.1573934630947481,0.14032755065167363,0.20672477888814644,0.1533301970860929,0.14680228804349824,0.14182262190712933,0.14053279127052634,0.14332844919462961,0.2224921006985956,0.15428989248909125,0.26216756958149656,0.15101956157035865,0.1346519795870187,0.2542050831189115,0.13472911688896416,0.1265900473341572,0.13492071643359232,0.16708496558210675,0.12143775249463902,0.15639866941438135,0.1296383738120518,0.18691315306641895,0.1308322220413126,0.18132463678079885,0.17542784254677116,0.1432565850798712,0.18568517849142877,0.15023220599160347,0.1436522800349486,0.13509188734185754,0.1739671857593661,0.16167380466273695,0.14111069645038227,0.21507916063231317,0.14064155826310465,0.13710630642495292,0.13855084497520948,0.14664348243106587,0.139179719164271,0.24393136911539276,0.1520103117826129
77.0,2.402836627229717,2.3219370513794058,1.8401800417464227,2.8148632054051106,2.523757860456094,2.2321004782508838,2.695062406118989,2.456258863566176,2.072127290435556,2.5721614450218198,1.9057126809529457,2.357930329436985,2.561715783438361,2.338673522387733,2.2223805866496704,2.4171525693420675,2.4447019284722424,2.2447744324678096,1.6343738764045859,1.9182342905672358,2.4068531734345746,2.280923652234607,2.1922206269422406,2.662896067304226,2.1908193313698816,2.434757398696121,2.026131422678531,2.5158983455901476,2.318694470134739,2.144425738677377,2.8920760508058243,2.488534809091091,2.3063170505191346,1.8292712517460838,2.971569382343471,2.551712475594868,2.236365557907688,2.7193102280048236,2.410423251505021,2.1183522115118842,2.573641159927992,1.9543779822238798,2.4026563221339847,2.6200633722701374,2.29788567065707,2.2154250073309245,2.4054347456779803,2.4546428319472944,2.2373568780624837,1.685781338977629,1.874238473101044,2.4015891270536702,2.2391567653739504,2.1944792957218664,2.713547375368821,2.16581284185328,2.409641896143775,1.9947200741842763,2.5599105662339334,2.311133814211358,2.0844074938393717,2.8865587066877962,0.21995125735261614,0.1512822597776686,0.1429385186233969,0.25098511819746416,0.131567123404531,0.13202140657833084,0.14040066221556616,0.17423590515532794,0.12096647915552595,0.1487636201342877,0.1259592124329887,0.18067742402925518,0.13571909114442612,0.19363754085177762,0.1786388209972847,0.15361445295025464,0.18586307627603282,0.15726244733514,0.14376493705427718,0.13755274496994543,0.16841212030974123,0.15893926709241932,0.14153541229127758,0.20847390022609225,0.15597665485789627,0.14885919888378873,0.14315655260808333,0.1414458359258363,0.14494802367659018,0.22399483607841475,0.15593150453159443,0.2646262416542863,0.15210885400043536,0.13382357720458918,0.25591154598735977,0.1349376436255813,0.12720044796513266,0.13519447911819626,0.16819988084232784,0.12118358506465081,0.15929908562008568,0.128522325208014,0.1894118449447334,0.13129857074596257,0.18155894678867363,0.1764395695274358,0.14413530660567747,0.18723734481296977,0.15168250104578357,0.14357866322730226,0.1357956191069126,0.17604205223195,0.1630384202327882,0.1420561785026553,0.21681547702353993,0.1427823348715701,0.1389959794438229,0.13920621225857127,0.14728861421292108,0.13974379750117316,0.24485602971423864,0.15311285515102377
78.0,2.3984039494839946,2.312936212079497,1.8367739356530135,2.797169309629601,2.5171826730441618,2.225381457570757,2.6908755479373387,2.448369685656714,2.067061695393842,2.5681023531945457,1.9009812571010012,2.3557957006540966,2.5553716861754308,2.334562234961341,2.2167989306028533,2.40945767294044,2.439983765794692,2.239492608641385,1.6315251830009374,1.9120434817843937,2.399964718717379,2.269400968757654,2.184352568597498,2.6625023916424744,2.1847731249892073,2.4263149666669466,2.018955552726941,2.5065724962532037,2.3103855421117228,2.1321749435185975,2.886576439477121,2.4877926290632146,2.2975077672232347,1.8270043419438746,2.953928437452019,2.544661819565437,2.22876236507996,2.7138738412475076,2.402223257580535,2.1139578444831795,2.572535154004169,1.9504125150183502,2.402363240077765,2.6145598050650696,2.295906770410136,2.209900553341626,2.3980783590673753,2.4505282539415356,2.232518858244273,1.6839430514034952,1.8687444906483255,2.394645973819185,2.2282030181452948,2.1865326254922444,2.7182193101969405,2.1607045606809585,2.4021789651334426,1.9874037580011783,2.550314453701483,2.3025084446805355,2.070659609231773,2.8789397231428224,0.22142936176868414,0.15267336289090747,0.14253110717471312,0.25244049490613235,0.13178528177242554,0.13297203767063423,0.14103502486986494,0.17644656292932331,0.12098758928358305,0.1507496780522386,0.12539546669948828,0.18279314650828696,0.13678386292113814,0.19439587016481968,0.17989114071750528,0.15526607732807904,0.18741889383923604,0.15912182453940193,0.1434520139618233,0.13857584016450578,0.17021011214193646,0.16052268118218127,0.1427547860525397,0.21024936143310757,0.15874010100887673,0.15097831348871166,0.14451773026200523,0.1423690262383335,0.1466268366480636,0.22557737615973258,0.15763790818322104,0.26718172960615516,0.15318791428620315,0.1328635600696378,0.25761974035798707,0.13510814765295565,0.12778202420875998,0.13540218511617788,0.16929959023690982,0.12083626972812947,0.16235238579909417,0.1272245102589079,0.1920731543001192,0.13175278085104325,0.1816904473282992,0.17743464598078743,0.14500589869204505,0.18883598796392181,0.15317045445053146,0.14346791415343477,0.13649354056027035,0.1781947746972457,0.16440889580112814,0.14297789812705816,0.21861000451833268,0.1450154075714186,0.1409525641597165,0.13980997958015665,0.14789340156326636,0.14024451871094956,0.24573992431057726,0.15420955566800162
79.0,2.394244952543998,2.3037789288880046,1.833474400341245,2.7789102475768845,2.510625074583301,2.218792622181607,2.6867066998063116,2.4402814540988254,2.062008496558124,2.564056429966112,1.8962357657367876,2.3539038835370456,2.548980452547219,2.3304437427479607,2.2116632433657224,2.4016112770877136,2.435440351172295,2.2344568018693445,1.6285198981398685,1.9059842214650604,2.392958475958235,2.2576111510176102,2.1766333456458105,2.6621132382293013,2.1789537311115694,2.4180584872595703,2.0118992740642296,2.4971960055930205,2.3020897272981915,2.1188739088817643,2.8809731246712875,2.4874514630424485,2.2885553395768827,1.824699647964173,2.9356755399229915,2.5376166500312203,2.221265081682605,2.708402524057593,2.393733214629358,2.1096033627294686,2.571567592088363,1.946397662187713,2.4023735634557086,2.609087979150225,2.294133921696268,2.2047703820863513,2.390569665547459,2.44668706163794,2.227927771060824,1.6818816523534457,1.8634400534604625,2.387637784066721,2.21708483577667,2.178680961472791,2.7231612491732085,2.155847185347527,2.3948933562192387,1.9802206390289456,2.540736289088732,2.2938609484870263,2.055926299385576,2.871065422644266,0.22290846312632634,0.15408900207994633,0.14200989695534189,0.253844652233135,0.13192543212937946,0.13391792744685363,0.14163150344384975,0.17875278060461544,0.120943452377591,0.15280925821275315,0.12471597306576729,0.1850133260539547,0.1378742835919397,0.19507571807039906,0.18115087910778463,0.15696883482654814,0.18901446207239253,0.16105521704158832,0.1430462214127655,0.13962216664577642,0.17205271702522099,0.16214145302147068,0.14398390645328396,0.2120475684367247,0.16161762304494806,0.15315627483359198,0.14590503869592641,0.14330228858557303,0.1483648889133479,0.2272426375886291,0.1594088291483877,0.2698347126388322,0.1542524936897068,0.13176546395951835,0.25932737163955455,0.1352420398732759,0.12833393018494088,0.1355407886364818,0.1703812801552478,0.12039478661132615,0.1655567118847917,0.12573244283329263,0.19489847531590496,0.13219656906399838,0.18171406297541906,0.17840963680212657,0.14586489249334908,0.1904773149015501,0.15469280691690038,0.1433220707885682,0.13718510423430655,0.18042605960835786,0.16578187955725857,0.1438727810792013,0.22046218839658097,0.14733916125194554,0.14297322805075638,0.1403586829278631,0.14845680353073062,0.14067661566284592,0.24657876991531016,0.15529747148706807
80.0,2.3903786435440835,2.294465675864153,1.8302968931822425,2.7600842998280433,2.504100358659278,2.212356351353421,2.6825663093115515,2.4319970296678632,2.056980755496695,2.5600345469396153,1.8914855636047692,2.3522777239597215,2.5425488053686385,2.3263245057851214,2.2070094273942034,2.393612172697577,2.4310890394804647,2.229690071048355,1.6253547236459112,1.9000769627099867,2.385838185497539,2.2455518117201265,2.169089539760087,2.6617281057645976,2.173386143408696,2.4100114212822583,2.004986631047296,2.4877777730819424,2.293822857327364,2.1044762877340464,2.8752642935081125,2.4875312821437388,2.2794618988588344,1.8223609774032599,2.916806246456792,2.530591659092646,2.2138951072416906,2.7029062872231484,2.3849509561562314,2.105302118368534,2.570752309021858,1.9423399883104215,2.402709524368814,2.603657862270145,2.2925809663629972,2.20006727513462,2.38290644378037,2.4431416616214006,2.2236058008930746,1.679588348134013,1.8583474268425906,2.380571207896544,2.205804845342129,2.170947307823224,2.7283811014797057,2.1512663511755226,2.387807129297948,1.973195056042211,2.5311884159067977,2.285204441599678,2.040166099385982,2.862928467530308,0.22438481393443332,0.15552564656547457,0.1413706307142761,0.25519208214419065,0.13198396188647357,0.13485671520800924,0.14218709084181602,0.18115483949086916,0.12083465765899479,0.15494059447502498,0.12391719808771273,0.18733785818563511,0.13899063885337573,0.1956719752765015,0.18241596225918022,0.15872015144640433,0.19064461992941228,0.16305880726036417,0.1425453445628365,0.14069112839517478,0.17393830064920807,0.16379260671633838,0.14522093165450364,0.21386427031257313,0.16460509033657436,0.15538883392185018,0.14731716484970145,0.14424557649146952,0.15016179255496467,0.22899328617948128,0.1612434874106619,0.27258501593118234,0.15529793244030168,0.1305234462560124,0.26103242788218944,0.13534205821501533,0.12885603799493947,0.13560803617376266,0.17144234846345047,0.11985981751748366,0.16890868820845004,0.12403355168261974,0.19788766846551192,0.13263259616685918,0.1816257015696127,0.17936090257176834,0.14670855742782124,0.19215640284553664,0.15624558519707868,0.14314443178571246,0.13786990217505235,0.18273632272414153,0.16715356964600264,0.14473795622035515,0.22237088595820734,0.1497511098325155,0.14505425810476724,0.1408492230316586,0.1489785787922779,0.1410349951693596,0.2473683440010947,0.1563734843848968
81.0,2.38682402961862,2.2849969270671466,1.82725687154712,2.7406897469641924,2.4976238188578437,2.206095024356168,2.678464824038675,2.4235192731391164,2.0519915337778714,2.5560475757181655,1.8867400074494058,2.3509400677960173,2.536083467454561,2.322210984110332,2.202873385144226,2.3854591506837104,2.426947185594608,2.2252154750751063,1.6220263613435864,1.8943421586199558,2.3786075876757313,2.2332205635709172,2.16174773261328,2.66134649294827,2.1680953555523867,2.4021972295433107,1.998241668033056,2.478326698192318,2.285600763832513,2.0889357330425735,2.869448133107357,2.4880520574820406,2.2702295763478677,1.819992137857393,2.8973161137538117,2.5236015388501674,2.2066738412833193,2.6973951415322683,2.3758743156659548,2.1010674635181896,2.5701031396459384,1.93824605796492,2.403393354918111,2.598279422169377,2.2912617462578755,2.1958240140559178,2.375086472428248,2.4399144604768543,2.219575132121985,1.677054345051724,1.8534888760998625,2.3734528954088856,2.1943656739157156,2.163354668703205,2.7338867762984753,2.1469876934874783,2.3809423442662716,1.9663513478156243,2.5216831776667443,2.276552039987334,2.023337544318207,2.8545215201390586,0.22585409469673728,0.15697908151751624,0.1406100906086406,0.2564775066738518,0.1319581338904201,0.1357859814538361,0.142699017933004,0.1836526461834845,0.12066332651601767,0.1571412866610262,0.12299705008731206,0.18976577805530614,0.14013324107083425,0.1961801122989369,0.18368396205231466,0.1605167786570554,0.19230326125370514,0.16512774828959229,0.1419484943459445,0.14178174894053486,0.17586483426795266,0.1654723703323047,0.14646395720111993,0.2156945005592393,0.16769709412716685,0.15767078449843605,0.14875258749634981,0.14519886975773785,0.15201672502446537,0.23083167364857451,0.16314054176783155,0.2754315084751628,0.15631912856488273,0.12913243680028302,0.2627332203020935,0.1354124477235994,0.12934903285845714,0.135602623375588,0.1724804471692732,0.11923407629660547,0.17240329957472353,0.12211526576610686,0.20103891907549404,0.13306457317157733,0.18142247020168384,0.18028459353277362,0.1475328983889027,0.19386707235132217,0.15782404630901728,0.14293972869647284,0.1385476994118463,0.18512564626204484,0.16851968375062745,0.14557080872952138,0.22433429112166445,0.15224782916400662,0.1471909973982589,0.14127894994007725,0.14945939956648122,0.14131480973990815,0.24810452198437027,0.15743430252181168
82.0,2.3836001179019672,2.275373156556224,1.8243697928070146,2.7207248695664177,2.491210748764748,2.2000310204598854,2.6744126915733393,2.41485104528794,2.047053892969981,2.552106387904878,1.8820084540151574,2.3499137609198204,2.529591161619858,2.3181096377611192,2.1992910190717256,2.3771510019598314,2.4230321443901133,2.221056072846293,1.6185315130574112,1.8888002622957247,2.3712704228332275,2.2206150192756646,2.1546345058783047,2.6609678984802136,2.163106361214361,2.394639372850952,1.991688429378387,2.468851680396479,2.2774392784468453,2.072205897774532,2.8635228305888156,2.4890337601722985,2.2608605033227445,1.8175969369228344,2.8772006985144385,2.516660981404243,2.199622683333539,2.6918790977730396,2.366501126663292,2.096912750296197,2.569633918801884,1.9341224357296534,2.4044472872046123,2.592962626592432,2.2901901032284346,2.1920733804197665,2.3671075301532376,2.4370278647891888,2.2158579491284924,1.6742708494130993,1.8488866665374164,2.3662894967040105,2.1827699485714613,2.155926048272447,2.739686182811582,2.1430368476059356,2.3743210610209604,1.9597138531238305,2.5122329178796265,2.2679168596188464,2.005399169267472,2.845837242808688,0.22731140066216635,0.1584443734855178,0.13972631957074416,0.25769592010391185,0.13184627171168584,0.13670323962910208,0.1431647931270492,0.18624570434998144,0.12043336324011573,0.15940832133002825,0.12195520914624958,0.19229521009680028,0.14130240726407184,0.19659629237514345,0.18495207599420832,0.162354772022447,0.19398335216012436,0.16725617746940974,0.14125636151235893,0.14289261961457939,0.17782988559773583,0.16717611255302775,0.1477110370835647,0.21753253886408438,0.17088692108026984,0.15999592120807726,0.15020956751040665,0.14616216661964934,0.1539283837220046,0.23275976130590997,0.16509803979472354,0.27837201285897245,0.15731051419150197,0.1275882742279977,0.26442841696711605,0.13545911040970815,0.12981449055421618,0.13552434459415366,0.17349352021448114,0.11852263483566387,0.17603379349692141,0.11996507917365776,0.2043486240521651,0.1334973415784501,0.18110289292900758,0.18117664949209902,0.14833366857830751,0.1956017757021372,0.15942263962897646,0.14271426985393862,0.1392184714754957,0.18759373944861335,0.1698754362068868,0.14636903273760285,0.22634986881551375,0.15482491027316928,0.14937780339404472,0.14164574659375753,0.14990095088201616,0.1415115337254289,0.24878331464472028,0.15847646863660303
83.0,2.3807259155284783,2.2655948383906064,1.8216511143330392,2.700187948215811,2.4848764419657567,2.194186718934532,2.6704203595011466,2.405995206889652,2.0421808946413393,2.548221855102877,1.8773002600464979,2.3492216492050173,2.523078610679444,2.3140269267750195,2.1962982316326496,2.3686865174396163,2.419361270742372,2.2172349232585833,1.6148668806119169,1.8834717268380803,2.3638304313104483,2.20773279154003,2.147776441228097,2.660591821060331,2.1584441540663915,2.387361312013481,1.9853509594402006,2.459361619166798,2.2693542328036305,2.054240434897045,2.8574865730722583,2.4904963613294746,2.251356811062253,1.815179182195858,2.856455557439065,2.509784678855333,2.1927630329184686,2.6863681667335215,2.3568292226530088,2.092851330820366,2.569358481330987,1.9299756861830617,2.405893553329339,2.587717443283864,2.2893798791222104,2.1888481557956996,2.358967395617489,2.434504281143367,2.2124764362935507,1.6712290675246753,1.8445630634603922,2.3590876618821404,2.1710202963834093,2.148684450690647,2.7457872302010915,2.1394394488534245,2.3679653394587503,1.953306910741479,2.502849980056565,2.2593120164630687,1.986309509318992,2.836868297877362,0.22875125353449152,0.15991586003155248,0.13871884656301006,0.25884262537580327,0.13164794966849427,0.13760592141920602,0.1435822320274953,0.1889330891564239,0.1201507010893362,0.16173814002315215,0.12079347875656193,0.19492334662901142,0.1424984243886153,0.1969174830683004,0.18621712442119082,0.16422949606033746,0.19567700025621998,0.1694372803823728,0.14047147103419358,0.14402185332767883,0.17983062876691036,0.16889829377810492,0.1489602134618875,0.21937190181690586,0.1741665697542315,0.1623570297005979,0.1516861401000767,0.14713546611811743,0.15589494230933587,0.23477902865477715,0.16711337677322372,0.2814032343818477,0.15826604298615038,0.12588781124120418,0.2661170662431237,0.13548970357226806,0.13025492612836687,0.13537422382750902,0.17447983295578012,0.11773321970871287,0.1797916149613473,0.11757057504770721,0.2078113155524827,0.13393691392184096,0.18066711796581447,0.18203280787535037,0.1491064030645818,0.1973515103048845,0.16103499411710254,0.14247603600209144,0.13988244637394331,0.19013990536309616,0.17121552635259668,0.14713068078563116,0.22841430419618414,0.15747693968948864,0.1516080355319398,0.14194810630530053,0.15030600476554237,0.14162104167666018,0.24940090332965245,0.15949637504034353
84.0,2.3782204296325125,2.2556624466295108,1.8191162934963236,2.6790772634934816,2.478636192046634,2.188584499050082,2.6664982754077555,2.3969546187195814,2.037385600360271,2.544404848915257,1.872624782287885,2.348886578525491,2.5165525374481925,2.3099693111895148,2.1939309252829164,2.3600644880367803,2.415951919526801,2.2137750852086717,1.6110291658316154,1.8783770053477746,2.3562913534478205,2.194571493069722,2.1412001203355686,2.660217759388535,2.1541337277802564,2.3803865078391793,1.9792533025754013,2.449865413975607,2.261361458536083,2.0349929973773015,2.85133754767745,2.4924598320684876,2.2417206308451556,1.8127426812727145,2.8350762472280717,2.502987323303853,2.186116289564122,2.680872359201834,2.3468564371399,2.0888965572084794,2.569290662074509,1.9258123739035982,2.4077543853933103,2.582553839988202,2.288844915786751,2.186181121753196,2.3506638474831276,2.4323661161242733,2.209452777998103,1.6679202056929778,1.8405403321739426,2.351854041043542,2.159119344425614,2.141652880117502,2.752197827649077,2.136221132552456,2.361897239476379,1.9471548594432078,2.493546707708608,2.250750626488868,1.9660270995579892,2.8276073476831938,0.23016764508300463,0.16138717069034872,0.13758890583217315,0.25991326231155654,0.13136417931629257,0.13849135425547573,0.14394947246276013,0.19171342548912934,0.11982352922628042,0.16412676380716262,0.11951614975423404,0.19764646321693463,0.1437214993353192,0.19714156149825451,0.1874755704087629,0.1661356614571448,0.1973755864843923,0.1716634141641417,0.1395984242791679,0.14516704749183348,0.18186387778694024,0.17063243733413785,0.15020955617376483,0.2212053709264548,0.177526818619042,0.1647459170194319,0.15318010938953552,0.1481187377662928,0.15791401017589787,0.2368903652300064,0.169183267348972,0.28452071706567555,0.15917919274207865,0.12402896892227436,0.2677986063842512,0.13551366263522466,0.13067380161184472,0.13515461444723706,0.17543798959838133,0.11687644741534035,0.18366638200639193,0.11491938101848997,0.2114196293755539,0.13439045975497715,0.18011709949481183,0.18284862236942126,0.14984647799419115,0.19910576784506515,0.16265393851726634,0.14223470528036525,0.1405401511650063,0.1927630167781417,0.1725341421152014,0.14785420744470298,0.230523471722341,0.1601975131512842,0.15387407943901632,0.14218519821254488,0.15067845783204653,0.1416396863579617,0.24995367004760605,0.1604902867441556
85.0,2.376102667348427,2.245576455332162,1.8167807876679896,2.657391095980509,2.4725052925931186,2.183246740076549,2.6626568868787777,2.387732141553053,2.0326810716950625,2.540666240945156,1.8679913774837735,2.3489313947551564,2.5100196647409754,2.3059432510421547,2.192225002478478,2.3512837046649953,2.4128214456187855,2.210699617593241,1.6070150705410284,1.873536550925597,2.348656929585771,2.1811287365704044,2.13493212487369,2.6598452121647225,2.150200076027691,2.373738421136303,1.9734195031408779,2.4403719642952337,2.2534767872774824,2.0144172381824244,2.845073941524183,2.494944143504345,2.231954093950217,1.8102912417496717,2.8130583245818803,2.4962836068503123,2.1797038527966492,2.6754016859660403,2.336580603628725,2.0850617815783425,2.569444295873743,1.9216390634696987,2.4100520154975347,2.577481784449985,2.288599055069587,2.1841050598617846,2.342194664412302,2.430635776316852,2.2068091586231153,1.6643354702245337,1.8368407379832108,2.3445952842884616,2.147069719772098,2.1348543407126925,2.7589258843375797,2.133407534025606,2.3561388209705756,1.9412820380036622,2.484335444346869,2.242245805665077,1.9445104750696676,2.8180470545643734,0.23155411905966602,0.16285128569135265,0.13633963828800136,0.26090382579917576,0.13099758207451492,0.13935673000124832,0.1442649703068664,0.1945848709647087,0.11946248294358683,0.1665699799910355,0.11813036414955017,0.2004599773576986,0.14497169154403775,0.1972674076583144,0.18872356714201155,0.16806739958493197,0.19906996819350742,0.17392629643565674,0.13864411381797526,0.14632525982641875,0.18392614709155716,0.17237112643481414,0.15145721270491969,0.223025065152089,0.18095735230808294,0.16715348951826847,0.15468904567643751,0.1491118757924474,0.15998259662218914,0.23909394475688509,0.17130373359371961,0.28771883349903543,0.16004298722487714,0.12201071779794498,0.2694728577362609,0.13554212387820785,0.13107548025559862,0.13486925501925875,0.1763669348587662,0.1159659597810443,0.18764590961948935,0.11199902042304984,0.2151643238626298,0.13486622265337841,0.17945673742319515,0.1836194946156309,0.15054919952274692,0.20085253042477086,0.1642715624615272,0.14200158460782497,0.14119246276365457,0.1954615030196096,0.17382498282374767,0.14853850476584526,0.23267242858281725,0.1629792877671892,0.15616741399362646,0.14235691432253156,0.15102332063694077,0.14156437369394462,0.25043821873575445,0.16145437387247488
86.0,2.374391635810589,2.235337338557768,1.814660054219151,2.635127726258014,2.4664990371909825,2.178195821283902,2.6589066414998452,2.3783306361653898,2.028080370214071,2.537016902795657,1.8634094023786296,2.3493789437678685,2.503486715372706,2.30195520637045,2.1912163656752597,2.3423429582379764,2.409987203893739,2.2080315793089578,1.6028212965646846,1.8689708166723151,2.3409309000647203,2.167402134747777,2.128999036515346,2.659473678088782,2.146668192480475,2.3674405127131353,1.9678736054935337,2.4308901695980674,2.245716050661051,1.9924668102795826,2.8386939417322075,2.4979692667519524,2.222059331656233,1.8078286712230038,2.7903973462008542,2.489688221595112,2.1735471221420912,2.6699661578142306,2.3259995556242576,2.081360356047746,2.5698332175699883,1.917462319459813,2.4128086757430505,2.572511244413737,2.2886561388182804,2.182652751690984,2.3335576250671615,2.429335668306007,2.2045677625495212,1.6604660674258687,1.8334865461933343,2.3373180417171304,2.134874049496904,2.128311836635935,2.7659793094486824,2.1310242885953707,2.350712143838095,1.9357127851974913,2.4752285334823867,2.2338106699605533,1.9217181709392595,2.8081800808590285,0.23290389641590217,0.16430063728059088,0.13497626172434735,0.26181067320773255,0.13055253586039808,0.1401990643507993,0.14452747224343176,0.19754510439249087,0.11908077705934886,0.16906359213367889,0.11664646350923559,0.20335855462893174,0.14624882703529932,0.19729498025201042,0.18995703614447104,0.1700183771569348,0.20075075810056084,0.17621726199616186,0.13761789383729894,0.14749300051024927,0.1860137410193483,0.17410603194764065,0.15270146859284667,0.22482256278610432,0.18444694959788313,0.1695698833776415,0.15621028559742214,0.1501146358647037,0.16209708143468102,0.24138908189334798,0.17347011269970766,0.2909908138697816,0.16085004105964715,0.11983296264026372,0.27113999457872145,0.13558772482285142,0.1314651160022039,0.13452327012897763,0.17726593656497983,0.11501841687157739,0.19171628788657985,0.1087966133205483,0.219034352164684,0.13537335626676816,0.17869195782502995,0.1843407211720569,0.1512099248561682,0.20257832452946845,0.16587932578596512,0.14178942684016288,0.1418406618483419,0.1982333486562977,0.1750813047998534,0.14918292804728642,0.23485543579055312,0.16581407563076905,0.15847872541470384,0.14246389189123135,0.15134664837028816,0.14139263206014246,0.2508513832223889,0.16238475413504624
87.0,2.3731063421533496,2.2249455703655827,1.8127695505209507,2.612285434907082,2.4606327194259827,2.173454121942151,2.6552579868566077,2.368752963331929,2.0235965574855905,2.533467706069901,1.8588882137169196,2.3502520714375437,2.4969604121582476,2.2980116372119097,2.190940917329206,2.3332410396694074,2.4074665492270353,2.2057940292525196,1.5984445457270948,1.8647002556886898,2.3331170052250902,2.1533893003075173,2.123427436933482,2.6591026558606297,2.1435630708103504,2.3615162433779417,1.9626396539902762,2.421428929356425,2.2380950803200403,1.9690953666359416,2.8321957354213403,2.501555172926282,2.2120384752419455,1.80535877728897,2.767088868785392,2.4832158596387375,2.167667497126532,2.6645757855344927,2.3151111266312587,2.077805632734458,2.570471262004503,1.9132887064523887,2.4160465982308645,2.5676521876240073,2.2890300088803595,2.181856978810295,2.324750508109836,2.428488198676664,2.2027507741582824,1.656303203603521,1.8305000221094698,2.330028963429811,2.1225349606740935,2.1220483720469088,2.7733660121644235,2.12909703158429,2.345639267975655,1.930471439799335,2.4662383186262824,2.2254583353441384,1.8976087222519729,2.7979990889053106,0.23421004642820598,0.16572725591891563,0.13350619609183348,0.2626305219526358,0.13003528230155775,0.1410151473008753,0.1447359631059858,0.20059131986602277,0.11869426094838727,0.1716037279483683,0.11507830377458138,0.2063362627337154,0.14755239405063647,0.19722537001809048,0.19117177759251117,0.1719819508101826,0.20240867796360953,0.17852758368139046,0.13653168826170262,0.14866624347254323,0.1881228716772237,0.175827974835166,0.15394081724431657,0.22658907387711139,0.18798373216541756,0.17198464950429365,0.15774093531653674,0.15112655332065414,0.16425319360656146,0.24377407344412225,0.1756770866766427,0.2943288170150692,0.1615926306123512,0.11749630966573635,0.2728004948391872,0.13566426636179268,0.13184846994909447,0.13412310874101357,0.1781345468373245,0.11405330442716378,0.1958620179831656,0.10529836748366442,0.22301698711142684,0.13592167234375407,0.17783071786341398,0.1850075573444736,0.15182421525593473,0.20426834222693363,0.16746822179141171,0.14161211917529137,0.14248648769100578,0.20107610316057342,0.1762959923640171,0.1497873117375814,0.23706600836649386,0.16869297898760516,0.1607980695058288,0.14250750573555004,0.15165540533782546,0.14112267380994517,0.25119021688520604,0.16327754552884058
88.0,2.3722657935110765,2.2144016248147893,1.8111247339444945,2.588862502508808,2.4549216328838637,2.169044021321254,2.651721370534679,2.359001983827989,2.019242695077942,2.5300295223709757,1.8544371682431018,2.351573623638059,2.4904474779124888,2.2941190036040666,2.1914345598962375,2.3239767398729763,2.405276836494096,2.2040100263206157,1.593881519852792,1.8607453210755043,2.3252189854072998,2.139087845955308,2.1182439078010367,2.658731644180164,2.140909704689094,2.355989073938995,1.9577416929879907,2.4119971430426608,2.2306297078876858,1.944256560218633,2.8255775097113185,2.505721833142283,2.201893655986145,1.802885367543831,2.7431284490359027,2.4768812130816267,2.162086377276062,2.6592405799149192,2.3039131501545502,2.074410963756301,2.571372264018588,1.9091247890258636,2.4197880150619797,2.5629145818253316,2.2897345071033386,2.181750522789219,2.315771092202496,2.4281157740137393,2.201380377830353,1.651838085063999,1.8279034310367428,2.3227346995267326,2.110055080377687,2.116086951105316,2.781093901666903,2.127651398314924,2.340942253280003,1.925582340583845,2.457377143289611,2.217201917784698,1.8721406640930198,2.787496741041372,0.23546570302096484,0.16712296020347267,0.13193913068544338,0.2633604402342052,0.12945398056194726,0.14180148612485508,0.14488958765526133,0.2037202260612899,0.11832137390995877,0.17418719180557615,0.11344351585628021,0.20938676901367936,0.14888142233941448,0.19706082663929378,0.19236361104716718,0.17395135758015595,0.20403497820367594,0.18084884677488858,0.13540001917112002,0.14984045855242906,0.1902498015362486,0.177527025340372,0.15517403689536613,0.22831565966291298,0.19155546773665302,0.17438699033112937,0.15927787671828933,0.15214684355277575,0.16644600002070195,0.24624602795839245,0.17791873519415974,0.2977240430360189,0.16226279238996466,0.11500169939814418,0.2744550679044826,0.13578623148272848,0.1322316506256454,0.13367641826660498,0.17897254096313547,0.11309251827129936,0.20006620660480562,0.101488778732265,0.22709799404433018,0.13652130110048677,0.1768829218899507,0.18561529840345492,0.15238801757448459,0.2059066363575884,0.16902899745996702,0.1414842386628062,0.1431321904957763,0.20398689875861434,0.17746165547400183,0.15035197704360467,0.2392969935177914,0.17160656353043718,0.16311507931268582,0.1424898267105275,0.1519572602838581,0.14075344774671128,0.251451958999454,0.16412892860968753
89.0,2.3718889970181274,2.203705975964637,1.80974106186091,2.564857209644293,2.449381071150397,2.1649878986912303,2.6483072401196956,2.3490805584289016,2.015031844559447,2.526713223302005,1.8500656227016412,2.3533664462433155,2.483954635450333,2.2902837655844466,2.1927331958322926,2.314548849762385,2.4034354205703146,2.2027026294099192,1.5891289207662946,1.8571264659335185,2.317240580951775,2.1244953843968286,2.113475030790939,2.6583601417472744,2.13873308778846,2.3508824652045606,1.9532037668435895,2.402603710129119,2.2233357649972443,1.9179040439948303,2.8188374517219454,2.510489218514888,2.1916270051676103,1.8004122495838562,2.7185116436527523,2.4706989740242276,2.156825162116753,2.6539705517435794,2.292403459698852,2.07118970123104,2.5725500584535133,1.9049771317586903,2.4240551583374392,2.5583083947622276,2.29078347533479,2.1823661651972985,2.3066171560072344,2.4282408009021617,2.2004787579466445,1.6470619181138457,1.8257190382803161,2.315441900108164,2.0974370356817245,2.110450577970848,2.7891708871381433,2.1267130241097796,2.3366431596478803,1.921069826325655,2.448657350983458,2.2090545332510794,1.8452725315476248,2.7766656996053896,0.23666432151863767,0.16847958533781762,0.1302870220634971,0.26399783627248413,0.12881869427893541,0.14255424351818205,0.1449875494971062,0.20692804969855022,0.11798298194597592,0.1768118399840513,0.11176368893201859,0.2125035713466294,0.1502343503357952,0.19680475698473748,0.19352854157186408,0.175919932985206,0.2056219058657849,0.18317335865929488,0.13423994013455062,0.15101066489298137,0.19239100365743603,0.17919263867893317,0.15640027100462647,0.22999349013397558,0.19514991530481923,0.17676604113688202,0.160817776453123,0.1531742872731132,0.16866990597103776,0.24880068991543072,0.18018861122033525,0.30116688338534414,0.16285244846962124,0.11234989610081882,0.27610456351981577,0.1359681704075005,0.13262078189983056,0.1331918597430538,0.17977983504950235,0.1121597011130405,0.20431081605641008,0.09734942510549507,0.23126184346041678,0.1371822739270946,0.17586024015683704,0.18615937712359365,0.15289786712774822,0.20747639262588988,0.17055242967438666,0.14142048512822886,0.1437805765363367,0.20696247185108907,0.1785707533511406,0.15087773474178284,0.24154067282364555,0.1745450626174029,0.16541921108135538,0.14241354494261216,0.15226031577281365,0.14028468231125577,0.25163397354969963,0.16493521664138686
90.0,2.371994959808853,2.192859097874327,1.808633991641326,2.540267836894621,2.4440263278113212,2.1613081333220348,2.6450260431972907,2.3389915479099956,2.010977067498417,2.5235296804661163,1.8457829338369955,2.3556533851271846,2.477488607586651,2.2865123831905434,2.194872727593335,2.3049561602513187,2.4019596563310928,2.2018948974171177,1.5841834502921222,1.8538641433635044,2.309185532198938,2.109609528337778,2.1091473875761033,2.657987647261886,2.1370582137801977,2.346219877982926,1.9490499199139657,2.3932575300881447,2.2162290832819473,1.889991470931691,2.811973748572978,2.5158773001590737,2.1812406540650917,1.7979432310053052,2.6932340093363427,2.464683834567005,2.151905251174683,2.648775711808559,2.2805798887689686,2.0681551972764853,2.5740184801505652,1.90085229922931,2.428870260158256,2.553843594179253,2.2921907554222565,2.1837366876040205,2.2972864781862374,2.4288856859268377,2.2000680988881616,1.6419659090595884,1.8239691091453263,2.3081572152743286,2.084683453660271,2.1051622568032022,2.797604877760232,2.1263075442913975,2.332764046976012,1.9169582357994248,2.440091285218905,2.201029297712138,1.8169628597009952,2.7654986269354764,0.23779996664115569,0.16978924081910915,0.1285640147193409,0.26454045344485577,0.12814129977359795,0.14326917486579926,0.1450289930081617,0.21021054161097685,0.1177020818798444,0.17947694872400816,0.11006445086301365,0.2156802465402986,0.15160888684033869,0.19646169444252984,0.19466294278861704,0.17788134429626268,0.20716319403397374,0.1854945679018584,0.13307086267295057,0.1521715044341878,0.19454332906148677,0.18081382438493965,0.1576191068840456,0.23161412556378952,0.19875519437072617,0.17911118350645247,0.1623570975660363,0.1542071057346465,0.17091866946566037,0.2514322670593675,0.1824798375316093,0.3046471009014571,0.16335355599392629,0.10954083476957835,0.2777498680410932,0.13622397988967175,0.13302161074204177,0.13267887740874154,0.18055638588966264,0.11127932858465932,0.20857696381123259,0.09285717592805154,0.2354919527843383,0.13791404924987463,0.1747758278775183,0.18663547455279725,0.1533511009375701,0.20896027662046596,0.17202965137814363,0.14143501916581955,0.14443504025058485,0.20999918205391369,0.1796157412909985,0.1513658884040285,0.24378888166272744,0.17749860169090675,0.16770001702119905,0.14228185928168485,0.1525727820025971,0.13971692038512878,0.2517336580494182,0.16569293076758518
91.0,2.372602689017617,2.1818614646031125,1.8078189806568596,2.5150926648409184,2.4388726964524166,2.158027104483689,2.641888227353102,2.3287378130465894,2.007091425463175,2.5204897654664022,1.8415984583936351,2.3584572861635746,2.4710561171363365,2.2828113164599113,2.197889057635263,2.295197462253496,2.400866898651815,2.2016098892388944,1.579041810254794,1.8509788064662396,2.301057579489226,2.094427890483834,2.1052875598294714,2.6576136594238764,2.1359100763360783,2.342024773082358,1.9453041965560218,2.383967502392081,2.209325494375043,1.860472493996358,2.8049845873842107,2.5219060491897842,2.170736733957383,1.7954821194044457,2.6672911027870754,2.458850486810391,2.147348043975924,2.6436660708979556,2.2684402708696605,2.065320804010433,2.575791363951018,1.896756856016162,2.434255552625431,2.5495301478209282,2.2939701892132525,2.1858948715789053,2.287776837401627,2.430072835672693,2.2001705850358184,1.6365412642077501,1.822675908936912,2.3008872951254844,2.0717969613873417,2.1002449917620747,2.806403782715219,2.1264605941823085,2.3293269751611496,1.9132719077797864,2.431691289507021,2.1931393271367066,1.7871701836383633,2.753988185369793,0.2388676182888491,0.17104458430473285,0.1267862807290462,0.2649863800581298,0.12743530671244488,0.1439415697442941,0.14501287718012046,0.21356298360707118,0.11750336618521062,0.1821835388562763,0.10837541730683527,0.21891069525792017,0.15300187608214919,0.19603724119493493,0.19576374548267378,0.17982982317242244,0.20865453726197652,0.18780746079062624,0.13191426901468328,0.15331733294058209,0.19670416799398102,0.18237934381261106,0.1588306460316703,0.23316980345524643,0.20236015547986666,0.18141237412240704,0.16389211335680828,0.1552428333641145,0.1731854313205125,0.2541332715944334,0.1847852207445311,0.30815402966025024,0.16375827510904975,0.10657283767808251,0.2793917974998728,0.13656612294795228,0.13343907596462892,0.1321474431019361,0.18130207901759463,0.11047557068765564,0.21284526230462783,0.08798151443914216,0.2397709455394516,0.1387250128387365,0.1736439497652595,0.18703963862357478,0.15374606717038844,0.21034084823737448,0.17345251570107156,0.14154075079470557,0.14509957675532142,0.21309302250845652,0.18058923561260767,0.15181824423762402,0.24603313712915373,0.18045742951902452,0.169947429564753,0.14209833748154263,0.1529026126657899,0.13905154756794627,0.25174832270402864,0.16639887617147353
92.0,2.373731191778793,2.1707135502101735,1.8073114862786308,2.489329974064253,2.433935470659439,2.1551671914461545,2.63890424017275,2.3183222146140148,2.003387980022042,2.5176043499059846,1.8375215531160132,2.3618009952263614,2.4646638869142596,2.2791870254300437,2.201818088414023,2.2852715466825813,2.4001745024078915,2.2018706637719223,1.5737007024788416,1.8484909083424905,2.2928604631630414,2.0789480835406593,2.1019221292239623,2.6572376769331525,2.1353136691278545,2.3383206113111212,1.9419906411266545,2.374742526513288,2.202640829909779,1.8293007661559957,2.7978681552754066,2.5285954367219747,2.1601173761232273,1.7930327223775437,2.640678480705331,2.453213622854868,2.143174940046566,2.6386516397998308,2.2559824395057113,2.062699873550666,2.5778825446961715,1.8926973666977043,2.440233267840006,2.5453780234317978,2.29613561855533,2.1888734986914553,2.278086012315541,2.4318246567246575,2.2008084007705677,1.6307791898648625,1.8218617029602258,2.293638789761876,2.058780185936992,2.09572178700717,2.8155755111851817,2.1271978091050636,2.3263540041000224,1.9100351810413914,2.4234697073589113,2.185397737493665,1.7558530384449311,2.742127037246499,0.23986347812461056,0.1722390959862085,0.12497177936732402,0.2653340824739213,0.12671558685895548,0.14456620363465209,0.14493785269295664,0.21698019445727187,0.11741265168468605,0.18493461773900058,0.10672997794911993,0.22218935916103383,0.15440917686591105,0.1955379871676247,0.196828618439312,0.181760379841407,0.21009401109954193,0.19010889963946823,0.13079331024600577,0.15444232485816164,0.19887159027066453,0.18387792794523888,0.16003555867720917,0.23465370969686705,0.2059547265347078,0.18366046890990573,0.1654189230877878,0.15627819733514403,0.17546276307695796,0.2568943875913866,0.18709737848436497,0.31167678330474746,0.16405914726976042,0.10344172176029924,0.28103099917444907,0.13700485123123882,0.13387686713624875,0.13160780071526923,0.18201661339636785,0.1097709893490074,0.21709618738451317,0.08268042453171137,0.2440809168248682,0.13962199203196418,0.17247952309138861,0.18736840296890298,0.15408231457720498,0.21160103026735885,0.17481397995232362,0.14174863971533228,0.14577876826217834,0.2162396159622746,0.18148418963598437,0.1522371334729468,0.248264765247145,0.18341214164526928,0.172152039161514,0.1418667544233335,0.15325712665455066,0.1382908163108638,0.2516750438455809,0.16705021413664933
93.0,2.375399475226716,2.1594158287547685,1.8071269658777729,2.4629780451457255,2.429229944018121,2.1527507734794256,2.6360845292418644,2.3077476133875945,1.9998797927433194,2.5148843053879752,1.8335615747486012,2.3657073581894394,2.458318639735321,2.2756459701384704,2.206695722385567,2.2751772044522953,2.399899822474731,2.2027002799128947,1.5681568287887773,1.8464209020930342,2.284597923560826,2.0631677202139613,2.0990776774325166,2.6568591984896286,2.1352939858273046,2.3351308534774953,1.9391332979827665,2.3655915019241047,2.19619092151938,1.7964299403777553,2.790622639366334,2.53596543387058,2.149384711841421,1.7905988475208574,2.6133916997915074,2.447787934800858,2.139407338912693,2.633742429302301,2.243204228181892,2.060305758014958,2.580305857227302,1.8886803958523692,2.4468256379029807,2.541397188756398,2.298700885296032,2.192705350511199,2.2682117815901353,2.434163555667635,2.2020037304733653,1.6246708923374527,1.8215487565204076,2.2864183492837555,2.0456357543832606,2.0916156466981595,2.825127972352155,2.128544824382168,2.3238671936893716,1.907272394358883,2.4154388822856365,2.1778176447518374,1.722969959205924,2.7299078449037535,0.24078525769299292,0.17336733676064026,0.12313994250177432,0.2655824684868351,0.1259980124730664,0.14513730622317825,0.144802154776044,0.22045653397396364,0.11745618679621754,0.18773530064887445,0.10516488545621158,0.2255113852579149,0.15582556758080038,0.19497141076486899,0.19785612772729042,0.1836689809080354,0.2114823907549565,0.19239786698184844,0.12973229544745837,0.15554058760503944,0.20104444999379453,0.1852985059064543,0.16123511472901922,0.23606021245575062,0.20953020910477493,0.1858475212402819,0.16693346918031177,0.1573090150335099,0.17774273468307086,0.2597043777876727,0.18940887484536922,0.3152044610353537,0.1642492740430426,0.10013982194658477,0.2826678736549268,0.13754750199190333,0.1343370087012561,0.13107023692238529,0.18269939329878662,0.1091851673568856,0.22131046240018035,0.07689376004029663,0.2484036961346624,0.14060982730876292,0.1712976001469864,0.1876188965261784,0.15436074542881853,0.21272461260898606,0.17610848582655675,0.14206707730859133,0.1464777388338459,0.21943419334267056,0.18229407195455832,0.1526254513112377,0.2504750200210602,0.1863538819859996,0.17430534661121982,0.14159091784504846,0.15364264333934674,0.13743786816204778,0.2515104994789432,0.1676445241620759
94.0,2.377626546495761,2.1479687742960962,1.8072808768254032,2.4360351586664484,2.4247714101142335,2.150800229853506,2.633439542146094,2.2970168701426754,1.9965799251953291,2.512340503515488,1.8297278800358558,2.3701992209266995,2.4520270984144226,2.2721946106226993,2.212557862005811,2.264913226476307,2.4000602137277154,2.2041217965584936,1.5624068910091296,1.844789240818632,2.2762737010229817,2.0470844132094146,2.096780786128062,2.6564777227931864,2.1358760201061635,2.3324789603897575,1.9367562114812542,2.356523328096882,2.1899916008371085,1.7618136696287856,2.7832462267767935,2.544036011750572,2.138540872390736,1.7881843024306585,2.5854263167460028,2.4425881147488315,2.136066640100376,2.6289484501934335,2.2301034704029705,2.058151809521133,2.583075136385673,1.8847125080586034,2.454054894915385,2.5375976115392516,2.3016798312828954,2.1974232086076384,2.2581519238875374,2.437111939086551,2.203778758525163,1.6182075779320457,1.8217593349226056,2.2792326237913656,2.032366293800177,2.0879495749947665,2.8350690753982404,2.1305272753361835,2.321888603825923,1.9050078865069044,2.4076111577982897,2.170412164880093,1.6884794810065529,2.7173232706796853,0.24163242821625464,0.1744251743460901,0.1213112959610886,0.2657309840494654,0.1252990131847527,0.14564855249147513,0.14460352414376546,0.22398590529814935,0.11765986421558167,0.19059278038011468,0.10371961198406063,0.2288727150392971,0.15724468889934756,0.19434576718922378,0.19884586185205566,0.18555267493098504,0.21282332551377292,0.1946755837369256,0.1287560840569169,0.15660628072415966,0.2032224419631211,0.18663043363241988,0.16243118382996616,0.23738503977057773,0.21307950157103137,0.18796703378661309,0.16843155562066667,0.15833012082970932,0.18001700356006817,0.2625500427422867,0.19171235948577411,0.3187263427089332,0.16432248580630307,0.09665494906268418,0.28430252699808073,0.13819794233938443,0.13481950662034384,0.13054490063039545,0.18334943939071124,0.10873339141319022,0.22546944438082434,0.07053178502155033,0.252721101612469,0.14169104293739712,0.17011281818541307,0.187788933663798,0.15458371714090127,0.2136967692103184,0.17733230801372243,0.1425014205814159,0.14720207392063858,0.22267155498197827,0.18301303730960844,0.15298671275128495,0.2526551909384661,0.1892745109083855,0.1763999717905457,0.14127449221429814,0.15406415989563854,0.13649675550392956,0.25125079834267444,0.16817984997192742
95.0,2.38043141272028,2.1363728608933985,1.8077886764926385,2.4084995952075086,2.420575162533548,2.1493379398383645,2.6309797264710526,2.2861328456545538,1.9935014389464052,2.5099838158916397,1.8260298257222385,2.3752994293120344,2.445795985766411,2.268839406920274,2.2194404097306992,2.2544784036683247,2.4006730310422477,2.2061582726054154,1.5564475909644087,1.843616377620057,2.26789153588995,2.030695775232717,2.0950580369835294,2.656092748543743,2.1370847656362053,2.3303883928561655,1.9348834259790184,2.3475469045039588,2.184058699496211,1.725405606876254,2.775737104626544,2.5528271414768793,2.1275879890499234,1.7857928947032082,2.5567778882691763,2.437628854799226,2.1331742431356915,2.6242797132612985,2.216677999673731,2.0562513801869744,2.5862042170125936,1.8808002678948574,2.4619432709782356,2.533989259524907,2.3050862983634564,2.2030598545502866,2.2479042178699036,2.4406922135663285,2.20615566930691,1.6113804529551674,1.8225157034719581,2.2720882633849486,2.0189744312617988,2.0847465760566672,2.845406729505468,2.1331707972896257,2.320440294406432,1.9032659962600986,2.3999988774079286,2.1631944138472754,1.652340138932036,2.7043659769124604,0.24240641344514374,0.1754099642067676,0.11950703069996423,0.265779740912368,0.12463506845203885,0.14609308199133314,0.14433916637222255,0.2275617570520394,0.11804837743549144,0.19351612560261727,0.10243544240690189,0.23227008201548993,0.15865903486444677,0.19366997007460643,0.19979851300858223,0.1874096540144181,0.2141233324897262,0.19694547768201356,0.12788940026597956,0.15763373560195307,0.20540610099244952,0.18786371214829314,0.16362619871094275,0.23862538681548515,0.21659723132031322,0.19001414674691827,0.1699088674155776,0.1593353328680244,0.18227692601658424,0.26541624387402213,0.19400070646088133,0.32223206812757216,0.1642734902753137,0.0929692778466881,0.2859347573572986,0.1389562236014177,0.13532209275156815,0.1300416850966109,0.18396533151924105,0.10842552476756542,0.22955549895848978,0.06345341750884774,0.2570151830167414,0.1428656505960782,0.16893885084837063,0.18787707503525183,0.154755081470675,0.21450456180124122,0.17848384138743298,0.1430537376522222,0.1479577040875583,0.22594601886474258,0.1836360802227153,0.15332512045673866,0.25479670150956757,0.19216673201893653,0.1784298033448136,0.1409208314317169,0.1545250962624444,0.1354724626058683,0.25089131640571144,0.1686547235277095
