,Mean (mm),Mean (mm),Mean (mm),Mean (mm),Mean (mm),Mean (mm),Mean (mm),Mean (mm),Mean (mm),Mean (mm),Mean (mm),Mean (mm),Mean (mm),Mean (mm),Mean (mm),Mean (mm),Mean (mm),Mean (mm),Mean (mm),Mean (mm),Mean (mm),Mean (mm),Mean (mm),Mean (mm),Mean (mm),Mean (mm),Mean (mm),Mean (mm),Mean (mm),Mean (mm),Mean (mm),Mean (mm),Mean (mm),Mean (mm),Mean (mm),Mean (mm),Mean (mm),Mean (mm),Mean (mm),Mean (mm),Mean (mm),Mean (mm),Mean (mm),Mean (mm),Mean (mm),Mean (mm),Mean (mm),Mean (mm),Mean (mm),Mean (mm),Mean (mm),Mean (mm),Mean (mm),Mean (mm),Mean (mm),Mean (mm),Mean (mm),Mean (mm),Mean (mm),Mean (mm),Mean (mm),Mean (mm),Mean (mm),Mean (mm),Mean (mm),Mean (mm),Mean (mm),Mean (mm),Mean (mm),Mean (mm),Mean (mm),Mean (mm),Mean (mm),Mean (mm),Mean (mm),Mean (mm),Mean (mm),Mean (mm),Mean (mm),Mean (mm),Mean (mm),Mean (mm),Mean (mm),Mean (mm),Mean (mm),Mean (mm),SD (mm),SD (mm),SD (mm),SD (mm),SD (mm),SD (mm),SD (mm),SD (mm),SD (mm),SD (mm),SD (mm),SD (mm),SD (mm),SD (mm),SD (mm),SD (mm),SD (mm),SD (mm),SD (mm),SD (mm),SD (mm),SD (mm),SD (mm),SD (mm),SD (mm),SD (mm),SD (mm),SD (mm),SD (mm),SD (mm),SD (mm),SD (mm),SD (mm),SD (mm),SD (mm),SD (mm),SD (mm),SD (mm),SD (mm),SD (mm),SD (mm),SD (mm),SD (mm),SD (mm),SD (mm),SD (mm),SD (mm),SD (mm),SD (mm),SD (mm),SD (mm),SD (mm),SD (mm),SD (mm),SD (mm),SD (mm),SD (mm),SD (mm),SD (mm),SD (mm),SD (mm),SD (mm),SD (mm),SD (mm),SD (mm),SD (mm),SD (mm),SD (mm),SD (mm),SD (mm),SD (mm),SD (mm),SD (mm),SD (mm),SD (mm),SD (mm),SD (mm),SD (mm),SD (mm),SD (mm),SD (mm),SD (mm),SD (mm),SD (mm),SD (mm),SD (mm)
,L.FA,L.FB,L.FC,L.FCBm,L.FD,L.FDdelta,L.FDT,L.FE,L.FF,L.FG,L.FH,L.FJK,L.FLMN,L.HA,L.HB,L.HC,L.IA,L.IB,L.LA1,L.LA2,L.LC1,L.LC2,L.LC3,L.LD,L.LE,L.OA,L.OB,L.OC,L.PA,L.PB,L.PC,L.PD,L.PE,L.PF,L.PG,L.PH,L.TA,L.TB,L.TC,L.TD,L.TE,L.TF,L.TG,R.FA,R.FB,R.FC,R.FCBm,R.FD,R.FDdelta,R.FDT,R.FE,R.FF,R.FG,R.FH,R.FJK,R.FLMN,R.HA,R.HB,R.HC,R.IA,R.IB,R.LA1,R.LA2,R.LC1,R.LC2,R.LC3,R.LD,R.LE,R.OA,R.OB,R.OC,R.PA,R.PB,R.PC,R.PD,R.PE,R.PF,R.PG,R.PH,R.TA,R.TB,R.TC,R.TD,R.TE,R.TF,R.TG,L.FA,L.FB,L.FC,L.FCBm,L.FD,L.FDdelta,L.FDT,L.FE,L.FF,L.FG,L.FH,L.FJK,L.FLMN,L.HA,L.HB,L.HC,L.IA,L.IB,L.LA1,L.LA2,L.LC1,L.LC2,L.LC3,L.LD,L.LE,L.OA,L.OB,L.OC,L.PA,L.PB,L.PC,L.PD,L.PE,L.PF,L.PG,L.PH,L.TA,L.TB,L.TC,L.TD,L.TE,L.TF,L.TG,R.FA,R.FB,R.FC,R.FCBm,R.FD,R.FDdelta,R.FDT,R.FE,R.FF,R.FG,R.FH,R.FJK,R.FLMN,R.HA,R.HB,R.HC,R.IA,R.IB,R.LA1,R.LA2,R.LC1,R.LC2,R.LC3,R.LD,R.LE,R.OA,R.OB,R.OC,R.PA,R.PB,R.PC,R.PD,R.PE,R.PF,R.PG,R.PH,R.TA,R.TB,R.TC,R.TD,R.TE,R.TF,R.TG
Age (years),,,,,,,,,,,,,,,,,,,,,,,,,,,,,,,,,,,,,,,,,,,,,,,,,,,,,,,,,,,,,,,,,,,,,,,,,,,,,,,,,,,,,,,,,,,,,,,,,,,,,,,,,,,,,,,,,,,,,,,,,,,,,,,,,,,,,,,,,,,,,,,,,,,,,,,,,,,,,,,,,,,,,,,,,,,,
5.0,2.779742449893353,3.0382162795984904,3.0632136257825247,2.9541298853697757,2.9851908998764016,2.7369889775330125,2.9020232046083616,3.062074653989683,3.0370965764325604,2.6388658954626902,2.8942718712911413,3.5344712134429255,3.0059352964281687,2.985386746144873,3.340759434718862,2.6974530972311377,3.4088987167884075,3.42990895730757,3.145679006187068,3.059797479670687,3.043088024680975,3.5015458828995643,2.599250304100297,2.9555154823334866,2.503530011955049,2.440998163779713,2.1249692335490913,2.1992719173995012,2.22021175504961,2.090509088248419,2.5834441423445633,2.605501270045841,2.7358893100526327,3.008617486965483,2.928269306167423,2.769198431602337,3.0397492398310333,3.0118345464282745,2.7907914088652577,2.723378443424862,3.050694112323243,3.070353169328572,3.426886129306027,2.7704108991131595,2.988811336689193,3.01828253710118,2.9836229067707016,2.9526942231540443,2.6604619286025373,2.857862562957308,2.9880249112604753,3.0483920362602657,2.736180721322698,2.9686559691224277,3.264665353394729,2.9331097840557936,2.9475636032588906,3.4294196550238074,2.685707336954614,3.460168787548926,3.423751272319527,3.1929457009593056,2.807931200951492,3.1929079390739985,3.429245633367495,2.3754104333542867,2.8570865637376435,2.467660826317259,2.498549627074781,2.222132082867748,2.184656316136269,2.385683187075582,2.0919619806234686,2.5313461016918626,2.581776497066275,2.7616759234924984,2.983968427773074,2.9273583681949438,2.749881726256324,3.2151165467513474,3.004957566332258,2.7596099750056835,2.779526058945516,3.082569846405867,3.0947137529487816,3.404737234057779,0.14694788586587954,0.12223592001502664,0.14398739374811598,0.13943763896107872,0.13963322041243792,0.1863424887999746,0.1650052921896091,0.157968760438578,0.13189339033705091,0.25960132513045836,0.22772705299810975,0.22131915532820012,0.2639480022582934,0.30071940911451145,0.28807104561588703,0.1769379635970295,0.17274269251391292,0.16403397225030844,0.15766803118573475,0.2131535752055865,0.14996000739967488,0.17995663133113884,0.27758943490249854,0.20805864688140732,0.19066593979457436,0.1168426285405183,0.1307458567189756,0.13048858945370623,0.12747027841774197,0.1471199847147931,0.1446159343865477,0.12084743817467591,0.1240786507904444,0.13648160507694626,0.12755039165264098,0.1231447681902895,0.1770290155165896,0.23348080328354906,0.22163660246307262,0.2385333348854865,0.1195320226146667,0.1472499602001237,0.18658916290784466,0.1631158198060803,0.1266978484022788,0.14170290758355222,0.136881696174238,0.1405476265713825,0.1804026041672708,0.15194618115343855,0.15715901788202133,0.139340387959833,0.2448904392966564,0.25021251874354716,0.21926928264354578,0.24842209292775216,0.2664718363270133,0.29676000220293614,0.18865611987809489,0.17253493588234364,0.16725144603156997,0.15389995745094637,0.20829624010591888,0.16347030660654502,0.19067586674849665,0.2717382954660964,0.2241189437493802,0.18338862523264196,0.12702746204274587,0.13564262827511656,0.13692234689338637,0.1280344296668597,0.14359837545619047,0.15100386883086392,0.11967687001478372,0.1290777557309844,0.1303050195452464,0.12994745337831975,0.13375008284975298,0.1764664199526222,0.22067321453852096,0.21802463526202726,0.25366569156324065,0.12041462261191604,0.14649321237413993,0.19169876870313746
6.0,2.7651063936887534,3.0170101530366202,3.032454578172355,2.9325680509410246,2.945036949393426,2.6968688433136343,2.8693090725284573,3.013770288641066,3.005880546272762,2.6014695175620504,2.860764724991052,3.521684770286232,2.9963963300873866,2.993190041558814,3.32821288925212,2.6823154231718256,3.38032320281886,3.4062521625128586,3.108550428636975,3.0331336657613055,3.0035771956534267,3.4612696200624034,2.583224639029015,2.918190207186539,2.485924222285058,2.411884163487957,2.1029221238607683,2.173030373876971,2.1896136465037506,2.061661044022409,2.5530223316634575,2.5700275361037916,2.695088988200755,2.97760961386765,2.8894462520264335,2.739955410724376,3.0180975453227266,2.9900390694612136,2.7656095523442206,2.6933898203857445,3.0217648126405017,3.0456025043042163,3.420825999989322,2.7601304271544023,2.9671722329916963,2.9860619137984483,2.961670153663776,2.911805708843947,2.6174796327188354,2.823466267307813,2.9411409222108076,3.0177693427861545,2.691568518381135,2.9247251193470567,3.2539903944787962,2.9193169607651033,2.955263050687322,3.417273803709186,2.670538789646921,3.433443243835186,3.4004943710912547,3.156016106002357,2.790746940273478,3.1535897794891903,3.391905320628045,2.3605510530200364,2.8181182214292795,2.447332139758815,2.468139510453256,2.198769080735534,2.1581372906046465,2.355620668460161,2.0617278301449806,2.5019903350895736,2.545972359225578,2.721852719354378,2.9539307429375006,2.8910596193347406,2.722689983601267,3.190912838641827,2.987636308080212,2.734970609289821,2.7472911963978577,3.053910209880094,3.0703442667268184,3.3996192012165367,0.14477376318114304,0.121271386997654,0.1425883963451614,0.13836503025777613,0.13793878598797318,0.1837698350075135,0.16327528610925623,0.1563944346486502,0.13115917640798377,0.25675549894040095,0.225239656334852,0.21844309262871903,0.26046330745649454,0.30052012256917043,0.28691871872810343,0.17723998261770457,0.17100440682425036,0.16222082400337967,0.15648532053151848,0.21040861639777564,0.14879093537796773,0.17797007304944007,0.27488562491113583,0.20638651391770202,0.1899506534991645,0.11560646712516302,0.12913583350588165,0.12932561291549505,0.12600884400503967,0.14500526192794633,0.14240605985106752,0.11981524981505931,0.1229413256565084,0.13456789333190267,0.1265125634444474,0.12221434941380102,0.17428899871736328,0.23092574679676753,0.21924787062499027,0.23663399127124654,0.11847380398474727,0.14669284038146405,0.1840666100289543,0.16037411530381893,0.12529665636174664,0.14033847837525038,0.13619092873635946,0.13881895245895703,0.17862245954724662,0.15118661049939894,0.15555826428118705,0.13810260016923215,0.2424218449739646,0.24739352228912345,0.2153950147867059,0.2463599470935738,0.26540657415781005,0.2954305486636433,0.18837354999063818,0.17068798203636884,0.1653844432295743,0.15255620817441218,0.2051566798719942,0.16183995936312012,0.18904798669752168,0.2689367840105103,0.22218831573795506,0.18267590502862033,0.1253540605428086,0.13406782413055832,0.13529264024559937,0.12684316500552847,0.1407367642032294,0.14808306838878138,0.11865573309087399,0.12803353855507724,0.1295200738782077,0.12913833256916857,0.1323866363994098,0.1747868203671113,0.2190752953012705,0.21703342415207233,0.25170748076453203,0.11931373713694124,0.14557004784372668,0.18983334899966256
7.0,2.7511676614825773,2.996778640422691,3.003231651467473,2.911907391002426,2.907093474103923,2.659091651265638,2.8382694632374545,2.968218528227167,2.9762235603242835,2.5661209300760848,2.8287886319208098,3.5091129226421693,2.9872295704648892,3.0011464702065966,3.3165058442462496,2.668056857712454,3.353045014006768,3.383549684054218,3.073144883670512,3.0076315110680993,2.9661250832794135,3.4231056035266763,2.5679641884375375,2.8827189544572636,2.469048160806531,2.384408972691279,2.0820014141532615,2.1480990348176814,2.1607222692856576,2.034510690731406,2.5243752146356946,2.5365648219915746,2.656641508363098,2.948229424490996,2.8527833458597587,2.7123465250261702,2.9974126571652335,2.9692215958698025,2.741388308143868,2.664499906715346,2.9943095512127207,3.022282906073885,3.4150122060119115,2.7503290017356483,2.946533433453229,2.955475643640989,2.940617728101199,2.873197861283867,2.577071368411336,2.7908355050683857,2.896891234274215,2.9886972972464845,2.649455578048406,2.8829329319866286,3.24347627185157,2.906146770789479,2.963095053410548,3.4060049307608993,2.6560919342669695,3.4079199419185855,3.3781590695366086,3.12081675105429,2.774189632218619,3.1162804495155783,3.356549414027424,2.346548477728937,2.7810320943636664,2.4279199356449923,2.4393884673988016,2.1764830299790203,2.1329350767653796,2.3272592266662406,2.0332275722319024,2.474329920897565,2.5121721627521323,2.684302605182468,2.9254630986876986,2.85680290030039,2.6970597386845605,3.16782965175685,2.971036104151957,2.7112805432127782,2.716346665822067,3.0267227715425187,3.047387921069094,3.394745604675054,0.14276803120638457,0.12034418147278249,0.14123975636817532,0.137339828087267,0.13633806772689333,0.18136035053442295,0.16163216034508596,0.15489831793825987,0.1304268517566236,0.25408884983186225,0.22291644223521634,0.21577731870464145,0.2571956458520876,0.3002815298161073,0.28578938364615764,0.17745316970709465,0.1693722017502321,0.1605319034588358,0.1553655708247855,0.20789245761104172,0.14767194383399895,0.17610408975842723,0.27235617272944135,0.20480642431372886,0.18926093381326814,0.11442410610345685,0.12760900640708336,0.12820612359924208,0.12464250673494465,0.14303885934401633,0.14034941128161055,0.11884566836966871,0.12186155498742524,0.13278000257798792,0.12551754624640019,0.12131423895913299,0.17173624331998796,0.2285271102927556,0.2170198763679368,0.23485881634998027,0.11746568265886388,0.14611135017584753,0.18172909958069816,0.157842286253857,0.12396718877687196,0.1390215465693132,0.13549540421975684,0.1371781965768386,0.17691870896626327,0.15042107714190023,0.15403618194816784,0.13691380381314538,0.24009896652524737,0.24476620745071534,0.21179722878774418,0.2443938997455539,0.26437402143035305,0.29413056337223586,0.1880552621071749,0.168939956477867,0.16364050249440024,0.151294086869255,0.20228147054884119,0.16028965105564214,0.18750205771088693,0.2663297172381721,0.2203631002058963,0.18197450324435993,0.12376471388017632,0.13256550167494965,0.13374195617766152,0.12572203217861924,0.1380874323201381,0.14537672268071122,0.11769248246827693,0.12703720912794067,0.12875325496158035,0.12835743730263838,0.13108740780381617,0.17319561021696958,0.217551904540495,0.21606167468303372,0.24986136142360577,0.11826207558310871,0.1446756162861752,0.188064856898227
8.0,2.7379038056927434,2.97749349282256,2.9755013748502606,2.8921247710822553,2.8712979632618105,2.6235889483573893,2.808857752614801,2.925343470390124,2.948084679534344,2.532765397210297,2.798308380598421,3.496754868352225,2.978426801299037,3.0092384001096164,3.30560890061688,2.654650834219519,3.3270311463426387,3.3617781506153817,3.0394182389983952,2.9832622022668547,2.9306769306777443,3.38699729635543,2.5534475520872966,2.8490533393978827,2.4528865743943205,2.3585265317611626,2.0621787068596285,2.1244439045773107,2.133489664610442,2.0090091330005757,2.497450165139167,2.505055718491788,2.620479566459519,2.9204313540896645,2.8182195425852683,2.686326035914219,2.9776676503583217,2.9493514561233902,2.718106418235577,2.6366858191918827,2.968288205819484,3.0003529113497565,3.40943565445588,2.740988849069654,2.9268663456156365,2.9264777001694675,2.9204426905613334,2.83680647294439,2.539162929420885,2.759921750868907,2.8552043928352338,2.9611351191968085,2.6097736346494553,2.8432277782803097,3.2331233597570668,2.893583768040514,2.971042615203818,3.3955819413141595,2.6423470922381433,3.3835683835587553,3.356722478102725,3.0873036566795475,2.758245578805812,3.0809268344536087,3.3231241060139207,2.33337651660664,2.7457804022203804,2.409402206980009,2.4122511451728523,2.1552492999746615,2.1090163965377493,2.3005500745952157,2.006411792898055,2.4483145408169915,2.4803190249413687,2.6489605501224376,2.898520986765992,2.824529511888122,2.6729462610763437,3.145834546338119,2.955133345648719,2.688516520097762,2.6866629757651412,3.0009669471264364,3.0258034399113938,3.3901069662078624,0.14092261402754877,0.11945344840494761,0.13994000075130186,0.13635986728778027,0.1348255113610742,0.1791050056321807,0.16007201532050977,0.15347674892187504,0.12969735256478787,0.2515922731810417,0.22074865057771728,0.21330956910919646,0.25413528292480625,0.3000084571498844,0.2846838930018787,0.17758701536132399,0.16783995240047353,0.15896016136978516,0.15430668209620874,0.20559187622968095,0.14660110466511234,0.174352386433177,0.269992062114972,0.20331413376417448,0.18859562477797792,0.11329435248435869,0.12616228526623743,0.12712950255962183,0.12336684194418096,0.14121310859003935,0.1384385056853921,0.11793663391647613,0.12083778239654806,0.1311123093683614,0.1245640295406772,0.12044389302497176,0.1693608752663594,0.22627691379990736,0.21494490549476822,0.23320222733076887,0.11650437041111235,0.14551089562361152,0.17956575971400385,0.15550912083058974,0.12270608960577069,0.13775058527804357,0.13479870480439737,0.1356212975371315,0.17528739717106873,0.14965292058823929,0.15259073623083821,0.13577377057273549,0.23791562677671152,0.2423226108721532,0.20846120487415123,0.24252323728787253,0.263374112528713,0.29286066927737103,0.1877055782623437,0.16728587430928882,0.1620117806240678,0.15010885437449714,0.19965510606705092,0.15881409985700148,0.18603316268122683,0.26390539035871297,0.21863799587203225,0.18128431416756877,0.12225609992900835,0.1311337052869993,0.1322684509690496,0.12466902640339347,0.135638987659061,0.142874368248964,0.11678384957923371,0.12608628556563142,0.1280046875015243,0.12760303264429199,0.1298498816028609,0.17168888768948357,0.21609948254210767,0.21511167322694916,0.24812264164694392,0.11725729751905048,0.14380929845570128,0.18638834807378526
9.0,2.725292378737158,2.9591264613021857,2.9492202775030107,2.873197056708823,2.837587906121044,2.5902922815572866,2.78102731653994,2.885069212772085,2.92142296485018,2.5013481831701587,2.769288759541933,3.4846098052578602,2.9699798063281704,3.0174481992892668,3.295492659279631,2.642070786059524,3.30224859581695,3.340914190880076,3.00732636233141,2.9599969260332646,2.8971779809672604,3.352888161611705,2.539653329739719,2.817144977260592,2.43742420992328,2.3341907810691054,2.0434256044129335,2.102030987511521,2.107867873693208,1.985107475455126,2.4721945570516923,2.4754428163870705,2.5865358584098304,2.8941698379177834,2.785693797120828,2.6618482047950462,2.958835599901749,2.9303979806913603,2.695742624590708,2.6099246745935516,2.943660654240338,2.979771056844012,3.4040872524033032,2.732092195369201,2.908142377020798,2.899022056924514,2.901122101522547,2.8025673362960792,2.5036801094883088,2.730676479339287,2.816008943278439,2.9350420281927323,2.5724544225092147,2.8055580294672415,3.2229320324393274,2.881612506429752,2.979088739842391,3.3859737405041823,2.629284584983765,3.360358070515371,3.336161707236758,3.055432843442616,2.7429010820539776,3.0474758196037297,3.29157558903585,2.3210089787788433,2.712315364678998,2.3917569467680293,2.3866821910367757,2.1350432600989104,2.086347971841054,2.2754444251485215,1.981231078157258,2.4238938765490277,2.4503560630887424,2.6157615233199705,2.873059898914688,2.794180754894212,2.650304820346742,3.1248950826273223,2.9399044236716945,2.666655283267993,2.658210634774077,2.9766021523651642,3.005549547189517,3.3856938075894654,0.13922982860250255,0.1185984410040352,0.13868779086727895,0.13542325730491822,0.1333960735670859,0.17699544525507266,0.1585912845515941,0.15212640814190503,0.12897170954147383,0.24925729179262265,0.2187281559164033,0.2110284990178522,0.25127291913795285,0.2997055713748665,0.28360320263596844,0.177650227840827,0.16640212441347696,0.1574991048082164,0.15330678337664663,0.20349463664289544,0.14557672950237902,0.1727091834999199,0.26778499196969446,0.20190581437392954,0.18795389291623646,0.11221604610571069,0.1247927887446152,0.12609520066050287,0.1221776631677715,0.13952077057243484,0.13666624927277773,0.11708612319225073,0.11986850593228345,0.12955946660744244,0.12365081993177514,0.11960286033968388,0.16715360067264975,0.22416770226765334,0.21301565252851332,0.23165896943475855,0.11558702337237488,0.14489635319291908,0.17756645277837857,0.1533640466130101,0.12151030089208048,0.13652422590794125,0.1341040536394191,0.13414444818445095,0.1737249641758748,0.1488852633163523,0.15121985031008875,0.13468213438945506,0.23586601293336187,0.2400551596531957,0.20537311324798743,0.2407471369059387,0.2624070485770258,0.29162167499095676,0.18732877533952388,0.1657212657381798,0.1604911527101219,0.1489962571329461,0.19726308027908113,0.1574087062408985,0.18463702771164964,0.26165312662266826,0.21700824064912047,0.18060553562268947,0.1208250973574792,0.12977051679771706,0.13087023325416527,0.12368215386701961,0.1333806037553735,0.14056597701393872,0.11592691437042153,0.1251786321838221,0.1272746104365796,0.12687378141323832,0.12867173790714395,0.1702631411774301,0.21471502166790557,0.21418552074286387,0.24648693490424575,0.11629730638709829,0.1429706509366541,0.18479935229537545
10.0,2.713310933033725,2.9416492969274497,2.924344888608069,2.855101113410398,2.8059007919355112,2.5591331978337126,2.754731530892334,2.847319853015186,2.8961974772190087,2.4718145521611814,2.7416945572693394,3.4726769312005716,2.9618803692906277,3.025758235766931,3.2861277211501205,2.6302901465989748,3.2786643584202197,3.3209344335320132,2.976825121380284,2.937806869043078,2.8655734772667794,3.3207216623585527,2.5265601211562068,2.7869454832976324,2.4226458142682805,2.3113556609865658,2.025713709246272,2.0808262879759645,2.083808937749044,1.9627568227202332,2.448555764251143,2.447668706460052,2.5547430801338677,2.869399311229497,2.755145064384305,2.6388672930751755,2.9408895807952744,2.912330500043068,2.674275669180599,2.5841935896985855,2.920386774254867,2.96049587926884,3.398957906936284,2.7236212668469975,2.8903329352105778,2.8730626874467946,2.882633021463241,2.7704162438095254,2.470548702354412,2.7030511651093727,2.779233430988355,2.910377243789834,2.537429675952639,2.7698720567866117,3.212902664142344,2.8702175398687677,2.9872164311015315,3.377149233466186,2.6168847339272245,3.3382585045480715,3.3164538673858335,3.0251603319079465,2.7281424439820006,3.015874290266397,3.2618500555415184,2.3094196733711727,2.6805892014191177,2.374962148013259,2.362636252251964,2.1158402797282596,2.064896524594595,2.251893491227551,1.9576360140233566,2.4010176097948235,2.4222263944896913,2.5846404939207215,2.849035326876108,2.7656979301148867,2.629090686065883,3.10497882086619,2.9253257293220916,2.645673576046684,2.630960151395852,2.953587802991979,2.9865849668392377,3.381496650594378,0.13768237153518184,0.11777850302646241,0.1374819098908484,0.13452834274494171,0.1320451787112599,0.17502393294214783,0.15718669504929816,0.15084428101156427,0.12825101494871144,0.2470760090659407,0.21684741635494778,0.20892361704220166,0.24859967441202252,0.29937735440058727,0.28254833684944847,0.1776508015586128,0.16505370893371357,0.15614275440093922,0.152364196422444,0.2015894144025908,0.14459733052093665,0.17116916579729305,0.2657273060306702,0.20057799733941664,0.18733516303822753,0.11118806432990662,0.12349782561552544,0.12510272023922744,0.12107100876601289,0.1379550137943675,0.13502591931505656,0.11629215875773362,0.11895227717567808,0.12811639211131226,0.12277682697169776,0.11879076736014586,0.16510568368956524,0.22219251471408086,0.21122520484303312,0.23022409354153828,0.11471118627624093,0.14427211758144143,0.1757217440202856,0.15139710568270032,0.1203770321904762,0.13534123487588584,0.13341433453414175,0.13274407957823994,0.17222819540794276,0.14812099363685685,0.14992142334408678,0.1336384109420737,0.23394464335188137,0.23795663062629266,0.2025199603522579,0.23906464648095238,0.2614732230649993,0.29041451386298406,0.1869290270325103,0.1642421031896368,0.1590721473616094,0.14795247798469158,0.19509183152952234,0.15606946122510115,0.18330993483850333,0.2595631809861534,0.21546954126988338,0.17993859612986482,0.1194687785673444,0.12847406729877253,0.12954538845226826,0.12275944260491763,0.13130200513543405,0.1384419534379887,0.11511906932196792,0.1243124130533336,0.12656334769755354,0.12616867518539585,0.12755083675559684,0.16891520103889626,0.2133959718813001,0.2132851356164258,0.24495014221070643,0.11538022983236587,0.14215937149142,0.18329382085517582
11.0,2.701937021000345,2.9250337507642947,2.900831737347775,2.8378138067152725,2.776174109959156,2.530043244155063,2.729923771551444,2.8120194887615635,2.8723672775880993,2.4441097683888118,2.71549056229868,3.460955444021795,2.9541202739247363,3.034150877564008,3.277484687143983,2.619282349204375,3.256245430142942,3.3018155072549304,2.9478703838557676,2.9166632179720664,2.8358086626951335,3.2904412616590037,2.514146526098177,2.7584064727612,2.408536134304166,2.289975111885073,2.0090146237927073,2.0607958103263178,2.061264897993059,1.9419082794210694,2.4264811606153573,2.421675979493356,2.5250339275514784,2.8460742092789326,2.7265122992935584,2.6173375621611252,2.9238026680386797,2.895118344647887,2.653684293976636,2.559469681285182,2.8984264436426153,2.9424859153363916,3.394038525136886,2.7155582897158332,2.8734094277268296,2.848553565276948,2.8649525108617593,2.7402889879553047,2.439694501760029,2.676997282809107,2.744806401349551,2.8870999855436916,2.504631129304649,2.736118231477554,3.203035629110168,2.859383422269123,2.9954086927564836,3.3690773253353785,2.6051278604918298,3.317239187416531,3.29757606899708,2.996442142639999,2.713955966608776,2.986069131742045,3.2338936979792146,2.2985824095093137,2.6505541321202983,2.358995803719878,2.3400679760797987,2.097615728239129,2.044628776717698,2.2298484857337004,1.9355771865101832,2.379635422255545,2.3958731364396195,2.55553243107036,2.8264027623925596,2.7390223383464116,2.6092591278038904,3.0860533212963923,2.911373653701112,2.6255481417570525,2.6048820341774745,2.9318833147401913,2.9688684227963433,3.377506016997095,0.1362733054959002,0.11699305446450456,0.13632125220305555,0.13367366908897446,0.13076867855916702,0.17318329884085706,0.1558552327935546,0.1496276245476837,0.12753639562993804,0.2450410651992521,0.21509942633242096,0.20698522116339718,0.24610707239878624,0.29902808669708597,0.2815203606924218,0.177596079993568,0.16379016453053227,0.15488560368314122,0.15147740534212784,0.1998657243398304,0.14366158725804537,0.16972743619102948,0.26381192898195976,0.19932752348897392,0.18673906444923322,0.11020932534497671,0.12227487767558434,0.124151600385052,0.12004312979120098,0.13650939394400724,0.1335111467995138,0.11555281634210558,0.11808770034684925,0.12677825717783858,0.12194105133598383,0.11800730586152332,0.16320892262562187,0.22034485357152808,0.2095670255263537,0.22889293493053567,0.11387474354889081,0.14364214568052364,0.17402286820963755,0.14959892963117527,0.11930373396689796,0.13420049488349156,0.1327321139186898,0.13141684651490018,0.17079417925712834,0.1473627581244749,0.14869334743326298,0.13264201583611945,0.23214633805908538,0.23602011568433995,0.19988953757300215,0.23747467113503254,0.26057316140117254,0.28924019530654815,0.18651036188135847,0.1628447394922222,0.15774888729501102,0.14697409174661877,0.1931286879928862,0.15479286747592896,0.18204864629272832,0.2576266514612959,0.21401801246015223,0.17928409570593934,0.11818440189271176,0.12724254621369163,0.12829199919108605,0.12189895182741309,0.1293934526324927,0.1364931304251214,0.11435798717606815,0.12348605187228537,0.12587128482906687,0.1254869757958046,0.1264852033479905,0.16764219722923324,0.21214016129516117,0.2124122583840187,0.24350843484822057,0.11450440163706382,0.14137526955845234,0.1818680803681665
12.0,2.691148195054934,2.9092515738785996,2.8786373529044713,2.8213120021517395,2.7483453494458807,2.5029539674897334,2.7065574143967255,2.779092217653366,2.8498914269046525,2.418179096058577,2.6906415631479716,3.4494445415630195,2.9466913039688634,3.042608492701871,3.269534158176849,2.6090208272422086,3.2349588069756066,3.2835340407325417,2.920418017468598,2.896537159495946,2.807828780371134,3.261990422576131,2.5023911443270586,2.731479560903528,2.395079916905805,2.2700030741360737,1.9932999504853075,2.041905558918234,2.040187795640353,1.9225129501828249,2.4059181200222066,2.397407226269603,2.4973410965824967,2.8241489673202356,2.6997344567664667,2.5972132734593925,2.907547936631706,2.878730844975181,2.633947240950163,2.5357300661315407,2.8777395401831463,2.925699701758871,3.389320014087195,2.7078854901884393,2.8573432621114305,2.8254486639556347,2.848057630196488,2.7121213612039936,2.411043301445944,2.6524663070683294,2.7126563997465722,2.8651694730098867,2.4739905168902037,2.7042449247792324,3.1933313015867966,2.8490947075423882,3.0036485285825325,3.36172692124701,2.593994286100977,3.29726962088038,3.2795054225176616,2.969234296203229,2.7003279519532217,2.9580072293311432,3.2076527087972364,2.2884709963189325,2.6221623764621333,2.343835906892089,2.3189320097816903,2.080344975008011,2.025511450129606,2.209260621568398,1.915005181631558,2.3596969956323477,2.371239406233986,2.5283723039145576,2.8051176972063545,2.714095280385028,2.590765415130916,3.068086144159669,2.8980245879099717,2.6062557237223114,2.579946791665926,2.9114481033430972,2.9523586389966314,3.3737124285721545,0.13499604512116792,0.11624158005680328,0.13520481442553398,0.13285795313800738,0.12956281488477928,0.17146689173725696,0.15459411268434586,0.14847393763294048,0.12682899130581382,0.2431455961365726,0.2134776729487062,0.20520433701579927,0.24378702453017942,0.29866183795795304,0.28052035812121445,0.17749281371603712,0.16260736544453352,0.15372258064558464,0.1506450313619009,0.19831385267707222,0.14276831885964855,0.16837947365618014,0.2620323086068156,0.1981515007988696,0.1861653862855665,0.10927879020729413,0.12112158402079232,0.12324140519470941,0.11909047883896606,0.1351778343268491,0.13211589963009254,0.11486623053279973,0.11727343147701709,0.12554047516403252,0.12114257494352623,0.11725222262062089,0.1614556246222286,0.21861865455503307,0.2080349353102641,0.22766109305895685,0.11307587652268618,0.14300999716894988,0.1724616945528609,0.14796071394400914,0.11828807436140491,0.13310098999536069,0.13205966416319245,0.13015961434254292,0.16942027107029065,0.14661296152185532,0.14753352282687876,0.13169228138107505,0.23046619271268265,0.23423899266534745,0.19747037195329253,0.23597596663129614,0.2597074725424565,0.2880997666080739,0.18607663463675408,0.16152585586319265,0.15651603480967474,0.14605802506457052,0.1913618137264797,0.15357587170496503,0.18085033908704326,0.25583539775735,0.21265012441236814,0.17864275820051,0.11696940303359879,0.126074207639223,0.12710816174274306,0.12109877964426774,0.1276457277222485,0.13471076323517597,0.11364159207954012,0.12269819735410346,0.12519885058808664,0.12482816602562881,0.12547301428574895,0.16644152245212412,0.21094573005542033,0.21156845816334763,0.24215823716484222,0.1136683448684227,0.14061824145729568,0.18051879225029743
13.0,2.680922007615393,2.894274517336293,2.8577182644604946,2.805572565248101,2.7223519996496046,2.4777969148061034,2.6845858353076264,2.748462137332725,2.828728986115906,2.393967799375928,2.667112348335259,3.438143421665721,2.9395852431613356,3.051113449201922,3.2622467351643087,2.5994790140790056,3.214771484908707,3.2660666626485733,2.8944238899295334,2.8773998802904788,2.7815790734136074,3.2353126081729506,2.491272575604272,2.706116362976817,2.382261908948063,2.25139348811106,1.9785412917571514,2.0241215381074,2.020529671906045,1.9045219396306883,2.3868140163495477,2.3748050375714196,2.4715972831467377,2.8035780206075547,2.6747504917208804,2.578448688376529,2.892098461574127,2.8631373314943125,2.615043252072561,2.5129518610159063,2.8582859416560358,2.910095775248428,3.384793280869304,2.7005850944775958,2.842105845906224,2.8037019570234945,2.8319254399458056,2.685849156026155,2.384520895153019,2.6294097125169524,2.682711971563968,2.844544925743996,2.4454395730342244,2.6742005079308,3.1837900558162695,2.839335949600148,3.0119189423549133,3.3550669263362622,2.583464332177992,3.2783193066992853,3.2622190383946985,2.94349281316211,2.687244702034214,2.9316354683341204,3.1830732804438773,2.279059242925682,2.595366154124216,2.329460450534072,2.2991830006190246,2.064003389411339,2.00751126674968,2.1900811116330368,1.895870585401321,2.3411520116263884,2.3482683211682045,2.5030950815989876,2.785135623059799,2.690858057026988,2.5735648176170893,3.051044849697702,2.885254923049855,2.587773065265665,2.556124932408217,2.8922415845340033,2.9370143393758856,3.3701064070940654,0.1338443423503348,0.11552362013911353,0.13413168775569248,0.1320800577352596,0.1284241848729503,0.16986853488353287,0.1534007524152467,0.14738093452055726,0.12612993743935502,0.2413831950288568,0.21197609551554414,0.2035726587174647,0.2416318138553889,0.29828246356729693,0.2795494150402433,0.17734721400370318,0.16150155555473955,0.15264901150826643,0.14986581200384783,0.19692479312394234,0.14191646113517833,0.1671210955641262,0.2603823635438486,0.19704726802895298,0.18561404076364088,0.10839546378348086,0.12003572650438347,0.12237171447700396,0.11820969968233569,0.13395460687396282,0.13083446621563377,0.11423059899587744,0.11650817766450539,0.12439869009474071,0.12038055268351955,0.11652531091125289,0.15983857921014755,0.2170082573148206,0.20662309386387528,0.22652441232389486,0.11231302609302575,0.14237887208695918,0.17103069032493903,0.14647419154439115,0.1173279188087745,0.13204179386542886,0.13139898752084977,0.12896944686101833,0.16810406271184034,0.14587377234605556,0.146439871092096,0.13078847191252121,0.22889955562233547,0.23260690109552756,0.19525167867957494,0.23456713907620233,0.25887681093563875,0.28699428359591905,0.18563150848301585,0.16028241843673233,0.15536874173514867,0.14520152011019832,0.18978015552332964,0.1524158068963717,0.17971254873816525,0.25418196678744237,0.2113626574512819,0.17801539331708272,0.11582138579303632,0.12496737412852638,0.1259919986885831,0.12035706923553985,0.12605011535337554,0.13308652109669375,0.11296803385021438,0.12194769342329304,0.12454650273399495,0.12419190825483309,0.12451258485795128,0.16531080032482032,0.2098110758058108,0.21075514051261587,0.24089620930370317,0.11287075599812804,0.1398882498064112,0.17924291718760582
14.0,2.6712360110996354,2.8800743322032982,2.8380310011981713,2.790572361532629,2.698131549824267,2.4545036330725716,2.6639624101635957,2.7200533454417855,2.8088390161691033,2.371421142546377,2.6448677063785273,3.427051282171363,2.932793875240508,3.059648115085546,3.2555930190220232,2.590630343081241,3.195650459932769,3.249390001686754,2.8698438689493226,2.8592225670314058,2.757004784941375,3.2103512815125312,2.4807694196912324,2.682268494233291,2.370066857305794,2.234100294181541,1.9647102500413183,2.007409752249454,2.002242568005211,1.8878863523898337,2.3691162234752157,2.35381200418145,2.4477351831640437,2.784315804394989,2.6514993590746867,2.5609980683190425,2.877427317865717,2.848307134674667,2.59695106931517,2.491112182716451,2.840025525840852,2.895632672517267,3.380449232565291,2.6936393287960385,2.8276685866530897,2.783267418021184,2.8165330005880893,2.661408164892382,2.360053076622058,2.60777897378486,2.654901662186299,2.825185563301601,2.4189100320616608,2.6459333521714212,3.1744122660425944,2.830091702353931,3.0202029378489006,3.3490662457383817,2.5735183201462446,3.260357746632896,3.24569402707533,2.9191737140810874,2.6746925188706845,2.9069007340514306,3.1601016053674638,2.2703209584552457,2.570117684786112,2.3158474276500334,2.2807755958531732,2.0485663408256,1.9905949484971777,2.1722611688290296,1.8781239838333041,2.3239501519388326,2.326902998537734,2.479635733269304,2.7664120316952054,2.6692519690685526,2.5576126048325185,3.0348969981522114,2.8730410502219783,2.570076909710327,2.533386964951325,2.874223174046197,2.9227942478698834,3.3666784743373204,0.13281227124131426,0.11483876342860413,0.13310105134305533,0.1313389703083996,0.12734970917848898,0.1683824853678272,0.1522727497634599,0.14634652128465492,0.1254403520232755,0.2397478760301724,0.21058904806491646,0.20208249240126677,0.23963407870743947,0.29789360568537543,0.27860860640123114,0.17716500244742586,0.1604693074815752,0.15166058671571442,0.14913858400536248,0.1956901868999559,0.1411050477974876,0.16594842386310124,0.2588564361830796,0.19601236367327893,0.18508503321477085,0.10755839475787557,0.1190152162452536,0.12154211647070258,0.11739761753262234,0.13283431357483452,0.12966143935718585,0.11364418541840755,0.11579069640908844,0.12334876534175568,0.11965420547161792,0.11582640355119397,0.15835103109033305,0.21550837707524786,0.20532598071375482,0.22547896376272372,0.11158486018580317,0.14175164566233572,0.16972288368119545,0.1451316054993196,0.11642131209923462,0.1310220605458009,0.13075184011841887,0.12784359513489008,0.16684335689678367,0.14514713272779922,0.14541034618122808,0.12992979767532864,0.22744200741967208,0.2311177220027731,0.19322331522816444,0.23324664992513655,0.2580818471394462,0.2859247886986589,0.18517844594697533,0.15911164214070356,0.15430260348903832,0.1444021017567242,0.18837339073159592,0.15131034302680973,0.17863312099047,0.2526595245963115,0.21015266291527848,0.1774028667119482,0.11473811224384728,0.12392043818966472,0.12494166815647005,0.11967201358223457,0.12459838509041736,0.13161247649402502,0.11233566508651993,0.1212335535937278,0.12391471732095212,0.12357800996990835,0.12360235734545522,0.16424785797807312,0.20873480901842126,0.20997355639858603,0.23971922990767225,0.11211048985596411,0.13918530664595052,0.17803768394366956
15.0,2.66206775792555,2.8666227695455033,2.8195320922998377,2.7762882565336207,2.6756214892237518,2.4330056692575073,2.644640514844095,2.693789939622699,2.790180578011472,2.350484389775394,2.6238724257958377,3.416167320921416,2.9263089839447027,3.0681948583741305,3.249543610665596,2.58244824761544,3.1775627280382652,3.2334806865308066,2.8466338222387084,2.8419764063944593,2.734051158073262,3.1870499056579003,2.4708602763493572,2.6598875699251536,2.3584795088538457,2.218077432718972,1.9517784277708714,1.9917362057000716,1.9852785251529719,1.8725572930854482,2.3527721152770606,2.3343707168823036,2.425687492554247,2.766316753936716,2.6299200137457346,2.5448156746934396,2.8635075805062113,2.8342095849855733,2.5796494346493564,2.470188148011394,2.8229181705171382,2.8822689302775517,3.3762787762572413,2.6870304193565175,2.8140028918938884,2.764099020489347,2.801857372601709,2.638734180273251,2.3375656395938766,2.5875255655019322,2.629154016998095,2.807050605238296,2.3943336282974497,2.619391828740249,3.1651983065098053,2.8213465197153274,3.0284835188397468,3.3436937845885693,2.56413657142908,3.243354442440877,3.229907499006685,2.896233019524645,2.6626577044815063,2.8837499117835343,3.1386838760162634,2.262229952033273,2.546369188127415,2.3029748312441307,2.263664442745542,2.0340091986272335,1.9747292172914117,2.1557520060577895,1.8617159629413353,2.3080410982708397,2.3070865556379956,2.4579292280711806,2.748902414854904,2.649218317305936,2.5428640463473497,3.019610149764877,2.861359360527544,2.553144000379526,2.5117033978422483,2.8573522876129758,2.9096570884144284,3.3634191520764616,0.13189421236140314,0.11418664139861405,0.1321121665038413,0.13063378478507878,0.12633660248575476,0.1670033967496452,0.151207862842192,0.14536877492279476,0.12476132570181472,0.2382340402842333,0.2093112645820219,0.2007267025548302,0.2377867962587949,0.29749869795839756,0.27769898666358067,0.17695145688937944,0.15950748627260128,0.15075332911808717,0.14846226937361956,0.19460226658988972,0.14033319528916482,0.16485785481558432,0.25744925023204057,0.195044499487646,0.18457843788242453,0.10676667487145322,0.11805808109387161,0.12075220221769975,0.1166512298101714,0.13181186826598432,0.12859170039578788,0.11310532136082073,0.11511979500591327,0.12238677241893396,0.11896281440620868,0.11515536726463503,0.15698665247528,0.21411407741021765,0.2041383760198556,0.22452102765247187,0.11089024545483502,0.14113090060812905,0.16853182610426914,0.14392568103518258,0.11556646253224452,0.13004101739488297,0.13011975555490388,0.1267794870776828,0.16563614558861953,0.14443477127990184,0.14444294347561448,0.12911542732408485,0.22608934297369837,0.22976556101138332,0.19137573714110437,0.2320128251029126,0.25732324565710357,0.28489229509222863,0.18472070662009488,0.15801096081905994,0.1533136169243674,0.14365754791242327,0.1871318762459084,0.15025744507195146,0.17761017048847705,0.2512617942551772,0.20901742939813156,0.17680607678680962,0.11371749248118662,0.12293186182668323,0.12395537004499659,0.11904185890809439,0.12328277062342924,0.13028109229864507,0.11174302085249074,0.12055493897779863,0.12330398089392121,0.12298639512994322,0.12274089027873884,0.16325070249722914,0.20771571659181473,0.20922481195352743,0.23862437895096356,0.11138654534959516,0.13850945977086576,0.17690056190854583
16.0,2.6533948005110632,2.8538915804288294,2.8021780669478424,2.762697115779361,2.654759307102022,2.4132345703293328,2.6265735252285802,2.6695960175175815,2.7727127325902385,2.3311028052684732,2.60409129510518,3.405490735757364,2.920122353012283,3.076736047089069,3.2440691110106554,2.574906161048086,3.1604752852156976,3.218315345864459,2.824749617508444,2.8256325850553896,2.7126634359280954,3.1653519436721202,2.461523745340072,2.638925205304633,2.3474846104670952,2.2032788440948456,1.9397174273788829,1.9770669028149235,1.969589584564419,1.8584858663427135,2.33772906563296,2.3164237664566225,2.4053869072371747,2.7495353044868573,2.609951410651893,2.5298557689062515,2.8503123244953854,2.8208140128964363,2.5631170900464832,2.450156873678952,2.806923753464468,2.869963085241453,3.372272819027227,2.680740592371792,2.8010801691704734,2.746150737968631,2.787875616465026,2.617762994639347,2.316984377809301,2.5686009622980714,2.605397581383921,2.7900992711096424,2.3716420960665454,2.5945243088764425,3.156148551461907,2.8130849555958948,3.03674368910271,3.3389184480220444,2.5552994074498585,3.2272788958828738,3.2148365646359216,2.8746267500572262,2.651126560885592,2.86212988683087,3.118766284838604,2.2547600327854282,2.524072883827698,2.290820654320591,2.2478041885575273,2.020307332192713,1.9598807950516717,2.140504836220712,1.8465971087392552,2.2933745323235595,2.2887621097644146,2.4379105351502885,2.732562264281182,2.630698402535423,2.5292744117317136,3.0051518647774307,2.850186245067756,2.536951080596467,2.4910447396279807,2.841588340967656,2.897561584945296,3.360318962085961,0.1310848368790446,0.1135669239549383,0.13116437161624495,0.12996368645714035,0.12538234640280965,0.16572628468090542,0.1502039929128435,0.1444459248302306,0.1240939147025054,0.23683644398079387,0.20813782675768702,0.19949866123317925,0.23608326603583915,0.2971009730233934,0.27682158302978205,0.1767114539928752,0.15861321715694424,0.14992356427798287,0.14783586403890903,0.19365380370716365,0.1396000906387172,0.1638460319486614,0.25615587249287414,0.19414153793059377,0.18409437857013758,0.10601943755122697,0.1171624539900344,0.12000156129846126,0.11596769734021127,0.1308824787619978,0.12762040361653684,0.11261240719702305,0.11449432997479442,0.12150897993963232,0.1183057158361829,0.11451209814990618,0.15573951530603614,0.21282074425967742,0.20305534140515047,0.22364707697499883,0.11022822268206682,0.14051895707754075,0.16745155491315414,0.1428495970931747,0.11476172787310725,0.1290979596760816,0.12950406778496915,0.1257747176922395,0.16448059183825448,0.14373821802230619,0.14353570697069898,0.12834449912229928,0.22483755518045165,0.2285447339879517,0.18969995544691828,0.23086386704245512,0.2566016486836688,0.2838977758035234,0.18426135010977265,0.1569780026059247,0.15239814167665552,0.14296586272292133,0.18604659888441746,0.14925533722714976,0.17664204544025527,0.24998299927011433,0.20795445360587916,0.17622593699305542,0.11275757412703616,0.12200017446927243,0.12303134967758408,0.11846490700131487,0.12209594785015472,0.12908520703173393,0.11118880068586093,0.1199111394401776,0.1227147850731159,0.12241708050804474,0.12192684856766883,0.16231750063902414,0.20675273228322613,0.2085098787274826,0.23760892088966756,0.11069805192480374,0.13786078181077846,0.17582923685961038
17.0,2.6451946912740714,2.8418525159192063,2.785925454324517,2.7497758047981575,2.635482492712962,2.395121883256412,2.6097148171965103,2.6473956767686055,2.7563945408526367,2.3132216532310927,2.585489102824608,3.395020724520659,2.91422576618158,3.085254049251733,3.2391401209728254,2.567977516745693,3.1443551274555723,3.2038706083714272,2.8041471224692596,2.8101622896899423,2.692786861624692,3.1452008586182223,2.4527384264247862,2.619333015623942,2.337066909020379,2.1896584686806664,1.9284988512984371,1.963367847949665,1.9551277874546633,1.8456231767868216,2.323934448420752,2.2999137436870125,2.386766123132676,2.7339258912995454,2.5915325047110365,2.5160726123639816,2.8378146248330096,2.8080897488765975,2.547332777477906,2.4309954764973374,2.7920021524624086,2.858673674121167,3.3684222679573472,2.6747520740546284,2.7888718260247254,2.729376543999704,2.774564792656439,2.598430400461239,2.2982350850091433,2.550956638803154,2.5835609007283327,2.7742907804712393,2.350767169693863,2.5712791638191623,3.1472633751429324,2.805291563907207,3.044966452413051,3.334709141174025,2.54698714963192,3.212100608718544,3.200458334410156,2.854310926243295,2.640085390101853,2.841987544493883,3.100295024282763,2.2478850098373875,2.503180991566544,2.2793628898835854,2.233149480550509,2.007436110898493,1.9460164036972687,2.126470872219207,1.8327180072408822,2.2799001357981643,2.271872778212438,2.4195146236522964,2.717347071716374,2.6136335255532503,2.5167989705557363,2.991489703431559,2.8394980949438255,2.521474893684358,2.4713814988555103,2.826890749843527,2.886466461398267,3.3573684261403707,0.13037909049469673,0.11297931617075184,0.13025707757435243,0.12932793939818735,0.12448466452173337,0.16454649524247622,0.14925916940376355,0.14357633638466347,0.12343913611664345,0.23555016837786968,0.20706413407661683,0.198392200167577,0.2345170934664248,0.29670347212154374,0.2759773909622842,0.17644950871016296,0.1577838568974308,0.14916789282479423,0.14725842864073452,0.19283805981756535,0.13890498184261665,0.16290982187962688,0.2549716784137756,0.19330147293131542,0.18363301334014334,0.10531585607819581,0.11632656216614896,0.1192897786908595,0.11534433591493552,0.13004162935036792,0.12674296092713258,0.11216391230560789,0.11391320650035075,0.12071184277974756,0.11768229718502947,0.11389651806813307,0.15460406363000503,0.2116240612534199,0.2020722010078203,0.2228537617200837,0.1095979854061523,0.1399179004395355,0.16647655621789734,0.1418969576942631,0.11400560286809261,0.1281922465046022,0.12890593305892614,0.12482703987451119,0.16337501451939307,0.14305882058805663,0.1426867348111427,0.1276161309361193,0.2236828203018877,0.22744975460239883,0.1881874957628551,0.22979786855011583,0.2559176646475634,0.2829421567998029,0.18380324290269806,0.15601056967321786,0.151552864745549,0.1423252523777625,0.18510912735300816,0.14830247239967378,0.17572729741427853,0.24881781205872527,0.2069614151817583,0.17566336264514282,0.11185653174938542,0.12112396963151431,0.12216789932791175,0.1179395165878758,0.12103101182185115,0.12801801860377007,0.11067185269404459,0.11930155746820084,0.12214762308695722,0.12187015623451793,0.121158994417711,0.16144656131235363,0.20584491272819924,0.20782960418340987,0.23667028832220358,0.1100442567636645,0.13723936163453407,0.17482158947569942
18.0,2.6374449826324815,2.8304773270825234,2.770730783612193,2.737501189118268,2.6177285353105066,2.378599155007127,2.594017766627326,2.627113015017878,2.7411850637459074,2.2967861978687383,2.568030637472112,3.384756485052781,2.908611007190928,3.0937312328835365,3.2347272414677235,2.5616357480747616,3.1291692507483835,3.190123102735429,2.784782204831921,2.7955367069738606,2.674366678281879,3.126540113559259,2.4444829193649187,2.601062616135294,2.327211151388583,2.1771702468479033,1.9180943019626053,1.9506050454599622,1.9418451750387917,1.8339203290429436,2.311335637518281,2.28478323935613,2.369757836160576,2.719442949628923,2.5746022508410205,2.503420466473179,2.8259875565188293,2.796006123395436,2.5322752389149885,2.412681073244758,2.7781132452905086,2.848359233628844,3.3647180301296764,2.669047090617781,2.777349269998489,2.713730412123195,2.7619019616543077,2.5806721902094925,2.281243554934223,2.5345440696470765,2.563572520415867,2.7595843528786506,2.3316405835043597,2.549604764807553,3.1385431517969127,2.7979508985608237,3.0531348125460194,3.3310347691797397,2.539180119398634,3.1977890827075255,3.1867499187765387,2.8352415686473273,2.6295204941491503,2.823269770073039,3.0832162867970516,2.24157869231481,2.483645731023542,2.2685795309373096,2.2196549659858777,1.995370904121031,1.9331027651474992,2.113601326954677,1.8200292444600528,2.2675675903958203,2.2563616782774933,2.4026764627228827,2.7032123289027736,2.59796498715568,2.5053929923895564,2.97859122596897,2.829271301256943,2.5066921829664186,2.452684184071835,2.8132189299738792,2.8763304417091637,3.354558066014184,0.1297721773490509,0.11242355587632268,0.12938976370591052,0.12872587607294916,0.12364149947973706,0.16345967574394982,0.14837153682794996,0.142758496403072,0.1227979651280953,0.2343705916968274,0.20608587607514992,0.19740156575886628,0.23308217353464383,0.2963090562553295,0.2751673715663931,0.17616981088818254,0.15701696831403733,0.14848316476578377,0.14672908104756233,0.19214874105948487,0.1382471703262428,0.16204629269468548,0.2538923210079642,0.19252241347304597,0.18319452257009552,0.1046551414286375,0.11554871716298001,0.1186164325583746,0.11477860818311095,0.1292850636910233,0.12595502684237886,0.11175837465878424,0.1133753778611974,0.11999199148449048,0.11709199340368838,0.11330857179341242,0.153575086389648,0.2105199863766654,0.20118452289807837,0.22213789400267897,0.10899886135572678,0.1393296070244256,0.1656017286523264,0.14106176339133392,0.11329670811099998,0.12732329785790394,0.12832635076803645,0.12393435570679213,0.16231787548908574,0.14239776109994512,0.14189418339986662,0.1269294291243662,0.22262148458043068,0.22647532327720374,0.186830359119271,0.22881282757150745,0.2552718605929089,0.2820263132433156,0.1833490680623366,0.15510662158897587,0.15077476806586962,0.14173410327644023,0.18431156597295273,0.14739750615227687,0.17486465551244454,0.24776130706495916,0.2060361549392668,0.17511926139825618,0.11101265634684254,0.12030190061915735,0.12136335803643433,0.11746410392143157,0.1200814528807355,0.12707306689394596,0.11019115952078821,0.1187256943829659,0.1216029878806195,0.12134576987058654,0.12043617895193102,0.1606363203775696,0.20499141799058984,0.2071847222296513,0.23580606632556092,0.10942451272828338,0.13664529770374972,0.1738756762149611
19.0,2.6301232270041996,2.819737764984705,2.7565505839932034,2.7258501342680077,2.6014349241485837,2.3635979325498866,2.579435749400506,2.6086721299075513,2.7270433622172905,2.281741703386896,2.5516806875657494,3.3746972151951957,2.9032698597786832,3.102149966005852,3.2308010734109835,2.5558542884017967,3.11488465108463,3.177049457640202,2.7666107323071643,2.781727023582884,2.657348129018486,3.1093131715582714,2.4367358239218966,2.584065622090902,2.31790208444655,2.165768118968031,1.9084753818044475,1.9387444997014802,1.929693788531931,1.8233284277362745,2.2998800068034235,2.2709748442465645,2.354294742240702,2.706040914729127,2.5590996039597087,2.491853592640336,2.81480419455262,2.784532466922306,2.517923216329105,2.395190780699416,2.765216909728353,2.838978300476687,3.3611510126263013,2.6636078682739806,2.7664839086336364,2.6991663158797663,2.749864183937012,2.5644241563547134,2.2659355813253765,2.51931472945971,2.5453609858310835,2.745939207887478,2.314194071822974,2.529449483080791,3.1299882556678487,2.791047513468313,3.0612317732768934,3.3278642371743876,2.53185863817335,3.1843138196095127,3.1736884281822113,2.8173746978337486,2.6194181750464285,2.8059234488687834,3.067476264829769,2.235814889343351,2.4654193218782763,2.258448570485956,2.2072752921250194,1.9840870812367943,1.9211066013216576,2.101847413328557,1.8084814064106016,2.256326577817667,2.2421719272550162,2.387331021507701,2.6901135275826946,2.5836340881389463,2.4950117468032897,2.9664239926313725,2.819482255108327,2.4925796917658603,2.434923303823963,2.800532297092024,2.8671122498137263,3.3518784034819147,0.12925954403890538,0.11189941193276211,0.12856197407992412,0.12815688881265996,0.12285099186249208,0.16246174775663627,0.14753934333343338,0.14199100025635572,0.12217133384676811,0.23329336280481924,0.20519900661636997,0.1965213769142617,0.23177267461389708,0.29592041842863914,0.2743924504900469,0.17587625923060105,0.15631029759645262,0.14786645565493367,0.1462469902729312,0.19157995588675272,0.1376260050941688,0.16125269458030964,0.2529137027673569,0.1918025695510735,0.18277909977491838,0.10403653990926418,0.11482730563359683,0.11798109281067437,0.11426811584362047,0.12860876817002223,0.12525248381270407,0.11139439993807536,0.11287984483073177,0.11934622195086025,0.11653428394735701,0.11274822478836795,0.1526476908352206,0.2095047299862032,0.20038810097722484,0.2214964339735431,0.10843029631145132,0.13875576797889103,0.1648223481630851,0.14033838307320634,0.11263378008456056,0.12649059241536056,0.1277661831046496,0.12309470818161386,0.16130776876842065,0.14175607324478304,0.14115627030094421,0.1262834964271008,0.22165005190641845,0.22561631710766356,0.1856209845402908,0.22790666211886787,0.2546647576029812,0.28115106822600666,0.18290133689148722,0.15426426163289572,0.15006109884000152,0.14119096232643413,0.18364651031628107,0.14653927439036155,0.17405300425785203,0.24680891810212008,0.20517665602022597,0.1745945266824303,0.11022434503263126,0.11953267557482865,0.12061611010378108,0.11703714274209889,0.11924113232028156,0.12624421552141873,0.10974582598443014,0.11818313856190676,0.12108137148605545,0.1208441134351922,0.11975733446751814,0.15988532738817218,0.20419149576518628,0.2065758636308025,0.23501397759676906,0.10883826705966856,0.13607869304697467,0.17298971223015866
20.0,2.623206976807129,2.8096055806916547,2.743341384649889,2.714799505775661,2.5865391484810982,2.350049762853085,2.5659221413954723,2.5919971190797804,2.713928497213985,2.268033433991073,2.536404041623529,3.364842112789402,2.898194107683181,3.1104926166400757,3.227332217718226,2.5506065710932964,3.101468324454804,3.164626301769476,2.749588572605735,2.7687044261927536,2.641676456953332,3.093463495678308,2.4294757398571365,2.5682936487429786,2.3091244550691408,2.1554060254125647,1.8996136932570609,1.9277522150298854,1.9186256691491548,1.813798577491991,2.289514930154024,2.258431149140976,2.3403095372928964,2.6936742218542924,2.544963518984987,2.4813262522719817,2.804237613934156,2.7736381099265905,2.504255451691592,2.3785017156395325,2.753273023555482,2.83048941137685,3.357712122529313,2.658416633235999,2.756247149472035,2.6856382288100584,2.7384285199829286,2.5496220913674494,2.2522369579234103,2.5052200928709754,2.5288548423585415,2.733314565053287,2.2983593689746296,2.510761689878014,3.1215990609997637,2.7845659625412487,3.0692403383809315,3.325166450293211,2.5250030273794204,3.1716443211841066,3.1612509730742997,2.800666334367069,2.60976473481257,2.789895466181542,3.0530211508292107,2.230567410048688,2.4484539838103094,2.2489480015337113,2.1959651062293464,1.9735600116222454,1.9099946341390517,2.09116034424221,1.7980250791063634,2.246126779764874,2.2292466424404336,2.3734132691524112,2.6780061594984526,2.5705821292992987,2.485610503367077,2.9549555636604783,2.810107347599169,2.479114163405895,2.4180693666588557,2.7887902669312545,2.8587706096477787,3.3493199603180877,0.1288368638582357,0.11140668304710488,0.1277733141457768,0.12762042286665787,0.12211146080028912,0.16154888217348928,0.14676093065696613,0.14127254045153176,0.12156013145459091,0.232314376604116,0.20439972004251603,0.1957465856629967,0.23058302254429436,0.29554009659671165,0.27365351804782223,0.1755724928160955,0.1556617540659722,0.14731504451620195,0.14581137150624263,0.1911261758552943,0.13704087823525915,0.16052644243201192,0.25203195023377756,0.19114024012898198,0.18238694469111108,0.10345933069240304,0.11416078091677252,0.11738332031004173,0.11381059213016417,0.1280089557580729,0.12463142793654368,0.11107066028846081,0.11242565503691448,0.11877148541140388,0.1160086901902197,0.11221546149017704,0.15181727673796191,0.20857473416551414,0.19967893745428184,0.22092647650429983,0.10789184006518418,0.13819791136260126,0.16413403407987467,0.13972152635953972,0.11201566222529993,0.12569366603515691,0.1272261734937687,0.12230627330961706,0.16034341139736732,0.14113465918486207,0.14047127614086838,0.1256774389515284,0.2207651723620716,0.22486778043730912,0.18455221340263814,0.22707722480431927,0.25409682860236,0.2803171934187188,0.18246240186925258,0.1534817255159037,0.14940934241871162,0.1406945191621646,0.18310700485863482,0.14572677418643937,0.17329136462497682,0.24595639953803147,0.20438102756216617,0.1740900335033498,0.10949009103307275,0.11881505211633898,0.11992458260635534,0.11665716374079313,0.11850425788109788,0.12552563313251033,0.10933506820649379,0.1176735553854812,0.12058326539044383,0.12036541289178641,0.11912146726674142,0.15919223396492685,0.20344446851666562,0.20600356618074966,0.23429186848985975,0.10828505083854505,0.1355396515716593,0.17216205605086396
21.0,2.6166737844591874,2.8000525252692987,2.7310597147646076,2.704326169169507,2.572978697561983,2.3378861928850947,2.553430318491707,2.577012080176686,2.701799529683256,2.2556066538867237,2.5221654881634774,3.355190375676832,2.8933755346427628,3.11874155280759,3.2242912753050637,2.5458660295157465,3.0888872668494196,3.152830263806967,2.733671593438398,2.7564401014792197,2.6272969052052266,3.078934548982414,2.422681266932055,2.553698311343744,2.3008630101312098,2.1460379065529596,1.8914808387534976,1.9175941958008367,1.908592858105587,1.8052818829352781,2.280187781447926,2.247094744821983,2.327734917236987,2.6822973062585564,2.532132950834696,2.4717927067746315,2.7942608896631813,2.763292382877638,2.491250686973825,2.3625909948433064,2.7422414645514843,2.8228511030415313,3.354392266920773,2.6534556117165895,2.7466104000555442,2.673100124454723,2.727572030270427,2.536201787718309,2.2400734784691405,2.492211634510731,2.51398263538276,2.721669643931656,2.2840682092842775,2.4934897564383904,3.1133759420366993,2.778490799691175,3.077143511633377,3.322910313671414,2.518593608440212,3.15975008919099,3.1494146638999485,2.785072498811711,2.6005464754664565,2.7751327073117973,3.0397971372436796,2.2258100635564824,2.432701936499251,2.2400558170847664,2.185679055560224,1.96376506465384,1.8997335855189739,2.081491332597079,1.7886108485611634,2.236917877938589,2.21752894112919,2.360858174802697,2.6668457163923707,2.558750411432996,2.477144531651054,2.9441534992979617,2.8011229698306894,2.4662723412097503,2.402092881123527,2.7779522552248737,2.851264245147079,3.3468732582971956,0.12850002136672592,0.11094519700977343,0.1270234476574758,0.1271159707752948,0.12142138611821147,0.16071747611303783,0.14603472528412784,0.14060189651406887,0.12096520541776128,0.23142975105153488,0.2036844290752855,0.19507244046812308,0.2295078850141234,0.2951704870265322,0.2729514303249017,0.17526192035675991,0.1550693920867251,0.1468263934163411,0.1454214820255298,0.19078219927420656,0.13649122149899476,0.1598651001920659,0.25124339092606335,0.19053380277436158,0.18201825820105175,0.10292282334353248,0.11354765536429182,0.11682266662206811,0.11340389458158992,0.12748205042094243,0.1240881550949013,0.11078589280608958,0.11201190227319308,0.11826487873875263,0.11551477320758416,0.11171028401119827,0.15107951154516547,0.20772665339152319,0.1990532259754863,0.22042523862885158,0.10738313418521896,0.13765742261243372,0.16353271664155072,0.13920621679321957,0.1114412968816154,0.12493211071207333,0.12670696378830018,0.1215673525742008,0.15942363566963796,0.1405343060376249,0.13983754569131085,0.12511037234823533,0.21996363150564552,0.22422491586036639,0.18361725557989414,0.22632231658799637,0.2535684979951709,0.2795254111729352,0.18203447032132752,0.15275737204002468,0.14881719753159503,0.14024359008990747,0.1826865027253234,0.14495914722567455,0.17257887772082153,0.24519979096274513,0.2036474905183753,0.17360663612095442,0.10880847409649483,0.1181478317879971,0.1192872422366231,0.11632275364894348,0.1178653593638711,0.12491177449088656,0.10895820406636621,0.11719667865814859,0.12010916168390816,0.1199099196769397,0.11852765101338658,0.15855578355185762,0.20274972297877983,0.20546828455847285,0.23363769600197723,0.10776446920990929,0.13502827547336907,0.1713911958093023
22.0,2.6105012023782637,2.791050349783531,2.719662103519666,2.6944069899778462,2.560691060645156,2.3270387696143056,2.5419136565686573,2.5636411108404165,2.690615520572333,2.2444066272793473,2.5089298157035977,3.3457412016989845,2.8888059243957778,3.1268791425297917,3.221648847087126,2.541606097035689,3.0771084742589614,3.141637972436388,2.718815662515889,2.7449052361180213,2.614154716893019,3.065669794533629,2.416331004908077,2.54023122514542,2.293102496507629,2.1376177027607155,1.884048420726838,1.908236446370001,1.89954739661632,1.7977294486913156,2.27184593456298,2.236908222072201,2.316503577992803,2.6718646031960582,2.520546854426725,2.463207217554807,2.784847096739457,2.7534646162448233,2.4788876641471647,2.347435735088956,2.7320821104958948,2.816021912182896,3.35118235288279,2.6487070299284987,2.737545067926028,2.661505976354424,2.7172717752778803,2.524099037877843,2.229370936703388,2.480240829008872,2.5006729102883196,2.710963664078174,2.2712523270768554,2.4775820540010787,3.1053192730226713,2.7728065788296887,3.084924296809499,3.3210647324442006,2.5126107027790496,3.1486006253898347,3.1381566111062904,2.770549211732156,2.591749699027034,2.761582057559972,3.0277504165214677,2.221516658992403,2.418115399624657,2.2317500101433194,2.17637178737905,1.9546776097080438,1.890290177380721,2.0727915912945574,1.7801893007888419,2.2286495540400124,2.2069619406167233,2.3496007076042416,2.6565876900067384,2.5480802353362733,2.469569101225343,2.9339853597855674,2.7925055129040883,2.454030968500613,2.3869643557649747,2.767977677706179,2.8445518802474425,3.3445288191937523,0.12824509737189202,0.11051481025560432,0.12631209384574157,0.12664306784215124,0.12077939191278601,0.15996413150621042,0.1453592306473258,0.13997792602403478,0.12038736355923928,0.23063580573399547,0.20304974434425746,0.19449445213853134,0.22854215629814656,0.29481385782987113,0.2722870110582971,0.17494774736610894,0.1545313948629022,0.14639812858326232,0.1450766178019842,0.1905431175446537,0.1359765037054703,0.15926636669467284,0.2505445323556733,0.18998170470589007,0.18167323874508826,0.10242635542055094,0.11298649340810574,0.1162986742293876,0.11304599809671437,0.12702467212237123,0.12361914754271475,0.1105388978393623,0.11163772575697566,0.11782363508492026,0.11505213186776403,0.11123271117517548,0.15043030658623188,0.20695733647370856,0.19850733546394858,0.21999004772321504,0.10690390133339649,0.13713556349446238,0.1630146061070013,0.13878776600183268,0.11090971805278504,0.12420557388939459,0.12620911024659293,0.12087636570304387,0.15854738249848682,0.13995570172812807,0.13925348829272255,0.12458142726353531,0.21924234029229683,0.2236830754953467,0.18280965736465005,0.2256396994886692,0.2530801426995267,0.27877639770162504,0.18161961840588353,0.15208967531301198,0.14828255368180074,0.1398371035799216,0.18237882757460244,0.14423566543539323,0.17191479069800508,0.24453538500706398,0.20297436532549232,0.17314516720277742,0.10817815139019575,0.11752985451069363,0.11870259172809353,0.1160325540567239,0.11731926460337153,0.12439736161705565,0.10861464483384495,0.11675230328743336,0.11965955480479275,0.1194779039183384,0.1179750205758012,0.15797480235460293,0.20210670155593363,0.20497039981753692,0.2330495157310084,0.10727619236742987,0.13454466353972885,0.17067573682572432
23.0,2.604666782982281,2.782570805300277,2.709105080097396,2.6850188337289715,2.5496137269845125,2.317439040009121,2.531325531505783,2.5518083087131185,2.6803355308284447,2.2343786183744245,2.496661812761956,3.336493788697312,2.8844770606805668,3.134887753828067,3.2193755339800574,2.5378002070195977,3.066098942673934,3.1310260563414847,2.704976647548936,2.7340710167849203,2.6021951351355233,3.0536126953950102,2.4104035535466157,2.5278440054002083,2.285827661073249,2.130099354407321,1.877288041610166,1.8996449710930452,1.8914413258964575,1.7910923793852982,2.2644367633770695,2.2278141716742663,2.30654821548018,2.662330547920929,2.510144184678916,2.455524046019024,2.7759693101627523,2.74412414049752,2.467145125182961,2.3330130531546955,2.722754839168302,2.809960375513126,3.3480732874974226,2.6441531140844954,2.7290225606253458,2.650809758049797,2.707504815483671,2.5132496343166406,2.2200551263669785,2.469259150995294,2.4888542124597683,2.7011558450484197,2.2598434566773147,2.462986953805227,3.097429428201666,2.7674978538683352,3.092565697684553,3.3195986117468252,2.5070346318193044,3.1381654315402714,3.127453925140467,2.7570524936928607,2.5833607075131724,2.749190402226514,3.0168271811108895,2.2176610054820984,2.4046465928661327,2.224008573713549,2.167997948947234,1.9462730161613064,1.8816311316435899,2.0650123332360537,1.772711021803217,2.2212714897702495,2.197488758198446,2.3395758367026778,2.6471875720838955,2.5385129018054076,2.462839481660087,2.92441870536497,2.7842313679205524,2.4423667886017077,2.3726542991301756,2.7588259501084624,2.8385922388846447,3.342277164782293,0.1280683543949879,0.11011540766667824,0.1256390248077816,0.12620128851395046,0.12018423143904866,0.15928563522463915,0.14473302021776266,0.13939955667875537,0.11982737682025059,0.22992904192867777,0.20249245543255615,0.19400836223624365,0.22768094239822792,0.2944723624822756,0.2716610541284439,0.1746330013929966,0.15404605989204578,0.1460280229684875,0.1447761106423996,0.19040428401536988,0.13549622879237394,0.158728062823329,0.2499320428956172,0.18948245502770675,0.18135207992996646,0.10196929021227956,0.11247590535358779,0.1158108771437492,0.11273498827465284,0.12663362245219223,0.12322106098663019,0.1103285371692554,0.1113023093356594,0.11744511486456867,0.11462040118675851,0.11078277782478725,0.14986579440960002,0.20626380971755345,0.19803779471078828,0.21961833040545034,0.10645393591316975,0.136633489657986,0.16257616353926688,0.1384617489651338,0.11042004481209323,0.12351375802254001,0.12573309832973326,0.12023184373217455,0.15771369570319066,0.13939945007749083,0.13871757775428104,0.12408975414574715,0.21859832555404535,0.2232377524304642,0.1821232711473876,0.22502710811508175,0.25263209422504074,0.2780707870404855,0.1812198050977246,0.15147721819937507,0.14780347053280918,0.13947408714335885,0.1821781376339294,0.14355571843034037,0.17129844454478846,0.2439596980086614,0.20236006115844124,0.17270643812156664,0.10759784894621227,0.11695999318462262,0.11816916608455472,0.1157852600471621,0.11686107600828442,0.12397736518290904,0.10830388784620833,0.11634027903491158,0.11923494373251294,0.11906964904693053,0.11746276632618508,0.15744819130391322,0.20151489526687613,0.20451022848409603,0.23252547080229002,0.10681994728837613,0.13408891018014857,0.17001439040073466
24.0,2.5991480786891423,2.77458564288546,2.6993451736801766,2.6761385659511583,2.5396841858340085,2.30901855103792,2.5216193191825096,2.541437771436921,2.6709186213988056,2.2254678913774515,2.4853262678565264,3.327447334513299,2.8803807272354507,3.1427497547238072,3.2174419368994562,2.534421792833966,3.055825668084818,3.120971144205974,2.692110416248317,2.723908630155636,2.591363403051545,3.042706714629603,2.404877512609085,2.516488267360337,2.27902325070293,2.123436801864244,1.871171303836536,1.8917857743256266,1.884226687161098,1.7853217796423904,2.2579076417680164,2.2197551844108068,2.297801525618957,2.653649575687322,2.500863896509158,2.448697453573811,2.7676006049328348,2.7352402861050766,2.456001812052588,2.3193000658187306,2.714219528348267,2.804625029744386,3.34505597784678,2.6397760903973193,2.72101428569537,2.6409654430814973,2.6982482113661614,2.503589369505279,2.2120518412007413,2.4592180750998742,2.478455087281644,2.6922054063979797,2.2497733324105815,2.4496528270899938,3.0897067818177515,2.7625491787186824,3.1000507180337884,3.318480856714467,2.5018457169843495,3.128414009401953,3.1172837164496103,2.7445383652582804,2.575365802943765,2.7379046266119,3.006973623460243,2.214216912151251,2.392247735903239,2.2168095007996547,2.160512187526135,1.9385266533901047,1.873723170226893,2.0581047713229794,1.7661265976181255,2.2147333668305023,2.189052511169815,2.3307185312436762,2.638600854366126,2.5299897116366266,2.456910942525394,2.915421096277881,2.776276925981305,2.4312565448362626,2.3591332197661266,2.750456488165036,2.8333440449944587,3.340108816837308,0.1279662226758128,0.10974690254965912,0.12500406309030113,0.1257902435041933,0.11963477320333762,0.15867894062639407,0.14415473136868584,0.13886577927158383,0.11928598256931096,0.2293061240785412,0.2020095133371926,0.1936101138685359,0.22691954662443825,0.2941480531834973,0.27107432652521807,0.1743205554656163,0.15361178587457452,0.14571398015607848,0.14451932574660495,0.190361285190877,0.1350499343381131,0.1582481198101277,0.24940273429735088,0.18903461796491045,0.1810549690942999,0.10155101467294213,0.11201454188457864,0.11535880186509358,0.11246905504215834,0.1263058709039115,0.12289071217307863,0.11015373212228141,0.11100488064313527,0.11712679708743542,0.11421925090775267,0.11036053434921946,0.14938230730454644,0.20564326125812116,0.19764127774493395,0.21930760213662465,0.1060330958575847,0.13615226689971066,0.16221407331631799,0.1382239804926971,0.10997147533075136,0.12285642031196316,0.1252793563690405,0.11963242234251031,0.1569217170392177,0.13886608503681389,0.13822835184313587,0.12363452747500969,0.21802872098059647,0.22288457228384645,0.18155222681915023,0.22448225995998883,0.2522246415127409,0.277409175553363,0.1808368859341047,0.15091868674639167,0.14737815912789487,0.13915365544785377,0.18207889188061518,0.14291880246519378,0.17072926345325454,0.2434694432510519,0.20180306655160885,0.1722912401280267,0.10706635370146707,0.11643714856942387,0.11768552879564081,0.11557961871903094,0.11648614783355749,0.1236469863287386,0.10802551011013019,0.11596050517974157,0.1188358345047111,0.11868544755738207,0.11699012887257522,0.15697491892105814,0.20097383794923515,0.20408803125631098,0.23206378174363113,0.10639551020507661,0.13366110504149786,0.169405963686939
25.0,2.5939226419167394,2.7670666136049573,2.690338913450303,2.667743052172705,2.5308399264475434,2.3017088496690894,2.5127483954783463,2.532453596653972,2.6623238532306677,2.2176197104939,2.474887969505357,3.3186010369884213,2.8765087077988096,3.150447513238389,3.215818656760949,2.5314442878453214,3.0462556464821455,3.111449864713565,2.680172836324763,2.714389262905909,2.5816047637599326,3.0328953153004474,2.3997314818569064,2.5061156262780178,2.272674012271531,2.1175839855029976,1.8656698098390307,1.884624860423417,1.8778555216253499,1.7803687540877884,2.2522059436136876,2.212673851064444,2.2901962043289625,2.645776121749362,2.492644944835299,2.44268170162567,2.759714056049463,2.7267823835368836,2.445436466727391,2.3062738898592574,2.706436055815333,2.799974411588875,3.3421213310129234,2.635558185079728,2.713491650677949,2.631927004990168,2.6894790234037407,2.495054035914332,2.205286874945473,2.4500690759525248,2.469404080138517,2.6840715676824325,2.2409736886016036,2.4375280450945533,3.082151708114942,2.75794510729231,3.1073623616324917,3.3176803724823642,2.4970242796974937,3.119315860734531,3.1076230954808732,2.732962846992891,2.567751287337729,2.7276716160165457,2.9981359360178157,2.2111581881255216,2.3808710484155795,2.2101307844058318,2.153869150377157,1.9314138907708822,1.8665330150499226,2.052020118456725,1.7603866142474085,2.2089848669219077,2.1815963168262407,2.3229637603729523,2.630783028595762,2.522451965626188,2.4517387533914095,2.9069600927660098,2.768618578187547,2.420676980527473,2.3463716262198386,2.7428287076092026,2.82876602251269,3.3380142971333155,0.12793528675770216,0.10940923673262822,0.12440707944608399,0.1254095775213559,0.11912998816821677,0.15814115041017615,0.14362305990554705,0.13837564149119,0.11876388834245091,0.22876386261624992,0.20159801424933996,0.19329582475181203,0.22625345564765803,0.2938428939494308,0.2705275716791791,0.17401314987845654,0.15322706090673446,0.1454540195251729,0.1443056595830468,0.1904099141371862,0.13463719043148986,0.15782456853016422,0.24895354567758587,0.18863680694650278,0.18078208663625475,0.10117093759973916,0.11160108926477463,0.11494196864705618,0.11224648656872857,0.1260385418176349,0.12262506700454233,0.11001346165839437,0.11074471021198205,0.11686627104185685,0.11384838427503916,0.10996604639170256,0.14897635703918505,0.20509302650536862,0.19731458999635942,0.2190554575028432,0.10564129539288732,0.1356928862397792,0.1619252173921204,0.13807049298624197,0.10956328143118657,0.12223337253915914,0.12484826816261606,0.1190768354520705,0.15617068182349628,0.13835608401233004,0.13778441145531717,0.12321494947802561,0.21753075855655507,0.2226192848512822,0.18109090485541665,0.22400286445875703,0.2518580343166832,0.2767921267975388,0.18047262634988984,0.15041286537148799,0.14700496479555647,0.13887499954181654,0.18207581833798747,0.14232451063755727,0.17020674551602635,0.2430615065286156,0.20130194119919786,0.17190034618115,0.1065825061644169,0.11596024454039074,0.11725026818667854,0.1154144276584838,0.11619006431676104,0.123401639035438,0.10777916272120451,0.11561292595919918,0.11846274295788009,0.11832559771343336,0.11655639420517216,0.15655401498848348,0.20048310150666165,0.20370402131108886,0.23166273727546743,0.10600269979516153,0.13326133309486538,0.16884935053159192
26.0,2.5889680250829925,2.7599854685247065,2.6820428285901308,2.659809157921899,2.5230184380790415,2.2954414828710306,2.5046661362726943,2.5247798820064165,2.6545102872712607,2.2107793399292763,2.4653117062264727,3.3099540939641323,2.8728527861089472,3.1579633973932197,3.214476294480169,2.5288411254201484,3.03735587385639,3.1024388465480004,2.6691197754890275,2.70548410171151,2.572864460379499,3.0241219604705734,2.394944061051511,2.49667769740545,2.2667646926539047,2.112494845695038,1.8607551620507303,1.8781282337420822,1.8722798705043153,1.77618440734668,2.247279042791926,2.206512762417824,2.2836649475300357,2.6386646213611704,2.4854262845752264,2.437431051581141,2.7522827385123794,2.7187197632622886,2.435427831178745,2.2939116420544994,2.69936429934908,2.7959670577587437,3.3392602540779563,2.631481624344476,2.7064260631149626,2.623648417316453,2.681174312074776,2.4875794260143946,2.1996860213420026,2.4417636281831077,2.4616297364149213,2.6767135484573505,2.2333762595753117,2.426560979058041,3.074764581337226,2.7536701935007697,3.114483632255906,3.3171660641857317,2.4925506413821235,3.11084048729768,3.0984491726813723,2.7222819594611347,2.5605034627139647,2.718438255740925,2.9902603112319013,2.208458642530573,2.370468750082709,2.2039504175362477,2.1480234847617026,1.9249100976801108,1.8600273880319698,2.0467095875387162,1.755441657704889,2.203975671745629,2.1750632924631796,2.3162464932361257,2.62368958651511,2.515840964570334,2.4472781838282716,2.8990032550710607,2.7612327156404923,2.410604838998567,2.3343400270382864,2.7359020241742398,2.8248168953751303,3.335984127444843,0.12797227268153655,0.10910238073685499,0.1238479907486319,0.12505896748456752,0.11866893798659459,0.1576695006820032,0.14313675517446994,0.13792824245866744,0.11826177591951902,0.2282991980718617,0.2012551845671725,0.1930617624337908,0.2256783260477976,0.29355877335385144,0.2700215130720204,0.17371341244457383,0.1528904518082877,0.14524626257858786,0.14413453800766726,0.19054614593928268,0.13425759878549678,0.15745552966597925,0.24858152882176932,0.18828767940987365,0.18053360594643977,0.10082848809203242,0.11123426521847905,0.11455989303696928,0.11206566346866216,0.12582890199629926,0.1224212291959357,0.10990676046638606,0.11052111054833198,0.11666122832871983,0.11350753697842464,0.1095993947067977,0.1486446158263816,0.20461057464018162,0.19705465525668983,0.2188595611574136,0.10527849863734762,0.1352562779047356,0.16170665130667494,0.1379975155348072,0.10919480360886095,0.12164448095292495,0.12444018456476555,0.11856390904964723,0.15545991503044748,0.13786988025578925,0.13738441954232053,0.12283025338109411,0.21710176041966855,0.22243775583365816,0.1807339110310354,0.22358663085416317,0.2515324869558613,0.2762201766074547,0.1801287144805558,0.1499586326371837,0.14668235160659598,0.13863737707321067,0.18216388444171627,0.14177252412948613,0.16973045454483549,0.24273292381792824,0.2008553087773119,0.17153451326210253,0.10614519372848857,0.11552822379607733,0.11686199401999685,0.115288533407968,0.11596861877854356,0.12323693315394339,0.10756456600511766,0.11529752667186825,0.11811619760937761,0.11799040103106195,0.11616088924245681,0.15618456494926586,0.20004229203002266,0.20335837223287911,0.23132068597560157,0.10564137107000615,0.13288967509973584,0.16834352319664775
27.0,2.5842617806058046,2.7533139587106312,2.6744134482819732,2.652313748727037,2.516157209982417,2.2901479976121126,2.4973259174450315,2.518340725136375,2.647436984467821,2.2048920438890454,2.4565622665378997,3.3015057032819124,2.869404745904234,3.1652797752096675,3.213385450972733,2.5265857389249606,3.0290933461980525,3.0939147183929916,2.658907101451847,2.697164333248162,2.5650877360290623,3.016330113203054,2.390493849954312,2.488126095994879,2.2612800387249283,2.1081233228118643,1.8563989629046973,1.8722618986372788,1.86745177501309,1.7727198440442333,2.2430743131806055,2.201214509253536,2.2781404511420047,2.63226950977692,2.4791468706467703,2.432899764846722,2.745279727321379,2.711021755750658,2.4259546473780125,2.2821904391826586,2.692964136729063,2.792561504966202,3.3364636541239423,2.6275286344043227,2.699788930548264,2.6160836536010286,2.6733111378576386,2.481101332276028,2.1951750741311553,2.4342532064215034,2.4550606014954135,2.6700905682783196,2.226912779656656,2.4167000002196333,3.067545775728658,2.7497089912556354,3.121397533679294,3.3169068369597854,2.488405123461577,3.1029573908510386,3.0897390584982602,2.712451723227491,2.5536086310913566,2.7101514310854897,2.983292941550825,2.2060920844920577,2.36099306058424,2.1982463931951024,2.142929837941142,1.9189906434942512,1.8541730110923502,2.0421243914703555,1.751242314004396,2.199655463002827,2.1693965553760455,2.3105016989788805,2.6172760198664697,2.51009800926532,2.443484503406092,2.891518143434738,2.7540957294413246,2.401016863572748,2.3230089307684643,2.7296358535934755,2.821455387517562,3.3340088295463723,0.1280740358065769,0.1088263339878646,0.12332675805313072,0.12473812112920257,0.11825076419230232,0.1572613461496005,0.1426946156740786,0.13752272793090292,0.11778030565913725,0.2279091864020404,0.20097836706086109,0.19290432156193332,0.22518997137528868,0.29329751686112543,0.26955685806028956,0.1734238773257679,0.15260059445775706,0.14508892035561852,0.14400541456971216,0.19076611507472116,0.1339107920164361,0.15713920463709893,0.2482838346734387,0.18798593222470592,0.18030969382111345,0.10052311432303918,0.11091281547198156,0.11421208766536403,0.11192505328712,0.12567434899588403,0.12227642947726583,0.10983271709071576,0.11033343517774834,0.11650945524316873,0.11319647624974037,0.10926067514586497,0.1483838985124659,0.20419349609866497,0.19685850343168768,0.21871763940128572,0.10494471391619073,0.13484332430584323,0.16155558192313185,0.13800145436812922,0.10886544647126703,0.12108966616391366,0.12405543413452846,0.11809255525784995,0.15478882775518682,0.13740787431598575,0.13702709985128622,0.12247970624703745,0.21673913111008747,0.22233595864736036,0.18047605271046127,0.22323127493257086,0.25124818230538326,0.27569383829081306,0.17980677335150747,0.1495549574728138,0.146408888260613,0.13844010340376303,0.18233826941803882,0.1412626043146366,0.16930001284179383,0.24248086086153253,0.2004618506561522,0.17119448503431367,0.10575334464220217,0.11514004407191464,0.11651933443738674,0.11520082997098821,0.11581779375993038,0.12314865816745464,0.10738150529466353,0.11501433034795464,0.11779674261445519,0.11768016040336096,0.11580297776521442,0.1558657049738731,0.19965104666285094,0.20305122558471936,0.231036028774642,0.10531140993877025,0.13254620836982647,0.16788752487367092
28.0,2.57978146090309,2.7470238352286036,2.6674073017082036,2.6452336901163926,2.5101937314116,2.2857599408607436,2.4906811148748225,2.5130602236860122,2.6410630057675695,2.199903086578704,2.448604438957647,3.293255062783235,2.8661563709229947,3.1723790147091298,3.212516727154258,2.524651561726257,3.021435059497634,3.0858541089322737,2.6494906819239787,2.6894011441916077,2.5582198338274544,3.009463236560917,2.3863594483267128,2.4804124372984866,2.2562047973594357,2.104423357224976,1.8525728148340133,1.8669918594646755,1.8633232763667833,1.769926168805652,2.2395391286575594,2.196721682354249,2.2735554110846934,2.626545222250718,2.47374565796783,2.4290421028289515,2.73867809747621,2.703657691471371,2.416995657296539,2.271087398021966,2.687195445734861,2.789716289923394,3.333722438232975,2.623681441472021,2.6935516605197263,2.6091866873845144,2.6658665612307124,2.4755555471698063,2.191679827053752,2.427489285297625,2.4496252207645317,2.6641618467009236,2.22151498317057,2.4078934798184783,3.0604956655332365,2.7460460544684726,3.128087069677898,3.3168715959397477,2.484568047359228,3.0956360731542527,3.0814698633786715,2.7034281588564077,2.5470530944888186,2.702758027350674,2.977180019422889,2.20403232313567,2.3523961995997364,2.1929967043866267,2.138542857176878,1.913630897589759,1.8489366061503465,2.038215743153058,1.7477391691597708,2.1959739223946744,2.1645392228602884,2.3056643467468882,2.611497820392168,2.5051644005073928,2.440312981695016,2.884472318098739,2.7471840106912517,2.3918897975732256,2.312348845957369,2.723989611600181,2.818640222875754,3.332078925212448,0.12823754926625536,0.10858112503780472,0.1228433847955659,0.12444677592198926,0.11787467828405095,0.15691414636938664,0.14229548510757986,0.13715828610829164,0.11732012102967875,0.22759098548100412,0.20076500811588013,0.19282000308872183,0.22478434973751077,0.2930608987095336,0.26913430186386644,0.1731470025442107,0.1523561850272033,0.14498028185296488,0.14391776896370145,0.19106609457786486,0.1335964330302263,0.1568738672082529,0.2480577008989109,0.18773029765460178,0.18011051125814082,0.10025428264817637,0.1106355109349931,0.11389806426557987,0.1118232052648151,0.12557240008371165,0.1221880153433111,0.10979047210618885,0.11018107767152154,0.11640882549986077,0.11291500009791304,0.10894999875679977,0.14819114596926963,0.20383949098162885,0.19672325907198468,0.21862747237908298,0.10463998869249448,0.13445487209458656,0.16146934685325567,0.1380788746740836,0.10857467455129181,0.12056890301451002,0.12369433291014399,0.11766176661526298,0.1541569139581326,0.1369704445643123,0.1367112355226967,0.12216261143417415,0.21644035018310281,0.22230996632568337,0.18031231665358075,0.22293452470771336,0.25100527592889255,0.27521360786011695,0.17950837240364567,0.14920089572957876,0.14618323529141036,0.13828254353399622,0.18259433860581292,0.1407945855923243,0.1689150947871161,0.24230259449482794,0.20012030039325915,0.17088099474343924,0.10540592263673973,0.11479467489600556,0.11622093330888024,0.11515025738265346,0.11573374224591734,0.12313276773936963,0.10722982726593314,0.11476339490790353,0.11750494074508566,0.1173951787575005,0.11548205672839278,0.155596617643477,0.1993090311112924,0.20278269814460123,0.23080721223804715,0.10501272842406034,0.13223100777989244,0.16748046291928456
29.0,2.5755046183927353,2.7410868491445703,2.660980918051131,2.6385458476182837,2.5050654916205044,2.2822088595853147,2.4846851044415126,2.5088624752974464,2.635347412117748,2.1957577322037363,2.4414030120037467,3.28520137030957,2.863099444903583,3.1792434839130013,3.2118407239403877,2.5230120271905334,3.014348009745643,3.078233646849583,2.640826384616179,2.6821657212176038,2.5522059968934925,3.0034647936072107,2.3825194559301575,2.473488336568512,2.25152371543231,2.101348889305825,1.8492483202717451,1.8622841205799348,1.8598464157804904,1.7677544862561017,2.2366208631006517,2.192976872502556,2.2698425232779473,2.6214461940367233,2.469161601456271,2.4258123269343246,2.7324509239766237,2.6965969008937853,2.408529602905699,2.260579635350619,2.682018104146018,2.7873899493425096,3.331027513487143,2.6199222717603283,2.687685660571188,2.602911492207586,2.658817642672371,2.4708778631663195,2.189126073850605,2.4214233394413616,2.4452521396068456,2.6588866032807448,2.217114604441978,2.4000897890937134,3.0536146249950056,2.742665937050846,3.1345352440270036,3.317029246260832,2.481019734498422,3.0888460359670007,3.073618697769739,2.695167286912357,2.540823154925247,2.696204929836916,2.9718677372963493,2.202253167587036,2.344630386808778,2.188179344114953,2.1348171897303043,1.9088062293430967,1.844284895125268,2.034934855488197,1.7448828091848374,2.1928807316223184,2.1604344122113397,2.3016694056858222,2.6063104798345087,2.500981439092812,2.4377188882651795,2.877833339304774,2.740473950491496,2.383200384323226,2.3023302811519963,2.718922713927665,2.8163301253855098,3.3301849362175595,0.12845989305864358,0.10836681177769389,0.1223979151252413,0.12418469822030521,0.11753995264880125,0.15662545297937233,0.1419382488223642,0.13683414399322363,0.1168818532859664,0.22734184269592597,0.20061264598697737,0.19280539530801444,0.22445755191636235,0.29285065331967886,0.2687545316857868,0.17288518627075342,0.15215597202557543,0.1449187033835089,0.14387110559996272,0.1914424768794501,0.13331421447591213,0.15665785570689356,0.24790044043502002,0.18751953979239433,0.17993621456146952,0.10002147706822749,0.11040114549977142,0.11361733590864334,0.11175874537338003,0.12552068185312107,0.12215344134603666,0.1097792163502761,0.11006347066364253,0.1163572932964187,0.11266293667330218,0.10866749199097,0.14806340965784734,0.2035463583262302,0.19664613066141223,0.2185868868673557,0.10436440503081666,0.1340917433708109,0.16144539551893383,0.13822648376962465,0.10832200845986659,0.12008222039853542,0.12335719337562746,0.11727061056911135,0.1535637474206877,0.13655795682043242,0.13643566757743852,0.12187831070840027,0.2162029651581882,0.2223559435194288,0.18023784827486442,0.22269412513014283,0.2508039002812284,0.27477996924678155,0.17923503832993076,0.1488955869781328,0.1460041334921086,0.13816410476803048,0.18292761964722812,0.14036836883997042,0.16857542113599544,0.24219549556983813,0.19982943891849114,0.1705947682772111,0.10510192220367688,0.11449109490686206,0.11596544803124603,0.11513580036850675,0.11571277000526774,0.12318536508080628,0.10710943676519814,0.11454481074533814,0.11724137634843268,0.1171357581567346,0.11519755294191432,0.1553765282065418,0.19901593772197176,0.202552888831181,0.2306327225927038,0.1047452605043975,0.13194414696551282,0.16712150274298138
30.0,2.571408805492658,2.735474751524442,2.6550908264931055,2.6322270867609663,2.5007099798630597,2.2794263007541966,2.479291262024549,2.505671577612838,2.6302492644655833,2.1924012449696244,2.4349227741942268,3.2773438237023895,2.8602257515843386,3.1858555508426734,3.2113280422467296,2.5216405686843126,3.0077991929325587,3.0710299608286107,2.6328700772391644,2.6754292510018876,2.5469914683460013,2.998278247404989,2.378952472526046,2.4673054090571713,2.247221539818404,2.0988538594259154,1.8463970816509718,1.858104686338722,1.8569732344693115,1.7661559010207706,2.234266890387725,2.1899226704811006,2.2669344836415917,2.616926860389041,2.465333656029937,2.423164698569382,2.726571281822417,2.6898087144872664,2.4005352261768476,2.2506442679468015,2.677391989742103,2.785541019935732,3.3283697869685143,2.6162333514819824,2.682162338244545,2.5972120416108715,2.6521414426609744,2.467004072736142,2.1874396082625367,2.416006843482587,2.441869903406902,2.6542240575733578,2.2136433777958566,2.3932372992845328,3.0469030283579643,2.739553192914312,3.140725060501856,3.3173486930582543,2.4777405063024975,3.082556781048923,3.0661626721185975,2.6876251279597905,2.5349051144195482,2.6904390238446987,2.967302287619546,2.2007284269718497,2.337647841890952,2.1837723053843012,2.1317074828627867,1.9044920081307224,1.840184599936412,2.032232941377225,1.7426238200934328,2.1903255723869166,2.157025240724626,2.2984518449413365,2.601669489935803,2.4974904258178103,2.4356574926866945,2.8715687672945385,2.733941939943253,2.3749253671459547,2.2929237448993423,2.714394576309226,2.8144838189826147,3.3283173843362346,0.1287382437640346,0.10818348162384064,0.12199043236931828,0.12395168262353269,0.11724591227911833,0.1563928978587559,0.14162183059353536,0.13654956425304585,0.11646612625174882,0.2271590835920684,0.20051890000101769,0.19285715662099992,0.22420579001834345,0.2926684862142999,0.26841823094310363,0.17264078197754115,0.15199874907490774,0.14490259880832165,0.14386495227728646,0.19189175621607482,0.1330638582424304,0.15648956579625536,0.24780943094405913,0.18735245142049667,0.17978695669991868,0.09982419906027033,0.11020853443395165,0.11336941944237645,0.11173037161088421,0.12551692047767346,0.12217025992088024,0.10979818921706729,0.10998008486942874,0.11635288670887607,0.11244014375577877,0.10841329701645683,0.14799783732197558,0.20331198617716978,0.1966244006363039,0.2185937496311791,0.10411807552535743,0.13375474611290833,0.16148127178655522,0.13844111560097824,0.10810702134980568,0.11962970101159662,0.12304433268415735,0.11691822417137687,0.1530089788551242,0.1361707731145297,0.1361992933146665,0.12162618603265686,0.2160245847760921,0.22247013860181933,0.1802479322921694,0.22250784189585845,0.2506441689325402,0.27439339946490965,0.1789882652174899,0.1486382514768059,0.14587039347160466,0.13808423005969514,0.18333378046718182,0.13998391540226526,0.16828075394291206,0.24215701335114553,0.19958809033880617,0.1703365273276585,0.10484036450850215,0.1142282897382349,0.11575154780032691,0.11515648710775114,0.1157513190602636,0.12330268915563626,0.10702029406536082,0.11435869868351244,0.11700665825219671,0.1169021992797662,0.11494892011239397,0.1552047013704592,0.19877148406908685,0.2023618853424872,0.23051108045953925,0.10450895855823154,0.13168569967859586,0.16680986228380404
31.0,2.5674715746207704,2.730159293434118,2.649693556216453,2.6262542730727523,2.4970646853931684,2.2773438113357973,2.474452963503395,2.5034116282743177,2.6257276237583227,2.1897788890818575,2.4291285140470986,3.269681620803166,2.8575270747035924,3.192197583519523,3.210949282988906,2.520510619574059,3.0017556050489014,3.064219679553098,2.625577627503718,2.669162920220192,2.542521491303808,2.993847061017283,2.3756370978758103,2.4618152700166616,2.2432830173925677,2.0968922079567447,1.8439907014047652,1.8544195610967031,1.854655773648357,1.7650815177248482,2.2324245843966604,2.1875016670725063,2.2647639880954777,2.612941656561845,2.4622007766067147,2.421053479140633,2.721012246013313,2.683262462721173,2.392991269081346,2.2412584125887665,2.67327698030269,2.78412803841523,3.325740165759176,2.6125969068497525,2.6769531010816423,2.5920423091350475,2.645815021674916,2.463869968349854,2.1865462240303706,2.411191272051195,2.4394070575492455,2.6501334291343506,2.211033037557122,2.38728438163007,3.040361249866159,2.736692375970455,3.1466395228777135,3.3177988414672406,2.474710684194835,3.0767378101596696,3.0590788968724043,2.6807577025631746,2.529285274990617,2.6854071946744322,2.963429862840763,2.1994319104157714,2.3314007845258535,2.179753581198852,2.129168383835764,1.9006636033291,1.836602442503068,2.03006121372152,1.7409127878993758,2.188258126389639,2.1542548256955887,2.29594663365912,2.597530342438384,2.494632661478659,2.434084064529709,2.865646162309756,2.727564370147707,2.367041489364624,2.2840997457463916,2.710364614478169,2.8130600276028557,3.3264667913429737,0.12906986487580505,0.10803125166766514,0.12162105763131054,0.12374755147591492,0.11699192724703512,0.15621418216168592,0.14134518971594565,0.13630384254762143,0.11607356117674937,0.2270401015155231,0.2004814606524692,0.1929719999350382,0.22402538665430285,0.29251608444524485,0.26812608359980666,0.172416112535652,0.15188334835723716,0.14493043058272512,0.1438988589507078,0.1924105125137271,0.13284511498890914,0.15636744376447337,0.24778210511486734,0.18722785126118272,0.17966288888339182,0.0996619677847163,0.1100565133417578,0.11315383812695434,0.1117368495444747,0.12555893258358383,0.12223611273390371,0.10984667701174582,0.10993042811738356,0.11639370141227084,0.11224650836439827,0.10818757214232576,0.1479916597609381,0.20313434239558356,0.19665541610407014,0.21864596132489528,0.10390113963786694,0.1334446838938175,0.1615745981024995,0.13871971653761178,0.10792933566907878,0.11921148101828646,0.12275608020100802,0.11660380897278756,0.15249233312365096,0.13580925963083632,0.13600106463295025,0.12140566105166234,0.2159028725337846,0.22264887587781582,0.18033797470101404,0.22237346441904313,0.25052618078347905,0.27405437370850266,0.1787695240058589,0.14842818725438367,0.14578088626435365,0.13804239199301777,0.18380860895839388,0.13964124155942018,0.1680308920543385,0.24218466127924432,0.19939511830624637,0.1701069926174687,0.10462029391931943,0.11400525046323243,0.11557791236437776,0.11521138811152411,0.11584595228695883,0.12348110172769587,0.10696241249742454,0.11420520826616687,0.11680142259209438,0.1166948012264167,0.11473563623831501,0.15508043859332565,0.19857541200594298,0.2022097705300485,0.23044083625816517,0.10430379038413096,0.1314557412704962,0.16654480701620847
32.0,2.5636704781949606,2.7251122259395055,2.6447456364035147,2.620604272081924,2.4940670974647636,2.275892938298496,2.47012358475749,2.5020067249240268,2.6217415509431725,2.187835928745922,2.423985020080385,3.2622139594533617,2.8549951979996995,3.1982519499649493,3.2106750470825465,2.5195956132263055,2.99618424208515,3.0577794317067752,2.618904903120564,2.6633379155482797,2.53874130888574,2.990114697507151,2.372551931740852,2.456969534699213,2.2396928950296604,2.095417875269771,1.8420007819661937,1.851194749209539,1.852846074532722,1.764482440993507,2.231041319005279,2.185656453059411,2.263263732559415,2.609445017809244,2.45970191810445,2.4194329300545987,2.715746891549101,2.67692747606489,2.385876473590554,2.232399186054703,2.669632953607326,2.7831095414931815,3.323129556941222,2.608995164076399,2.672029356624353,2.5873562683207307,2.6398154401925558,2.4614113424780166,2.1863717148949138,2.406928099777059,2.4377921474184228,2.6465739375192996,2.209215318050712,2.382179407369489,3.033989663763584,2.734068040130832,3.152261634929842,3.3183485966230104,2.4719105895987528,3.0713586250589016,3.0523444824782735,2.6745210312869725,2.523949938657345,2.681056327626587,2.9601966554083012,2.1983374270444593,2.325841434393049,2.1761011645627897,2.1271545399105705,1.8972963843146906,1.8335051447445496,2.028370885422501,1.7397002986165202,2.1866280753316363,2.15206628441964,2.2940887409848005,2.5938485290845272,2.4923494468715774,2.432953873364336,2.8600330845921076,2.7213176322061012,2.3595254943024586,2.275828792240136,2.706792244167792,2.8120174751820195,3.324623679012288,0.1294520977253707,0.10791026878250991,0.1212899485287268,0.12357215449048632,0.1167774059043058,0.15608706617878262,0.1411073183766696,0.13609630528735114,0.11570478164461596,0.22698234820409768,0.20049808054059937,0.19314667860376933,0.22391276464245183,0.29239512653080585,0.2678787786025901,0.1722134833322359,0.1518086346822901,0.14500070156240313,0.14397239659540959,0.19299539665852034,0.1326577637113948,0.15628998030325666,0.24781594176227592,0.18714458159371838,0.17956416233469197,0.0995343206728916,0.10994393766733762,0.11297012446205881,0.11177700808476791,0.12564461671521016,0.12234872253313066,0.10992401135999808,0.10991404440638985,0.11647789471904714,0.11208194648955964,0.10799049236381486,0.14804217862399602,0.20301146614469037,0.19673658022512,0.21874145091267486,0.10371376040243123,0.133162364941453,0.16172306105131187,0.13905933241541726,0.10778862018747708,0.11882774962712613,0.12249278442653004,0.11632662611052627,0.1520136065321574,0.1354737938838074,0.1358399862794699,0.12121620228370956,0.21583554046470926,0.22288854789189597,0.18050348601037092,0.2222888080231337,0.2504500242565151,0.2737633703799436,0.17858027128525855,0.14826476726478338,0.14573453492528193,0.13803808736059014,0.184347994287973,0.13934041343850906,0.16782566713096694,0.24227600401491667,0.19924942290612443,0.16990688716888955,0.10444077512473407,0.11382097257853845,0.11544323125077675,0.11529961522221968,0.1159933391358353,0.12371707524388106,0.1069358564083534,0.1140845163540266,0.1166263355436793,0.11651386161293256,0.11455720135179381,0.15500307584318276,0.1984274871470906,0.2020966285291817,0.23042056625454077,0.10412973677197834,0.1312543502825186,0.16632564542880218
33.0,2.559983068633163,2.7203053001065336,2.6402035962366255,2.615253949316764,2.4916547053317624,2.275005228610674,2.4662565016663254,2.5013809652040977,2.618250106967398,2.1865176281672936,2.419457080812135,3.254940037494459,2.8526219052109982,3.204001018200337,3.2104759354432804,2.5188689830075455,2.9910521000317956,3.0516858459733625,2.612807771800446,2.657925423661872,2.5355961642106135,2.987024619937633,2.3696755738825996,2.4527198183570333,2.236435919604548,2.094384801736499,1.8403989257683362,1.8483962550328956,1.8514961783375257,1.764309775451942,2.230064468091443,2.1843296192244215,2.26236641295325,2.6063913793854074,2.4577760354410296,2.418257312717792,2.710748293429524,2.6707730849877755,2.3791695816758227,2.224043705122818,2.666419787435585,2.78244406588178,3.3205288675967384,2.6054103493746514,2.667362512414527,2.5831078927085973,2.6341197586922878,2.4595639875912356,2.186841874597004,2.403168801290096,2.436953718399004,2.6435048022837844,2.208121953601568,2.377870747741943,3.027788644294276,2.731664739307012,3.1575744004334885,3.3189668636607714,2.4693205439376467,3.066388727506278,3.0459365393833537,2.668871134695654,2.5188854074386566,2.6773333080016233,2.957548857770471,2.197418785983588,2.320922011172117,2.172793048480337,2.1256205983486325,1.8943657204639566,1.8308594285801458,2.0271131693815674,1.738936938258687,2.1853851009140746,2.150402734192244,2.2928131360640913,2.5905795416165747,2.490582082792847,2.432222188760714,2.8546970943833188,2.7151781172196126,2.3523541252826456,2.2680813929275745,2.7036368811113887,2.8113148856558983,3.3227785691187113,0.12988235297749057,0.10782070968481966,0.12099729807823145,0.12342536847253277,0.11660178878568615,0.15600935998566143,0.14090723928656246,0.13592630779277196,0.11536041851465423,0.22698332527962556,0.20056656610254936,0.19337797382223657,0.22386443722536534,0.2923072919124661,0.26767701442863523,0.17203519447599525,0.15177350013690033,0.14511194752043066,0.1440851561744214,0.19364311707627974,0.13250161136003807,0.15625570476131626,0.24790845768900288,0.18710150622604022,0.17949093024834337,0.09944081439624419,0.10986968271352453,0.11281782320351041,0.111849735474461,0.1257719453651225,0.12250588548415739,0.11002956766282926,0.1099305130007496,0.11660367992751988,0.11194640295129572,0.10782225004307708,0.14814675516316728,0.20294145999233457,0.19686534421873977,0.21887817058467826,0.10355612146488077,0.13290861059751477,0.1619243982530861,0.1394570967773749,0.10768458728580659,0.11847874856825628,0.12225481935732278,0.11608599158685248,0.15157266417350257,0.13516477118375197,0.13571511402536315,0.12105732002562077,0.2158203431294298,0.22318560782206773,0.18074006567683965,0.22225171539308244,0.250415781461532,0.2735208760595588,0.17842195747013473,0.14814743658243765,0.14573030705095896,0.13807083231259437,0.18494790974105993,0.13908154235135503,0.16766494017850112,0.24242864569500364,0.1991499380345096,0.1697369396079913,0.10430089081033428,0.11367445549970197,0.11534620344580286,0.11542032073591216,0.11619024245430254,0.12400718153783498,0.10694073940199958,0.11399682600733171,0.11648209594681537,0.11635967693277971,0.11441313560066357,0.1549719817936413,0.19832749875606087,0.20202255066435842,0.23044886922776783,0.10398678960051887,0.13108161013047953,0.1661517249229979
34.0,2.556386898353261,2.715710267001107,2.636023964898122,2.610180170305565,2.4897649982480776,2.274612229240752,2.4628050901093226,2.501458446756689,2.6152123527781934,2.185769251551477,2.4155094847603444,3.247859052767916,2.850398980075828,3.209427156247071,3.210322548986727,2.5183041622842857,2.9863261748793706,3.0459155510365705,2.607242101254128,2.652896631236744,2.5330313003972487,2.9845202913717723,2.366986624062485,2.449017736242342,2.233496837992087,2.0937469277284118,1.8391567352442644,1.8459900829224383,1.8505581262778412,1.7645146257253295,2.229441405533016,2.1834637563501835,2.262004725196804,2.603735176544436,2.456362083534305,2.41748088853675,2.705989526654354,2.664768619959197,2.372849335308529,2.21616908657133,2.663597359567035,2.7820901482931744,3.3179290048077976,2.6018246889572945,2.6629239759940337,2.5792511558392834,2.6287050376524594,2.4582636961600657,2.187882496877453,2.3998648512201775,2.4368203158755226,2.6408852429833938,2.2076846785346333,2.3743067739866044,3.021758565702257,2.7294670274105637,3.162560823163922,3.3196225477157393,2.466920868634839,3.061797619261436,3.039832178034781,2.663764033353647,2.5140779833534297,2.6741850210999654,2.9554326623755554,2.196649796358808,2.316594734542652,2.169807225955664,2.124521206411337,1.891846981153349,1.8286320159291627,2.0262392785001424,1.7385732928397,2.1844788848381027,2.1492072923088226,2.2920547880426327,2.5876788717768293,2.4892718700387033,2.4318442802889804,2.849605751925087,2.709122216289454,2.3455041256284366,2.260828056355697,2.7008579410422637,2.810910982960285,3.3209219834367376,0.1303581026683631,0.10776278095041772,0.12074333373973203,0.12330709712880725,0.11646454319802788,0.15597891484302032,0.1407440035557272,0.1357932328317402,0.11504111488610469,0.22704057659783283,0.2006847701013965,0.1936626833963317,0.2238769987894814,0.2922542699446299,0.2675215037616674,0.17188355215476533,0.15177685928690826,0.14526273033064577,0.14423674772330486,0.19435042755052934,0.13237649253049313,0.15626317986817229,0.24805720028466427,0.18709750881841403,0.17944334993947803,0.09938102621557565,0.10983264414950816,0.11269649456996716,0.11195397547169239,0.12593895753748716,0.12270546396734544,0.11016276358381534,0.10997944757587357,0.11676932097230167,0.111839851389839,0.10768305574449513,0.1483027998763832,0.202922482571747,0.1970391999508044,0.21905409114489818,0.10342842443399188,0.13268426322446814,0.16217638651294375,0.13991022025450642,0.10761699050137331,0.11816477147254421,0.12204259034134637,0.11588127173708102,0.1511694373036132,0.13488261045320513,0.13562555275956625,0.12092856897160612,0.21585507177968316,0.2235365619419632,0.1810433876753748,0.22226005732078452,0.25042353234513887,0.27332739043636034,0.17829603439309874,0.1480757096171106,0.14576720817695968,0.1381401580574125,0.18560439701815298,0.13886478055989845,0.16754859858194318,0.2426402193451413,0.1990956292449227,0.1695978875096258,0.10419973985945596,0.11356470253021944,0.11528553749654846,0.11557269664661593,0.11643350638589431,0.12434808133164135,0.10697722282455677,0.11394236564281017,0.11636943781653629,0.11623254316975827,0.11430297766536297,0.15498655642622597,0.19827526002106277,0.2019876411468468,0.23052436373716767,0.10387495043750525,0.1309376108761421,0.16602242808226758
35.0,2.552859519773169,2.711298877689145,2.6321632715703576,2.6053598005766343,2.4883354654676486,2.2746454871570654,2.459722725965948,2.502163267223919,2.612587349322832,2.185536063103939,2.4121070204430413,3.240970203115238,2.848318206332543,3.214512732126541,3.210185488628502,2.517874584423015,2.9819734626183485,3.04044517558015,2.6021637591923508,2.648222724948608,2.5309919605644753,2.982545174872617,2.3644636820419063,2.445814903607354,2.230860397067137,2.093458193616994,1.8382458128270611,1.8439422372338332,1.8499839595687937,1.765048096438862,2.229119505207843,2.1830014552193178,2.262111365209939,2.60143084454049,2.455399017302145,2.417057918917965,2.701443666223359,2.6588834114485156,2.366894476460027,2.208752447178445,2.6611255477812303,2.782006325439566,3.3153208756564863,2.598220409037048,2.658685154904734,2.5757400312534307,2.623548337551479,2.457446260655099,2.189419375477071,2.396967724197192,2.4373204852325427,2.6386744791737047,2.2078352271748516,2.371435857342618,3.015899802231548,2.727459458353035,3.167203906896415,3.3202845539231403,2.464691885113695,3.057554802084043,3.034008508879695,2.659155747825448,2.509513968420571,2.671558352222085,2.9537942616718764,2.1960042672957907,2.312811824184235,2.167121689992952,2.123811011360051,1.8897155357593438,1.8267896287108993,2.0257004256796063,1.7385599483734024,2.1838591088048944,2.148423076064818,2.2917486660661197,2.585102011307595,2.48836010940539,2.4317754175192605,2.8447266174591035,2.7031263205168243,2.3389522386630084,2.254039291071505,2.698414839693708,2.8107644910309406,3.3190444437408697,0.13087687275582446,0.10773671898952158,0.12052831663365432,0.12321727095552105,0.11636515848352129,0.15599361531787867,0.14061668880344996,0.13569648951487764,0.1147475310791081,0.22715168141490366,0.20085058483316576,0.19399761181167804,0.2239471160740699,0.29223776843432303,0.2674129783184632,0.17176087920432773,0.1518176449110779,0.14545163177703463,0.14442679956940466,0.19511411621571556,0.1322822692615905,0.15631099693313213,0.24825974084592436,0.18713149156533554,0.17942158519617035,0.09935455570658197,0.10983173898172996,0.11260571764303626,0.11208872370697269,0.12614375181119503,0.12294537981155672,0.11032305755280612,0.11006049542754236,0.11697312736825474,0.11176229439686555,0.10757313924760671,0.1485077629696917,0.20295274174315237,0.19725567305913666,0.21926719784731302,0.10333088653000785,0.1324901936067918,0.16247683113310318,0.14041598102605296,0.10758562232766472,0.11788616315403061,0.12185653948029984,0.11571187888646152,0.15080392074113746,0.13462775945894473,0.13557045448849617,0.12082954854178755,0.21593754865726905,0.2239379621276737,0.1814091871464932,0.22231173276602417,0.2504733588430298,0.273183431228984,0.17820396237324987,0.1480491673354936,0.14584427600965316,0.13824560710173966,0.18631355190458057,0.13869031748550495,0.16747655365229477,0.2429083774087041,0.19908549205382167,0.16949048079930165,0.10413643604108813,0.11349072126054138,0.11525995199548764,0.11575597400836149,0.11672004531605702,0.12473651450713122,0.10704551446030855,0.11392138846048934,0.11628913273890878,0.11613275665997178,0.1142262835060095,0.15504623001127307,0.19827060870737195,0.20199202258037574,0.2306456859755717,0.10379422962002424,0.13082245108390347,0.1659371692668583
36.0,2.549378485310799,2.70704288323654,2.628578045435637,2.6007697056582537,2.4873035962443697,2.275036549328062,2.45696278511566,2.5034195242479442,2.6103341575485155,2.1857633270301786,2.4092144763782604,3.234272686377849,2.846371367719459,3.21924011386015,3.210035355284236,2.5175536827902536,2.977960959239231,3.0352513482878045,2.5975286133258577,2.643874891473225,2.5294233878311196,2.981042733503214,2.362085347582298,2.4430629357042855,2.2285113437045534,2.093472539773722,1.8376377609497794,1.842218722322736,1.849725719425476,1.7658612922177028,2.229046140993782,2.1828853066144442,2.2626190289124506,2.599432818627696,2.4548257916624148,2.416942665267985,2.6970837871363087,2.653086789925097,2.361283747101682,2.2017709037223754,2.658964229857735,2.7821511340331107,3.312695387224891,2.5945797358267066,2.654617456688511,2.5725284924917173,2.6186267188676773,2.4570474735468935,2.191378304136691,2.394428894851036,2.438382771854599,2.636831730410285,2.2085053338471496,2.369206369049135,3.010212728126171,2.725626586046016,3.171486655406195,3.3209217874181847,2.462613914797566,3.0536297777337564,3.0284426423652246,2.6550022986755097,2.5051796646589937,2.669400186668424,2.9525798481077064,2.195456007920206,2.3095254997764374,2.164714433596402,2.1234446604561956,1.8879467536583876,1.825298988844643,2.0254478238213913,1.7388474908736153,2.183475454515597,2.1479932027556337,2.2918297392801894,2.582804451951196,2.487788101689167,2.431970870021689,2.840027251227084,2.6971668210029445,2.332675207709598,2.2476856056219865,2.696266992799043,2.810834133803682,3.3171364718056586,0.13143623614846725,0.10774278998667883,0.12035254094825484,0.12315584720403232,0.11630314195037801,0.15605137210035705,0.14052439749852133,0.13563551253449505,0.11448034963153626,0.2273142483330742,0.20106193602155437,0.19437956153310645,0.22407151985571477,0.2922595217503118,0.2673521938527776,0.17166952494332993,0.15189480425444718,0.1456772479527503,0.14465495770658363,0.19593099566921715,0.13221883097822992,0.15639777153211395,0.248513668610021,0.18720237424997266,0.17942580885774412,0.09936102685652559,0.1098659069639399,0.11254509396703347,0.11225302419104206,0.12638447986733203,0.1232236079374841,0.11050994726748263,0.11017333675758738,0.11721344943919512,0.11171376379786777,0.10749275076433575,0.14875912556487494,0.20303048820028258,0.19751231657093862,0.21951548665775095,0.10326373852340405,0.13232730788931635,0.16282355629680187,0.14097171629538993,0.1075903122697857,0.11764331880053985,0.12169715063012979,0.11557726719642174,0.15047617028802474,0.13440069952732595,0.1355490162245749,0.12075990291155013,0.21606562138828156,0.22438639838183086,0.18183324806205226,0.2224046682474282,0.25056534906347433,0.27308953913358486,0.17814721682085763,0.14806745448444805,0.1459605754584866,0.138386730024006,0.1870715112332246,0.13855837639229746,0.1674487387067791,0.24323078336340792,0.19911855070312381,0.1694154852375979,0.10411010714590109,0.11345152434825759,0.11526817640175865,0.11596942240881773,0.11704683383090134,0.1251692911139609,0.10714586740733434,0.11393417214173997,0.11624199215494598,0.11606061520782116,0.1141826254361459,0.15515046244105957,0.19831340818085527,0.20203584128950786,0.23081148819923403,0.10374464579447429,0.13073623976625326,0.1658953914937192
37.0,2.5459213473840334,2.702914034709229,2.625224815676324,2.5963867510786947,2.486606879832181,2.2757169627221,2.454478643437907,2.505151315470902,2.6084118384024904,2.186396307535675,2.406796641084003,3.2277657003972453,2.844550247974938,3.2235916694692692,3.2098427498695505,2.5173148907524867,2.974255660732512,3.0303106978432663,2.5932925313654036,2.6398243174863314,2.5282708253159982,2.9799564303266095,2.359830220445063,2.440713447785354,2.2264344247792067,2.093743906570096,1.837304182045514,1.8407855425448176,1.849735447062996,1.7669053176870593,2.2291686867686753,2.183057901318196,2.2634604122241955,2.597695534060201,2.4545813615329983,2.4170893889933014,2.6928829643929353,2.647348085858307,2.355995889204847,2.1952015729813237,2.6570732835761093,2.78248311078599,3.3100434465950745,2.59088489553898,2.650692288887204,2.569570513094763,2.6139172420794665,2.4570031273060446,2.1936850765971356,2.3921998378115736,2.4399357211262376,2.635316216248739,2.2096267328764823,2.3675666803453206,3.0046977176301284,2.7239529644010645,3.175392072468553,3.3215031533361126,2.460667279109818,3.0499920479702163,3.0231116889385246,2.651259706468284,2.5010613740875685,2.6676574097394123,2.951735614131359,2.1949788273577098,2.306687980998853,2.162563449770201,2.1233768009611507,1.8865160042269478,1.824126818249702,2.025432685826892,1.739386506354179,2.183277603671388,2.1478607896767334,2.292232976830536,2.580741685449933,2.4874971476862786,2.4323859073663865,2.835475213470739,2.691220108848991,2.326649776091409,2.241737508554134,2.6943738160915363,2.8110786352142787,3.31518858940557,0.13203380617861965,0.10778128981395448,0.12021633355607587,0.12312280992825121,0.11627801546862442,0.15615011549496288,0.1404662555308764,0.1356097617366931,0.1142402803156679,0.22752590999102076,0.20131677737394382,0.19480532547222223,0.2242469970940528,0.29232129852270095,0.2673399353673627,0.17161187432518163,0.1520072957955772,0.14593818421606383,0.14492088534864705,0.19679789415185567,0.13218609462384107,0.15652213970162882,0.2488165855010439,0.18730909369275026,0.17945620564963768,0.09940009052600378,0.10993411242473537,0.11251425135768008,0.11244596594977926,0.12665934044421562,0.12353817038213946,0.11072296817191978,0.1103176840485039,0.1174886738222384,0.1116943210979264,0.10744216239049559,0.14905439157763908,0.2031540094674512,0.19780670496595895,0.21979696091986198,0.10322722296333611,0.13219655409254247,0.16321439643319816,0.14157481471717612,0.10763092516039399,0.11743668307980445,0.12156495404797811,0.11547692870131326,0.15018630017417658,0.13420194981250474,0.13556047774282495,0.12071932072863044,0.21623715743299107,0.2248784913444306,0.18231139185425896,0.22253681657204952,0.25069960153785265,0.27304628284215293,0.17812729444759823,0.1481302768172806,0.14611519444217894,0.13856308277972676,0.187874441064913,0.1384692115862474,0.16746510771413325,0.24360510440784783,0.19919385738576584,0.16937368602078887,0.10411989453054009,0.1134461306276537,0.11530895214882189,0.11621234954641217,0.11741089765306806,0.12564328307842784,0.10727857910636138,0.11398101882500981,0.11622886953964744,0.11601641946891408,0.11417159152092798,0.15529874289114107,0.19840354880234387,0.20211927248478395,0.23102043772889483,0.10372622589817032,0.13067909842632758,0.16589656356706875
38.0,2.542465658410804,2.698884083173108,2.6220601114747364,2.5921878023662615,2.486182805484981,2.2766182743075776,2.45222367681214,2.5072827385349346,2.6067794528319843,2.187380268825913,2.404818303078325,3.2214484430148955,2.842846630837327,3.22754976697529,3.209578273300073,2.517131641676226,2.97082456308871,3.025599852930255,2.5894113810217236,2.636042189663668,2.527479516137925,2.979229728405838,2.3576769003916382,2.438718055102767,2.224614387165937,2.0942262343775853,1.8372166785473187,1.839608702255747,1.849965183696444,1.7681312774721005,2.229434516410393,2.1834618301131887,2.2645682110649905,2.5961734260921285,2.454604681831738,2.4174523515004513,2.688814272993019,2.6416366297175347,2.3510096447408944,2.189021571733507,2.655412586715929,2.7829607924104094,3.3073559608491463,2.587118114386658,2.646881059042677,2.566820066603243,2.609396967665205,2.457249014403138,2.196265486599216,2.3902320277087155,2.4419078784320405,2.6340871562446333,2.211131158587782,2.3664651624703232,2.9993551449874802,2.7224231473297413,3.178903161858722,3.3219975568121076,2.4588322994737744,3.046611114553089,3.017992759046725,2.6478839917682424,2.497145398725235,2.666276906735521,2.9512077521911366,2.1945465347339725,2.3042514875310505,2.160646731518554,2.1235620801362924,1.8853986568414844,1.8232398388453779,2.0256062245975133,1.7401275808289247,2.1832152379734073,2.1479689541235407,2.2928933478627997,2.578869203546127,2.487428548192978,2.4329757991235046,2.8310380644317688,2.6852625751561963,2.3208526871316675,2.2361655084149357,2.6926947253045066,2.8114567191985245,3.31319131831516,0.1326672304828466,0.1078525439274859,0.12012005386049888,0.12311817012212986,0.11628931273250333,0.15628778956974365,0.14044141102019006,0.13561872202081784,0.11402806518333573,0.22778431846849284,0.2016130857771341,0.19527168056726701,0.22447038352476043,0.2924249089548806,0.2673770225673798,0.1715903564539222,0.15215408652844692,0.14623305067398035,0.14522426268592126,0.1977116477522965,0.13218400503066438,0.15668275466464307,0.24916610159447994,0.18745060362228402,0.17951297531245727,0.09947142726958165,0.11003534649413937,0.11251284793230204,0.11266667976130149,0.12696657368230246,0.12388713067498223,0.1109616918893839,0.11049328153891093,0.11779721923832227,0.11170405810476765,0.10742166982439282,0.14939108019139835,0.20332162423462677,0.19813642863893186,0.22010962840483084,0.10322159270093399,0.1320989282421536,0.16364718847332457,0.14222270971155695,0.10770735974361637,0.11726674917060616,0.1214605307311341,0.11541038953720305,0.14993448053420225,0.13403207118799965,0.13560411918147594,0.12070753450098427,0.21645003855222691,0.22541088475806612,0.18283946695556927,0.22270615490837037,0.2508762295811323,0.2730542641804237,0.17814571915792907,0.14823739832999333,0.1463072404491553,0.1387742245412169,0.18871852601487452,0.13842310618139292,0.16752563454525188,0.24402900520978407,0.19931049194720865,0.16936589153810458,0.10416495303053758,0.11347356649565253,0.11538103398589471,0.11648410090155492,0.11780930551785995,0.126155416575021,0.10744399049915399,0.11406225536987154,0.11625066248690717,0.11600047461971798,0.11419278529897463,0.1554905897887181,0.19854094969747488,0.202242525278521,0.2312712165203534,0.10373900556777695,0.13065116321044584,0.16594017743155628
39.0,2.5389889708090077,2.694924779694089,2.6190404620132224,2.588149725049244,2.4859688624567102,2.2776720310528735,2.450151261117819,2.5097378910821795,2.6053960617842398,2.1886604751063805,2.4032442508792244,3.2153201120722756,2.8412523000449483,3.231096774399604,3.2092125264914175,2.5169773689279764,2.9676346622983045,3.0210954422324914,2.585841030005575,2.632499694680988,2.5269947034157667,2.9788060908039613,2.355603987183428,2.4370283729087334,2.223035977739625,2.0948734635676742,1.8373468528882864,1.838654205811181,1.8503669705409276,1.7694902761980122,2.229791003796787,2.18403968378208,2.265875121354686,2.594820929977628,2.4548347074765093,2.4179858141959327,2.6848507879363397,2.6359217519721163,2.3463037556811592,2.183208016757137,2.6539420170567447,2.7835427156185077,3.304623837069184,2.5832616185824846,2.643155174696808,2.5642311265577855,2.605042956103266,2.4577209273087286,2.1990453278837414,2.3884769391723495,2.4442277891565323,2.633103769953554,2.212950345305989,2.3658501866633133,2.9941853844422135,2.721021688743623,3.1820029273519763,3.322373902981418,2.4570892973128196,3.0434564792420153,3.0130629631369548,2.644831175139835,2.4934180405908606,2.6652055629571865,2.9509424547353453,2.19413293917465,2.302168239052634,2.1589422718456293,2.123955145243039,1.8845700808784582,1.8226047725509638,2.025919653034682,1.7410213003116806,2.183238039122829,2.148260813391493,2.2937458215226814,2.5771424979820727,2.4875236040055198,2.4336958148631562,2.82668336435187,2.679270611025754,2.3152606841535626,2.2309401137513882,2.6911891361712574,2.8119271096921965,3.3111351803088986,0.13333418525295146,0.10795690725892462,0.12006409389472511,0.12314196595923947,0.1163365771942866,0.1564623469508564,0.14044903337146156,0.13566190356494115,0.11384448365266536,0.22808714137862962,0.20194885711618815,0.19577538242659207,0.2247385566865416,0.2925722117697241,0.26746431559004746,0.17160745250719575,0.15233414976530218,0.14656045816749094,0.1455647868696879,0.19866909359599536,0.1322125355784535,0.15687828411727978,0.24955983131076326,0.18762587500279665,0.17959633606888964,0.09957475050946299,0.11016862971485301,0.1125405763775265,0.11291433496962305,0.12730445582079714,0.12426858853549692,0.11122572458496859,0.11069990481084876,0.11813753251909316,0.11174309774438132,0.10743159438777522,0.14976671885262002,0.20353167697996888,0.19849908871530986,0.22045149872591452,0.10324710971760746,0.1320354801474272,0.16411976490919403,0.1429128736028869,0.10781954753670224,0.11713405773015713,0.12138451649053576,0.1153772063643298,0.14972093492829378,0.13389166983177347,0.13567925845967396,0.12072431963491578,0.21670215525236255,0.22598023785450355,0.18341333920056968,0.22291068220547972,0.2510953658114063,0.27311412341928515,0.17820404770262321,0.14838863851903975,0.1465358378390113,0.13901971607698838,0.18959995965824025,0.1384203704920792,0.16763031287650157,0.24450014271634476,0.1994675620819089,0.1693929373315483,0.10424445120353296,0.1135328675218581,0.115483191500359,0.11678405949163395,0.11823916195295765,0.12670266502192956,0.10764248529574108,0.11417823392330871,0.11630831471431553,0.1160130923400031,0.11424582582870027,0.1557255510702195,0.19872556091118235,0.20240584756536298,0.23156252130647934,0.10378302996377554,0.1306525871878618,0.1660257457272777
40.0,2.5354688369965572,2.691007875338091,2.616122396474112,2.5842493846559345,2.4859025400012738,2.278809779926387,2.4482147722344068,2.5124408707547707,2.604220726206479,2.1901821905825587,2.402039273004733,3.2093799054108594,2.8397590393361614,3.2342150597636143,3.2087161103592265,2.5168255058742246,2.964652954351792,3.016774094433718,2.5825373460277015,2.6291680192140245,2.526761630268281,2.9786289805840163,2.3535900805818657,2.4355960164554893,2.2216839433751088,2.0956395345118572,1.837666307501473,1.8378880575667822,1.8508928488115615,1.7709334184899788,2.2301855228056877,2.1847340531074617,2.2673138390131133,2.593592480970842,2.4552103933851765,2.418644038486296,2.680965584222622,2.6301727830914228,2.341856963997028,2.1777380248304206,2.6526214523781326,2.784187417122479,3.30183798233727,2.5792976343392153,2.639486043391453,2.5617576664990556,2.6008322678720472,2.458354658493413,2.201950394191548,2.3868860468323527,2.44682399868428,2.632325276931082,2.2150160273560426,2.365670124163446,2.9891888102383595,2.7197331425542632,3.184674372723572,3.322601096979245,2.455418594050301,3.0404976437966615,3.008299411656349,2.6420572771475364,2.4898656017033494,2.6643902637048607,2.950885914212269,2.1937118498054167,2.3003904552431544,2.1574280637556287,2.124510643542744,1.8840056457143288,1.82218834128576,2.026324184039771,1.7420182508162811,2.183295688820816,2.148679484776027,2.2947253669558134,2.575517060500105,2.4877236159201357,2.4345012241554724,2.8223786734727465,2.6732206075588576,2.3098505104803357,2.226031833110499,2.6898164644250735,2.8124485306311002,3.309010697161321,0.13403236982034758,0.108094764114291,0.12004887869633722,0.1231942631494086,0.11641936067712183,0.15667174425411057,0.14048831259170833,0.1357388423805494,0.11369035765388671,0.22843205862570293,0.20232210270483728,0.1963131609946812,0.22504842937011474,0.29276512081116124,0.26760272104579225,0.1716657031054895,0.15254646347164044,0.14691901473548916,0.14594217224838657,0.19966706398428635,0.13227168919298649,0.15710740810846918,0.24999539035295285,0.18783389685739232,0.179706528477181,0.09970981005741433,0.11033301502870214,0.11259716847407472,0.11318813634869075,0.1276712942077661,0.12468067486171243,0.11151470523232296,0.11093736049866643,0.1185080848799889,0.11181159508563697,0.10747228538629398,0.15017883671572688,0.20378253283159073,0.1988922921754065,0.22082058110055697,0.10330404427287797,0.13200731886078373,0.1646299475712873,0.143642812523358,0.10796745198100541,0.11703919581019312,0.12133760579793226,0.11537696298457853,0.14954593792224655,0.1337814005734021,0.1357852484829103,0.12076949309971079,0.2169914011728507,0.2265832176297456,0.18402888304484,0.22314841596067003,0.2513571668830064,0.27322654481726055,0.17830387517975466,0.14858386967567477,0.14680012587783325,0.13929911867819333,0.1905149359528078,0.13846134111547095,0.16777915679838518,0.2450161620336285,0.19966420404913066,0.1694556903084126,0.10435757186693183,0.1136230802330518,0.11561421077017688,0.1171116456988984,0.11869760092636596,0.12728204266217552,0.10787448933244419,0.11432933280463942,0.11640281800477607,0.1160545931396864,0.11433034806165424,0.1560032047141337,0.19895736596013935,0.20260953078222338,0.2318930643160039,0.10385835500501081,0.1306835427791188,0.16615279953391926
41.0,2.5318828093913464,2.6871051211710335,2.613262444039749,2.580463646714613,2.485921327372607,2.2799630678965026,2.44636758604135,2.51531577519486,2.6032125070459418,2.191890679459954,2.4011681579728776,3.2036270208721014,2.8383586324493013,3.236886991088681,3.2080596258190917,2.5166494858814974,2.9618464352396696,3.0126124382176576,2.579456196798849,2.62601834993854,2.5267255398143473,2.978641860809048,2.3516137803483588,2.4343726009952418,2.2205430309472662,2.096478387581623,1.8381466448199664,1.8372762618782221,1.85149485972343,1.7724118089731857,2.230565447314982,2.1854875288719833,2.2688170599600923,2.5924425143258887,2.4556706944756117,2.419381285778039,2.6771317368516607,2.6243590535448353,2.337648011659856,2.17258871273156,2.651410770459638,2.784853433634501,3.2989893037354805,2.575208387869593,2.635845072668476,2.559353659967692,2.5967419634498894,2.459086000427754,2.2049064792634625,2.3854108253186266,2.4496250523998153,2.631710896732792,2.217259939062885,2.3658733462098698,2.984365796619946,2.7185420626732446,3.1869005017487715,3.3226480439408106,2.453800511109571,3.037704109976691,3.00367921505206,2.6395183183558,2.486474384081632,2.6637778942790042,2.9509843230702044,2.193257075751945,2.2988703557822197,2.1560821002527444,2.1251832222968297,1.8836807207255568,1.821957266969068,2.0267710305142312,1.7430690183565554,2.183337868768496,2.1491680855725583,2.2957669533079037,2.5739483828425365,2.4879698847330824,2.4353472965705873,2.818091552036121,2.667088955856732,2.304598909435177,2.221411175039241,2.688536125799257,2.81297970595101,3.3068083906469457,0.13475950153714372,0.10826652809336515,0.12007486698083306,0.12327515542970338,0.11653722267692494,0.15691393814886004,0.14055845888566004,0.1358491012041458,0.11356655685588656,0.2288167598106484,0.20273084632111332,0.196881717207827,0.22539694347883907,0.293005611320624,0.26779319840543075,0.17176771516257333,0.15279000914872454,0.14730732253732162,0.14635615087770742,0.20070238145390515,0.13236149973499545,0.15736881754680387,0.25047039340729005,0.18807367763112148,0.17984381972388572,0.09987639598178864,0.11052759113451306,0.11268239990196437,0.11348732099025394,0.12806542258595452,0.12512154697920663,0.1118283037576043,0.11120548612766536,0.11890736842902642,0.11190973859125614,0.10754412284804306,0.1506249584686861,0.20407257262293768,0.19931364724375855,0.2212148824446999,0.10339267439001767,0.1320156178482113,0.16517554204392051,0.14441006202610754,0.10815106789526205,0.11698279573495446,0.12132055544185888,0.11540926715467953,0.14940981274363485,0.13370197006874554,0.13592147410467004,0.1208429116920472,0.217315667382611,0.22721649097565724,0.18468197356019236,0.2234173883381845,0.2516618184922555,0.27339226245420084,0.17844684047126685,0.14882301423443514,0.14709925750581218,0.13961199364077637,0.19145964162315898,0.13854638077168174,0.1679722021859363,0.24557469338957927,0.19989958393707807,0.16955505325956782,0.1045035128977062,0.11374326402700213,0.11577289609919378,0.11746631716015934,0.11918178032971372,0.12789059869370714,0.10814047000509805,0.114515957727141,0.11653521410432063,0.11612530906661071,0.11444600354716845,0.15632315953932666,0.19923638479999,0.20285391456300472,0.23226157457778426,0.103965049013075,0.13074422435837352,0.16632088629989
42.0,2.5282084404112872,2.6831882682588093,2.6104171338924633,2.576769376753571,2.485962713824632,2.2810634419316203,2.4445630784181085,2.5182867020445796,2.6023304652498416,2.193731205944025,2.4005956943016686,3.1980606562974843,2.8370428631226985,3.2390949363962243,3.207213673786671,2.5164227423162786,2.9591821009524577,3.008587102268002,2.5765534500297615,2.623021873530249,2.5268316751727617,2.978788194542102,2.349653686244325,2.4333097417801923,2.219597987330936,2.0973439631484596,1.8387594672768302,1.8367848231011588,1.8521250444916404,1.773876552272812,2.2308781512024964,2.186242701858269,2.2703174801154646,2.5913254652969004,2.456154565665675,2.4201518174776884,2.673322320823217,2.6184498938017113,2.333655640640988,2.1677371972387727,2.650269849080843,2.7854993018667447,3.296068708345907,2.5709761053863835,2.63220367006973,2.556973080504353,2.592749103315185,2.4598507455823375,2.207839376840278,2.3840027492610374,2.4525594956877037,2.631219848914273,2.2196138147514457,2.3664082240417543,2.9797167178309842,2.717433003012116,3.1886643182028345,3.322483649001341,2.4522153699139713,3.0350453795417414,2.9991794837712336,2.6371703193290923,2.483230689744572,2.6633153399800564,2.951183873757472,2.192742426139885,2.2975601603494065,2.1548823743411596,2.1259275287666655,1.883570675288601,1.8218782715201896,2.027211405359418,1.7441241889463361,2.1833142606670632,2.1496697330765335,2.296805549724591,2.5723919567516527,2.4882037112406223,2.4361893016786365,2.813789560283678,2.6608520470205628,2.2994826243413105,2.217048648084615,2.6873075360271224,2.8134793595877166,3.304518782540273,0.13551331091832294,0.10847264204290925,0.12014255213710358,0.12338476520871207,0.1166897303653196,0.15718688205326634,0.14065870255178067,0.13599227073795156,0.11347400399911002,0.22923894227171457,0.20317312184724207,0.19747772061536642,0.22578106429266734,0.29329572590532704,0.26803676676595783,0.1719161682474997,0.15306377128257545,0.14772397521679487,0.1468064733238831,0.20177185473178366,0.13248203382776727,0.15766121337012134,0.2509824526283688,0.18834424714160525,0.180008508411482,0.10007434281867982,0.1107514862201088,0.11279609535316223,0.11381115518883209,0.1284851966173071,0.125589384120491,0.11216621903287646,0.1115041500887375,0.11933389290048523,0.11203775161315746,0.10764752067956243,0.15110259847464638,0.2044001880991644,0.1997607590028109,0.2216324057859641,0.10351328570101785,0.13206161989763857,0.16575433264341516,0.14521218335780342,0.10837042124506385,0.11696553395432406,0.12133418802294008,0.11547374759481224,0.14931292903205645,0.13365413986263314,0.1360873488109849,0.12094446987068753,0.21767283655423222,0.2278767166376384,0.18536847917059482,0.2237156416428244,0.2520095407185006,0.27361206641760816,0.17863463170437352,0.1491060421945053,0.14743239884076773,0.13995790231263583,0.192430249456772,0.13867587896965555,0.1682095088892538,0.24617335019962047,0.20017289950819542,0.1696919697381842,0.10468148826671202,0.11389249317680215,0.11595807179394428,0.11784756870740185,0.11968887726769267,0.1285254119147247,0.10844093576409483,0.11473854337533472,0.11670659659748323,0.11622558683609462,0.11459246147443437,0.1566850562635381,0.19956267722698157,0.20313939130432024,0.23266679982260563,0.10410319477289151,0.13083485105881856,0.16652956796129698
43.0,2.5244232824742925,2.679229067667346,2.6075429952145877,2.573143440301106,2.4859641886112467,2.282042449000107,2.4427546252441195,2.5212777489460656,2.6015336617654405,2.1956490342402746,2.400286670509141,3.192680009528477,2.835803515094728,3.240821263707601,3.2061488551775708,2.516118708545086,2.956626947480633,3.004674715268521,2.5737849734312004,2.6201497766649213,2.527025279462354,2.9790114448462246,2.3476883980312024,2.4323590540625872,2.2188335594009985,2.0981902015838343,1.839476377305144,1.8363797455912652,1.852735444331294,1.7752787530140506,2.2310710083461016,2.186942162848938,2.271747795399066,2.590195769138041,2.4566009618732276,2.420909894991752,2.6695104111370274,2.6124146343314214,2.329858592911805,2.163160595130276,2.6491585660213026,2.7860835585314008,3.2930671032506305,2.566583013102335,2.6285332431371073,2.554569901649685,2.588830747946314,2.460584686427751,2.210674880662844,2.3826132932894977,2.4555558739324845,2.6308113530311092,2.222009388746678,2.367223128898249,2.975241948115511,2.716390517482451,3.189948825861003,3.3220768172960353,2.4506434918868663,3.0324909542514606,2.994777328260979,2.6349693006318655,2.480120820711096,2.6629494861084684,2.9514307587223643,2.192141710094907,2.2964120886242947,2.1538068790250664,2.1266982102136716,1.8836508787799249,1.821918076858417,2.0275965214767857,1.745134348599452,2.1831745462176726,2.150127544583389,2.297776125351563,2.5708032739697897,2.488366396239001,2.436982509049738,2.809440258457129,2.6544862721515643,2.294478398521955,2.21291476079362,2.6860901108419495,2.813906215477013,3.302132394615822,0.1362915370109793,0.10871357805672818,0.12025246356674776,0.12352324438413911,0.11687645930729582,0.15748852346343462,0.140788294203024,0.13616797125631958,0.11341368036406002,0.22969630975282715,0.20364697151836356,0.19809780795187257,0.2261977751294606,0.2936375802117961,0.2683345120242668,0.17211382048347018,0.15336673738130752,0.14816755569326215,0.14729290977567105,0.20287227556441692,0.13263339316775927,0.15798330641380845,0.251529176933031,0.18864465916808282,0.18020092989817357,0.10030353412894803,0.11100387207827557,0.11293813398242913,0.11415893129699403,0.12892898961037383,0.12608238310530748,0.11252817669043183,0.11183325175295972,0.11978618260241158,0.11219589415057386,0.10778293027888322,0.15160925517034732,0.20476377723530179,0.20023122519291162,0.2220711489846016,0.10366617167520095,0.1321466417894142,0.16636407789063995,0.14604676034730443,0.1086255692428966,0.11698812988480155,0.12137939531358877,0.1155700511908673,0.14925570070112182,0.13363872939319818,0.1362823110930617,0.12107409712939032,0.2180607769878047,0.22856053696941941,0.18608425509853824,0.22404122315300132,0.25240059376557045,0.27388680940290894,0.1788689918261084,0.14943296863259733,0.14779872942596103,0.14033640671516587,0.19342291246999788,0.13885025356534422,0.16849116380297233,0.24680972825949024,0.2004833826616045,0.16986742935372534,0.10489072928565012,0.11406985889507794,0.1161685839481793,0.11825493234889618,0.12021608412927086,0.1291835858547321,0.1087764356599434,0.11499755535701434,0.11691811278303564,0.11635579142674687,0.1147694100599644,0.15708856882129937,0.19993634673538885,0.203466410659217,0.2331075089980928,0.10427289202337463,0.1309556698138874,0.1667784192648875
44.0,2.520504887998259,2.6751992704625525,2.6045965571884695,2.5695627028855044,2.4858632409863777,2.2828316360703735,2.4408956023988613,2.5242130135414653,2.600781157539951,2.197589428554176,2.4002058751133166,3.1874842784065516,2.834632372103698,3.242048341044219,3.2048357709074167,2.5157108179344023,2.954147970814701,3.0008519059028944,2.5711066347139013,2.617373246018289,2.5272515958019426,2.97925507478446,2.3456965154703813,2.4314721530945955,2.2182344940322962,2.0989710432592465,1.8402689773379743,1.8360270337041908,1.853278100457504,1.7765695158220687,2.231091392623637,2.1875285026266122,2.2730407017307233,2.5890078611034295,2.4569488380161464,2.4216097797267584,2.6656690827928826,2.6062226056033255,2.326235610443667,2.15883602318427,2.648036799060573,2.786564740340626,3.2899753955317257,2.5620113372302082,2.624805199412444,2.5520980969443383,2.584963957821634,2.461223615434544,2.213338784471953,2.3811939320338955,2.4585427325187266,2.6304446286388665,2.224378395373512,2.368266432018514,2.9709418617175336,2.7153991599958274,3.1907370284985643,3.3213964539601215,2.4490651984516085,3.0300103358655335,2.990449858968444,2.6328712828285847,2.477131079000084,2.6626272179646895,2.951671170413167,2.191428736742675,2.295378360286462,2.152833607308671,2.1274499138992016,1.8838967005759877,1.8220434049030567,2.027877591767716,1.7460500833297428,2.1828684071214766,2.1504846373885624,2.2986136493344675,2.5691378262392517,2.488399240524458,2.4376821882540325,2.805011206798182,2.6479680223509576,2.289562975300311,2.208980021713238,2.684843265977028,2.8142189975546708,3.2996397486480937,0.13709192295870584,0.10898983753482668,0.1204051683873328,0.12369077535413747,0.11709699490863684,0.15781680192228778,0.14094650533943323,0.13637585459876309,0.1133866314078745,0.23018657169787357,0.20415044479035654,0.1987385826559536,0.22664407240038997,0.29403336831344096,0.26868759448351215,0.17236351400326447,0.15369789862493102,0.1486366343682139,0.1478152514756767,0.20400041640553662,0.1328157173570762,0.1583338180136138,0.25210817212896397,0.1889739947320529,0.18042146224764471,0.10056390740600858,0.11128396862436747,0.11310845523063429,0.11452996452421017,0.12939518841629472,0.1265987541932285,0.1129139267289104,0.1121927217274741,0.12026277356663903,0.1123844648894082,0.10795084464471413,0.1521424056685265,0.2051617396308883,0.200722632164097,0.22252910375350055,0.10385163425817648,0.1322720787498006,0.16700250641739675,0.1469113968747825,0.108916600793131,0.11705134474964658,0.12145714150076886,0.11569784038681855,0.14923858392841732,0.1336566189824474,0.13650582047190973,0.12123175487352342,0.21847733645905432,0.22926456945758758,0.18682513749761243,0.22439217931798658,0.2528352841700814,0.27421741378732417,0.17915172437603896,0.1498038513243627,0.14819744323489936,0.14074707074811185,0.19443375890972622,0.1390699532746969,0.16881728487217515,0.24748140609414845,0.20083030255100975,0.17008247353474748,0.10513048605159542,0.1142744714372871,0.11640330221070493,0.11868797728121655,0.12076060542240545,0.12986224436735688,0.10914755892994744,0.11529349254849248,0.11717096557373616,0.11651631019004699,0.11497655829021232,0.15753340594504422,0.20035754485271734,0.2038354839765111,0.23358249541600512,0.10447426040048148,0.13110695867022654,0.16706702631845455
45.0,2.516430809401097,2.6710706277103418,2.6015343489964313,2.5660040300350455,2.4855973602039496,2.2833625501108,2.438939385761776,2.5270165934729376,2.6000320135206185,2.1994976530912216,2.400318096632217,3.1824726607731755,2.833521217887963,3.2427585364274774,3.2032450218918274,2.5151725038507378,2.951712166945163,2.9970953028548823,2.568474301588608,2.614663468266093,2.5274558673103646,2.9794625474198595,2.343656638323297,2.4306006541284773,2.2177855380997014,2.0996404285461745,1.8411088698084044,1.835692691795612,1.853705054085354,1.777699945322064,2.230886677912961,2.1879443119739377,2.274128895030275,2.5877161764472043,2.4571371490122873,2.4222057330892333,2.6617714107905246,2.599843138086789,2.3227654352079163,2.1547405981789627,2.6468644259782295,2.7869013840066255,3.2867844922712908,2.557243303982755,2.6209909464376087,2.549511639928963,2.58112579341954,2.461703325073328,2.2157568820084457,2.379696140124083,2.461448616830964,2.6300788952931264,2.226652568956901,2.3694865046417033,2.966816832881078,2.7144434844637786,3.1910119298907507,3.3204114641288163,2.447460811031554,3.0275730261435623,2.986174186340778,2.630832286483731,2.4742477666304485,2.662295420849159,2.9518513012781926,2.19057731520885,2.294411195015501,2.1519405521961454,2.1281372870846664,1.8842835100532558,1.8222209775733937,2.0280058291336274,1.7468219791510347,2.1823455250796333,2.1506841287874767,2.2992530908190028,2.567351105302341,2.4882435448932547,2.438243608861658,2.800469965548529,2.641273688719904,2.284713097999597,2.2052149393904688,2.683526417165688,2.8143764297565035,3.297031366411625,0.13791221173183477,0.10930195131268544,0.12060127351723401,0.12388757224260045,0.11735093460932598,0.1581696476372818,0.14113262930199638,0.1366156065746373,0.11339397260420622,0.23070744317501204,0.2046815978429103,0.19939661534240408,0.22711696105908827,0.2944853678151595,0.2690972569107574,0.17266817997465292,0.1540562511533441,0.14912976773863326,0.1483733124757613,0.20515302895026685,0.1330291872895479,0.15871148137789978,0.2527170419053379,0.1893313661241362,0.18067053284557827,0.10085545934283657,0.11159104884158629,0.11330706505811104,0.11492358965265202,0.12988218946085675,0.12713671708100135,0.11332324088159222,0.1125825222509817,0.12076221088983456,0.11260380354103568,0.10815180301964236,0.1526995005192299,0.20559247195014022,0.201232550949252,0.22300425497106185,0.10406998494990098,0.13243940870470178,0.16766731325534065,0.14780371489457145,0.10924363729591134,0.11715598042736544,0.1215684663229802,0.11585679076146439,0.14926207528697566,0.13370875284617428,0.1367573531379187,0.12141743276350797,0.21892033586919293,0.22998539798964224,0.18758693825363443,0.22476654932307558,0.2533139715429218,0.27460487923359006,0.17948469953616336,0.1502187884881173,0.14862775044972928,0.14118946198577742,0.19545888806521772,0.13933546119744253,0.16918802608926273,0.24818594649559092,0.2012129693979804,0.1703382018111408,0.10540002908186817,0.11450546223488481,0.11666112152327769,0.11914630992369801,0.12131965536132235,0.13055852766787157,0.10955493461838872,0.11562688985016802,0.1174664154439317,0.1167075575235215,0.11521363803093655,0.15801931301759142,0.20082647597386835,0.20424718870363728,0.23409058055516319,0.10470744286437246,0.1312890304114494,0.16739498540161124
46.0,2.5121785991007153,2.6668148904766125,2.5983128998208227,2.562444287278039,2.485104035517897,2.283566738089783,2.436839351212326,2.529612586382593,2.599245290654663,2.201318972056891,2.400588123583862,3.1776443544698156,2.8324618361858658,3.242934217878743,3.201347209046445,2.514477199660595,2.949286531862524,2.9933815348081856,2.5658438417660707,2.611991630084086,2.52758333710643,2.979577325815463,2.3415473663513673,2.4296961724164263,2.2174714384780674,2.100152297816112,1.841967657149496,1.8353427242211933,1.8539683464299594,1.7786211461392152,2.230404238091932,2.1881321816735264,2.2749450712175547,2.586275150423517,2.4571048497795314,2.422652016485679,2.6577904701297315,2.5932455622511865,2.319426809175926,2.15085143689257,2.6456013245538315,2.7870520262415477,3.2834853005513973,2.5522611395727255,2.6170618917544766,2.5467645041442046,2.5772933152183852,2.4619596078146544,2.2178549670131167,2.3780713921899945,2.4642020722537583,2.6296733725495005,2.228763643821766,2.370831718006972,2.962867235850162,2.7135080447979156,3.190756533812845,3.3190907529373517,2.445810651050055,3.025148526845251,2.9819274208251056,2.628808332161732,2.471457185621084,2.661900980062334,2.951917343765734,2.1895612546190972,2.2934628124909797,2.1511057066916894,2.128714977031448,1.8847866765881787,1.8224175167887477,2.027932446475921,1.7474006220771563,2.1815555817933077,2.150669136075564,2.299629418950794,2.565398602901387,2.4878406101416264,2.438622040442736,2.7957840949498833,2.634379662359652,2.2799055099430365,2.2015900223723084,2.6820989801412214,2.8143372360182712,3.2942977696809024,0.13875014199737387,0.10965047986995362,0.12084142815652278,0.12411388235778,0.11763789084011923,0.15854498075927373,0.14134598263903778,0.1368869498084237,0.1134368955237791,0.23125664544131194,0.20523849374002945,0.20006844524646303,0.22761345044746026,0.29499594467091017,0.2695648330569404,0.17303084320223178,0.15444079801915395,0.1496454974112938,0.1489669317142751,0.20632684350836766,0.1332740291133163,0.15911504376278482,0.2533533897136873,0.1897159217323214,0.18094862573724402,0.10117825147051815,0.11192444418887154,0.11353404262854472,0.11533915764343945,0.13038839488215442,0.12769449701825508,0.11375590971682767,0.11300264772378142,0.12128304625395167,0.11285429349811389,0.10838639610320873,0.15327795859383353,0.20605436338175312,0.20175853343299704,0.2234945802834441,0.10432154635237736,0.13265019634667577,0.16835615646675386,0.14872135299499248,0.109606833822989,0.11730287831467377,0.12171448810387968,0.11604658878125261,0.14932671002776593,0.1337961421422293,0.13703639716762972,0.12163114448596317,0.2193875626764195,0.2307195638400483,0.1883654404438587,0.22516235802362386,0.25383707590862725,0.2750502908744642,0.17986986052802592,0.15067791665967853,0.14908888003327028,0.14166315407127858,0.19649436687398705,0.1396472993984752,0.16960358353153673,0.24892089928599068,0.20163073904127227,0.1706357786618617,0.1056986511409116,0.1147619860624491,0.11694096382826276,0.11962957396829886,0.12189045620407882,0.13126958880663633,0.1099992312242668,0.11599832136739105,0.11780578244834992,0.11692998015897087,0.1154804065166847,0.1585460742084173,0.20134340271310286,0.20470217277082864,0.2346306185475434,0.10497260965281277,0.13150223653442047,0.1677619020792349
47.0,2.5077258095150103,2.662403809827306,2.594888738843974,2.558860340142754,2.484320756182119,2.2833757469757012,2.4345488746299613,2.531925089912578,2.5983800498893146,2.202998649656683,2.4009807444862776,3.1729985573379715,2.8314460107357555,3.2425577534194194,3.1991129332868558,2.5135983387304877,2.9468380615572616,2.9896872304465516,2.5631711229570455,2.609328918147993,2.5275792483089727,2.979542873034319,2.3393472993160143,2.4287103232106575,2.2172769420422442,2.1004605914405277,1.842816941794336,1.8349431353365948,1.8540200187064204,1.7792842228986987,2.2295914470384006,2.1880347025080162,2.275421926212389,2.584639218286483,2.4567908952357267,2.422902891322628,2.653699335810251,2.5863992085658816,2.316198474319048,2.147145656103308,2.6442073725669517,2.786975203757578,3.2800687274541365,2.547047070212885,2.6129894429048797,2.5438106631307034,2.573443583696559,2.4619282561291174,2.219558833226832,2.3762711628614857,2.4667316441716514,2.629187279963533,2.2306433542930644,2.3722504433534763,2.959093444868826,2.7125773949097773,3.1899538440400854,3.3174032255209176,2.4440950399304557,3.0227063397302407,2.977686672868571,2.626755440427079,2.4687456379908914,2.661390780904671,2.951815490324102,2.1883543640990895,2.292485432392491,2.1503070637994957,2.129137631000945,1.885381569557226,1.8225997444684068,2.0276086566959997,1.7477365981219473,2.1804482589636556,2.150382776548267,2.2996776028755477,2.5632358107786914,2.487131737065839,2.4387727525673912,2.7909211552439577,2.62726233437138,2.275116954453835,2.1980757792057397,2.680520370636911,2.8140601402757848,3.2914294802304527,0.1396034441060236,0.11003601362561892,0.12112632667452346,0.12436998790209533,0.11795749476031499,0.1589407113380258,0.14158590691783923,0.13718964705823092,0.1135166741944923,0.23183190716453964,0.20581920327635692,0.20075058267195972,0.22813055054455197,0.29556755770180027,0.27009175664095025,0.17345462630436478,0.15485055183217183,0.15018234951521295,0.14959597540463898,0.20751856921356965,0.1335505187821268,0.15954326948144257,0.2540148215675359,0.19012685172625113,0.18125628973621188,0.10153241618480585,0.11228355051566916,0.1137895474863371,0.11577603210691846,0.13091220874559242,0.1282703210164508,0.11421173944022309,0.11345312536343855,0.12182383561438405,0.11313636482390546,0.10865527186778766,0.15387516206579285,0.20654579109811613,0.2022981085961103,0.2239980499955122,0.10460665421907754,0.13290609702354478,0.16906665408862526,0.14966196548943925,0.11000638067719624,0.11749291820611459,0.12189640667481914,0.1162669297180024,0.14943306051730182,0.13391986805916903,0.1373424472795431,0.1218729229112292,0.21987676409126208,0.23146355634874324,0.18915639445160637,0.22557760824413986,0.25440508570404086,0.275554828121572,0.1803092304148265,0.1511814087002301,0.14958008311775486,0.14216772971373356,0.19753622731572026,0.14000603458172992,0.17006420248261095,0.24968380534577336,0.20208301826274241,0.17097644096778222,0.10602566927082721,0.11504322325798709,0.11724177976064351,0.1201374504395742,0.12247023734811727,0.1319925905793968,0.1104811563722221,0.11640840402866993,0.1181904483341623,0.11718406311809144,0.11577664923555034,0.15911351491021372,0.2019086517886468,0.20520115897388688,0.23520150137970863,0.105269962814479,0.1317469716222316,0.1681673906693047
48.0,2.5030499930619095,2.657809136828301,2.5912183952482333,2.5552290541574876,2.4831850114505447,2.2827211237369465,2.4320213318941333,2.533878201705052,2.5973953521718234,2.204481950096077,2.401460747857497,3.1685344672190836,2.8304655252759647,3.241611511070894,3.1965127955287316,2.512509354426896,2.9443337520198902,2.9859890184536706,2.560412012872268,2.606646519133574,2.5273888440367993,2.9793026521394657,2.337035036978645,2.4275947217633993,2.2171867956671156,2.10051924979092,1.843628326175991,1.8344599294974813,1.8538121121298394,1.7796402802257134,2.2283956786302235,2.187594465260019,2.275492155934609,2.5827628152902555,2.4561342402987454,2.422912619006584,2.649471082831867,2.579273407500235,2.3130591726086647,2.143600372589373,2.6426424477971295,2.7866294532668956,3.276525680061593,2.5415833221159567,2.608745007430728,2.540604090429146,2.5695536593324437,2.4615450624872857,2.220794274390362,2.3742469267684627,2.468965877969195,2.628579837090816,2.23222343469572,2.3736910519203898,2.955495834181059,2.7116360887109265,3.1885868643477515,3.3153177870147554,2.4422942990961283,3.0202159665581787,2.973429052918311,2.6246296318442077,2.4660994257587894,2.6607117086766174,2.9514919334015772,2.186930452774489,2.2914312743996073,2.149522616523735,2.1293598962545506,1.8860435583368558,1.8227343825316635,2.026985672695277,1.7477804932992325,2.1789732382918556,2.1497681675010254,2.299332611738913,2.560818220676561,2.486058226462128,2.4386510148057585,2.7858487066724487,2.6198980958563056,2.2703241748552085,2.1946427184377706,2.6787500043860746,2.813503866464814,3.288417019834793,0.14046983617770206,0.11045917332399606,0.12145671191017092,0.12465620794879516,0.11830940079547381,0.15935473997306301,0.1418517710151072,0.13752350504351152,0.11363467178067546,0.2324309663257182,0.20642180654404396,0.20143951248928701,0.2286652686286987,0.29620276279249536,0.2706795707886717,0.1739427534553762,0.1552845381218874,0.15073883451269568,0.15026033971526964,0.20872489507025713,0.13385898719466727,0.15999494377577722,0.2546989497888802,0.19056339465052818,0.18159414734803594,0.10191816318146506,0.11266783453758178,0.11407382727224082,0.1162335856105501,0.1314520333103069,0.12886241412726138,0.11469054836792102,0.11393401597281053,0.12238313704407672,0.11345049759008641,0.1089591420063056,0.15448845147376114,0.20706511570022576,0.20284877882154245,0.22451262725283072,0.10492566003953366,0.13320886045158079,0.16979638137528127,0.15062322204513298,0.1104425053454544,0.11772701718760223,0.1221155061669221,0.11651751571709942,0.14958173482758833,0.13408108492720194,0.13767499909072475,0.1221428145938988,0.2203856400199543,0.23221380326577964,0.18995551474215736,0.22601027243153698,0.25501856649249277,0.27611977413247824,0.1808049193505295,0.151729471930245,0.15010063723591738,0.14270278429093614,0.19858046459905196,0.14041228487651858,0.1705701856720613,0.25047220194898745,0.20256927092937202,0.17136150610088216,0.10638042704840797,0.11534838203279167,0.11756255035600305,0.12066965776152092,0.12305623520293019,0.13272470288658925,0.11100145650375293,0.11685780164948245,0.11862185876637218,0.11747033638797104,0.11610218322615239,0.1597215044962437,0.20252262044911565,0.20574494937178556,0.23580216484673724,0.10559974138862589,0.13202367816012248,0.16861107412647347
49.0,2.498128702159287,2.653002622545529,2.5872583982159183,2.5515272948505467,2.481634290577077,2.2815344153419113,2.429210098884304,2.5353960194021243,2.596250258449419,2.205714137580552,2.4019929222155296,3.1642512819546407,2.8295121635448286,3.2400778588545447,3.193517396687663,2.5111836801163383,2.941740599240895,2.982263527513307,2.557522379222487,2.6039156197165774,2.5269573674087513,2.9788001261939585,2.33458917910069,2.4263009833268536,2.217185746227499,2.100282213238781,1.8443734127275293,1.8338591110595175,1.8532966679153084,1.779640422745428,2.2267643067452516,2.1867540607121803,2.275088456304063,2.580600376688969,2.4550738398864578,2.422635460944082,2.6450787861943126,2.5718374895236185,2.3099876460161246,2.1401927031289882,2.640866428023944,2.785973311481689,3.2728470654558377,2.535852121494738,2.6042999928738477,2.537098759580144,2.565600602604379,2.46074581935974,2.2214870842445484,2.3719501585408107,2.4708333190309437,2.627810263486937,2.2334356193546796,2.3751019149468484,2.9520747780309087,2.710668680112949,3.1866385985110863,3.312803342554078,2.440388749970429,3.017646909088716,2.9691316714214624,2.622386926977598,2.463504850943651,2.6598106486785995,2.9508928654464914,2.185263329770955,2.2902525581919253,2.148730357868617,2.129336420053648,1.8867480123035312,1.8227881528978254,2.0260147073751704,1.7474828936228517,2.1770802014790367,2.148768426229257,2.298529414686568,2.5581013243373323,2.484561379126758,2.438212096727979,2.780534309477049,2.6122633379156333,2.2655039144703615,2.191261348615377,2.676747297121994,2.812627138521143,3.285250910268416,0.14134702027144636,0.1109206105126427,0.1218333788861837,0.12497290069821168,0.11869329199446961,0.15978495918191027,0.1421429739202907,0.1378883788210897,0.11379234762108273,0.23305157283325434,0.20704439526140944,0.20213169874457368,0.22921460636729712,0.2969042167326234,0.2713299379051345,0.1744985536738019,0.15574179944289723,0.15131344741284034,0.1509599537098074,0.20994249184275152,0.13419982590592439,0.16046887757450404,0.2554033977283691,0.19102484497697383,0.18196290454430064,0.10233578632561935,0.11307684093699785,0.11438722602320982,0.1167111957978281,0.1320062653234985,0.129468995767879,0.11519216304011044,0.11444541480217821,0.1229595087218485,0.11379722557594071,0.10929878903579264,0.1551151208659134,0.20761067664201835,0.20340801625520422,0.22503626852026937,0.10527893419374822,0.13356033425025765,0.17054286834046006,0.1516028078691418,0.11091547485297404,0.11800612853528109,0.12237315764001852,0.11679805399817196,0.1497733754671801,0.1342810233098299,0.1380335428363281,0.12244087357113069,0.22091183574188344,0.23296666073426212,0.1907584773149967,0.2264582836422656,0.25567817044253793,0.27674652595778704,0.18135913229847322,0.15232234637147524,0.15064985142221843,0.14326793005707514,0.19962303615755558,0.1408667277381153,0.17112190265671923,0.251283629450527,0.20308902498887824,0.17179238067044766,0.10676229710404228,0.11567670092672223,0.11790228882564457,0.12122595183046184,0.12364569387186684,0.133463100566631,0.11156091658726117,0.11734722944522881,0.1191015256837542,0.1177893823682787,0.11645686080560823,0.1603699594231303,0.203185783443649,0.20633442971386842,0.23643159530116448,0.10596222731181727,0.13233285184233928,0.16909258441275676
50.0,2.4929394892250887,2.6479560180449058,2.5829652769293716,2.547731927750178,2.4796060828156583,2.2797471687589907,2.426068551479922,2.536402640645965,2.5949038296693296,2.206640476315604,2.4025420560784116,3.160148199386103,2.8285777092807045,3.2379391647917672,3.190097337679276,2.509594749165308,2.93902559921079,2.9784873863091414,2.5544580897184623,2.6011074065727406,2.526230061543652,2.977978758260833,2.331988325443563,2.4247807231532414,2.2172585405982956,2.0997034221555797,1.845023803882032,1.8331066843783623,1.852425727277942,1.7792357550830327,2.2246447052613347,2.185456079647109,2.2741435232405673,2.578106337736751,2.453548648916723,2.422025678541636,2.640495520897388,2.5640607851054047,2.3069626365127784,2.1368997645003467,2.638839191026959,2.7849653151141136,3.269023790718968,2.5298356945619562,2.5996258067761184,2.5332486441243653,2.5615614739907797,2.459466319217063,2.221563056530215,2.369332332808412,2.4722625127414544,2.626837778707477,2.234211642594888,2.3764314036720307,2.948830650662389,2.709659723027395,3.1840920503053565,3.3098287972740956,2.438358713976684,3.0149686690815165,2.9647716388251752,2.619983346391702,2.460948215564394,2.6586344862110907,2.9499644789071127,2.183326804214163,2.2889015034490217,2.147908280838338,2.12902184965962,1.8874703008337061,1.8227277774861927,2.0246469736370662,1.7467943851066297,2.1747188302263547,2.147326670028409,2.2972029808641707,2.555040613503279,2.482582495855957,2.437411267904173,2.7749455238994774,2.6043344516505496,2.260632916622515,2.187902178285572,2.674471664577976,2.811388680380574,3.281921673305847,0.14223267863044514,0.11142100810961153,0.12225717893235685,0.12532046602264751,0.11910888622577163,0.16022925551121045,0.14245894808557885,0.13828417675141466,0.11399126466433643,0.2336914918869807,0.20768507591127677,0.20282359045829856,0.22977555735307326,0.29767468065738256,0.2720446499433749,0.1751254636274029,0.15622140024608075,0.15190466839511813,0.15169478250387722,0.21116801479598502,0.13457349337614646,0.16096391315593203,0.25612580548356734,0.1915105616611106,0.18236336141141507,0.10278567098480566,0.11351020016319154,0.11473019310275698,0.11720824129128016,0.1325732923216309,0.13008827607204904,0.11571641394381454,0.11498745248150925,0.12355150705321978,0.11417714033916994,0.10967507407445727,0.1557524130393126,0.2081807876363922,0.20397325922286608,0.22556692436625908,0.10566686971213603,0.13396246728888378,0.1713035976175021,0.15259842448565689,0.11142559852363279,0.11833124060424195,0.12267082150068342,0.11710825516635553,0.15000865823198503,0.13452099300740505,0.13841755651499427,0.12276715441201252,0.221452934309018,0.2337184028815618,0.19156091785761922,0.22691952583135658,0.2563846466109078,0.27743660537536746,0.18197417721858883,0.15296030306576242,0.15122707221371054,0.14386280095128032,0.20065986148353215,0.14137010894257748,0.17171980035336798,0.2521156393712071,0.2036418803532737,0.17227056993403256,0.10717068395198438,0.11602745148705802,0.11826004247254131,0.12180612609591483,0.12423586668965632,0.13420496174273955,0.11216035984681733,0.11787745899111074,0.119631029798953,0.11814184414049148,0.11684057374916007,0.16105884670822201,0.20389870052891218,0.2069705739095675,0.23708883724516802,0.1063577521484018,0.13267504741933034,0.16961156343759495
51.0,2.4874644236110095,2.6426471713943003,2.5783056027079194,2.5438234780641307,2.477053343538174,2.2773087039532753,2.422561341805622,2.5368412294715177,2.5933233355727485,2.2072192286122707,2.4030787739239616,3.156220644813064,2.827652412414404,3.2351798868141834,3.1862270059101125,2.5077226604511935,2.936162954296504,2.9746407883095967,2.551184470652366,2.5981997283311364,2.525162284646586,2.976791819706952,2.329212388866477,2.4229946128806734,2.2173902426045813,2.098747112780008,1.8455562303913235,1.8321750826355603,1.8511622397527765,1.7783895504030864,2.221997902530401,2.18365639189359,2.2726059465272663,2.5752447578138944,2.45151186477847,2.4210473262297945,2.635698565308852,2.5559200012353283,2.3039621439103826,2.133696506852993,2.636529109573316,2.7835733130481515,3.265048169768417,2.5235204109544513,2.594700089735453,2.5290184426124074,2.557417124156916,2.457658317661732,2.2209670698221755,2.3663566385679426,2.473199440554002,2.625630606367038,2.2345011321661126,2.3776389864846292,2.9457607031319837,2.7085959637724257,3.180934400010278,3.3063666686797846,2.436190535346078,3.012156552478302,2.960328473822151,2.6173847149629936,2.4584181443146815,2.6571399051372158,2.9486620385485502,2.181097157950112,2.287338385140868,2.147037202613199,2.128380432861068,1.8881887972718676,1.8225260481264947,2.0228447732640467,1.745677750005999,2.171852045722582,2.1453992168500107,2.295303377027446,2.5516012204739056,2.4800767461609703,2.4362141416123877,2.769056717932697,2.5960932161349177,2.255689103866107,2.18453604461957,2.671891507086505,2.8097561464966754,3.278421253556254,0.1431251397228207,0.11196090974469157,0.12272897150026928,0.12569938817959253,0.11955664548818905,0.1606868495302251,0.14279951958418902,0.13871123652530284,0.1142329527586071,0.23434901424431645,0.2083422944733874,0.2035126762249793,0.23034593845209547,0.2985160734960976,0.2728249473925131,0.17582571408097908,0.15672264399479183,0.15251142267332957,0.1524648044961736,0.21239891844841197,0.13498053957521655,0.16147964751761687,0.25686452603204213,0.19202040312757596,0.18279631984165634,0.10326759049209983,0.11396717576055597,0.11510279948377872,0.11772414015914984,0.13315167500971267,0.13071879310708778,0.11626326674063767,0.11556017584897861,0.12415817020936047,0.1145906669005113,0.11008854144070322,0.15639811803757767,0.20877407670550396,0.20454261121117615,0.22610303248020677,0.10608951021395936,0.13441649926156204,0.17207657866840123,0.15360831175949757,0.11197314459302755,0.11870319025425102,0.12300958112676462,0.11744837335176092,0.1502882474499089,0.13480216426802083,0.13882697308763953,0.12312228007547085,0.22200712859504682,0.23446653725316063,0.19235953017052226,0.22739269866104725,0.25713846607798546,0.2781909927130906,0.1826512442771444,0.15364308739771124,0.15183170485340777,0.1444873377392775,0.20168858719423893,0.141922847387043,0.17236427281342784,0.2529665126651267,0.20422709203616118,0.17279685723344537,0.10760460903084196,0.11639950252287155,0.11863450854670424,0.12240996597502916,0.12482470439819716,0.13494802938031925,0.11280013536910201,0.1184488659613729,0.12021119442044205,0.11852800608449247,0.1172528433190859,0.16178778560078103,0.20466149894603428,0.2076537700437388,0.2377733160232053,0.10678617667000083,0.1330504864211796,0.17016783519243595
52.0,2.4817036424040855,2.6370783186695035,2.5732861154188025,2.5397971097176812,2.4739908925883496,2.274239432876821,2.4186982269667334,2.5367312154850694,2.591508881076866,2.207460649203752,2.4035970440693064,3.1524489533675855,2.826720387646635,3.23179284249437,3.1818959347502696,2.5055741748949365,2.9331556923707396,2.9707181861215854,2.5477046826421117,2.595197081434145,2.523749855267783,2.975231815114399,2.326246534619865,2.4209395496909045,2.217567183872348,2.097418704819598,1.8459679362822516,1.8310624543160772,1.8495127881546298,1.7771137560276373,2.2188395448007148,2.1813639834650056,2.2704878914005033,2.5720181928052095,2.4489736547447962,2.4197036305352473,2.6306820112686697,2.547421350984732,2.3009611993822583,2.1305492138217543,2.633938536380421,2.7818024028549573,3.2609181438630883,2.516909214005356,2.589525414573932,2.5244157536345777,2.5531635645157142,2.4553374228239018,2.2197203420312883,2.3630331222832637,2.4736598281968036,2.624192986316334,2.234325289517548,2.378728520371582,2.942849693746041,2.7074729182925807,3.177169533923439,3.3024039237550866,2.4338946495410423,3.0092090819490784,2.9557913280875034,2.6145960748158714,2.4559125525872436,2.6553227835708544,2.9469770984030745,2.178560563706257,2.2855556993990747,2.1461092370779746,2.1274148195554115,1.8888938908346264,1.8221800362902292,2.020614763565861,1.744144555542765,2.1684957271066514,2.1429951872701185,2.2928410603722837,2.5477868397772765,2.4770547744129043,2.434627705962378,2.762869490574726,2.587542962333081,2.250655115680492,2.181135099285549,2.669011163376742,2.8077329133940645,3.274747286967343,0.14402539118550406,0.11254020348130894,0.12324946972074101,0.12611035543647642,0.12003991207542476,0.1611623544262701,0.1431659957921644,0.13917144899677952,0.11451847192153272,0.23502448284994817,0.20901580133921885,0.20420065834545087,0.2309268999483512,0.29942657957682595,0.2736694069428274,0.17659633113483367,0.15724571638136703,0.15313446995994145,0.15326992491655353,0.21363589683549852,0.1354216561892097,0.16201860186980008,0.25762070768491313,0.19255600360232186,0.183262258131721,0.10377852857048481,0.11444523864131789,0.11550321439518269,0.1182584717278389,0.13374070113755154,0.1313604342979855,0.11683322990830775,0.11616317924165587,0.12478048340962773,0.11503736509360983,0.11053818449181396,0.15705240727695785,0.20939052981570166,0.20511697069768842,0.2266450088183127,0.10654542047368108,0.13492048012214322,0.1728620959821153,0.15463280225432374,0.11255807387708866,0.11912210625738584,0.12338870281015286,0.1178208569224947,0.15061267274043424,0.13512488789218366,0.13926362361646752,0.12350919179598477,0.2225752953531321,0.23521381636632757,0.1931553866912268,0.2278799745094268,0.2579386402559597,0.2790080615275428,0.18338667958243499,0.15436822984440796,0.15246325154165832,0.14514263891317358,0.20271389773138934,0.14252380955356742,0.17305522790741987,0.25383740298866286,0.20484226820178547,0.17336878152225604,0.1080614480597824,0.1167899894473213,0.11902285221272538,0.12303709101527201,0.12541290276611763,0.135692284294583,0.11347856235401729,0.11906004066222263,0.12083956763107839,0.11894649709023258,0.11769156778608414,0.16255481951818773,0.20547226552278683,0.20838174610351184,0.23848577329135567,0.10724529514010699,0.1334578507101956,0.1707619318992006
53.0,2.475661799625177,2.6312577929482366,2.567923597066242,2.5356516463155767,2.4704490159278936,2.2705775404783286,2.4145002403137474,2.5361110946856855,2.5894687798927705,2.2073879909288463,2.404096670791353,3.1488096876398535,2.825764215870566,3.2277729393150896,3.1770974440607955,2.5031627189283165,2.9300140476826595,2.9667175971367326,2.544031344887065,2.5921106242775185,2.5219987070437258,2.973301057369072,2.323077241051907,2.418621487151599,2.217776012977823,2.095733913849041,1.8462612939004128,1.8297733767307784,1.8474948636182584,1.7754324878181162,2.2151989327946056,2.178601119420863,2.267817416959921,2.568438822721723,2.4459584285598526,2.418007611008711,2.6254441539848354,2.5385784239453195,2.2979340919421163,2.127422002412762,2.6310783191532954,2.7796669942774597,3.2566330610972147,2.5100091904718917,2.5841105871696985,2.5194589007911743,2.5488005966670393,2.4525352059655967,2.217863175902394,2.3593835447850404,2.473676837466795,2.6225381624650863,2.233723209523174,2.3797149594694087,2.9400792576233945,2.7062882949390166,3.1728055148468903,3.297931141853722,2.431487514831804,3.0061305843459603,2.951151761541916,2.611632272386781,2.453431678449576,2.6531887981885554,2.94491028481976,2.175705666930376,2.2835539976456865,2.1451193222935814,2.126137260167254,1.8895789747065985,1.8216928833593253,2.017974690733918,1.7422185651803463,2.1646789930051047,2.140136902520894,2.2898415857046133,2.543610806498638,2.4735410936978193,2.4326692927718105,2.756392248574806,2.578692409182037,2.245514770776276,2.1776718225759466,2.665843956777072,2.8053312881152017,3.27089883232152,0.14493508506965339,0.11315863156646838,0.12381939942257927,0.12655413786497452,0.1205628456882363,0.16166185026549681,0.1435601275616282,0.13966716309964858,0.1148488297131498,0.23571878368757074,0.20970568860734395,0.2048903554720605,0.23152044660969695,0.3004034109854743,0.2745759287484012,0.1774329851305783,0.1577910584152603,0.15377504923195612,0.15411003594602155,0.2148804573321767,0.13589760718124932,0.1625840951597765,0.2583962397988275,0.19311947967448645,0.18376159662407274,0.10431471519579819,0.11494135248248359,0.11592908491213944,0.11881084422655284,0.13433982492076385,0.13201341783558815,0.11742695602719531,0.11679594802344521,0.12541994448471153,0.11551658564437835,0.1110225995457211,0.15771607560292503,0.21003048135963925,0.2056979708420202,0.22719379902351627,0.10703280827785744,0.1354716314678168,0.17366101766703732,0.15567274228276481,0.11318028177571135,0.11958797005200275,0.12380697678205212,0.11822877646361052,0.1509824787018165,0.13548933208506828,0.1397298676658735,0.12393148459893716,0.2231590359683657,0.23596434267441802,0.19395068288095044,0.22838445217677153,0.25878381611826334,0.2798855328251188,0.18417558830800843,0.15513267095942376,0.15312124675959565,0.14583013504010847,0.20374225788994943,0.1431714899415781,0.1737924772980921,0.2547302240447402,0.20548458384366342,0.17398305536326333,0.10853815903154744,0.11719559241473111,0.1194218131708823,0.12368705334019924,0.1260018230031496,0.1364382292716622,0.11419342936990734,0.1197091193063894,0.12151284556018653,0.11939553750228435,0.11815423823807666,0.16335757414137933,0.20632854943645565,0.20915152573412116,0.2392272968235442,0.1077323823678004,0.13389544633647102,0.17139460411280372
54.0,2.4693435492951137,2.6251939273082647,2.5622348296544817,2.5313859114625186,2.4664579995185356,2.266361211706552,2.409988415197192,2.5350193630724704,2.587211345731631,2.207024506626331,2.404577458367048,3.1452794102200547,2.8247664779793804,3.2231150847591654,3.1718248537026943,2.5005017189831586,2.9267482544813928,2.962637038746646,2.5401770765865774,2.588951515256969,2.5199147736109153,2.971001859356867,2.3196909865108384,2.4160463788303796,2.218003378497267,2.0937084554430747,1.8464386755914113,1.8283124271905078,1.8451259572784222,1.7733698616359443,2.211105367234389,2.175390064820669,2.264622582305161,2.56451882757437,2.442490595967802,2.415972287200905,2.6199832886653187,2.529404809708815,2.2948551106036494,2.124278989632165,2.627959305596926,2.7771814970585926,3.252192269565042,2.5028274271112845,2.5784644134008863,2.5141662076824653,2.5443280222107205,2.4492832383488885,2.215435874180366,2.3554296669038917,2.473283630160948,2.6206793787230573,2.2327339870569993,2.3806132579145913,2.9374310298828643,2.705039802062855,3.1678504055826426,3.2929389023293694,2.4289855894886343,3.0029253865210164,2.946401334106083,2.6085081541121475,2.4509757599691975,2.650743625666883,2.9424622241476808,2.1725211130702586,2.281333831302659,2.14406239632094,2.124560005121196,1.8902374420724082,1.8210677307157035,2.0149423009596217,1.7399235423821444,2.160430962044506,2.1368466838345,2.286330507830383,2.539086455723218,2.4695602171018307,2.4303562338583253,2.749633398682221,2.569550275618805,2.240251887864001,2.174118694783163,2.6624032106158437,2.80256357770249,3.2668749484011426,0.14585587647878748,0.11381596232461588,0.12443955185334574,0.12703154883849574,0.12112972910346632,0.16219157117289745,0.14398376231881085,0.140200819949881,0.11522512058717732,0.23643284147715768,0.2104120698204864,0.20558466059501332,0.23212861049407418,0.3014437324113861,0.275542398024067,0.17833127966629045,0.15835915474297255,0.15443442302896832,0.1549850405885107,0.21613411109209332,0.1364092055579274,0.1631795283251649,0.25919306109669205,0.19371299222504348,0.18429478124147164,0.10487230032010757,0.11545239427929306,0.11637799125871891,0.1193808556190331,0.13494848240020027,0.13267795551005762,0.11804511327351028,0.11745797378309746,0.12607808707704518,0.11602768871347878,0.11154036722415142,0.15838995074247103,0.21069427675103697,0.20628729101437793,0.22775039357874,0.10754989642755874,0.1360671373366647,0.17447422360086387,0.1567289651844613,0.1138396784031838,0.12010080818344533,0.12426317277286336,0.11867530253266646,0.15139827803674347,0.13589570255284614,0.1402281475697449,0.12439286227186569,0.22376002882539264,0.23672227899973997,0.19474765117304524,0.22890931512067064,0.2596726394298569,0.2808211258164937,0.18501303632116972,0.15593331083669856,0.15380523049754175,0.14655131086381887,0.20478016471206933,0.14386440102435233,0.17457585869766837,0.2556469356792962,0.2061511811466164,0.17463636965732177,0.10903168104981831,0.11761295247587013,0.11982806736930188,0.12435937383425404,0.12659279916592903,0.13718631752243576,0.11494249418815601,0.12039422414186604,0.1222276822440517,0.11987334820466117,0.11863833572562382,0.1641936411468326,0.2072278597348553,0.20996008269194896,0.2399989941937218,0.10824470271915983,0.13436158624400393,0.1720666507636861
55.0,2.4627535454347678,2.618895054827313,2.5562365951877295,2.5269987287632447,2.4620481293219685,2.261628631510226,2.4051837849675484,2.533494516644511,2.5847448923045504,2.2063934491349575,2.405039211073295,3.1418346836983457,2.823709754866268,3.217814186309378,3.166071483537016,2.4976046014912794,2.923368547016091,2.9584745283429283,2.53615449694001,2.5857309127682253,2.517503988605831,2.968336533963699,2.3160742493448643,2.4132201782949134,2.2182359290068976,2.091358045176389,1.8465024537008428,1.8266841830061138,1.842423560269867,1.770949993342555,2.2065881488424055,2.1717530847239543,2.260931446535863,2.560270387374159,2.4385945667127946,2.41361067866255,2.6142977105180822,2.5199140978669177,2.291698544380583,2.1210842924861075,2.624592343416296,2.7743603209413124,3.2475951173608424,2.4953710106807314,2.572595699145633,2.5085559979087364,2.539745642746619,2.445613091235805,2.2124787396100407,2.3511932494704775,2.472513368076214,2.6186298789999567,2.231396716993051,2.381438369843604,2.934886645643254,2.703725148015213,3.1623122689327774,3.287417784535751,2.4264053317817464,2.999597815326345,2.941531605700667,2.6052385664283997,2.448545035213579,2.647992942682392,2.9396335427358964,2.1689955475736866,2.2788957517920334,2.1429333972209252,2.1226953048418746,1.8908626861166806,1.82030771974131,2.011535340434402,1.7372832506115776,2.1557807528513835,2.133146852443072,2.282333381555516,2.534227122536269,2.465136657710991,2.427705861039593,2.7426013476462496,2.5601252805803525,2.2348502856542742,2.170448196199623,2.6587022482214135,2.7994420891983802,3.262674693988607,0.14678942952134263,0.11451199094268599,0.1251107830155261,0.12754344660699976,0.12174496792053545,0.1627579161641923,0.14443884873888,0.1407749544994976,0.11564852269777105,0.23716762031180386,0.21113508086647362,0.2062865402761051,0.23275345500409406,0.30254464797381186,0.276566666710144,0.1792867379404107,0.15895053226562442,0.1551138775063725,0.15589485308174783,0.21739837352059505,0.13695730988616578,0.16380838109508847,0.2600131551782807,0.19433873557692702,0.1848622690287241,0.10544732886898475,0.1159751261388157,0.11684742182618593,0.11996809780317932,0.13556609316064835,0.13335425580081736,0.11868839136146994,0.11814875140470031,0.12675648580949134,0.116570037361771,0.11209003755745583,0.15907489846891326,0.2113822760316005,0.20688666391343452,0.22831583083304907,0.10809491889448562,0.13670413205633283,0.17530260422457178,0.15780228700046503,0.11453618401039206,0.12066069830450626,0.12475603589604078,0.1191637166359763,0.15186075842029859,0.1363442446271249,0.14076100962484336,0.12489715805219387,0.22438005098246852,0.2374918739729719,0.1955485684416511,0.22945785435878244,0.26060374034818806,0.28181254137927186,0.18589403320125816,0.15676700877193064,0.15451473815851327,0.14730770509348773,0.20583415787710588,0.1446010626728307,0.17540522064251032,0.2565895365871132,0.20683915188373303,0.17532537702522125,0.10953891741230057,0.11803865309947163,0.12023820848377446,0.12505353779214914,0.12718713450195787,0.13793694744697405,0.11572347612017826,0.12111345122078628,0.12298067871066067,0.12037813624643166,0.11914131695225429,0.16506056599503183,0.20816764714621858,0.21080432705331428,0.24080198405576295,0.10877949548098848,0.1348545785811615,0.17277891617703706
56.0,2.4558964420649776,2.612369508583146,2.549945675670243,2.5224889218224775,2.457249691299907,2.256417984838105,2.4001073829753334,2.531575051400901,2.5820777333226683,2.205518071293525,2.4054817331870226,3.138452070664918,2.8225766274243957,3.211865151448524,3.1598306534247502,2.494484792884487,2.9198851595359074,2.954228083317186,2.5319762251467135,2.582459975207022,2.5147722856649763,2.9653073940754346,2.3122135079021895,2.410148839112846,2.2184603130829443,2.0886983986237313,1.8464550005743123,1.824893221488463,1.8394051637273598,1.7681969987993735,2.201676578340987,2.16771244419026,2.256772068751681,2.555705682132062,2.4342947505390016,2.410935804944358,2.608385714751121,2.5101198780113507,2.288438682286625,2.1178020279807312,2.6209882803164257,2.7712178756685564,3.242840952578839,2.487647027937473,2.566513250282091,2.502646595070245,2.5350532598745836,2.4415563358884027,2.20903207493628,2.346696053315444,2.471399213009508,2.616402907205528,2.2297504942053337,2.3822052493929586,2.9324277400233987,2.7023420411472707,3.156199167699308,3.2813583678265665,2.4237631999813884,2.996152197614042,2.9365341362463835,2.601838355771968,2.446139742250251,2.6449424259116454,2.93642486693347,2.1651176158884615,2.276240310535801,2.141727263054471,2.120555409753881,1.891448100024038,1.819415991818055,2.0077715553496427,1.7343214533320546,2.150757484052263,2.129059729578773,2.277875761685964,2.529046142023028,2.460294928611395,2.424735506133283,2.735304502216156,2.5504261430036888,2.2292937828576767,2.1666328071177463,2.654754392922149,2.795979129645278,3.258297127866269,0.14773742207703852,0.11524653961870002,0.12583401223487292,0.12809073532982443,0.12241308757300239,0.16336745659398705,0.14492744017911288,0.14139219597986002,0.11612029445989973,0.23792412417998615,0.21187488104264138,0.20699903383138948,0.23339707964335943,0.30370318885821546,0.2776465363517085,0.1802947898564356,0.1595657586053188,0.15581472237096636,0.15683939919447118,0.21867476439088498,0.13754282061836015,0.16447420792840828,0.260858546114728,0.19499892704187363,0.18546451448275533,0.10603571718685954,0.1165061687272304,0.11733474975045982,0.12057216039742064,0.13619206187955518,0.13404252662481628,0.11935750658899666,0.1188677760337739,0.1274567604171526,0.11714299101199983,0.11267011613420734,0.15977182700389408,0.21209485687817684,0.20749788152680343,0.22889119931367438,0.10866611675192768,0.13737968881123497,0.17614705928720165,0.1588935017648996,0.11526972409773323,0.12126777389956643,0.12528428267992386,0.11969741949119464,0.15237068857737146,0.13683524466655658,0.14133112254497437,0.12544835135535984,0.22502099813079846,0.2382774851521445,0.19635576253057765,0.23003348951636188,0.26157571991294787,0.2828574463953093,0.186813515709305,0.15763058243113648,0.15524929071128393,0.14810090986346783,0.2069108275530933,0.1453799923817759,0.1762804081870824,0.2575600574151567,0.20754552025126755,0.17604667558470954,0.11005671913009207,0.11846920236448674,0.1206487299891438,0.12576899071824701,0.12778609819818015,0.13869045771645785,0.11653404860642831,0.12186485887365511,0.12376837227361119,0.12090808160951269,0.11966060074222573,0.16595583642919814,0.20914528728090734,0.21168109180594286,0.24163738764082723,0.10933396080911263,0.13537271602455667,0.17353228679061813
57.0,2.4487768932066016,2.605625621653479,2.5433788531061996,2.517855314244944,2.452092971414054,2.2507674566389144,2.3947802425710476,2.5292994633407124,2.579218182497127,2.204421625940786,2.4059048289851495,3.135108133709971,2.8213496765469444,3.205262887659415,3.1530956832269617,2.491155719594573,2.916308326289989,2.949895721061028,2.5276548804060597,2.579149860969082,2.5117255984248428,2.961916752577982,2.3080952405310304,2.4068383148518304,2.2186631793016396,2.0857452313597857,1.8462986885574175,1.8229441199483842,1.8360882587856533,1.765134993867828,2.1963999564524666,2.1632904082790683,2.2521725080522628,2.5508368918590416,2.429615557190577,2.4079606855970463,2.602245596572417,2.5000357397338018,2.2850498133354646,2.114396313122183,2.6171579640023164,2.767768570983251,3.237929123313303,2.479662565638696,2.560225872688395,2.4964563227672767,2.5302506751944547,2.4371445435687438,2.2051361829039346,2.341959839269433,2.469974326757797,2.6140117072495133,2.2278344135678405,2.382928850699154,2.9300359481421108,2.7008881898101182,3.149519164684286,3.274751231555502,2.4210756523577994,2.992592860236185,2.931400485663912,2.598322368579265,2.4437601191467113,2.6415977520311844,2.932836823089485,2.1608759634623596,2.2733680589559984,2.1404389318824664,2.118152570281846,1.891987076979116,1.8183956883278776,2.0036686918967748,1.731061914006994,2.145390274273693,2.1246076364737747,2.2729832030276564,2.523556849268737,2.4550595428891335,2.4214625009570505,2.7277512691412054,2.54046158182582,2.223566198184775,2.1626450078299486,2.6505729680464025,2.792187006085618,3.253741308816531,0.1487015493462969,0.11601945706085647,0.12661021995528776,0.1286743655552649,0.12313872752515931,0.16402694005041116,0.14545169673827982,0.14205526707862792,0.1166417708219095,0.23870339734989013,0.21263165430598358,0.20772525237690737,0.2340616255593647,0.30491630177399887,0.27877974220061963,0.1813507599024274,0.16020544041616602,0.15653829068655092,0.15781861641565537,0.2199648075715324,0.13816667625370463,0.165180633083429,0.26173129412662977,0.19569579690185446,0.18610195672962465,0.10663323083212747,0.1170419762821088,0.1178372110413348,0.1211926341303652,0.13682577972517818,0.13474297775481042,0.12005320597472674,0.11961453994062322,0.12818057881002934,0.11774589894132045,0.11327905131644486,0.16048169056204634,0.21283241694455846,0.20812279988849441,0.2294776393019513,0.1092617338694315,0.1380908088987327,0.177008496433416,0.16000337633051942,0.11604022423534543,0.12192222772376116,0.12584659733669337,0.1202799365116835,0.15292892358669855,0.13736903082529192,0.141941293103389,0.126050580437216,0.2256849028117143,0.23908359982140137,0.19717161779971426,0.23063978803312862,0.2625871374559225,0.2839534589951359,0.18776633173258991,0.15852080654313216,0.15600838509590648,0.14893256987013528,0.20801681971511723,0.14619969639660765,0.17720124958434685,0.2585605542755073,0.20826722609767326,0.17679679310813412,0.1105818687567422,0.11890101564931445,0.12105600762047712,0.1265051342735622,0.12839092254749868,0.13944712265659986,0.11737183203485559,0.12264645687160801,0.12458722599928725,0.12146132515355679,0.12019355525199141,0.16687687163948656,0.21015806520132763,0.21258711981727815,0.24250632049329476,0.10990524618730396,0.1359142660913328,0.17432768753586303
58.0,2.4413995528804717,2.598671727116082,2.536552909499894,2.5130967296353535,2.446608255626119,2.2447152318613957,2.3892233971051984,2.5267062484630554,2.5761745535390395,2.2031273659155337,2.406308302744603,3.1317794354236685,2.8200114831271015,3.198002302424819,3.1458598928046406,2.4876308080533502,2.9126482815274652,2.9454754589660412,2.5232030819173823,2.575811728450133,2.508369860521913,2.9581669223572593,2.303705925579583,2.403294559079511,2.2188311762392154,2.0825142589593058,1.8460358899957656,1.82084145569674,1.8324903365795078,1.761788094409346,2.1907875838991666,2.1585092420499263,2.2471608235372376,2.5456761965661046,2.42458139641166,2.404698340171354,2.595875651189956,2.4896752726260076,2.281506226540819,2.1108312649165977,2.613112242178945,2.7640268166283413,3.2328589776584638,2.471424710541645,2.553742372242661,2.490003504600119,2.52533769030609,2.432409285538861,2.200831366257853,2.3370063681631,2.468271871118037,2.611469523041626,2.225687569954589,2.38362412789866,2.92769290511822,2.6993613023549177,3.1422803226897553,3.267586955076278,2.4183591471812202,2.9889241300448686,2.9261222138739273,2.5947054512867354,2.441406403970429,2.6379645977175974,2.9288700375530192,2.156259235743176,2.270279548474603,2.139063341765829,2.1154990368503594,1.8924730101665255,1.8172499506527018,1.9992444962672102,1.7275283960997856,2.139708242142217,2.1198128943602077,2.2676812603865395,2.517772579358634,2.449455013630281,2.417904177328563,2.7199500551706537,2.5302403159837232,2.2176513503461837,2.1584572786286436,2.6461712969225424,2.7880780255618127,3.24900629562175,0.14968352613702218,0.11683061730285092,0.12744044473150606,0.1292953341095279,0.12392663257441473,0.16474329050533676,0.14601388577725993,0.14276698176977315,0.11721435917968535,0.23950652458325483,0.2134056107252591,0.2084683776509643,0.23474928195476824,0.306180838241557,0.2799639385496345,0.1824498558211885,0.16087022151889982,0.1572859385386974,0.1588324540116206,0.2212700303234145,0.1388298493353663,0.16593134480811114,0.26263349133776187,0.19643157887388063,0.186775007611014,0.10723546363622226,0.11757881313057665,0.118351884280742,0.12182911383655391,0.13746662561953688,0.1354558229131011,0.12077627046154063,0.12038852927260878,0.12892965902473508,0.11837809384864804,0.11391522255827623,0.1612054919529061,0.21359537547528,0.20876334259459875,0.23007634365516816,0.10988001236744428,0.13883441165394386,0.17788782954552135,0.16113264466317717,0.1168476046036849,0.12262431391990668,0.12644162834046394,0.12091492041209873,0.15353640939021937,0.13794597322412427,0.14259447883951654,0.12670815084072962,0.22637395082374007,0.23991485341670937,0.19799857963727935,0.23128048247733807,0.2636364989767857,0.2850981347446225,0.18874722472089647,0.15943441111343906,0.15679148489708994,0.14980438118611147,0.20915883893858334,0.1470586618253541,0.1781675440175763,0.2595931026906245,0.20900110851729378,0.17757217154370225,0.11111106443732363,0.11933039869323886,0.12145628207295198,0.12726132237215895,0.1290028005685898,0.14020714794283223,0.1182343867700381,0.12345619625996718,0.1254336183154342,0.12203595780155758,0.12073748591378178,0.1678210120679013,0.21120316133164596,0.2135190511824445,0.24340988449088044,0.11049043336954804,0.13647746244611295,0.1751660778879748
59.0,2.4337690751074463,2.591516158048675,2.5294846268554974,2.5082119915984498,2.44082582989782,2.238299495454295,2.3834578799282875,2.523833902767007,2.572955160159534,2.2016585440565453,2.4066919587423192,3.128442538396204,2.8185446280580346,3.190078303227549,3.138116602018822,2.4839234846926423,2.908915259497492,2.9409653144238552,2.51863344888004,2.5724567360459005,2.504711005592685,2.954060216299136,2.2990320413960874,2.3995235253635347,2.2189509524719253,2.079021196996981,1.8456689772349393,1.8185898060443797,1.8286288882436645,1.7581804162853465,2.1848687614034263,2.1533912105623454,2.2417650743062647,2.5402357762642334,2.419216677946411,2.4011617882179843,2.5892741738117193,2.4790520662796838,2.277782210916393,2.1070710003701385,2.6088619625513347,2.76000702234679,3.2276298637085885,2.4629405494035206,2.54707155482305,2.483306464169029,2.5203141068093124,2.427382133060793,2.1961579277429064,2.3318574008270785,2.4663250078871712,2.608789598491637,2.2233490582395854,2.384306035128007,2.925380246070538,2.6977590871327943,3.1344907045177615,3.2598561177425904,2.415630142721911,2.9851503338921836,2.9206908807971157,2.5910024503307874,2.4390788347889343,2.6340486396474097,2.924525136673132,2.151256078178684,2.266975330513637,2.1375954307654497,2.1126070598840543,1.8928992927708987,1.8159819201744618,1.994516714652354,1.723744663073857,2.133740506284382,2.1146978244702566,2.26199548856854,2.5117066673779473,2.443505853920922,2.41407786706548,2.7119092670537963,2.519771064414405,2.21153305805246,2.1540420998062486,2.64156270287892,2.7836644951163176,3.24409114706432,0.15068508782215537,0.117679917774139,0.12832577935657594,0.1299546833262378,0.12478164117118344,0.16552360450138662,0.14661638069695654,0.1435302416798461,0.11783953481988585,0.24033463112962083,0.2141969881401118,0.20923166051600076,0.23546229344170816,0.3074935447167133,0.281196685311289,0.18358715809612833,0.161560780815836,0.15805904454737077,0.15988087289289027,0.2225919621063793,0.13953334225382272,0.16673008862826943,0.26356725758205873,0.19720850111530377,0.1874840407446444,0.10783781796688767,0.11811273169521726,0.11887567194274949,0.12248120104447616,0.13811396737386553,0.1361812815365941,0.12152751714862196,0.12118922067863883,0.1297057700146396,0.11903888555015314,0.11457692988855293,0.16194428416525683,0.2143841741343526,0.2094215030463531,0.2306885578607089,0.11051918783879322,0.13960732504161855,0.17878597677343663,0.16228200154935113,0.11769177425808501,0.12337434874005401,0.12706798536479572,0.12160615079270824,0.1541941864404878,0.13856648350423048,0.14329379764485142,0.12742553942925725,0.22709049569878836,0.24077604546535963,0.19883915787288164,0.23195948584977416,0.2647222465494484,0.2862889538145391,0.18975081864187385,0.16036807913848738,0.15759801131462073,0.15071808973609363,0.21034364866231267,0.14795534980747038,0.17917905044146937,0.2606597919948438,0.2097438898045327,0.17836915188873767,0.11164090414374764,0.1197535309691941,0.12184564185357291,0.128036857431319,0.1296228841325343,0.14097066663991273,0.11911920638302219,0.12429195985212076,0.12630383274118853,0.12263001106766917,0.12128962414125051,0.16878550985832397,0.21227763868161242,0.214473410965978,0.244349160215265,0.11108652583565803,0.13706049725408784,0.17604844763008998
60.0,2.4258901139083746,2.5841672475290207,2.5221907871772675,2.503199923738937,2.434775980190858,2.231558432366328,2.377504724390817,2.5207209222516584,2.5695683160697587,2.200038413202572,2.4070556012552022,3.1250740052177473,2.8169316922329286,3.1814857975503985,3.1298591307305252,2.480047175944255,2.9051194944492242,2.9363633048260604,2.5139586004934036,2.569096042152092,2.5007549672736498,2.9495989472895285,2.2940600663287265,2.395531167271577,2.2190091565759755,2.0752817610475356,1.8452003226205573,1.8161937483021515,1.8245214049128973,1.754336075357266,2.178672789687554,2.1479585788758424,2.236013319458989,2.5345278109643754,2.413545811539008,2.3973640492876505,2.5824394596456752,2.468179710286523,2.27385205547591,2.1030796364889337,2.604417972824455,2.7557235978815067,3.222241129557906,2.4542171689815406,2.540222226307691,2.476383525074293,2.515179726303995,2.422094657396609,2.1911561701039393,2.3265346980920354,2.4641668988621213,2.6059851775092446,2.2208579732968357,2.384989526523658,2.923079606117887,2.69607925249489,3.1261583729703446,3.251549298908145,2.4129050972500874,2.9812757986302136,2.91509804635418,2.587228212147856,2.436777649669721,2.629855554497204,2.9198027467988874,2.1458551362167033,2.263455956495116,2.136030136942244,2.1094888898075324,1.893259317976858,1.8145947382750847,1.9895030932436049,1.7197344783926016,2.1275161853267086,2.1092847480360613,2.2559514423796014,2.5053724484119226,2.437236576847136,2.4100009019854616,2.703637311539895,2.509062546054866,2.205195140014196,2.149371951655177,2.6367605092439046,2.778958721791538,3.238994921926613,0.15170798987399425,0.11856727653043038,0.12926736601482944,0.13065349951027524,0.1257086706478041,0.16637514312211407,0.14726165772403982,0.14434803082504302,0.11851883572422367,0.2411888824269342,0.2150060540150594,0.21001841902240967,0.23620296840190683,0.3088510535652189,0.2824754358604304,0.18475761029523166,0.1622778299150139,0.15885900921351173,0.1609638451940267,0.22393213280993918,0.1402781827958519,0.16758065969296723,0.26453473621996576,0.19802877783250503,0.18822938162309058,0.108435486176866,0.1186395520238078,0.11940528343610286,0.12314850612277756,0.1387671626923914,0.1369195801955932,0.12230780049980389,0.12201607778243527,0.1305107312193758,0.1197275548654152,0.11526238464809621,0.16269917087157104,0.2151992770004183,0.2100993453989125,0.23131557931372182,0.11117748435771506,0.140406276942594,0.1797038582108304,0.1634520956606281,0.11857262510529643,0.12417270975453057,0.1277242366032249,0.12235753051143687,0.1549033923646571,0.13923101368462815,0.14404253397074368,0.12820739375631984,0.22783707106025297,0.2416721528576932,0.1996959290079076,0.23268090469669458,0.2658427488471615,0.28752330918238606,0.190771603512091,0.16131844378077434,0.1584273344753303,0.15167548939191097,0.21157806888685135,0.14888818979993274,0.18023547757835068,0.26176272020736063,0.2104921598017265,0.17918395941718418,0.11216787013948595,0.12016644938820083,0.1222200062777992,0.1288309867808406,0.13025228266407782,0.14173773563728367,0.12002371108608835,0.12515155338414446,0.12719404773885606,0.12324144907690188,0.12184711688999539,0.1697675199952697,0.21337843136997614,0.21544659736595975,0.24532519975659425,0.11169043685934327,0.13766151469248256,0.17697581241456212
61.0,2.4177673233041115,2.57663332863486,2.5146881724694357,2.498059349661545,2.4284889924669253,2.224530227546274,2.3713849638432856,2.5174058029161057,2.5660223349808415,2.1982902261924013,2.407399034560182,3.1216503984784776,2.8151552565449727,3.1722196928761495,3.1210807988007816,2.476015308239981,2.9012712206317968,2.931667447564263,2.5091911559568274,2.5657408051644577,2.4965076792013003,2.9447854282143284,2.2887764787257203,2.3913234383712716,2.21899243712761,2.0713116666856783,1.844632298498212,1.8136578597809088,1.820185377721957,1.7502791874865278,2.172228969473908,2.1422336120499326,2.229933618095034,2.528564480677541,2.4075932069335844,2.39331814293108,2.575369803899817,2.457071794238255,2.269690049233053,2.0988212902791403,2.5997911207033266,2.751190952975449,3.216692123300681,2.44526165603294,2.533203192574736,2.4692530109161837,2.50993435038997,2.4165784298083426,2.185866396085802,2.321060020788601,2.46183070583989,2.603069504004206,2.2182534100003597,2.3856895562221214,2.920772620379083,2.694319506792358,3.117291390849549,3.2426570779266317,2.4102004690360115,2.9773048511110702,2.9093352704657955,2.5833975831743534,2.434503086680279,2.6253910189435263,2.9147034942793693,2.140045055304974,2.259721977841041,2.1343623983571125,2.106156777045406,1.893546478969034,1.8130915463364987,1.9842213782323925,1.7155216055194487,2.121064397895739,2.1035959862897773,2.2495746766256617,2.498783257545818,2.430671695495003,2.4056906139061707,2.695142595378195,2.498123479842088,2.1986214149419707,2.144419314467865,2.631778039345847,2.7739730126298983,3.2337166789910023,0.15275400584675589,0.11949262850940517,0.1302663902920327,0.13139291048589133,0.12671269921541403,0.16730531944997218,0.14795229040281183,0.145223408491726,0.11925385649721881,0.24207048340024162,0.21583310745194215,0.21083203588533056,0.2369736883977532,0.31024987490970973,0.28379752616894793,0.18595601034205422,0.16302211035831482,0.15968725408088502,0.16208135342611646,0.2252920702877468,0.14106541934646108,0.168486894111069,0.2655380898913474,0.1988946015592094,0.18901129881379788,0.10902343327693703,0.11915484294895355,0.11993722003312778,0.12383064992620489,0.13942556002355966,0.13767095363084952,0.12311801246022301,0.12286854747602297,0.13134641084629275,0.1204433477656551,0.11596970160913778,0.16347130580493857,0.21604116969145357,0.2107990042047291,0.23195875581478756,0.11185310931433105,0.14122788720244123,0.18064239320408595,0.16464352190924875,0.11949002555775877,0.12501983337839245,0.12840890646454023,0.12317307859714863,0.15566526346034018,0.13994005418223088,0.14484414131739243,0.12905852646434376,0.22861640059428343,0.24260834019239041,0.20057153715528228,0.23344904978841843,0.26699629290349924,0.2887984959282592,0.19180392160948742,0.16228208494760848,0.15927876514816897,0.1526784196067058,0.21286897122667736,0.1498555750314249,0.1813364750983794,0.2629039893732668,0.21124236072476335,0.18001268928672237,0.11268831381710892,0.12056503245695543,0.12257510870259303,0.12964289923616903,0.1308920624957124,0.14250833254661152,0.12094524139667427,0.12603269734815578,0.12810032671669727,0.12386816228595764,0.12240701725211996,0.17076409222517272,0.21450233445339129,0.21643487034743703,0.2463390200484995,0.1122989783700519,0.13827860581070392,0.1779492092410541
62.0,2.4094053573154954,2.56892273444392,2.5069935647362085,2.4927890929709955,2.421995152687759,2.2172530659428253,2.3651196316361998,2.513927040759416,2.5623255306038986,2.196437235864802,2.407722062934168,3.1181482807685836,2.8131979018873388,3.1622748966876113,3.1117749260906105,2.4718413080116566,2.897380672294355,2.9268757600300837,2.504343734469651,2.5624021834787296,2.491975075012133,2.9396219719594243,2.2831677569352866,2.3869062922302606,2.2188874427030627,2.067126629486153,1.843967277213498,1.8109867177915004,1.8156382978055996,1.7460338685345587,2.1655666014847967,2.136238575144155,2.2235540293140628,2.5223579654146975,2.401383273874318,2.3890370886989905,2.568063501782123,2.4457419077265867,2.265270481201554,2.0942600787468817,2.5949922538929364,2.7464234973715507,3.2109821930311577,2.4360810973148985,2.526023259502315,2.4619332452949787,2.5045777806671032,2.4108650215580365,2.1803289084333377,2.3154551297474306,2.4593495906173866,2.6000558218862566,2.215574463224166,2.3864210783598883,2.918440923972954,2.692477558376289,3.1078978209574157,3.2331700341517693,2.4075327163499063,2.97324181818681,2.903394113052661,2.5795254098467275,2.432255383888114,2.620660709662937,2.909228005463647,2.13381448089133,2.2557739459734205,2.1325871530709697,2.1026229720222993,1.8937541689320394,1.811475485740628,1.9786893158101324,1.7111298079177997,2.1144142626180336,2.0976538604635766,2.2428907461126513,2.491952429864855,2.4238357229506127,2.4011643346452725,2.686433525317997,2.486962584713081,2.1917957015463574,2.1391566685367187,2.6266286165131136,2.7687196746738274,3.228255477039869,0.15382492363692113,0.12045592062912039,0.13132407380237554,0.13217408202847108,0.12779874454196147,0.16832168116832685,0.14869094143272413,0.14615949995751015,0.12004624109638222,0.24298067720575794,0.2166784812920661,0.2116759551832631,0.23777691865551967,0.3116863893868854,0.28516016527494753,0.18717700281922076,0.1637943903078258,0.1605452206873478,0.16323338901307405,0.22667329703226033,0.1418961156178202,0.16945265918080687,0.26657949609573056,0.19980813617182713,0.18982999632016126,0.10959638094881952,0.1196539050720374,0.12046776192929012,0.12452726485376864,0.14008849921565747,0.13843564535048405,0.12395908139567237,0.12374605600156853,0.13221472278785648,0.12118546986389876,0.11669689264989995,0.16426189097804336,0.2169103575970479,0.2115226827524388,0.2326194832895515,0.11254424813294937,0.14206866056183962,0.1816024973136011,0.1658568130092868,0.12044381380218289,0.12591621048279378,0.12912047359730378,0.12405691939526711,0.15648113476610845,0.14069413078747708,0.14570224056844702,0.12998390434209034,0.22943140526775258,0.243589966850444,0.20146869354933286,0.23426844405929703,0.2681810772610152,0.2901117017028019,0.19284195454345207,0.16325552519799588,0.16015154694295244,0.1537287624590899,0.21422327117062473,0.15085585916815744,0.18248162599149756,0.26408570134043674,0.21199077261613325,0.18085129258402172,0.11319844117806675,0.12094498513388677,0.1229064802070675,0.13047172183765868,0.13154324695905337,0.14328235313940763,0.1218810520809472,0.12693301954672098,0.12901860825009256,0.12450796318658913,0.12296627637615218,0.17177216391582553,0.21564599509701946,0.21743434081446278,0.24739159683983641,0.11290885088640035,0.13890980502641262,0.17896969200602889
63.0,2.400808869963383,2.5610437980339706,2.4991237459818274,2.4873879772720207,2.4153247468150503,2.2097651325047662,2.3587297611200873,2.5103231317807158,2.5584862166500644,2.1945026950585613,2.4080244906541233,3.1145442146782507,2.8110422091531952,3.151646316467574,3.101934832461041,2.467538601691066,2.89345808368605,2.9219862596151,2.4994289552312448,2.559091335490617,2.4871630883426326,2.934110891410713,2.2772203793056414,2.3822856824162018,2.2186808218785545,2.062742365023639,1.8432076311120265,1.8081848996447811,1.8108976562985835,1.741624234362784,2.1587149864425683,2.1299957332180086,2.2169026122157183,2.5159204451868225,2.394940422105325,2.3845339061421034,2.560518848500564,2.43420364034323,2.2605676403951063,2.0893601188983197,2.5900322200982795,2.7414356408127514,3.2051106868435877,2.4266825795846647,2.5186912329685485,2.4544425518109447,2.499109818735227,2.4049860039077604,2.1745840098914306,2.309741785799171,2.4567567149915552,2.5969573750651143,2.212860227842244,2.387199047073453,2.916066152018297,2.6905511155978608,3.097985726095985,3.2230787469372415,2.4049182974620247,2.9690910267095556,2.897266134035444,2.575626538601394,2.430034779360726,2.6156703033319886,2.903376906700782,2.127152058423543,2.2516124123142633,2.1306993391447127,2.098899725162812,1.8938757810505078,1.8097496978694132,1.972924652168212,1.7065828490510608,2.107594898120102,2.09148069178959,2.2359252056465193,2.4848933004542775,2.4167531723000413,2.3964393960204355,2.6775185081085553,2.475588579604843,2.1847018185379525,2.13355649415415,2.6213255640740645,2.763211014965757,3.2226103748556088,0.1549225398013966,0.12145710549183053,0.1324416651072421,0.13299821292212524,0.12897183866561918,0.16943188790973635,0.14948035142670388,0.14715948466129564,0.12089767394742164,0.24392074321226284,0.21754254419792216,0.21255367803435032,0.23861521961048968,0.313156841874084,0.28656042714675545,0.18841507245733433,0.16459546049762708,0.16143436927000696,0.16441994996970988,0.22807732577395942,0.14277134474576392,0.1704818423757636,0.267661142447046,0.20077151070849347,0.1906856071597702,0.11014879311122094,0.12013175587588357,0.12099295777824143,0.1252379951974608,0.14075531190556834,0.13921390769993264,0.12483196974922992,0.12464800478831427,0.13311762208991126,0.12195308133463405,0.11744186221112334,0.16507217373348798,0.21780736321448002,0.21227265011546936,0.2332992027378014,0.11324905895631802,0.14292498065267742,0.18258507898472615,0.16709243012877859,0.12143379058285507,0.1268623797868061,0.12985736915557947,0.12501326756829173,0.1573524383675853,0.14149380031909778,0.14662061363006437,0.13098863160286248,0.23028520731149799,0.24462259035764605,0.20239017444759883,0.23514382744557724,0.2693952066998698,0.29145999846554904,0.1938797114521915,0.16423522488389172,0.16104484909444752,0.15482843891787718,0.21564791732291289,0.15188735423052474,0.18367044011391764,0.2653099539012896,0.21273349965704164,0.18169556291070163,0.11369429937843235,0.12130182477837412,0.12320943407576306,0.13131651675414927,0.1322068172999887,0.14405960941047055,0.12282830646045659,0.12785004844222322,0.12994469663604832,0.12515858435832936,0.1235217371438029,0.1727885540835308,0.21680590516363504,0.218440960417103,0.2484838594150236,0.11351663491090262,0.13955308866189425,0.1800383273106617
64.0,2.3919825152686247,2.5530048524827347,2.4910954982105245,2.481854826169325,2.408508060810513,2.202104612180811,2.3522363856454125,2.5066325719790647,2.554512706830483,2.192509856612436,2.408306121996922,3.110814762797643,2.808670759235732,3.1403288596988284,3.0915538377730942,2.4631206157100256,2.889513689056039,2.916996963710944,2.4944594374409497,2.555819419595859,2.4820776528292856,2.92825449945412,2.2709208241849703,2.3774675624967525,2.2183592232303457,2.0581745888728835,1.842355732539391,1.805256982651596,1.805980944335658,1.7370744008326324,2.1517034250695466,2.1235273513310164,2.2100074258996507,2.5092641000049047,2.388289061370809,2.3798216148111386,2.5527341392631318,2.422470581679887,2.2555558158274076,2.0840855277395907,2.5849218670243657,2.7362417930419967,3.1990769528322103,2.4170731895994524,2.511215918851593,2.4467992540643806,2.4935302661941945,2.398972948119547,2.1686720032049047,2.30394174977447,2.4540852407593716,2.593787407450538,2.210149798728607,2.3880384164993083,2.9136299396339633,2.688537886808184,3.087563169067305,3.2123737956367724,2.402373670642608,2.964856803531365,2.8909428933348438,2.5717158158747826,2.427841511165627,2.610425476627249,2.8971508243398305,2.120046433349385,2.2472379282855846,2.1286938946392593,2.094999286891562,1.8939047085090717,1.8079173241047708,1.9669451334980599,1.7019044923826507,2.100635423028507,2.085098801499998,2.228703610033187,2.477619204399324,2.4094485566293766,2.3915331298493085,2.668405950499145,2.464010183454356,2.1773235846273504,2.1275912716125887,2.6158822053570536,2.7574593405481003,3.2167804312205677,0.1560486516568193,0.1224961333944211,0.1336204285044999,0.1338665283221231,0.13023699892697344,0.17064368289483725,0.15032332409722615,0.14822658133022498,0.1218098689201312,0.24489199394525613,0.21842570255326896,0.21346875694295306,0.23949125946416916,0.3146573362720577,0.2879952440249089,0.18966453902120609,0.16542612920472555,0.16235617717628975,0.1656410374222378,0.22950565372925122,0.14369218256170663,0.17157833890684368,0.26878522139974736,0.20178681405619367,0.191578188211916,0.11067486337381,0.12058311740536737,0.12150861717039106,0.12596249662047299,0.14142532153464785,0.1400060012836368,0.12573767028756028,0.12557376601214015,0.1340570988758865,0.12274529235716701,0.11820240482418352,0.16590344263700113,0.21873272260626403,0.21305123693894376,0.23399939642464263,0.11396566740472829,0.14379310532152573,0.18359103602872676,0.1683507524793712,0.12245971135712784,0.12785891864428386,0.13061797517029863,0.12604640850082055,0.15828069950989246,0.14233964460942541,0.1476031917189728,0.13207792687436362,0.23118113035514298,0.24571196549175092,0.20333881719956196,0.2360801582007902,0.27063668878479147,0.29284033561596645,0.19491101871481917,0.16521757641335758,0.16195775995670217,0.15597940406721317,0.217149877298443,0.1529483297990364,0.18490234886393664,0.2665788371799392,0.21346645766986563,0.18254112366825445,0.1141717649492758,0.12163086876555568,0.12347905161059197,0.1321762783432614,0.1328837145015668,0.14483982835697706,0.12378407120524954,0.1287812074143275,0.13087425295329383,0.1258176793366491,0.12407013020519482,0.17380995890367726,0.21797839534911148,0.21945051212161984,0.24961668617646438,0.11411878430388447,0.14020637606310662,0.1811561907429376
65.0,2.382930947252073,2.544814230867955,2.482925603426507,2.4761884632676483,2.4015753806358635,2.194309689919698,2.3456605385627047,2.5028938573535595,2.5504133148562684,2.1904819733652166,2.4085667612395096,3.1069364877169665,2.8060661330281342,3.1283174338641797,3.080625261887795,2.4586007765003552,2.885557722653448,2.911905889709216,2.4894478002981546,2.5525975941901624,2.4767247021086005,2.92205510897551,2.2642555699215086,2.3724578860395487,2.2179092953346298,2.0534390166085874,1.8414139538411927,1.8022075441227927,1.8009056530515868,1.7324084838055345,2.1445612180880502,2.1168556945427026,2.2028965294654936,2.5024011098799277,2.381453601414918,2.37491323425681,2.5447076692778117,2.410556321328277,2.250209296512183,2.078400422276843,2.5796720423761865,2.7308563638022156,3.1928803390912788,2.4072600141164635,2.5036061230295807,2.4390216756555345,2.4878389246438437,2.39285742545544,2.162633191118627,2.2980767825039727,2.451368329717748,2.590559162952244,2.207482270757273,2.38895414077395,2.911113921938761,2.6864355803584012,3.0766382126734118,3.2010457596040505,2.3999152941618926,2.9605434755043607,2.8844159508715466,2.567808088103317,2.4256758173703,2.6049319062252705,2.8905503847298895,2.1124862511166693,2.242651045309399,2.126565757615507,2.0909339076331603,1.893834344492337,1.8059815058286386,1.9607685059910878,1.6971185013759793,2.093564955969776,2.0785305108269707,2.2212515140786104,2.470143476785228,2.4019463890247006,2.386462867949559,2.6591042592390286,2.452236115198627,2.169644818525104,2.1212334812044484,2.6103118636904385,2.7514769584633108,3.210764704917156,0.15720504682039577,0.12357294227954019,0.134861630161816,0.13478027103353046,0.13159919452334165,0.17196485834738712,0.15122270730810564,0.14936402946262364,0.12278455552713056,0.24589577064194862,0.2193284019592677,0.214424788436956,0.24040782765518462,0.3161838314644858,0.28946140135254894,0.190919553876281,0.16628721593374074,0.1633121369174849,0.16689665061183231,0.2309597551538928,0.14465969981727608,0.17274603763209728,0.2699539241872141,0.20285609056675166,0.19250771638270295,0.11116850486163697,0.12100240711834304,0.12201030667123829,0.1267004345594073,0.14209784284421303,0.14081219357662544,0.12667720078488157,0.12652267784850568,0.1350351706213787,0.12356115918200129,0.11897620507216482,0.16675702224948233,0.21968698102140505,0.21386083000832115,0.23472158333075388,0.11469216154832945,0.14466916363335977,0.18462125206252394,0.16963206564249336,0.12352127763153699,0.12890643075214994,0.13140062283888074,0.12716067358437744,0.15926752999039143,0.14323226239824896,0.14865403752457543,0.1332570933187638,0.23212269495116208,0.24686403848006436,0.20431751420247563,0.23708261021501745,0.2719034325195081,0.29424953466654485,0.19592951170882106,0.1661988975042328,0.1628892813577585,0.15718364095196294,0.2187361198322938,0.15403701355127183,0.18617670091148167,0.26789443008744784,0.21418536326071533,0.18338341626811047,0.1146265345178244,0.12192722454774935,0.12371016999842159,0.1330499303536231,0.1335748420913633,0.145622651563317,0.12474531178400411,0.12972381008564393,0.13180278686721533,0.12648282687516707,0.12460807317549827,0.17483294911853997,0.21915963105355984,0.22045860170884088,0.2507909011996759,0.11471162229937407,0.14086753400224633,0.1823243638730902
66.0,2.3736588199345765,2.536480266267391,2.4746308436340296,2.470387712171718,2.394556992252786,2.186418550670179,2.339023253222466,2.4991454839032974,2.546196354438569,2.188442298155675,2.4088062126588174,3.102885952026369,2.8032109114235713,3.1156069464464244,3.0691424246661643,2.4539925104938547,2.881600418727446,2.906711055001502,2.484406663002181,2.549437017669273,2.471110169817059,2.915515032860789,2.2572110948634565,2.3672626066122566,2.217317686767682,2.0485513638054695,1.8403846673630333,1.7990411613692299,1.7956892735811256,1.7276505991429132,2.1373176662204267,2.110003027912597,2.195597982012895,2.4953436548228605,2.3744584519817757,2.369821784029838,2.536437733752572,2.398474448880126,2.244502371463143,2.0722689195162207,2.574293593858743,2.7252937628363676,3.186520193715049,2.3972501398929156,2.495870651380655,2.431128140184694,2.482035595684037,2.386671007177505,2.1565078763774546,2.2921686448183123,2.4486391436636743,2.5872858854799707,2.204896738802258,2.389961174033868,2.908499734051508,2.684241904599661,3.0652189197163553,3.189085218192773,2.39755962629013,2.956155369480606,2.877676866566234,2.563918201723418,2.4235379360422606,2.5991952688026125,2.8835762142200196,2.104460157173163,2.2378523148076903,2.124309866134355,2.086715837812223,1.8936580821849442,1.8039453844229432,1.9544125158386916,1.692248639494435,2.0864126155704548,2.0717981410026214,2.213594472588719,2.4624794526972407,2.3942711825720866,2.3812459421388374,2.6496218410774777,2.4402750937746513,2.1616493389418143,2.114455603222136,2.6046278624026002,2.7452761757537836,3.20456225472772,0.1583934897852842,0.12468744519093122,0.13616652095738843,0.13574069024788862,0.13306330820442125,0.17340321411597434,0.15218136936509552,0.1505750664537261,0.12382346159404087,0.24693343697825404,0.22025112803354677,0.21542540353739287,0.241367849087425,0.31773213861402116,0.29095553443572375,0.1921740986010408,0.16717954344660715,0.16430375378252154,0.16818677996105455,0.23244107178627815,0.1456749531124976,0.17398880503680428,0.2711694336532201,0.2039813366576471,0.19347408613306555,0.11162334306891437,0.12138373270386221,0.12249335021062631,0.12745148129616962,0.1427721806550184,0.14163275651753485,0.12765159696642125,0.12749403939549414,0.13605387266209365,0.12439968092253134,0.11976084042514534,0.16763426683984312,0.22067068774994897,0.21470386565775343,0.23546731388144204,0.11542658726249293,0.14554915501323482,0.18567659310916984,0.17093654837604125,0.12461812723325091,0.13000553021402728,0.1322035904909913,0.1283604097864052,0.1603146182054793,0.14417225864115651,0.14977732035095215,0.13453148123220837,0.23311360856348906,0.2480849355189666,0.20532920440256788,0.23815656581649797,0.2731932494516302,0.2956842856362741,0.19692862931280158,0.16717542327826065,0.16383832399170073,0.15844315261645017,0.22041359253785509,0.15515159317931443,0.18749275887372202,0.2692587966015195,0.21488572518979662,0.18421768957338477,0.1150541191064708,0.12218578318471486,0.12389737319437691,0.133936323246069,0.13428106999803413,0.14640763567815088,0.12570888879608438,0.1306750569300858,0.1327256494952114,0.12715153930490564,0.12513207402832235,0.17585396986511742,0.22034561024863766,0.22146065040738083,0.25200727186381555,0.11529134098707156,0.14153438524158699,0.18354393221723259
67.0,2.3641707873369726,2.528011291758768,2.4662280008373094,2.4644513964862305,2.3874831816230135,2.1784693793809753,2.332345562975189,2.495425947627357,2.541870139288499,2.1864140838225747,2.409024280531763,3.098639718316061,2.800087675315229,3.1021923049283395,3.0570986459692167,2.4493092441223343,2.877652011527153,2.901410476979432,2.4793486447523967,2.546348848428924,2.465239989591154,2.9086365839958654,2.2497738773590257,2.3618876777825295,2.216571046105707,2.0435273460382533,1.839270245450508,1.795762411701759,1.790349297059024,1.7228248627061964,2.130002070189004,2.1029916165001996,2.1881398426414913,2.488103914844681,2.3673280228155624,2.3645602836809383,2.527922627895403,2.386238553927134,2.2384093296939804,2.065655136463844,2.5687973691770325,2.7195683998873696,3.179995864797763,2.3870506536860465,2.4880183097829582,2.423136971252141,2.4761200809146056,2.38044526454778,2.1503363617262323,2.286239097548163,2.445930844394064,2.5839808189434597,2.2024322977375483,2.391074470415567,2.905769011091029,2.681954567883079,3.053313352998169,3.176482750756647,2.395323125297541,2.9516968123121936,2.8707172003395875,2.5600610031715245,2.4214281052489883,2.5932212410358235,2.8762289391592946,2.0959567969666693,2.2328422882024888,2.121921158256707,2.0823573278533614,1.8933693147715103,1.8018121012696051,1.9478949092323021,1.687318670201465,2.079207520457083,2.0649240132591307,2.205758040369453,2.454640467220603,2.3864474503576285,2.37589968423483,2.639967102763766,2.428135838119423,2.1533209645880613,2.107230117958085,2.5988435248218713,2.7388692994619657,3.1981721394346616,0.1596157050547465,0.12583951472593988,0.13753631528280755,0.13674902721251062,0.13463409254793698,0.17496650888824578,0.15320216986464025,0.15186289954332505,0.12492829154539163,0.24800637043514806,0.22119440613996919,0.21647425552019844,0.24237439889142265,0.31929791999835644,0.2924741270087639,0.19342198610529016,0.16810392770339547,0.16533254290728597,0.16951139772469132,0.23395100069043498,0.14673897425832602,0.1753104669579232,0.27243391559523145,0.2051644984474886,0.19447710841297858,0.11203271260798423,0.12172089189338682,0.12295283481634028,0.1282153113935761,0.14344762768108313,0.1424679628227544,0.12866190350624576,0.12848710525277388,0.13711524680621398,0.12525979717428792,0.12055378747736696,0.16853655312712204,0.22168439031002993,0.21558282208906512,0.23623816397436886,0.11616694416854302,0.1464289511013902,0.18675790461789038,0.1722642575852342,0.12574982321535122,0.13115682130153597,0.13302510093289663,0.12964994284704115,0.1614237151266303,0.14516023067147535,0.15097728323391033,0.13590644241283392,0.23415774892503996,0.24938094473341005,0.20637686193268567,0.23930760349422864,0.2745038576253015,0.2971411453719121,0.1979016120491069,0.16814329702836525,0.16480370405253375,0.15975995181975017,0.22218919461571485,0.15629021974924087,0.18884969679600538,0.2706739815530972,0.2155628387142437,0.1850389909712659,0.11544984337013517,0.12240121763920482,0.12403498704737091,0.134834231602491,0.1350032395049758,0.147194253862707,0.12667155547150963,0.13163203343929328,0.13363802773279113,0.1278212758263562,0.12563853998247562,0.1768693435638024,0.22153216368177583,0.2224518889145069,0.25326650764635045,0.11585400526060582,0.14220472232712458,0.18481598442898792
68.0,2.354471503480125,2.5194156404198425,2.4577338570405636,2.458378339815941,2.3803842347082362,2.170500361000854,2.3256485011713934,2.491773744524829,2.5374429831172005,2.1844205832046986,2.409220769135264,3.0941743491762086,2.7966790055962774,3.088068416792737,3.0444872456580025,2.444564403817598,2.8737227353017376,2.896002173034594,2.47428636474817,2.5433442448648136,2.4591200950673744,2.90142207526663,2.241930395756432,2.3563390531179995,2.2156560219249393,2.038382678881659,1.8380730604492255,1.792375872431223,1.7849032146200514,1.7179553903568061,2.1226437307160952,2.0958437253650475,2.180550170450934,2.480694069956376,2.3600867236604417,2.3591417527608356,2.5191606469142855,2.373862226061014,2.231904460218418,2.058523190125901,2.563194216036048,2.713694684698187,3.1733067004336726,2.376668642253057,2.48005790411461,2.415066492458144,2.470092181935418,2.374211768828313,2.1441589499098113,2.280309901524153,2.4432765937058734,2.580657207252448,2.200128042437154,2.3923089840555196,2.9029033881761315,2.6795712785598105,3.0409295753209005,3.1632289366493858,2.3932222494543938,2.9471721308512318,2.863528512112308,2.5562513388840533,2.4193465630580073,2.587015499601474,2.8685091858967744,2.0869648159449787,2.227621516915793,2.1193945720434972,2.077870628181183,1.8929614354366635,1.7995847977505692,1.9412334323633145,1.6823523569604435,2.071978789256193,2.0579304488286745,2.19776777222675,2.4466398554405404,2.378499705467406,2.3704414260551934,2.6301484510471598,2.4158270671699467,2.144643514174432,2.0995295057047048,2.5929721742766314,2.732268636630266,3.19159341782036,0.1608733562935367,0.12702896391289278,0.13897216496465734,0.13780649724809357,0.13631612018806957,0.1766624033585313,0.15428792438748515,0.15323067167264667,0.12610069936881416,0.24911595067558331,0.22215879959232912,0.21757500435066174,0.24343071741868944,0.32087668963606614,0.2940135119139205,0.19465686481786187,0.16906116521719,0.16640002566826775,0.170870445695627,0.23549087893673715,0.14785275779380383,0.17671478768372464,0.27374950817764143,0.20640747046802227,0.19551651104422135,0.11238965895759137,0.12200737855502597,0.12338362291394457,0.12899159513673739,0.14412346106990057,0.14331808070569707,0.1297091628483132,0.12950107975496514,0.1382213279104578,0.1261403865597151,0.12135243220385657,0.16946527216583743,0.22272862809764937,0.2165002106817722,0.23703572832197584,0.11691118239404004,0.14730430102630584,0.18786600922095004,0.1736151110790637,0.12691584103916878,0.13236087317238984,0.13386331782028593,0.13103353340617474,0.16259661539132125,0.14619675059892834,0.1522582009372413,0.13738727554401384,0.23525913949751862,0.25075849058848765,0.20746348140814597,0.24054147995190084,0.27583288882992046,0.2986165380311903,0.1988415049787117,0.16909855947814972,0.16578414134126307,0.16113604782320293,0.22406974368365884,0.15745101258043215,0.19024659826393953,0.2721420055225243,0.21621178382209622,0.18584215957807898,0.115808851444569,0.12256798743942163,0.12411708019324119,0.13574235158365608,0.13574216932786606,0.14798189827828648,0.1276299566916366,0.13259171018802032,0.13453494053205473,0.1284894617052751,0.12612379346327438,0.17787527663225874,0.22271495784597692,0.22342735310738665,0.2545692601493176,0.11639556241949912,0.1428763278770594,0.1861416129691345
69.0,2.3445656223848705,2.510701645328359,2.449165194248029,2.45216736576555,2.3732904374701844,2.162549680478533,2.318953101161575,2.4882273705948195,2.532923199635787,2.1824850491408228,2.4093954827462576,3.0894664071970066,2.7929674831599107,3.073230189522406,3.031301543593523,2.439771416011472,2.8698228243003396,2.8904841605586156,2.4692324421888343,2.5404343653726955,2.4527564198822205,2.893873819558969,2.2336671284038703,2.35062268618633,2.214559262801628,2.0331330779103722,1.8367954847047823,1.7888861208684754,1.7793685173989524,1.7130662979561762,2.11527194852405,2.088581619566631,2.172857024540866,2.4731263001689237,2.3527589642605493,2.3535792108202487,2.510150086017194,2.361359054873483,2.2249620520501465,2.0508371975085016,2.557494982140798,2.7076870270117293,3.16645204871703,2.366111192351156,2.4719982402537655,2.4069350274029713,2.4639517003463047,2.368002091281147,2.1380159436730706,2.2744028175769437,2.440709553396067,2.5773282943166587,2.1980230677751003,2.3936796690902438,2.8998845004256384,2.677089744980982,3.028075649486591,3.149314355224684,2.3912734570309038,2.9425856519497957,2.8561023618050845,2.552504055297432,2.4172935475368065,2.580583721176112,2.8604175807815317,2.077472859555855,2.2221905523696264,2.1167250455556057,2.073267989220295,1.892427837365021,1.7972666152477517,1.934445831423153,1.677373463234807,2.06475554059433,2.0508397689433777,2.1896492229665303,2.4384909524423084,2.3704524609874933,2.364888499417576,2.6201742926769134,2.403357499863206,2.1356008064115097,2.091326246754414,2.587027134095223,2.725486494301127,3.184825148667172,0.16216802089871668,0.12825552288849149,0.1404751273865407,0.13891426748845892,0.1381137273331165,0.1784983947168587,0.1554413623256978,0.1546814202771086,0.12734225527869153,0.25026354421162156,0.22314490579022064,0.2187312971023938,0.24454022508570183,0.32246381599806795,0.29556987413565217,0.19587222661729922,0.17005201727037275,0.167507725238404,0.17226381939964602,0.2370619644960326,0.14901724638112063,0.17820544602621066,0.2751183089183378,0.20771209548386516,0.19659194059404594,0.11268694658353332,0.12223639666042166,0.12378037266555718,0.12977998957399833,0.14479893730118243,0.14418336662828962,0.13079440159697658,0.1305351108746812,0.13937412826841047,0.12704026628637513,0.12215408494249473,0.1704218205106514,0.22380392566065968,0.21745856637812805,0.23786161311495663,0.11765720041571555,0.14817084093736196,0.1890017056010972,0.17498886767444063,0.12811555362745514,0.133618188740501,0.13471634066489724,0.13251532535420724,0.16383513262421645,0.1472823432907035,0.15362432767595008,0.1389791618267448,0.2364219156088876,0.2522240996761466,0.20859205933611202,0.24186410589120283,0.2771778996355914,0.3001067579833332,0.19974116669645448,0.17003713634636872,0.1667782591015814,0.16257342956846796,0.22606193577719189,0.1586320657418808,0.19168245493940092,0.27366485836458004,0.2168274284625762,0.18662182218990192,0.11612612141057188,0.12268035164039913,0.12413747256818179,0.13665929839272864,0.13649866281817957,0.14876988366685495,0.1285806299540089,0.13355094520652688,0.1354112377190325,0.1291535144709876,0.12658409701688533,0.1788678709126576,0.2238895012376995,0.22438188180019303,0.25591612439412276,0.11691185880385169,0.1435470028191977,0.1875219164736503
70.0,2.3344577980720786,2.501877639562053,2.440538794463955,2.445817297939795,2.3662320758705433,2.1546555227627455,2.312280396296237,2.4848253218363996,2.5283191025554124,2.1806307344697062,2.4095482256416383,3.0844924549686206,2.7889356888992927,3.05767253060013,3.0175348596368163,2.434943707135743,2.8659625127721022,2.8848544569430663,2.4641994962737583,2.5376303683482853,2.4461548976721685,2.885994129758801,2.224970553649563,2.3447445305551557,2.213267417311979,2.0277942586991444,1.8354398905627718,1.7852977343243661,1.773762696530486,1.7081817013657372,2.1079160243351898,2.0812275641645113,2.165088464010956,2.465412785493309,2.3453691543600614,2.3478856774098995,2.5008892404121155,2.3487426299562433,2.2175563942028735,2.0425612756178,2.5517105151962776,2.7015598365709677,3.159431257742064,2.35538539073757,2.463848124078558,2.3987608996869216,2.457698437747128,2.3618478031683425,2.131947645760829,2.2685396065371584,2.4382628852615813,2.5740073240458363,2.196156468625393,2.395201479656226,2.896693982958374,2.6745076754977246,3.0147596382972823,3.134729585836248,2.3894932062973395,2.9379417024599763,2.8484303093385828,2.548833998848087,2.4152692967528826,2.573931582436319,2.8519547501626517,2.067469573247107,2.216549945985986,2.1139075168539403,2.0685616613953353,1.8917619137412198,1.7948606951430903,1.927549852603214,1.6724057524879519,2.0575668930980306,2.0436742948354096,2.1814279473947606,2.4302070933111346,2.362330230003984,2.3592582361396404,2.6100530344023167,2.390735855136192,2.126176660009854,2.082592821399631,2.581021727606019,2.718535179516968,3.1778663907574924,0.16350115935397486,0.12951881072068053,0.1420461268581436,0.14007342970292141,0.14003094992117082,0.18048174188251415,0.15666507718547765,0.15621802803219031,0.12865440512255702,0.2514504845647793,0.2241533496677174,0.2199467436249772,0.2457065365982812,0.32405452714261973,0.29713925645367556,0.1970614192904804,0.17107719039953306,0.16865716110729023,0.17369134820009494,0.2386654126796931,0.1502333138233984,0.17978600794724522,0.27654235870948646,0.2090801654361829,0.19770296578239363,0.11291707510096782,0.12240088404538978,0.12413756808560002,0.13058012671243227,0.14547328501921758,0.14506405565767527,0.13191861420755346,0.13158828383205312,0.14057561965164483,0.12795819278839052,0.12295600088698316,0.17140759081201987,0.2249107857880966,0.21846043722149308,0.23871742799516957,0.11840284427074117,0.149024108778665,0.1901657688927236,0.17638510416056408,0.12934821384517176,0.13492916686336798,0.13558219805127636,0.13409928573870067,0.16514106806667858,0.14841745927188518,0.15507983341137224,0.14068709012695252,0.23765027971773978,0.2537843567405547,0.20976557103736532,0.2432815149313192,0.2785363867327926,0.3016079753941956,0.20059328601900037,0.1709548240359215,0.16778458585762823,0.16407404450803734,0.2281722974737704,0.15983145628392095,0.1931561652815216,0.2752444907981856,0.21740443806859053,0.18737239270526826,0.11639649071672542,0.12273239236045935,0.1240897537420086,0.13758360370193137,0.13727351626806852,0.14955745206257054,0.12952000877630906,0.13450648913219657,0.1362616020298951,0.1298108783218279,0.12701568934870372,0.17984314081638125,0.22505115452300664,0.22531011695674272,0.25730764137974865,0.11739866502556484,0.14421460419299925,0.18895800398474147
71.0,2.3241526845625735,2.492951956198672,2.4318714396925336,2.4393269599434007,2.359239435871037,2.1468560728022585,2.3056514199258813,2.4816060942486637,2.5236390055871865,2.17888089203015,2.409678802098351,3.079229055081239,2.7845662037076075,3.0413903475087323,3.0031805136488914,2.4300947036222467,2.862152034966165,2.879111079579586,2.4592001462023036,2.5349434121873133,2.439321462073735,2.8777853187520104,2.215827149841726,2.33871053979215,2.211767134032257,2.0223819368226708,1.8340086503688056,1.7816152901097515,1.7681032431494117,1.703325716446905,2.1006052588718482,2.0738038242181815,2.1572725479607935,2.4575657059405027,2.3379417037031205,2.3420741720804945,2.491376405307038,2.3360265409010093,2.209661775690335,2.0336595414599494,2.5458516629074643,2.6953275231188303,3.1522436756030525,2.344498324169523,2.455616361467129,2.3905624329102406,2.451332195737718,2.3557804757519336,2.1259943589179566,2.2627420292354627,2.435969751099359,2.5707075403497126,2.194567339862025,2.3968893698899483,2.893313470893165,2.671822778461176,3.00098960455504,3.1194652078377625,2.3878979555239113,2.933244609233862,2.840503914633509,2.5452560159724618,2.413274048773738,2.5670647600586265,2.843121320389179,2.0569436024665144,2.2107002491868877,2.110936923999417,2.063763895130892,1.890957057749879,1.7923701788185045,1.920563242094924,1.6674729881833008,2.050441965393838,2.036456347736938,2.173129500317357,2.421801613132265,2.354157525602962,2.353567968039066,2.5997930829726386,2.377970851925934,2.1163548936800742,2.073301709932767,2.5749692781373867,2.7114269993202216,3.1707162028736966,0.16487407872298346,0.13081830172889958,0.14368590830402955,0.14128496759199913,0.14207145184710632,0.18261938102824984,0.1579614688357696,0.15784316463659032,0.13003842168790683,0.2526780470749212,0.2251847737767363,0.22122488671195628,0.24693347400433774,0.325643918644664,0.29871756798904703,0.19821766440939362,0.1721373125421059,0.1698498423272368,0.1751527707567283,0.24030224744695255,0.1515017454965052,0.18145989532730697,0.2780236223114493,0.21051342350504432,0.19884908246490277,0.11307230546402006,0.12249354824132463,0.12444956093819745,0.13139159840169534,0.14614569532605887,0.14596034895568433,0.13308274370375417,0.13265961447456306,0.14182771284067575,0.12889286349201862,0.12375540693585187,0.17242396199937488,0.22604968263170927,0.21950837310710652,0.23960477729706522,0.11914590843361964,0.14985956542002685,0.1913589530746809,0.17780318860519714,0.1306129339489317,0.13629405703530925,0.1364588386367061,0.1357891356649896,0.16651617160586965,0.1496024419149308,0.1566287276369369,0.14251577099879945,0.23894844418542954,0.2554458497915347,0.21098694244260305,0.244799825107257,0.27990580709632457,0.30311624476176474,0.20139040819575632,0.1718472732953398,0.16880155953512122,0.16563977232897537,0.23040712904054397,0.16104725434480963,0.19466653318460692,0.27688280341779226,0.21793729284913974,0.1880880758551132,0.11661469522192518,0.1227180515074187,0.12396731362131994,0.13851371300909973,0.13806752826566082,0.15034377865589796,0.13044442910209833,0.1354549936673051,0.13708055513127443,0.13045906800505153,0.12741483491731737,0.18079703728686122,0.22619514533109134,0.22620650682235932,0.2587443018426436,0.11785171152081671,0.14487709423769676,0.1904510011199108
72.0,2.313654935877219,2.4839329283159555,2.423179911938017,2.4326951753810677,2.352342803433368,2.1391895155457763,2.2990872054010216,2.4786081838307013,2.5188912224422513,2.177258774660909,2.409787016393329,3.073652770125054,2.779841608478045,3.024378547730978,2.9882318254907725,2.425237831902767,2.8584016251316773,2.873252045859764,2.4542470111738104,2.5323846552854903,2.4322620467233906,2.8692496994244863,2.2062233953285606,2.33252666746494,2.210045061538673,2.0169118278556804,1.8325041364684722,1.7778433655354797,1.7624076483904847,1.6985224590611123,2.093368952856367,2.0663326647871636,2.149437335490076,2.449597241521498,2.3305010220338915,2.336157714382752,2.481609875909906,2.323224377299512,2.201252485526209,2.024096112041088,2.5399292729793874,2.689004496398241,3.1448886503942313,2.333457079404216,2.4473117582976074,2.38235795067323,2.4448527759179304,2.349831680293977,2.120196385889317,2.257031846502508,2.433863312706352,2.567442187138027,2.1932947763590214,2.3987582939279077,2.889724599348831,2.669032762222483,2.9867736110618663,3.103511800582951,2.3865041629808714,2.9284986991235584,2.8323147376105453,2.541784953106942,2.4113080416668646,2.5599889307195887,2.8339179178101985,2.0458835926618724,2.2046420133943223,2.1078082050529203,2.058886940851589,1.8900066625756164,1.7897982076559316,1.9135037460896795,1.662598933784242,2.0434098761082855,2.0292082488801007,2.1647794365402664,2.4132878469909373,2.3459588608705007,2.3478350269335113,2.5894028451371334,2.365071209169394,2.1061193261327484,2.06342539264626,2.5688831090176656,2.7041742607532973,3.1633736437981743,0.16628788967278182,0.13215328571288568,0.14539498245808438,0.14254971803936822,0.14423844487829107,0.1849178311552109,0.15933267740028378,0.15955921889041133,0.13149534730804593,0.2539474175130494,0.22623982430276268,0.22256916606093413,0.24822507795238738,0.32722696470757245,0.3003005959062185,0.19933408160475266,0.17323290426337432,0.171087259200915,0.17664770535895452,0.24197332693859674,0.15282321606528826,0.18323035050829006,0.2795639647680928,0.21201356725416737,0.2000297202313401,0.11314469849256094,0.12250691702118796,0.12471062666830547,0.13221393744711757,0.14681530903293843,0.14687239789993436,0.13428765916290525,0.13374804252430397,0.14313223448653828,0.12984291970291176,0.12454953576775245,0.17347228919717467,0.22722105509506887,0.22060491376633395,0.24052525047221662,0.11988413865045293,0.15067262337807605,0.1925819958228576,0.17924224948417647,0.1319086615625747,0.1377129058756168,0.13734411954310924,0.1375882718242795,0.16796209437966744,0.15083748837754146,0.15827476975091753,0.14446953912615557,0.24032055996018412,0.25721510320651325,0.21225901612092882,0.2464251924582925,0.2812836034615984,0.30462751664842097,0.2021249726816754,0.17270997076269998,0.16982753413923274,0.16727239284298495,0.2327724375176835,0.16227753528946395,0.19621226624038157,0.2785816324161682,0.2184203144820907,0.1887628761672233,0.11677542478221785,0.12263118361184543,0.12376338840146389,0.139447982913178,0.13888151002735025,0.15112797881835643,0.13135013932859038,0.13639302390634628,0.13786246845703234,0.1310957234289403,0.1277778897044955,0.18172547974253903,0.2273165884917704,0.227065312490643,0.2602265510821033,0.11826673626054525,0.1455326024984835,0.1920020581221467
73.0,2.3029692060368716,2.474828888991652,2.4144809932046205,2.425920767857537,2.3455724645192406,2.131694035942072,2.2926087860721562,2.475870086581601,2.5140840668317446,2.1757876352007606,2.409872672803462,3.0677401626902254,2.77474448410377,3.006632038749681,2.9726821150234963,2.420386518409126,2.8547215175178033,2.8672753731752145,2.449352710387653,2.529965256038571,2.424982585257645,2.8603895846621574,2.196145768458292,2.326198867141193,2.2080878484074695,2.0113996473728917,1.8309287212073841,1.773986537912391,1.7566934033884674,1.6937960450697858,2.086236407011034,2.0588363509309855,2.1416108856984235,2.4415195722472625,2.323071519096529,2.3301493238674125,2.471587947428754,2.3103497287434442,2.19230281272421,2.0138351043673426,2.533954193117024,2.682605166152171,3.1373655302098444,2.322268743198872,2.438943120448135,2.3741657765761564,2.4382599798876132,2.344032988056518,2.114594029419755,2.2514308191689194,2.431976731879529,2.5642245083204998,2.192377872990372,2.4008232059066152,2.885909003444179,2.666135335132763,2.9721197206198227,3.086859943425504,2.3853282869384955,2.9237082989811367,2.8238543381903747,2.5384356566879944,2.4093715134997944,2.552709771095794,2.8243451687747863,2.0342781892809643,2.198375790030324,2.1045162980753913,2.0539430489820263,1.8889041214030708,1.7871479230372922,1.9063891107789104,1.6578073527542045,2.036499743867917,2.0219523194970614,2.1564033108694165,2.4046791299723846,2.337758748892676,2.3420767446406194,2.578890727645085,2.352045645803583,2.0954537760784473,2.0529363498325,2.562776543575223,2.6967892708586354,3.1558377723132756,0.16774345651481867,0.13352282163316137,0.1471735619801516,0.143868325978724,0.14653460019048994,0.1873830898094804,0.16078050884770556,0.16136822064074777,0.13302592757157466,0.25525965372461334,0.22731913234156476,0.22398287543118417,0.2495856164871094,0.32879853283912897,0.30188402049171925,0.20040372027252923,0.17436434456438324,0.1723708730759062,0.1781756148017119,0.24367930270339808,0.15419826447525498,0.18510039633031222,0.28116512324573917,0.21358225277743678,0.20124425065219612,0.11312616835909318,0.12243340666067436,0.1249150368171209,0.13304659454169426,0.1474812003671642,0.1478002843340488,0.13553412974948886,0.13485242483010715,0.1444909011577867,0.13080695055054445,0.1253356679843281,0.17455389348533412,0.22842530073287567,0.22175257594250475,0.24148041154744454,0.12061523699182183,0.15145868444335492,0.19383562626310352,0.18070114016007763,0.1332341517982388,0.13918549490690904,0.13823579184113569,0.13949967859242582,0.16948033231504034,0.1521226039126272,0.1600213654237936,0.14655224401629352,0.2417706297348313,0.2590984978604634,0.21358451094156056,0.2481637563248405,0.28266723552286355,0.30613765281541394,0.2027893646583167,0.17353821841296396,0.1708607892320701,0.16897354742392284,0.23527385875476506,0.16352039404855936,0.19779197331473242,0.28034273126152115,0.21884770393326422,0.18939061315216565,0.11687339846218604,0.12246562790722075,0.12347112491562931,0.14038467833828636,0.13971629661979112,0.15190911628885506,0.13223331461535912,0.13731707510344973,0.1386015797298598,0.1317186761443324,0.128101385843604,0.18262439716715437,0.22841051262663417,0.22788061846881238,0.2617547946190628,0.11863954648438503,0.14617950254685644,0.1936123595506612
74.0,2.2921001490623496,2.465648171303498,2.4057914654965784,2.4190025609775367,2.338958705090373,2.1244078189398587,2.2862371952897838,2.4734302985004475,2.50922585246678,2.1744907264884827,2.409935575605704,3.0614677953669447,2.769257411477965,2.9881457280476287,2.9565247021080863,2.4155541895731196,2.851121946373677,2.8611790789175267,2.4445298630431824,2.527696372842258,2.4174890113129672,2.8512072873508796,2.1855807475791114,2.3197330923885597,2.2058821432148674,2.005861110949018,1.829284776931131,1.7700493845513496,1.7509779992781014,1.6891705903343541,2.079236922058229,2.05133714770916,2.1338212576854803,2.4333448781287887,2.3156776046351943,2.3240620200851807,2.461308915071514,2.297416184824526,2.1827870462980505,2.0028406354448722,2.5279372710253885,2.6761439421235296,3.129673663144149,2.3109404023107225,2.430519253796853,2.3660042342192917,2.4315536092466146,2.3384159703016087,2.109227592254119,2.245960708065367,2.430343170415803,2.561067747806888,2.1918557246300963,2.4030990599625635,2.8818483182980397,2.663128205543168,2.957035996030957,3.069500215719127,2.384386785666983,2.918877735658689,2.815114276293676,2.5352229731520275,2.4074647023399853,2.5452329578637776,2.8144036996320017,2.022116037771572,2.1919021305168895,2.101056141127696,2.0489444699468287,1.8876428274168502,1.7844224663445236,1.8992370823540055,1.6531220085565945,2.0297406872992743,2.0147108808199854,2.1480266781107673,2.3959887971618783,2.3295817027555827,2.336310452978066,2.568265137245758,2.338902880765493,2.084342062227769,2.0418070617839317,2.5566629051384355,2.6892843366786594,3.1481076472014036,0.16924133992888274,0.13492568451349396,0.14902148829236672,0.14524119281716194,0.14896195193012873,0.19002051950509488,0.16230635285263095,0.1632717526594398,0.1346305365510742,0.2566156397007327,0.22842328987682078,0.22546911261482877,0.2510195907066948,0.33035340243516337,0.30346343374596946,0.2014195997574926,0.17553183092900876,0.17370210385728582,0.17973576571476446,0.2454205722850696,0.1556272663825436,0.1870727915296507,0.2828286739123699,0.21522109970447265,0.20249199719245997,0.11300855393327931,0.12226541123133863,0.12505715048113628,0.13388891071313258,0.14814235667568565,0.14874399648352465,0.13682279515118612,0.13597152880996002,0.14590529045540002,0.13178349783958476,0.12611118305459154,0.17567005155153728,0.2296627703939665,0.22295383962176202,0.2424717873784031,0.12133686932051,0.15221318755597968,0.19512057598392257,0.18217839834271632,0.1345879352646008,0.1407112694625602,0.1391314829930976,0.14152583109134553,0.17107216026180233,0.15345754943227766,0.161871448843555,0.1487671292088753,0.24330240448089474,0.2611021775753844,0.21496597487913152,0.2500215761213478,0.2840542171253913,0.30764244489974546,0.20337598253246264,0.1743271111090984,0.1718995423916217,0.1707446935829586,0.2379165676476679,0.16477396182517867,0.1994041611230868,0.2821677475572855,0.21921359212810773,0.18996494370420736,0.11690346242881376,0.12221530287807537,0.12308366668620443,0.1413219698010977,0.14057275898506483,0.1526862125271831,0.1330900761414411,0.138223594414823,0.13929201602482463,0.13232602855281572,0.12838213765031553,0.18348977943746694,0.22947189408926522,0.2286463478471671,0.26332940433558416,0.11896609622331594,0.14681650456487316,0.19528313512720144
75.0,2.2810524189745536,2.4563991083292436,2.3971281108181075,2.411939378345782,2.3325318111084736,2.117369049487892,2.279993466404414,2.4713273155863447,2.504324893058491,2.1733913013628423,2.409975529076965,3.054812230745391,2.7633629714938186,2.9689145231076117,2.939752906605553,2.41075427182657,2.8476131459484297,2.8549611804783255,2.4397910883397387,2.525589164092294,2.4097872585258653,2.8417051203765773,2.1745148110392516,2.313135296774683,2.203414594537117,2.000311934158765,1.8275746759853193,1.766036482763201,1.7452789271941542,1.684670210716243,2.0723997987202574,2.043857320181213,2.126096510550894,2.4250853391770413,2.3083436883940207,2.317908822586762,2.4507710740461985,2.2844373351344585,2.172679475261445,1.9910768222798294,2.521889354409466,2.669635234055288,3.1218123972913894,2.29947914349695,2.4220489642218976,2.3578916472029126,2.424733465594788,2.333012198291284,2.104137377137264,2.240643274022492,2.4289957901121424,2.5579851495069086,2.191767426152212,2.4056008102322184,2.8775241790292228,2.6600090818048354,2.9415305000973113,3.0514231968175123,2.38369611743658,2.9140113360083038,2.8060861118411573,2.5321617489354633,2.4055878462549636,2.537564167700095,2.804094136730926,2.009385783581496,2.1852215862760214,2.0974226722707723,2.043903454170606,1.8862161738015975,1.781624978959554,1.8920654070063927,1.6485666646548198,2.0231618250288936,2.007506254081015,2.13967509307022,2.387230183644617,2.3214522355453133,2.3305534837635196,2.5575344806884135,2.3256516329921286,2.0727680032912716,2.030010008792962,2.5505555170356335,2.6816717652557873,3.1401823272449203,0.1707817323145071,0.13636030568131258,0.15093814949664575,0.1466684187702058,0.1515217938718507,0.19283472605867177,0.16391109420683767,0.16527085322295257,0.13630909481889247,0.2580160317767861,0.2295528201190359,0.22703072216960538,0.25253173665694834,0.3318862875346652,0.3050343614874327,0.20237475899431775,0.1767353335228714,0.17508231479329162,0.18132718261692185,0.24719722515949577,0.15711040441732887,0.18914998158333535,0.2845559936657667,0.21693169683794877,0.20377224678801756,0.11278371108102521,0.12199541647677567,0.1251315273401071,0.13474008516406932,0.1487976537713227,0.1497034001684796,0.13815413238859775,0.13710402632496585,0.1473768091228557,0.13277106154364696,0.12687361958006224,0.17682198518057354,0.23093376381003702,0.2242111330491402,0.24350085434249713,0.12204667526009196,0.152931668215151,0.1964375935151823,0.18367220035236206,0.13596828190242255,0.1422892590753104,0.14002867638381525,0.1436685902146048,0.17273855683648923,0.15484178257879408,0.1638273513904801,0.1511167008539633,0.24491926284018264,0.26323194157093366,0.21640573066830449,0.2520045595459839,0.2854421595142089,0.30913763668312666,0.20387732352523996,0.17507151272639543,0.17294196473399012,0.17258705260827212,0.24070517621137713,0.16603642531701723,0.20104722949881038,0.28405819434458196,0.21951210505947255,0.19047939263853766,0.1168607132944136,0.12187432635616774,0.12259426495704995,0.14225793091264957,0.14145181670477805,0.15345825726287063,0.13391651594314546,0.13910900805783133,0.13992782415437743,0.13291624620125034,0.1286173711673518,0.18431773978783295,0.23049569932482383,0.22935628271156674,0.26495072459449137,0.1192425810902725,0.1474427644110907,0.19701567094061964
76.0,2.2698306697942887,2.4470900331466416,2.388507711173458,2.4047300435669903,2.326322068535245,2.1106159125349073,2.273898632766549,2.4695996338383703,2.499389502318017,2.1725126126626284,2.4099923374941667,3.047750031415746,2.7570437450444993,2.948933331412435,2.922360048376936,2.4060001916013003,2.844205350491241,2.8486196952491984,2.435149005476701,2.5236547881843965,2.40188326053284,2.8318853966251396,2.1629344371869053,2.3064114338672317,2.2006718509504464,1.9947678325768656,1.8258007907155447,1.7619524098587922,1.7396136782713785,1.680319022076877,2.065754337719473,2.036419133406646,2.1184647033943254,2.416753135403006,2.3010941801171914,2.3117027509229042,2.439972719560791,2.27142676926497,2.161954388628081,1.978507781878345,2.515821290974256,2.663093451690352,3.1137810807458073,2.2878920535148173,2.4135410576014,2.3498463391273043,2.4177993505319617,2.327853243287604,2.099363686814044,2.235500277870938,2.427967752765496,2.55498995733032,2.192152072430713,2.408343410852101,2.872918220756564,2.6567756722688882,2.9256112956209166,3.032619466074392,2.3832727405175396,2.909113426882083,2.796761404753484,2.529266830474736,2.4037411833122295,2.529709077281322,2.7934171064206113,1.9960760721585096,2.17833470872974,2.093610829565501,2.038832252077965,1.8846175537419287,1.7787586022643103,1.8848918309274774,1.644165084512286,2.0167922756833234,2.000360760512329,2.131374110553749,2.378416624505854,2.313394860347933,2.324823168814636,2.5467071647223225,2.3123006214204844,2.0607154179795746,2.0175176711519973,2.5444677025951976,2.6739638636324603,3.1320608712262152,0.1723643861153753,0.1378247069476956,0.15292239050914475,0.14814974002708664,0.1542145711092805,0.1958294308620849,0.1655950199773775,0.16736591110996143,0.1380609826366347,0.25946119712395693,0.23070814222553124,0.22867023133649786,0.2541270229606142,0.33339186388168324,0.3065922887675729,0.2032623164266989,0.17797454382817257,0.17651279403439502,0.1829485974672087,0.24900898248037848,0.15864763697576234,0.19133404538628582,0.28634821680629957,0.21871560808391743,0.2050842630434798,0.11244362909260927,0.12161614192237617,0.12513306453651027,0.13559913865886605,0.14944582675133902,0.15067820511129504,0.1395284191389992,0.1382484882893163,0.14890665814331872,0.13376810552956478,0.12762074504607224,0.1780108503772199,0.2322385262715814,0.22552681608265393,0.244569022963663,0.12274228058391023,0.15360983053312469,0.19778746223454066,0.18518031029605553,0.13737316087685314,0.1439179904101787,0.1409246884465778,0.14592909140289986,0.17448012071288255,0.1562743930565635,0.1658906581737575,0.15360258728371406,0.2466240737217197,0.2654931231471685,0.21790581431489817,0.2541183824229549,0.28682882040926927,0.31061894988824074,0.20428608912402574,0.1757660316991766,0.17398619943335844,0.17450155068451748,0.24364361970155723,0.1673060485572132,0.20271946508171826,0.2860154152014807,0.21973744457258299,0.1909273921059569,0.1167406490038041,0.12143716378055106,0.12199641768579823,0.14319053643997118,0.14235445148971435,0.15422422031529398,0.13470872787053945,0.1399697541621975,0.14050300898966422,0.13348826274253697,0.12880487849777666,0.1851045889719394,0.2314769367785746,0.23000409045918427,0.26661907766280735,0.11946555127906795,0.1480580087867617,0.19881131982870662
77.0,2.258439555542417,2.43772927883341,2.3799470485668466,2.397373380245894,2.3203597633323936,2.1041865930296417,2.267973727726703,2.468285749255614,2.494427993956483,2.1718779132266004,2.409985805134233,3.040257759968196,2.7502823130231917,2.9281970604448975,2.9043394472832564,2.401305375329094,2.840908794251235,2.842152640621774,2.430616233653405,2.5219044035143003,2.393782950970354,2.821750428982464,2.150826104370275,2.2995674572338207,2.1976405610310774,1.9892445217780246,1.8239654934674103,1.7578017431489836,1.7339997436445331,1.6761411402776845,2.059329839778168,2.0290448524450113,2.110953895315391,2.408360446817683,2.293953489548848,2.305456824644299,2.4289121468232495,2.258398076807769,2.1505860754116863,1.9650976312465698,2.509743928424766,2.6565330047716826,3.105579061601673,2.2761862191215005,2.4050043398135172,2.3418866335927246,2.4107510656580016,2.3229706765526137,2.0949468240293263,2.2305534804413427,2.4272922201728044,2.552095415186815,2.1930487583396094,2.411341815958691,2.868012078598874,2.6534256852864626,2.90928644540383,3.0130796028434363,2.3831331131801172,2.904188335132114,2.78713171495135,2.5265530642062712,2.401924951579277,2.5216733632839916,2.7823732350501444,1.9821755489504191,2.171242049300056,2.089615551072821,2.0337431140935487,1.882840360422467,1.7758264776407113,1.8777341003086696,1.6399410315924166,2.0106611578890816,1.9932967213460655,2.1231492853672562,2.36956145483084,2.3054340902495287,2.3191368399490715,2.53579159609677,2.2988585649875435,2.048168125003234,2.004302529153467,2.538412785145502,2.6661729388510946,3.1237423379276623,0.17398853599993996,0.13931642996899413,0.15497241754719404,0.14968446238811253,0.15703976979317055,0.1990073401205351,0.16735772573853486,0.1695565559297733,0.13988495209309626,0.26095114535908903,0.2318895309457419,0.23038978019896064,0.25581064388885866,0.33486480024728177,0.3081326881241721,0.20407554074229656,0.17924881850283234,0.17799473241782282,0.18459839614008391,0.250855131726316,0.16023866660548977,0.19362663853504808,0.2882061871464128,0.22057437819512504,0.2064273009574771,0.11198057431482172,0.12112071477011704,0.12505715916108767,0.13646487299417598,0.15008543639765617,0.15166792639170462,0.14094569394284187,0.13940338038968603,0.1504957949020329,0.1347730629177921,0.12835063469996,0.17923772571802218,0.23357724643612318,0.22690316121360277,0.24567761977524555,0.12342131171147606,0.1542436327147353,0.19917102130962278,0.18670002467631366,0.13880019714683656,0.14559539473078265,0.14181664439971328,0.1483076299127748,0.17629697989568704,0.15775403362000662,0.16806205496096802,0.15622539216014256,0.24841904364458037,0.2678904555512792,0.2194679068959908,0.25636840064397437,0.2882121582922304,0.31208211330275165,0.20459531153358873,0.17640499734480206,0.17503038297280582,0.17648875456270122,0.2467350317885943,0.16858119739717636,0.20441903321575247,0.288040542666483,0.21988398546499102,0.1913023303078904,0.1165393481830797,0.12089880633056323,0.12128403879574134,0.14411766143026208,0.1432817214667089,0.1549830648399871,0.13546284503077058,0.1408023213369789,0.14101158006151668,0.13404159601603288,0.12894319683531977,0.1858469211589253,0.23241071951848064,0.23058335668124708,0.26833476756081337,0.11963204284748143,0.14866267467620417,0.20067150930453764
78.0,2.246883730239805,2.4283251784673148,2.3714629050024914,2.389868211987224,2.314675181461628,2.098119275920841,2.262239784635349,2.467424157837173,2.4894486816850154,2.171510455893541,2.40995573627411,3.0323119789929205,2.743061256323079,2.9067006176877745,2.8856844231855225,2.3966832494417627,2.8377337114775494,2.8355580339876316,2.426205392069211,2.5203491684777113,2.385492263474926,2.811302530334455,2.1381762909376065,2.2926093204421245,2.1943073733552554,1.9837577173369658,1.8220711565865184,1.7535890599446167,1.7284546144483726,1.6721606811800969,2.0531556056186933,2.021756742355788,2.1035921454137494,2.399919453432019,2.2869460264331614,2.2991840633016865,2.417587651041568,2.2453648473545615,2.138548824625952,1.9508104873906422,2.5036681144659685,2.6499683030422236,3.0972056879532124,2.26436872707423,2.396447616736377,2.33403085419947,2.403588412572746,2.318396069348374,2.0909270915279534,2.2258246425643757,2.427002354131013,2.5493147669861784,2.1944965787529145,2.414610979688498,2.8627873876749725,2.6499568292086995,2.892564012248083,2.9927941864783594,2.3832936936945064,2.899240387610487,2.777188602355458,2.5240352965664976,2.400139389123602,2.513462702384681,2.7709631489685917,1.9676728594049993,2.163944159408963,2.085431774853603,2.0286482906419203,1.880877987027839,1.7728317464707066,1.8706099613413802,1.635918269358608,2.0047975902727284,1.986336457814382,2.115026172316723,2.3606780097047912,2.2975944383361773,2.3135118289844945,2.5247961815610065,2.2853341826303093,2.0351099430728286,1.9903370630897732,2.532404088014863,2.658311297954106,3.115225786131635,0.1756528164616521,0.14083246282976195,0.1570857003221168,0.15127139389187247,0.15999580918865894,0.20237001523711193,0.16919802552513244,0.17184154812885533,0.14177904358978796,0.26248545497125214,0.23309707244084868,0.23219104793331863,0.25758800787592023,0.3362997937307718,0.3096510498597197,0.20480793253328955,0.1805571198960139,0.17952919689545563,0.18627456406226808,0.25273445815094114,0.1618829094834028,0.19602893446516736,0.2901304065616443,0.22250953767612847,0.2078006230101869,0.11138726372491267,0.12050287876084541,0.12489989720332251,0.1373358275911404,0.15071483165623809,0.15267184145614307,0.14240571395219498,0.1405670603588226,0.1521448925989378,0.1357843402684699,0.12906175847515078,0.1805035992711018,0.23495005517527687,0.2283423313117033,0.2468278655086199,0.12408141169513386,0.15482938622067025,0.20058918880914273,0.18822811349225843,0.1402466258273249,0.14731871302587007,0.1427014542505117,0.15080354642882565,0.1781886964820992,0.15927884889680627,0.17034116932934254,0.1589845449129074,0.25030555189476944,0.2704279268690827,0.2210932606418697,0.2587595549710915,0.28959039080907517,0.31352289488146234,0.20479850126412358,0.17698243895322904,0.17607266860072104,0.17854880367202397,0.24998161079956194,0.16986036653021222,0.2061439679424521,0.29013444978093217,0.21994638861731713,0.19159760945177606,0.11625367705242823,0.12025497916148505,0.12045165880858355,0.14503708212303631,0.14423477645548508,0.15573376227054173,0.1361750838262188,0.1416032926325529,0.1414476063911797,0.13457647217450644,0.12903181008222814,0.18654171086309934,0.23329233973400135,0.2310876252511743,0.27009808123633344,0.11973972610047871,0.1492580592866281,0.2025977448880903
79.0,2.2351678479072734,2.418886065126093,2.363072062484642,2.38221336239567,2.309298608884662,2.092452146157228,2.2567178368430314,2.4670533555821157,2.484459879214764,2.1714334935022217,2.4099019351906765,3.0238892510800865,2.735363155837335,2.8844389106238837,2.866388295944772,2.3921472403711275,2.83469033641936,2.828833892738387,2.4219290999234917,2.519000241470379,2.377017131683034,2.800544013566993,2.124971475237086,2.285542977059802,2.190658936499198,1.9783231348284076,1.8201201524184665,1.749318937556547,1.7229957818176616,1.6684017606455313,2.047260935963383,2.0145770681985264,2.0964075127890447,2.391442335257014,2.280096200514271,2.292897486445769,2.4059975274237364,2.2323406704970665,2.1258169252845986,1.9356104673167105,2.497604696802898,2.643413756244906,3.0886603078946933,2.2524466641302316,2.3878796942481126,2.326297324547796,2.3963111928760563,2.3141609929369085,2.087344792054768,2.2213355250706615,2.4271313164370794,2.5466612566381137,2.1965346285446277,2.418165856178,2.85722578310366,2.6463668123867428,2.8754520589557253,2.9717537963328677,2.3837709403310012,2.894273911169275,2.766923626886465,2.5217283739918344,2.398384734012704,2.5050827712599473,2.7591874745250076,1.9525566489700426,2.1564415904784764,2.081054438968772,2.023560032147724,1.8787238267426667,1.7697775501362067,1.8635371602170243,1.6321205612742753,1.9992306914607882,1.9795022911494464,2.1070303262080605,2.3517796242129867,2.2899004176939735,2.3079654677385575,2.5137293278642936,2.2717361932857822,2.021524690898962,1.9755937532533625,2.526454934531676,2.650391247983958,3.1065102746205304,0.17735517721483957,0.14236916682349007,0.15925887668696453,0.15290877994562638,0.16307994169818946,0.2059177497689648,0.17111387160079314,0.17421867463814675,0.14374051384896985,0.26406319735077555,0.234330618406532,0.2340751779316399,0.25946472183883174,0.33769160848463586,0.31114291313264003,0.20545331640415893,0.18189795542585743,0.1811170990139616,0.18797463419262458,0.25464517590505326,0.1635794679621006,0.19854156523025626,0.29212098161150807,0.22452260600271684,0.20920351635721623,0.1106570705498614,0.11975724047444825,0.12465826848262745,0.13821023486078038,0.1513321091936538,0.15368894354642879,0.14390791122916177,0.14173777731634737,0.15385429722050248,0.13680031954133173,0.12975307394870825,0.1818093531157988,0.23635702518227228,0.229846352849327,0.24802084845410763,0.12472025670581516,0.15536386812189973,0.20204298551952968,0.18976075956750016,0.14170924604986393,0.14908440323737207,0.14357579148064367,0.15341511806935407,0.18015417051449364,0.16084640514016632,0.1727264113129643,0.16187815344538303,0.2522839783873369,0.27310862681135895,0.222782620988463,0.2612962697693081,0.2909620556178937,0.3149371363165281,0.20488981458145045,0.17749207036840106,0.17711125115526027,0.18068134152238233,0.25338448025682736,0.1711422087745809,0.20789216011422432,0.2922976949157047,0.21991972858832384,0.19180671222421286,0.11588152043870298,0.11950237779433867,0.11949465618353179,0.14594647964044566,0.14521487458007853,0.15647530937377085,0.13684179433435895,0.1423693941436635,0.14180527898109152,0.13509395283369408,0.12907136817566045,0.18718641923447196,0.23411735620530585,0.23151044618321204,0.27190928573160333,0.11978706818200567,0.14984647424527361,0.20459160616964778
80.0,2.22329656256569,2.409420271887475,2.354791303017507,2.3744076550759923,2.3042603315632117,2.087223388687564,2.25142891770023,2.467211838489571,2.4794699002568468,2.171670278891421,2.4098242061608843,3.0149661388198936,2.727170592459141,2.861406846736006,2.846444385422027,2.387710774549001,2.831788903325776,2.821978234265659,2.4177999764155915,2.517868780888033,2.36836348923119,2.789477191566002,2.1111981356169203,2.2783743806544705,2.1866818990391486,1.9729564898270588,1.8181148533088476,1.7449959532956183,1.717640736887138,1.6648884945354263,2.0416751315345616,2.007528095032749,2.0894280565409287,2.382941272303636,2.2734284215363445,2.286610113627278,2.3941400711777208,2.2193391358269916,2.1123646664013225,1.9194616880309148,2.4915645231405272,2.6368837741226647,3.0799422695203567,2.2404271170467127,2.3793093782268633,2.318704368238,2.3889192081677653,2.310297018580279,2.084240228354644,2.2171078887908475,2.427712268887949,2.5441481280523623,2.199202002588767,2.4220213995636968,2.851308900003803,2.642653343171714,2.857958648328798,2.9499490117606606,2.384581311359815,2.889293232660586,2.75632834846508,2.5196471429187173,2.396661224314095,2.496539246586343,2.7470468380684854,1.9368155630933361,2.1487348939306163,2.07647848147922,2.0184905890355607,1.876371272751578,1.766667030019153,1.85653344312701,1.628571670802834,1.9939895800798153,1.972816542583407,2.0991873018471967,2.3428796334406323,2.2823765414089867,2.302515088028954,2.5025994417559354,2.2580733158909667,2.0073961871922075,1.9600450799366371,2.5205786480242796,2.642425095983036,3.0975948621766993,0.1790927996749024,0.14392220743730058,0.16148766597590541,0.15459424551970624,0.1662881678762605,0.20964945960664153,0.1731022915890515,0.1766846578122205,0.145765784393846,0.2656828624795592,0.23558974164468036,0.23604270559782334,0.26144657204520794,0.3390351170167562,0.31260389622053614,0.20600594230103114,0.18326931889620868,0.18275915788668556,0.18969564154920843,0.2565848627777043,0.16532710864577727,0.20116456428413126,0.29417757056745314,0.22661509209851174,0.21063531076545772,0.10978426305491085,0.1188795544174537,0.12433040522333177,0.13908597669861728,0.1519350716303982,0.1547178929665651,0.14545134899596518,0.14291367374657016,0.1556239825134527,0.13781935652856836,0.1304241221899766,0.18315574414953825,0.23779817082985588,0.23141708304178363,0.2492574915970283,0.12533557159689201,0.15584444515078846,0.20353355730326533,0.1912934986315685,0.14318437668329742,0.15088805544407635,0.1444360776552522,0.15613946103095627,0.18219154768126475,0.16245362501834756,0.1752148203185676,0.1649028654073107,0.25435353113502784,0.27593458937566023,0.22453614710337608,0.2639823470378101,0.2923260713535399,0.3163207893970559,0.2048642377049676,0.17792728357047746,0.1781443920650891,0.18288545027134862,0.25694354829876404,0.1724255660887793,0.20966134382833504,0.29453046052049286,0.219799632457989,0.1919232752219697,0.11542203003746201,0.11863892773503307,0.1184095161758956,0.1468434477416933,0.14622340072614465,0.15720674800743326,0.13745951631191727,0.14309754699811086,0.1420789797625103,0.13559605787392354,0.1290639156817879,0.18777910683435203,0.23488169566066266,0.23184543167382685,0.27376861978375167,0.11977350481466308,0.150431394886307,0.20665473241419496
81.0,2.211274528235906,2.39993613182922,2.346637408605319,2.366449913632906,2.2995906354589573,2.082471188460564,2.2463940605574613,2.467938102558593,2.474487058522382,2.1722440648999077,2.409722353461662,3.005519204802519,2.718466147081668,2.8375993335069287,2.825846011478305,2.3833872784071644,2.829039646445985,2.814989075961037,2.4138306407448686,2.5169659451263793,2.359537269755858,2.7781043772173573,2.0968427504253357,2.2711094847938114,2.182362909551355,1.9676734979076398,1.8160576316032755,1.740624684472691,1.7124069707915797,1.6616449987112016,2.0364274930545694,2.0006320879179484,2.082681835769021,2.374428444582883,2.266967099243531,2.280334964396927,2.3820135775115023,2.2063738329360594,2.0981663369898373,1.9023282665393932,2.485558441183863,2.6303927664184537,3.071050920924441,2.2283171725808906,2.3707454745507746,2.3112703088703364,2.381412260047722,2.306835717540531,2.081653703172425,2.213163494555608,2.428778373280574,2.541788625138662,2.202537795759344,2.4261925639820796,2.8450183734941747,2.638814129914766,2.840091843169342,2.927370412115427,2.3857412650511893,2.884302678936494,2.7453943270119923,2.51780644978357,2.3949690980952685,2.4878378050404333,2.734541865948074,1.9204382472226613,2.1408246211874,2.0716988404458774,2.013452211730053,1.8738137182391965,1.7635033275014702,1.849616556262752,1.6252953614076864,1.9891033747563378,1.9663015333484206,2.091522654040084,2.333991372472982,2.275047322567323,2.2971780216733135,2.4914149299851753,2.244354269382844,1.9927082506631393,1.943663523432005,2.5147885518210575,2.6344251489937878,3.088478607582536,0.18086201876254934,0.14548649458697413,0.1637667987115602,0.15632474995580023,0.16961517467892703,0.21356259407825676,0.17515935179706932,0.1792350869007318,0.14785042099286516,0.26734229173008184,0.23687369730196908,0.2380934936354411,0.263539502591733,0.34032534295869205,0.31402972390667466,0.2064605939550725,0.18466863773399736,0.18445585718597582,0.19143408949285295,0.25855040360097065,0.16712424888648753,0.20389731417391527,0.29629933392779145,0.22878849080963076,0.21209539680507591,0.10876427627660615,0.11786704667152559,0.12391583954803011,0.13996054521280174,0.15252118672125492,0.15575696822921295,0.14703467965095643,0.14409279071708048,0.15745350353563128,0.1388397742328683,0.13107512207675567,0.18454337951533314,0.23927344749565177,0.23305616904673038,0.25053851191871196,0.12592514267040744,0.15626920669903646,0.20506219307557635,0.19282116355312298,0.1446678169473608,0.15272432223440127,0.1452784770138811,0.15897245216630984,0.18429813671392445,0.16409673260973132,0.17780192649231308,0.16805374558944464,0.2565120822282067,0.2789066364598915,0.22635333428273025,0.26682085738737576,0.2936817956646419,0.3176699533010429,0.2047177824185145,0.17828115548660822,0.17917044296256388,0.18515959330607767,0.2606573719613928,0.17370950147265324,0.21144908159141507,0.2968324869927352,0.21958242473311318,0.1919411668054851,0.11487587889288474,0.11766405858725551,0.11719411074932792,0.14772550623169198,0.14726188750633123,0.1579271883413043,0.13802503954901282,0.14378492094876993,0.14226335508679613,0.13608587389156965,0.12901311692824372,0.18831854862329156,0.23558176858983948,0.23208632045930924,0.2756762781015025,0.1196996135473539,0.15101759224940106,0.2087887940812806
82.0,2.199106398938768,2.3904419780290795,2.338627161252312,2.3583389616711234,2.29531980653364,2.078233730424988,2.2416342987652165,2.4692706437882808,2.4695196677225235,2.1731781043664538,2.4095961813699125,2.995525011618141,2.7092324005980957,2.8130112784194656,2.8045864939746528,2.37919017837747,2.826452800029095,2.8078644352161244,2.41003371211067,2.5163028925811575,2.3505444068935355,2.766427883406958,2.0818917980105263,2.263754243045472,2.1776886166120226,1.9624898746448696,1.8139508596473413,1.7362097083986099,1.7073119746657315,1.6586953890342884,2.0315473212457094,1.9939113119136742,2.0761969095729884,2.3659160321057247,2.2607366433799987,2.274085058305433,2.369616341633067,2.193458351415965,2.083196226063852,1.8841743198483085,2.4795972986379113,2.6239551428752104,3.0619856102012046,2.216123917489972,2.3621967890979847,2.304013470045102,2.3737901501157928,2.303808661079714,2.0796255192529705,2.2095241031955597,2.430362791411887,2.5395959918067574,2.2065811029303473,2.4306943035696444,2.8383358386936237,2.6348468809670194,2.8218597062793997,2.904008576750899,2.387267259675381,2.879306576849107,2.7341131224478765,2.5162211410227964,2.3933085934237277,2.4789841232987526,2.7216731845128694,1.9034133468058245,2.132711323670793,2.0667104539296264,2.0084571506557967,1.8710445563901565,1.7602895839650843,1.84280424581565,1.6223153965522483,1.984601194116904,1.9599795846766497,2.0840619375926575,2.3251281763952667,2.2679372742550323,2.2919716004893003,2.4801841993012808,2.2305877726984136,1.977444700022346,1.926421564031898,2.509097969250349,2.626403714058624,3.0791605696204174,0.18265825516695622,0.14705613807736473,0.166089971549601,0.15809656071451422,0.1730543060229382,0.217653076346638,0.17728015642542405,0.18186438254299758,0.1499891555579097,0.2690386246020375,0.23818139498411386,0.24022668053020907,0.2657495926967707,0.3415575040105359,0.31541624962897435,0.20681270137200966,0.18609273096891513,0.18620739585469773,0.19318593382176807,0.26053794834100474,0.16896895488252942,0.2067385024877367,0.29848489219336727,0.23104427395543228,0.2135832436864182,0.10759401477370059,0.11671877483038677,0.12341577227281772,0.14083101150597932,0.1530875504353014,0.15680401976656755,0.14865610675616373,0.14527307693867397,0.1593419494780105,0.13985984950180105,0.13170705731838792,0.18597268466422193,0.24078274927269222,0.2347649971487988,0.2518643701188218,0.1264868253420231,0.15663710253274366,0.20663033473520112,0.19433783700455334,0.14615481556022233,0.15458687265926663,0.14609890578047457,0.16190867750533247,0.18647034319484757,0.16577121479337192,0.180481635852222,0.17132417802994118,0.2587560229447637,0.28202422845257064,0.22823294252322604,0.2698140298557057,0.29502907654648225,0.3189809117699341,0.20444768528780877,0.17854647274958024,0.1801878659938313,0.18750157145123536,0.2645230335695535,0.17499333051306593,0.2132527488479824,0.29920300347127166,0.21926527096751836,0.19185456580320695,0.11424550625684086,0.1165789793498603,0.11584798906765015,0.14859012189098658,0.1483320394839112,0.15863583643443993,0.1385354666771867,0.1444289873040853,0.14235339112878673,0.13656763560470686,0.12892446016155257,0.18880434538083252,0.23621459947250367,0.23222705015838963,0.2776323864188789,0.11956727802923668,0.15161123223639425,0.2109954463719683
83.0,2.1867968286951154,2.380946143564771,2.3307773429627097,2.350073622795367,2.291478130748944,2.074549199529565,2.237170665674005,2.471247958177736,2.464576041568374,2.1744956501298383,2.40944549416257,2.984960121856943,2.6994519339016283,2.787637588956405,2.782659152772056,2.3751329008916833,2.824038598324282,2.8006023294225377,2.4064218097123593,2.5158907816480935,2.3413908342807295,2.7544500230207074,2.0663317567207184,2.2563146089770867,2.1726456687973887,1.9574213356134575,1.8117969097866464,1.7317556023842215,1.7023732396443483,1.6560637813661088,2.0270639168303433,1.9873880320794177,2.0700013370524823,2.3574162148831292,2.2547614636898845,2.2678734149035154,2.3569466587503913,2.180606280858435,2.0674286226370766,1.8649639649637881,2.4736919432076503,2.6175853132358693,3.052745685444899,2.2038544385311964,2.3536721277466124,2.2969521753625495,2.3660526799717916,2.3012474204598714,2.0781959793411224,2.2062114755413638,2.432498685078852,2.537583471966372,2.2113710189758056,2.43554157246289,2.8312429307209683,2.6307493046796124,2.803270300461018,2.8798540850207517,2.3891757535026126,2.874309253250509,2.7224762946934074,2.5149060630728486,2.3916799483669715,2.4699838780378847,2.7084414201119187,1.8857295072905957,2.124395552802843,2.0615082599913825,2.003517656237422,1.8680571803890602,1.7570289407919244,1.83611425797713,1.6196555396999193,1.9805121567880406,1.9538730178002504,2.0768307073108567,2.3163033802927337,2.261070909558212,2.2869131562945904,2.468915656453529,2.2167825447746745,1.961589353980423,1.9082916820287292,2.5035202236405127,2.618373098219983,3.0696398070727287,0.1844759639154755,0.1486244249211509,0.16844983702701624,0.15990525275567682,0.17659757491375067,0.22191528150982592,0.1794588925034721,0.1845658053875407,0.15217596206127976,0.2707682674178408,0.23951138767169017,0.24244064850994676,0.26808303382892557,0.3427270537591224,0.316759469914962,0.20705845335261608,0.1875377834178817,0.1880136325113046,0.1949465912306505,0.26254289157012584,0.1708589546036912,0.20968608962009164,0.30073229520900624,0.2333838744513808,0.2150984160149343,0.10627218248352706,0.11543601946339975,0.122833342110813,0.14169400690905024,0.1536308574972743,0.15785642948163459,0.15031335351860137,0.14645240221031738,0.1612878965453605,0.14087779119156651,0.13232174918392095,0.18744386184545242,0.24232590368322887,0.23654462978546742,0.25323520902584046,0.127018544073866,0.15694807936096594,0.20823957477689523,0.19583681762720892,0.14764005250381004,0.1564683788540462,0.14689306130699248,0.16494141589578507,0.18870362693440618,0.16747180608981518,0.18324614913213016,0.17470580204161287,0.26108014968067966,0.2852853284681272,0.23017293639882064,0.27296314265351007,0.29636829251658625,0.32025016890858676,0.2040526001830515,0.1787157791779662,0.18119524863262507,0.18990849874962418,0.26853603742477244,0.1762766508689265,0.215069518717169,0.3016406579589365,0.21884631061166201,0.19165803652113372,0.11353533192916412,0.11538693648726903,0.11437266352581377,0.14943473899262366,0.14943576136761644,0.15933202709873673,0.13898827589611737,0.14502756859123916,0.1423444879450401,0.13704676512241212,0.12880541839361323,0.1892370242972322,0.23677797041829968,0.2322618365543242,0.27963696537724303,0.11937982999577418,0.15221992372069237,0.21327626093725713
84.0,2.1743504715258166,2.3714569615140544,2.3231047357407375,2.3416527206103757,2.288095894066591,2.071455780723044,2.2330241946343277,2.4739085417260176,2.4596644937710974,2.1762199550288384,2.4092700961165603,2.97380109810909,2.689107327885417,2.7614731726005437,2.760057307731562,2.371228872381637,2.8218072755806722,2.793200775971886,2.4030075527493,2.515740770722911,2.3320824855539257,2.7421731089445087,2.0501491049041136,2.2487965361563287,2.1672207146836957,1.9524835963881293,1.8095981543667963,1.7272669437403834,1.6976082568621877,1.6537742915680944,2.023006580530786,1.9810845134747128,2.0641231773071222,2.348941172926106,2.2490659699173543,2.2617130537418983,2.3440028240714725,2.1678312108551783,2.0508378157232103,1.8446613188919845,2.467853222598086,2.6112976872433684,3.043330494749767,2.1915158224617683,2.345180296374816,2.290104748422971,2.358199651215597,2.2991835669430647,2.0774053861817516,2.203247372423679,2.4352192160784245,2.5357643095272304,2.216946638769712,2.440749324798312,2.823721284695019,2.6265191094036804,2.784331688516235,2.8548975162787062,2.391483204803151,2.8693150349927783,2.710475403669304,2.5138760623701546,2.3900834009924874,2.4608427459343853,2.694847199094295,1.8673753741247618,2.1158778600055395,2.0560871966920398,1.9986459788995352,1.8648449834205558,1.7537245393639236,1.8295643389385934,1.6173395543141265,1.9768653813963,1.9480041539513695,2.06985451800062,2.3075303192506174,2.2544727415629535,2.2820200209068444,2.4576177081911896,2.2029473045486245,1.9451260312479357,1.889246357714911,2.4980686383199338,2.6103456085202827,3.059915378721823,0.18630860547792472,0.15018382535192332,0.1708380376032686,0.16174573999162095,0.18023572566467344,0.22634205999095344,0.18168892949495044,0.18733151957310673,0.1544041967819071,0.2725268927613438,0.24086188356769275,0.24473301734431552,0.2705461070453711,0.34382972130418504,0.318055528824536,0.2071949052207642,0.18899934181677283,0.18987402392798464,0.19671097862720377,0.26455988016574,0.1727916684409574,0.2127372918050355,0.30303900760678865,0.23580866204815326,0.21664058864862887,0.10479963363118786,0.11402269947917544,0.12217388094661358,0.14254572137564442,0.15414738337995182,0.15891107986240552,0.1520036404663132,0.1476285756654796,0.16328936174594885,0.1418917082840328,0.13292190699632425,0.18895683677307548,0.2439026617543034,0.23839572842963042,0.2546507791932824,0.12751828181116553,0.1572032087249737,0.20989163698485155,0.1973106053321233,0.14911763764767097,0.1583605443931368,0.1476564760495795,0.16806266533393496,0.19099248988783707,0.16919250455732085,0.18608592417980513,0.1781884913698073,0.26347759245012736,0.28868628707293026,0.2321704419922947,0.27626841708743766,0.29770037666944665,0.3214744821484762,0.20353277160897143,0.17878145013775787,0.18219131066769823,0.1923768034484769,0.27269023535093845,0.17755936747763834,0.216896347942791,0.30414344969201096,0.21832476780630858,0.19134659476482713,0.11275191449684317,0.11409343118187361,0.11277187150641252,0.15025682152734585,0.15057519065734823,0.16001526285433196,0.1393813804944715,0.1455788822655585,0.14223252852611296,0.13752985239358642,0.12866554046947157,0.18961812022564908,0.23727057582205838,0.23218525775986582,0.2816898813734301,0.11914215324137986,0.1528526959257806,0.21563263232604418
85.0,2.1617719814517082,2.3619827649546705,2.3156261215906393,2.333075078720847,2.2852033824482865,2.068991658954158,2.229215918996693,2.4772908904322444,2.454793338041801,2.178374271902219,2.4090697915088093,2.96202450296478,2.678181163442658,2.734512936834675,2.736774278714199,2.3674915192791492,2.8197690660474177,2.785657792255766,2.3998035604208243,2.5158640182013357,2.322625294349621,2.7295994540642394,2.033330320908933,2.2412059781508247,2.1614004028471703,1.947692372543594,1.8073569657333834,1.7227483097779501,1.693034517454006,1.651851035501668,2.0194046130693715,1.9750230211590802,2.0585904894365643,2.34050308624561,2.24367457180658,2.2556169943713,2.3307831328042723,2.1551467309978984,2.033398094335978,1.8232304986390429,2.4620919845142306,2.605106674640649,3.0337393862100677,2.1791151560388977,2.3367301008607315,2.2834895128266415,2.350230865447027,2.2976486717913196,2.0772940425197075,2.2006535546731207,2.438557546207528,2.5341517483990756,2.2233470571860856,2.4463325147123824,2.8157525357345743,2.6221540034903668,2.765051933247091,2.8291294498784354,2.394206071847206,2.8643282489280164,2.6981020092962247,2.5131459853511346,2.3885191893677877,2.4515664036648004,2.6808911478090813,1.8483395927561177,2.1071587967009164,2.0504422020925284,1.9938543690667478,1.8614013586692562,1.7503795210630104,1.8231722348914559,1.6153912038582692,1.973689986568215,1.9423953143621833,2.06315892446787,2.2988223283541718,2.2481672833553312,2.2773095261437124,2.446298761263541,2.189090770957254,1.928038550535478,1.8692580713828681,2.492756536616953,2.6023335520019684,3.0499863433500973,0.18814864552584099,0.15172603393177314,0.1732452923650285,0.16361234417892614,0.1839583528348247,0.23092481191792738,0.18396298028799327,0.19015272013723225,0.1566668102356145,0.2743094784950035,0.24223078644078555,0.24710066973162448,0.27314515969761716,0.34486154819742704,0.31930071075475536,0.2072200764148871,0.19047233839055283,0.191787558514651,0.19847358896873252,0.26658285549940164,0.17476425966230857,0.21588858231541344,0.30540191467395833,0.23831990945963946,0.2182095588010212,0.10317973652645823,0.11248580061557174,0.12144513756394204,0.14338192365139302,0.1546329818644568,0.15996433657949805,0.15372367499650663,0.1487993690236172,0.16534375847972696,0.14289956678706067,0.13351114807140022,0.1905111914411825,0.24551268164874715,0.24031846081899003,0.25611035070916377,0.12798405632154097,0.15740479713869834,0.2115883357217123,0.19875091156057106,0.1505811302203707,0.16025418244223574,0.1483846005783032,0.17126321799504196,0.19333050057304446,0.17092662638813483,0.1889896907114714,0.18176038489019658,0.2659397964404208,0.2922217539308821,0.2342217269103923,0.27972891700843266,0.2990268194641152,0.32265089076391706,0.20289017483454833,0.17873579646319193,0.18317490111222826,0.19490225866819716,0.27697778924853317,0.1788417107418626,0.21872996513302248,0.30670866701775035,0.21770102775358302,0.190915759249322,0.11190402447927436,0.11270636762974706,0.11105178863706916,0.15105390909718075,0.15175273472567294,0.1606852594283483,0.13971318158244128,0.14608157608362934,0.14201393914321297,0.13802455997700105,0.12851644345458055,0.18995022830985478,0.23769218379524124,0.23199233990329637,0.2837907827850705,0.11886073240612752,0.15351988583855242,0.21806565676312045
86.0,2.1490660124936354,2.3525318869643574,2.3083582825166147,2.324339520731528,2.282830881855753,2.0671950191716326,2.225766872111608,2.481433500295503,2.449970888091611,2.1809818535887686,2.408844384616214,2.949606899014209,2.6666560214665163,2.7067517891415727,2.712803385580985,2.363934268016007,2.817934203973678,2.7779713956657694,2.3968224519263157,2.516271682479099,2.313025194304281,2.716731371265818,2.0158618830833746,2.2335488885282415,2.1551713818640557,1.9430633796545724,1.805075716232018,1.7182042778077595,1.6886695125545703,1.6503181290282538,2.0162873151684253,1.9692258201920398,2.053431332540456,2.3321141348526333,2.2386116791017057,2.249598256342433,2.317285880156776,2.142566430878325,2.015083747489056,1.8006356212110979,2.4564190766610654,2.5990266851706694,3.0239717079200363,2.1666595260198163,2.328330347082498,2.2771247921738254,2.3421461242659682,2.296674306266708,2.0779022510998204,2.1984517831203645,2.4425468372631327,2.53275903249166,2.230611369098941,2.452306096341628,2.8073183189585045,2.6176516952908,2.745439097455625,2.8025404651736863,2.3973608129050397,2.859353221908313,2.6853476714948674,2.512730678452204,2.3869875515603747,2.442160527905688,2.666573892605344,1.8286108086324628,2.0982389143109663,2.044568214253736,1.989155077163671,1.8577196993197844,1.746997027271107,1.816955692027124,1.6138342517957582,1.9710150909303277,1.9370688202648305,2.0567694815185624,2.290192742688615,2.2421790480214154,2.27279900382287,2.4349672224198264,2.175221662937569,1.9103107305536169,1.8482993033250226,2.4875972418599224,2.5943492357074396,3.03985175973994,0.1899875887375546,0.1532420509310828,0.17566154240584006,0.16549890457900396,0.18775408032611984,0.23565361516220823,0.1862733265237403,0.1930198301875777,0.15895663324069687,0.27611039423679096,0.24361576846278277,0.24953981255990604,0.27588657887514395,0.3458189231520172,0.3204914211216973,0.20713303251400858,0.19195114642185943,0.19375268644981303,0.20022860752128302,0.26860513490244287,0.17677370536397505,0.2191357126663008,0.30781735218879575,0.24091874810319203,0.21980525455742825,0.10141874020389524,0.11083580293491278,0.12065744952121571,0.14419800720868922,0.15508310200121783,0.16101204833975669,0.15546965519353978,0.1499625447442002,0.16744785485398667,0.14389913496141918,0.13409397921448235,0.19210608164041462,0.24715550404257644,0.24231239188634102,0.257612611142786,0.1284138813892051,0.1575564682149747,0.21333151004195017,0.20014869998917187,0.15202358235564356,0.1621393496223594,0.14907291819636553,0.17453278736397138,0.19571035900509756,0.17266690615297658,0.19194452412644725,0.1854079755355767,0.26845656438057713,0.29588462173545493,0.23632220920948413,0.2833424561844763,0.30034964545515985,0.3237767383471395,0.20212860838353056,0.17857119816293954,0.18414498314725009,0.19748004513123563,0.2813891774624291,0.18012424448233663,0.22056686231351907,0.3093328341374667,0.21697666633666177,0.19036158303563158,0.11100260238114325,0.11123610129903808,0.10922116607142382,0.1518236879847737,0.1529711115238141,0.1613419976141163,0.1399826102128781,0.14653475354787593,0.14168573774513293,0.1385394371778136,0.12837167791968032,0.19023701868446988,0.23804379793448996,0.23167863946471762,0.28593902050064246,0.11854362954598376,0.15423291953994478,0.22057598256876473
87.0,2.136237218672452,2.343112660620877,2.301318000522923,2.315444870247138,2.2810086782506547,2.0661040463242224,2.2226980873295794,2.486374867314861,2.4452054576316766,2.184065952927249,2.408593679715731,2.9365248488475264,2.6545144828501868,2.678184637004074,2.688137948192946,2.3605705450240317,2.8163129236085784,2.7701396035935226,2.3940768464651185,2.5169749219519093,2.3032881190544328,2.7035711734351358,1.9977302697756556,2.2258312208562043,2.148520300310589,1.938612333295781,1.8027567782082896,1.7136394251406761,1.6845307332986275,1.64919968800929,2.0136839875502868,1.963715175633108,2.0486737657184446,2.3237864987581447,2.233901701546879,2.2436698592060225,2.3035093613369795,2.13010390008816,1.9958690641961856,1.7768408036142924,2.4508453467435958,2.5930721285763356,3.0140268079739436,2.1541560191617273,2.3199898409182507,2.2710289100648087,2.3339452292722256,2.296292041631268,2.079270314666973,2.1966638185960434,2.447220251042167,2.531599405714708,2.238778669382258,2.4586850238225177,2.7984002694855943,2.613009893156122,2.725501243943901,2.775121141518124,2.4009638862468874,2.8543942807857476,2.672203950185919,2.512644988109798,2.3854887256377544,2.432630795333621,2.6518960598321426,1.8081776672015655,2.08911876425768,2.0384601712365678,1.984560353614919,1.853793398556776,1.7435801993701527,1.8109324565370137,1.6126924615900031,1.968869813109175,1.9320469928914792,2.050711743958638,2.2816548973391892,2.2365325486473107,2.2685057857619784,2.423631498409332,2.161348699426561,1.8919263900129544,1.8263425338337826,2.482604077377216,2.5864049666791407,3.0295106866737056,0.19181605061038118,0.15472230708179355,0.178076157226545,0.1673989287005149,0.19161079963413824,0.24051740562012117,0.18861210591834027,0.19592276877827758,0.16126673270139052,0.27792354097083866,0.24501437684023897,0.25204607596699424,0.27877675675213104,0.34669861630006354,0.321624156155333,0.20693394673680904,0.19342967068115668,0.19576724895016537,0.20197006969824605,0.27061953477079165,0.17881688661648723,0.22247375409428052,0.3102811623582297,0.24360611336901764,0.22142773907890387,0.09952613238657317,0.10908708966660856,0.11982384126746544,0.14498906470803777,0.15549282753385785,0.1620495672048071,0.1572372897508394,0.15111588858134203,0.1695977357391623,0.14488791745851612,0.13467573336170355,0.19374013873534326,0.24883051767258532,0.24437635904074764,0.2591555508524897,0.1288057118217776,0.15766320588815366,0.2151229302761857,0.20149426217064093,0.1534376086182662,0.1640055381474958,0.14971709124449603,0.17786018726149125,0.1981240032943994,0.1744056479826349,0.194935981943409,0.18911626149006724,0.2710161634131817,0.29966600615617944,0.23846650026524696,0.28710551600014916,0.30167136031073444,0.3248496879858633,0.20125372540884032,0.17828026479134515,0.18510060590820862,0.20010484534467562,0.28591324946552493,0.18140786010303686,0.22240329062731995,0.3120116698750129,0.2161544221590674,0.18968066061875194,0.1100605742888841,0.10969535591915694,0.107291363211091,0.15256407810063377,0.15423339201238553,0.16198578038140768,0.14018915511947366,0.14693798914702655,0.14124556819130338,0.13908363314531158,0.12824644234439542,0.19048320493997853,0.23832781067086167,0.23124031588754837,0.2881335524951827,0.11820037379414754,0.15500397766161578,0.22316363405752038
88.0,2.1232902540090173,2.333733419001942,2.2945220576137637,2.3063899508724006,2.27976705759475,2.0657569253606747,2.220030598001095,2.4921534874894427,2.4405053603731215,2.1876498227564425,2.408317481084274,2.9227549150549286,2.641739128486832,2.6488063879049344,2.662771286411098,2.3574137767350267,2.814915459201284,2.7621604334306347,2.391579363236591,2.5179848950155295,2.293420002236559,2.690121173458089,1.9789219593339953,2.2180589287024057,2.1414338067629743,1.9343549490419363,1.8004025240077992,1.7090583290875336,1.6806356708209254,1.6485198283061973,2.011623930937277,1.9585133525418021,2.0443458480701624,2.3155323579731415,2.2295690488862747,2.2378448225127827,2.289451871552839,2.1177727282191072,1.9757283334710471,1.7518101628547802,2.4453816424668164,2.5872574146006238,3.003904034466007,2.1416117222218496,2.3117173882461133,2.2652201900998685,2.3256279820656793,2.296533449147025,2.081438535966012,2.1953114219308185,2.452610949341594,2.5306861119779454,2.247888052910077,2.4654842512915693,2.7889800224346826,2.6082263054374497,2.7052464355139447,2.7468620582654575,2.405031750142998,2.8494557524124264,2.6586624052900665,2.5129037607603415,2.384022949667415,2.4229828826251354,2.636858275838556,1.7870288139112185,2.0797988979630952,2.032113011101942,1.9800824488451039,1.8496158495648398,1.7401321787420685,1.805120274612534,1.611989596704419,1.9672832717312987,1.9273521534742792,2.045011266594012,2.273222127391155,2.231252298319093,2.264447203778686,2.4122999959813276,2.14748059936123,1.8728693476240608,1.8033602432015663,2.4777903664971963,2.5785130519594923,3.0189621829337967,0.1936238691231738,0.15615683193021856,0.18047819966084763,0.1693057805830019,0.1955159608073952,0.24550420349412558,0.1909716526451994,0.19885128401232097,0.163590824170364,0.2797425458726002,0.24642417174233586,0.25461464894494074,0.2818220407261248,0.34749781634721333,0.32269546525060994,0.20662413701761664,0.19490147313907707,0.1978284101248954,0.20369205800641102,0.2726185344077428,0.18089069399869884,0.22589715761326243,0.31278877598324706,0.2463826802588239,0.22307720996372923,0.09751497623567061,0.10725831588730188,0.1189600265676652,0.14574999191128982,0.15585694058131838,0.16307179158743337,0.1590218349944827,0.15225724555903303,0.17178876976370422,0.14586308029277678,0.1352624575843789,0.19541135672385504,0.2505369140143091,0.24650833416799464,0.2607363385660037,0.129157372686594,0.15773134801890595,0.21696417686426486,0.20277733088987782,0.15481548156273658,0.16584192437837045,0.15031313589126577,0.18123355820506276,0.20056275545427601,0.17613493017454093,0.19794830242518732,0.19286896023811992,0.27360549517547655,0.3035552635227786,0.24064848517881235,0.29101317586861575,0.3029948665701609,0.32586772971578376,0.2002729929778901,0.17785601542598428,0.18604086295696234,0.2027709650260983,0.2905373302580076,0.18269375331318338,0.22423526070345812,0.3147400611425796,0.21523810333368315,0.18887010803251528,0.10909250502239544,0.10809898186345601,0.10527624940731438,0.15327333532221502,0.15554304111539055,0.16261729295786542,0.14033287269095726,0.14729133489236454,0.14069171970070915,0.13966650602263894,0.12815713264651127,0.19069446022712885,0.238548137402384,0.23067418691784375,0.29037283333935265,0.11784175439460298,0.15584554483225319,0.2258278140841231
89.0,2.1102297725241685,2.324402495185326,2.2879872357933846,2.29717358621202,2.279136305849723,2.066191841229724,2.217785437476678,2.4988078568183023,2.435878910027076,2.1917567159151266,2.408015592998761,2.908273660226596,2.6283125392696443,2.618611949326987,2.6366967200964617,2.3544773895808015,2.813752045000926,2.754031902568684,2.3893426214400875,2.519312760065668,2.2834267774871266,2.6763836842205646,1.959423430106587,2.210237965634468,2.1338985497974665,1.9303069424677601,1.7980153259761558,1.7044655669591997,1.677001816256241,1.6483026657803967,2.0101364460517313,1.9536426159776514,2.0404756386952743,2.3073638925085884,2.2256381308640236,2.232136165813433,2.2751117060123556,2.1055865048629014,1.9546358443273693,1.7255078159387016,2.4400388115357385,2.581596952986458,2.99360273549049,2.129033721957413,2.303521794944249,2.259716955879282,2.317194184246168,2.297430100076071,2.084447217741782,2.1944163539553063,2.45875209395836,2.5300323951911174,2.2579786145563863,2.4727187328852382,2.7790392129245682,2.6032986404859626,2.684682734967796,2.717753794769409,2.409580862863599,2.844541963640429,2.6447145967280092,2.513521842840267,2.3825904617168483,2.413222466456816,2.6214611669736523,1.7651528942092192,2.0702798668492064,2.0255216719107456,1.97573361327884,1.845180445528619,1.7366561067687813,1.7995368924451032,1.6117494206024143,1.9662845854232418,1.9230066232453888,2.039693604230639,2.264907767929736,2.226362810122829,2.2606405896906736,2.40098112188509,2.133626081678554,1.8531234220975294,1.7793249117208003,2.4731694325482216,2.57068579859093,3.0082053073025725,0.19540025541121073,0.15753546254671738,0.1828567411775273,0.17121289873506487,0.1994569037509583,0.2506013743144146,0.1933448745248291,0.20179533837293442,0.1659237187869845,0.28156100951136737,0.24784288839638244,0.2572404465000697,0.28502865942347094,0.34821417555013306,0.32370191179502844,0.20620607637149377,0.1963599313556802,0.19993259584655496,0.2053889314069354,0.2745944758925891,0.18299214190420973,0.2293998287913829,0.31533531852739444,0.2492487913303913,0.22475399351761116,0.09540221262012617,0.10537271105121836,0.11808429527708131,0.14647561963186484,0.1561700096869698,0.16407323276311092,0.16081814895670443,0.15338455785935529,0.174015582795331,0.14682137012032567,0.1358607524152152,0.19711696747930324,0.25227363093622374,0.24870527677972096,0.26235119213867936,0.12946647502496111,0.1577685208358781,0.2188564939344498,0.20398723161484197,0.15614925113036654,0.16763766678624623,0.15085761844280704,0.18464063187938898,0.20301750002280144,0.17784686170819466,0.200964660490971,0.1966487820837792,0.2762103225915862,0.3075400459410881,0.24286144225063946,0.2950590587733582,0.30432334973374,0.3268291812369977,0.1991955722649974,0.17729206719644802,0.186964838585299,0.2054724738198836,0.29524737233445536,0.18398338000155157,0.22605854784171162,0.31751205306459235,0.2142324261490014,0.18792751573499059,0.10811408159448517,0.10646353760875672,0.10319195451970166,0.1539501671850118,0.15690395263946078,0.16323766230983391,0.1404143765342492,0.14759532166845826,0.14002313291986573,0.14029713551990722,0.12812072807757005,0.1908772782593498,0.23871031933563358,0.22997775868181242,0.29265469100603314,0.11747951508735498,0.15676985544267213,0.22856669437776428
90.0,2.0970604282387644,2.3151282222487617,2.2817303170660166,2.287794599870738,2.279146708977293,2.0674469788800867,2.2159836391068204,2.5063764713005416,2.4313344203046667,2.1964098852420535,2.407687819736104,2.893057646952711,2.6142172960918013,2.5875962287529917,2.609907569110073,2.3517748099931777,2.812832915256657,2.745752028399308,2.387379240274965,2.5209696754980455,2.273314378442654,2.6623610186084745,1.9392211604416512,2.2023742852200483,2.125901177990286,1.9264840291479612,1.7955975564589544,1.6998657160665125,1.6736466607393117,1.6485723162933275,2.0092508336159804,1.9491252310001586,2.0370911966933933,2.2992932823754675,2.2221333572243074,2.2265569086586985,2.2604871599234992,2.093558819611237,1.9325658857788477,1.6978978798722062,2.4348277016553452,2.5761051534767616,2.983122259141648,2.116429105125628,2.295411866890779,2.254537531003302,2.3086436374135206,2.2990135656804207,2.0883366627391458,2.19400037550019,2.4656768466894086,2.5296514992639527,2.2690894491952003,2.4804034227400567,2.768559476074077,2.598224606652753,2.6638182051075034,2.6877869303836515,2.4146276826789377,2.8396572413218406,2.630352084420395,2.514514080785988,2.3811914998535695,2.403355223505204,2.605705359586492,1.7425385535433422,2.0605622223380275,2.018681091723897,1.9715260973407414,1.8404805796327266,1.7331551248322348,1.79420005622612,1.6119956967473934,1.9659028728115366,1.9190327234369717,2.0347843116744517,2.2567251540401783,2.2218885971446243,2.257103275315589,2.3896832828698624,2.1197938653155552,1.8326724321439316,1.754209019683894,2.4687545988586392,2.56293551361586,2.997239118562407,0.19713397961375875,0.15884808564136077,0.18520121354066613,0.17311403153353086,0.2034212118566952,0.2557959089709092,0.19572564357221336,0.20474552541906718,0.16826177289188124,0.28337279666939147,0.2492686112853738,0.25991829953266354,0.28840261494487324,0.3488458686398781,0.32464004076543423,0.2056833762411723,0.19779842364894581,0.20207544498202956,0.20705557606377636,0.2765397913703044,0.18511848224741612,0.23297521138038588,0.3179157351540268,0.2522043800530753,0.22645853403549357,0.0932089137268027,0.10345828381569995,0.11721726872348533,0.1471608696723886,0.156426500407611,0.16504810410773021,0.1626207612912747,0.15449590258285265,0.1762720400041001,0.14775903289820005,0.13647756703919758,0.19885330925524022,0.2540392864144638,0.2509629849851882,0.26399525153563325,0.129730322321995,0.1577835069656281,0.22080062315576368,0.20511306947464653,0.15743088328837368,0.1693822409631239,0.15134786241000897,0.1880690201330974,0.20547888539669795,0.1795338840781205,0.20396747160575998,0.20043775566230093,0.2788155422729915,0.3116063918952343,0.2450982004988764,0.2992352945638254,0.30566014023872257,0.3277326847972567,0.19803211777440033,0.17658281794955588,0.18787154452023816,0.20820335411895463,0.3000281496009637,0.18527838857215284,0.22786870182162305,0.3203208569157609,0.21314278890005703,0.18685087686793014,0.10714143758124922,0.10480669066318536,0.10105645941331717,0.154593858046113,0.15832047241787722,0.1638485112309708,0.14043480501308395,0.14785096079909038,0.13923939619436007,0.14098375856712164,0.12815403460906438,0.19103878084684597,0.23882158290649622,0.22914922316772815,0.2949761950755235,0.1171259578148079,0.1577882620567588,0.2313772070434599
91.0,2.08378687517364,2.3059189332699837,2.275768083435872,2.2782518154532787,2.2798285529391595,2.0695605232605327,2.21464623624202,2.5148978269352686,2.4268802049170226,2.201632583576013,2.4073339655732564,2.877083437823442,2.5994359798464783,2.5557541336657565,2.582397153312956,2.3493194644039512,2.812168304217621,2.737318828314087,2.385701838940569,2.5229667997083873,2.263088738739624,2.6480554895077093,1.9183016286873853,2.1944738410267903,2.1174283399176814,1.9229019246572543,1.79315158780179,1.6952633537203317,1.6705876954049028,1.6493528957064065,2.008996394352351,1.9449834626688631,2.0342205811641936,2.291332707584765,2.219079137711264,2.221120070599284,2.245576528494257,2.0817032620558247,1.9094927468391918,1.6689444716614263,2.4297591605306383,2.5707964258145033,2.9724619535137196,2.1038049584836913,2.2873964099638457,2.2497002390722334,2.2999761431676125,2.301315417222125,2.0931471737029517,2.1940852473960932,2.4734183693316845,2.52955666810619,2.2812596517005224,2.488553274992509,2.7575224470020405,2.5930019122889627,2.6426609087351074,2.6569520444619115,2.4201886678592515,2.834805912308753,2.615566428287947,2.5158953210339416,2.3798263021450845,2.393386830446837,2.589591480026172,1.719174437361387,2.050646515851569,2.0115862086023117,1.9674721514554168,1.8355096450617892,1.7296323743143425,1.7891275121470027,1.6127521886027696,1.9661672525227225,1.9154527752811759,2.0303089437313946,2.2486876208077144,2.217854172470544,2.2538525924710995,2.3784148856849328,2.105992669209214,1.8115001964738493,1.7279850473832625,2.4645591887568123,2.555274504076725,2.986062675495698,0.1988135850701124,0.160084902651467,0.1875017774854036,0.1750034742807435,0.20739706543352407,0.26107470391922194,0.1981091704445706,0.20769348977633342,0.1706033009174945,0.2851723556875667,0.25069994389970574,0.2626431552179466,0.29194953276586205,0.34939167214381106,0.3255063631461023,0.20506074459975238,0.19921053203349257,0.2042517790287462,0.208687662612812,0.278447245756653,0.18726730596135116,0.23661637245618955,0.32052492741620414,0.2552488937809814,0.22819137859406793,0.09096047191019525,0.10154789050473965,0.11638151445405984,0.1478009280694634,0.1566209046762601,0.16599043058530724,0.16442395669860174,0.1555895268572012,0.17855123933847641,0.1486717384526464,0.13711995983507305,0.20061569580472136,0.2558321049243055,0.2532759531532561,0.26566246314227215,0.12994581397919738,0.15778604328064594,0.22279662631982103,0.20614394595902902,0.15865241108318742,0.17106579437929026,0.1517821523456044,0.1915065115510014,0.20793753497650314,0.18118910608424102,0.2069387305875319,0.20421759420392763,0.2814054881487589,0.315738849522966,0.2473513313722956,0.3035325041832267,0.3070085610869346,0.32857720517811545,0.19679449952672973,0.17572360662730602,0.1887598509151236,0.21095764478980733,0.30486348483873854,0.18658052730798141,0.2296610609669853,0.3231588763042895,0.21197499118046062,0.18563849642089142,0.10619035047968599,0.1031464543949251,0.09888903354954617,0.15520439786111107,0.15979740319911373,0.1644520013425583,0.1403957663964034,0.14805975245719363,0.13834073757948087,0.14173316054753315,0.1282728292688869,0.19118647849617262,0.2388908450814215,0.22818741773642745,0.2973335222853698,0.11679347494299741,0.1589105663389367,0.2342548544980583
92.0,2.070413767349674,2.296782961326752,2.2701173169071853,2.2685440565643615,2.281212123697022,2.072570659319782,2.2137942622328004,2.5244104197215496,2.4225245775752837,2.2074480637557974,2.406953834787108,2.8603275954289886,2.5839511714268606,2.5230805715480837,2.5541587925661244,2.347124779244932,2.811768446132964,2.7287303197046393,2.3843230366362667,2.5253152910924297,2.2527557920145327,2.633469409804161,1.8966513131920295,2.1865425866223496,2.108466684155889,1.9195763445703582,1.7906797923502669,1.690663057231503,1.6678424113877672,1.6506685198810631,2.0094024289831753,1.941239576043275,2.031891851207304,2.2834943481474603,2.216499882069066,2.2158386711859213,2.2303781069326116,2.0700334217884033,1.8853907165221147,1.638611708312518,2.424844035866609,2.565685179742611,2.96162116670097,2.091168368788846,2.279484230041588,2.2452234036863374,2.2911915031082737,2.304367225963253,2.098919053378061,2.1946927304736694,2.4820098236821355,2.5297611456275737,2.294528316946367,2.4971832437790744,2.745909760827276,2.587628265745754,2.621218908652658,2.6252397163578793,2.426280276674797,2.829992303453275,2.6003491882513434,2.5176804100205628,2.3784951066588755,2.383322963958319,2.573120154641731,1.6950491911111394,2.04053329881183,2.004231960606875,1.963584026047476,1.8302610350004274,1.7260909965970397,1.7843370063991568,1.6140426596319637,1.9671068431833445,1.9122891000101627,2.0262930552073883,2.240808503317589,2.214284049186681,2.2509058729748768,2.367184337079563,2.092231212296538,1.7895905337978808,1.7006254751113312,2.460596525571119,2.547715077015938,2.9746750368848067,0.20042762145254372,0.16123670460730616,0.18974968510678947,0.1768762898789446,0.21137356991562037,0.26642482171603216,0.20049232964489186,0.21063231697292484,0.1729489076102344,0.2869550453526312,0.2521361543628078,0.2654102733781041,0.2956744639208554,0.34985106951671835,0.32629736780254215,0.20434392243683244,0.20059025150153179,0.2064555965380771,0.21028189238504633,0.28031018052117573,0.18943661948971902,0.24031608119189193,0.3231578925577598,0.25838122142984377,0.22995315825993146,0.08868670366063694,0.0996791198863012,0.11560101965751449,0.1483914266786088,0.15674788350916125,0.16689417447829827,0.16622186858257879,0.15666387739982,0.18084552008178295,0.14955451856660662,0.13779483839884055,0.20239829554879146,0.25764984081426806,0.2556372469846054,0.2673454862030896,0.13010935364232853,0.15778654941298106,0.22484370745960303,0.20706919634848853,0.1598060895773377,0.17267949971155752,0.15215991844305896,0.19494135690443734,0.21038425397013474,0.1828066533797619,0.209860369727446,0.2079700882898081,0.2839642504242846,0.31992062988221354,0.24961336799345643,0.30793980906664764,0.30837177443030084,0.32936203519279816,0.195495458096533,0.1747108348305054,0.18962841643419015,0.21372956640078386,0.30973650077304077,0.1878915271559538,0.23143077021339717,0.32601775156747775,0.21073491610220124,0.1842888895144737,0.10527536635763957,0.10150030094759921,0.09670954684585704,0.15578260680065717,0.16133998476110512,0.16505085897171473,0.1402992626050729,0.14822370755494338,0.13732801940236347,0.14255006603125664,0.12849097010104174,0.19132799534683537,0.2389286566954956,0.2270917444660786,0.2997218270920217,0.1164940400061066,0.16014436304592472,0.23719355785337748
93.0,2.056945758787683,2.2877286394967893,2.264794799484183,2.258670146808704,2.283327707212606,2.076515572006582,2.213448750429654,2.5349527456584795,2.418275851990581,2.213879578620157,2.4065472316546033,2.842766682359532,2.567745451726121,2.4895704498827573,2.5251858067306103,2.3452041809479316,2.811643575251853,2.7199845199625714,2.383255452561417,2.528026308045896,2.2423214719038707,2.618605092383751,1.8742566923037678,2.178586475574389,2.099002859281122,1.9165230044619983,1.7881845424499903,1.6860694039108801,1.665428299822674,1.6525433046787283,2.0104982382307854,1.9379158361829125,2.030133065922369,2.2757903840745306,2.2144200000418595,2.2107257299693246,2.2148901904465337,2.0585628884006493,1.8602340838413118,1.6068637068316134,2.420093175368267,2.5607858250040185,2.9505992467976383,2.0785264227982907,2.271684133002149,2.2411253484458946,2.2822895188353587,2.3082005631658356,2.1056926045093163,2.1958445855635804,2.491484371537727,2.530278175737822,2.3089345398067525,2.5063082832362498,2.7337030526685906,2.5821013753742452,2.5995002676621835,2.592640525425261,2.4329189673958047,2.8252207416074606,2.5846919242312767,2.5198841941822456,2.377198151462467,2.3731693007161767,2.556292009782254,1.6701514602403806,2.0302231226408343,1.9966132857985042,1.9598739715415334,1.824728142633276,1.7225341330622599,1.779846285174001,1.6158908732983652,1.9687507634199408,1.9095640188560914,2.022762200908393,2.2331011366550264,2.211202740379113,2.2482804486445667,2.3560000438030366,2.0785182135145077,1.7669272628265908,1.6721027831605153,2.4568799326298945,2.540269539475928,2.963075261512128,0.20196488558746276,0.16229514198076989,0.19193761078445845,0.17872849475968924,0.2153410340228719,0.27183371359921443,0.202873901954089,0.2135568572261187,0.17530169568411663,0.2887174438467972,0.25357727633470684,0.2682154036809076,0.29958163953364025,0.3502243847005468,0.3270095703626518,0.2035396035665158,0.20193219296309634,0.20868009852503108,0.21183621400593788,0.28212274340174376,0.19162488380595052,0.2440668740801599,0.3258098556964117,0.26159963145438053,0.23174456699255394,0.0864218413532374,0.09789393773150878,0.1149005327152761,0.14892862250511238,0.15680241648882612,0.16775337217466924,0.16800857901494953,0.1577176214446982,0.18314649092051244,0.1504017266965873,0.13850869680521186,0.20419403179333134,0.2594897046012598,0.25803840791296473,0.2690356332207263,0.13021677118271796,0.1577957933812152,0.22694004664407766,0.2078786361391279,0.1608845452829541,0.1742158832717994,0.15248188561522988,0.19836252507336768,0.21281021842834552,0.18438200946027825,0.2127146196327536,0.211677508840693,0.2864759941848163,0.32413378861904113,0.2518770427609099,0.3124448715513584,0.30975264218685783,0.330086815168326,0.1941482080000559,0.17354203507734,0.1904756225079349,0.21651361651196918,0.3146298848913145,0.1892129626608691,0.23317280343389657,0.3288884222879597,0.20942819946315036,0.18280067911772188,0.10440892507147598,0.09988421484805217,0.0945377049033901,0.1563302463252622,0.16295384358584084,0.16564837830857546,0.14014759390210615,0.1483453880667564,0.13620274238670804,0.14343658072299298,0.1288195520703843,0.19147077349443586,0.23894707983475233,0.2258620511339559,0.30213512623174693,0.11623869538286104,0.16149445309913296,0.24018556452242965
94.0,2.0433875035085345,2.2787643008578584,2.259817313171099,2.248628909791039,2.2862055894476123,2.0814334462696658,2.2136307341830816,2.546563300745151,2.4141423418740273,2.2209503810078677,2.406113960452657,2.824377261205234,2.550801401637439,2.455218676152577,2.49547151566744,2.3435710959447653,2.811803925823402,2.7110794464794874,2.3825117059153698,2.5311110089645044,2.2317917120441284,2.603464850132348,1.8511042443708325,2.170611461450543,2.08902351386961,1.913757619906882,1.7856682104465589,1.6814869710693081,1.6633628518443644,1.6550013659608265,2.012313122817511,1.9350345081472933,2.0289722844090514,2.2682329953769544,2.2128639013738116,2.205794266500214,2.1991110742440103,2.0473052514843,1.8339971378105113,1.5736645842248616,2.415517426740609,2.5561127713416747,2.9393955418979645,2.065886207269258,2.2640049247236695,2.2374243969511833,2.273269991948718,2.312847000091925,2.113508129841579,2.197562573496447,2.5018751746953916,2.5311210023466755,2.3245174151556633,2.5159433475005524,2.7208839576448205,2.576418949525556,2.5775130485657445,2.559145051017765,2.4401211982925144,2.820495553623442,2.56858619614841,2.5225215199554394,2.3759356746233196,2.362931517396974,2.5391076717968186,1.6444698901969081,2.019716538760587,1.9887251222381013,1.95635423836221,1.8189043611449598,1.7189649250919183,1.7756730946629444,1.6183205930654063,1.9711281318590466,1.9072998530511072,2.019741935640312,2.225578855905293,2.208634759133924,2.2459936512978387,2.344870412604612,2.06486239180013,1.743494202270571,1.6423894518232376,2.4534227332615166,2.5329501984991434,2.951262408160032,0.20341465788216348,0.16325297455127394,0.19405992614901088,0.1805571935813319,0.21929117625346578,0.27728939000441927,0.20525470411411859,0.21646394864026833,0.1776673106356125,0.29045761211136795,0.25502414653623956,0.27105492981915374,0.3036741849543048,0.35051294211273515,0.32763960565935585,0.2026553432354029,0.20323176738679627,0.2109177502308432,0.21334999279572356,0.2838800898361838,0.19383100564798814,0.24786110145585305,0.32847638574571286,0.2649017257579332,0.23356633981708763,0.08420437443833044,0.09623802774632673,0.1143047933961253,0.14940956344046527,0.15677995099679365,0.1685622761292028,0.16977822080442584,0.15874965597976531,0.18544508240376986,0.15120702719225704,0.1392673698162525,0.20599451571219615,0.2613482994236331,0.26046939900657834,0.2707228562356577,0.13026326719248324,0.15782450705851958,0.22908265760893484,0.20856280278827788,0.16188091089657533,0.17566910468574942,0.15275017255268158,0.20175991344864316,0.21520713585881907,0.1859123212170696,0.21548435684205244,0.2153230031878664,0.2889252634923469,0.3283594361491984,0.25413553218890733,0.3170339740826531,0.3111536147933217,0.3307515708122411,0.1927660098143717,0.1722158752693631,0.1912995162896605,0.2193046276374895,0.31952615991794964,0.19054609645103235,0.234881991195763,0.33176120824126065,0.20805991502079677,0.1811725047805006,0.10360057059098525,0.09831177273427767,0.09239227738688995,0.15685010628510856,0.16464490824459793,0.1662483975563985,0.13994324815191433,0.14842796717023055,0.13496706521734003,0.1443917385639525,0.12926619501296985,0.19162177384059834,0.23895949943283976,0.2244984797789102,0.3045662069260541,0.11603707934257007,0.1629623803420112,0.2432214339342774
95.0,2.029743655533064,2.269898278487687,2.255201639972155,2.2384191691160797,2.2898760563637586,2.0873624670577833,2.2143612468435867,2.559280580980658,2.4101323609367764,2.2286837237577095,2.405653825458194,2.805135894556299,2.533101602053995,2.4200201578403453,2.465009239237617,2.3422389506672325,2.8122597320967806,2.7020131166469783,2.3821044158974836,2.534580552243995,2.2211724460717974,2.5880509959358537,1.8271804477414038,2.1626234978184766,2.0785152964976135,1.9112959064797297,1.783133168685564,1.6769203360176437,1.661663558587601,1.6580668195887862,2.014876383465679,1.9326178569959453,2.0284375657669567,2.2608343620657285,2.211855995809058,2.2010573003293143,2.183039053533029,2.03627410063107,1.806654167443399,1.5389784574984067,2.4111276376886135,2.5516804284985057,2.928009400096212,2.053254808958953,2.256455411084271,2.2341388728024594,2.2641327240481908,2.3183381080035588,2.122405932119701,2.1998684551029344,2.5132153949520792,2.5323028693638707,2.3413160378671285,2.526103390708449,2.707434110874772,2.5705786965508612,2.5552653141653687,2.524743872489075,2.447903427635176,2.81582106635327,2.5520235639234508,2.525607233776574,2.3747079142089733,2.3526152906772886,2.5215677670344894,1.6179931264284988,2.0090140985930867,1.9805624079865805,1.9530370769341068,1.8127830837200902,1.7153865140679567,1.7718351810573918,1.6213555823964745,1.974268067127206,1.905518923827383,2.0172578142091275,2.2182549961536213,2.206604618537186,2.2440628127523623,2.333803850233555,2.0512724660904067,1.7192751708404057,1.6114579613919047,2.4502382507943348,2.525769361127976,2.939235535610886,0.2047669225430792,0.1641042876292297,0.1961128979500549,0.1823606501970382,0.22321724414511251,0.2827805312477488,0.2076375833611658,0.21935251084569632,0.18005379594241994,0.292175284825858,0.2564783652508039,0.27392597013120445,0.30795380874664735,0.3507192449873322,0.32818436551395347,0.20169946069682687,0.20448534044742073,0.21316038304681245,0.21482411842140442,0.2855785444785462,0.196054274661374,0.25169095338290165,0.33115348780015197,0.2682844146814537,0.23541923200886183,0.08207668768671673,0.09475976625886726,0.11383768334420981,0.14983222927800705,0.15667654440809867,0.16931549593245857,0.17152507755624463,0.15975910255292575,0.18773162853249956,0.15196342084354814,0.14007582358966073,0.20779002341594263,0.2632215755519324,0.26291860362063646,0.27239578983269924,0.13024338793555523,0.15788297067670418,0.23126728004559846,0.20911317826699638,0.1627889374073604,0.1770351656087218,0.1529683300679349,0.20512450106183305,0.21756737120298014,0.18739664088803232,0.21815342427896384,0.2188909671970787,0.2912972590159286,0.33257797815819007,0.256382696631564,0.3216921467520169,0.3125766580896035,0.3313567694235702,0.19136173524675654,0.17073209428940256,0.19209776550207447,0.22209778611950204,0.3244079549593671,0.19189171540982122,0.23655305634996834,0.3346259098792464,0.206634307979428,0.1794029542269715,0.10285633078198154,0.09679334705120474,0.09029040485760739,0.15734605733959642,0.1664192893388759,0.166855245941127,0.139688779430952,0.14847530538210563,0.1336238429460722,0.1454112034096035,0.12983454276568662,0.1917871905614396,0.23898037302144032,0.22300129231087654,0.3070065681969563,0.11589703316653714,0.16454613781036045,0.24629011541289364
