,Mean (mm),Mean (mm),Mean (mm),Mean (mm),Mean (mm),Mean (mm),Mean (mm),Mean (mm),Mean (mm),Mean (mm),Mean (mm),Mean (mm),Mean (mm),Mean (mm),Mean (mm),Mean (mm),Mean (mm),Mean (mm),Mean (mm),Mean (mm),Mean (mm),Mean (mm),Mean (mm),Mean (mm),Mean (mm),Mean (mm),Mean (mm),Mean (mm),Mean (mm),Mean (mm),Mean (mm),Mean (mm),Mean (mm),Mean (mm),Mean (mm),Mean (mm),Mean (mm),Mean (mm),Mean (mm),Mean (mm),Mean (mm),Mean (mm),Mean (mm),Mean (mm),Mean (mm),Mean (mm),Mean (mm),Mean (mm),Mean (mm),Mean (mm),Mean (mm),Mean (mm),Mean (mm),Mean (mm),Mean (mm),Mean (mm),Mean (mm),Mean (mm),Mean (mm),Mean (mm),Mean (mm),Mean (mm),Mean (mm),Mean (mm),Mean (mm),Mean (mm),Mean (mm),Mean (mm),Mean (mm),Mean (mm),Mean (mm),Mean (mm),Mean (mm),Mean (mm),Mean (mm),Mean (mm),Mean (mm),Mean (mm),Mean (mm),Mean (mm),Mean (mm),Mean (mm),Mean (mm),Mean (mm),Mean (mm),Mean (mm),SD (mm),SD (mm),SD (mm),SD (mm),SD (mm),SD (mm),SD (mm),SD (mm),SD (mm),SD (mm),SD (mm),SD (mm),SD (mm),SD (mm),SD (mm),SD (mm),SD (mm),SD (mm),SD (mm),SD (mm),SD (mm),SD (mm),SD (mm),SD (mm),SD (mm),SD (mm),SD (mm),SD (mm),SD (mm),SD (mm),SD (mm),SD (mm),SD (mm),SD (mm),SD (mm),SD (mm),SD (mm),SD (mm),SD (mm),SD (mm),SD (mm),SD (mm),SD (mm),SD (mm),SD (mm),SD (mm),SD (mm),SD (mm),SD (mm),SD (mm),SD (mm),SD (mm),SD (mm),SD (mm),SD (mm),SD (mm),SD (mm),SD (mm),SD (mm),SD (mm),SD (mm),SD (mm),SD (mm),SD (mm),SD (mm),SD (mm),SD (mm),SD (mm),SD (mm),SD (mm),SD (mm),SD (mm),SD (mm),SD (mm),SD (mm),SD (mm),SD (mm),SD (mm),SD (mm),SD (mm),SD (mm),SD (mm),SD (mm),SD (mm),SD (mm),SD (mm)
,L.FA,L.FB,L.FC,L.FCBm,L.FD,L.FDdelta,L.FDT,L.FE,L.FF,L.FG,L.FH,L.FJK,L.FLMN,L.HA,L.HB,L.HC,L.IA,L.IB,L.LA1,L.LA2,L.LC1,L.LC2,L.LC3,L.LD,L.LE,L.OA,L.OB,L.OC,L.PA,L.PB,L.PC,L.PD,L.PE,L.PF,L.PG,L.PH,L.TA,L.TB,L.TC,L.TD,L.TE,L.TF,L.TG,R.FA,R.FB,R.FC,R.FCBm,R.FD,R.FDdelta,R.FDT,R.FE,R.FF,R.FG,R.FH,R.FJK,R.FLMN,R.HA,R.HB,R.HC,R.IA,R.IB,R.LA1,R.LA2,R.LC1,R.LC2,R.LC3,R.LD,R.LE,R.OA,R.OB,R.OC,R.PA,R.PB,R.PC,R.PD,R.PE,R.PF,R.PG,R.PH,R.TA,R.TB,R.TC,R.TD,R.TE,R.TF,R.TG,L.FA,L.FB,L.FC,L.FCBm,L.FD,L.FDdelta,L.FDT,L.FE,L.FF,L.FG,L.FH,L.FJK,L.FLMN,L.HA,L.HB,L.HC,L.IA,L.IB,L.LA1,L.LA2,L.LC1,L.LC2,L.LC3,L.LD,L.LE,L.OA,L.OB,L.OC,L.PA,L.PB,L.PC,L.PD,L.PE,L.PF,L.PG,L.PH,L.TA,L.TB,L.TC,L.TD,L.TE,L.TF,L.TG,R.FA,R.FB,R.FC,R.FCBm,R.FD,R.FDdelta,R.FDT,R.FE,R.FF,R.FG,R.FH,R.FJK,R.FLMN,R.HA,R.HB,R.HC,R.IA,R.IB,R.LA1,R.LA2,R.LC1,R.LC2,R.LC3,R.LD,R.LE,R.OA,R.OB,R.OC,R.PA,R.PB,R.PC,R.PD,R.PE,R.PF,R.PG,R.PH,R.TA,R.TB,R.TC,R.TD,R.TE,R.TF,R.TG
Age (years),,,,,,,,,,,,,,,,,,,,,,,,,,,,,,,,,,,,,,,,,,,,,,,,,,,,,,,,,,,,,,,,,,,,,,,,,,,,,,,,,,,,,,,,,,,,,,,,,,,,,,,,,,,,,,,,,,,,,,,,,,,,,,,,,,,,,,,,,,,,,,,,,,,,,,,,,,,,,,,,,,,,,,,,,,,,
5.0,2.765302612705702,3.0293212146086685,3.054823678070838,2.9603686525974897,2.97689683899989,2.7359783920965977,2.9015358261104875,3.0567608084228794,3.037832671699559,2.6444046241109,2.890154462477208,3.545734773847118,3.024020975712852,2.959558124305639,3.3341549837163944,2.6700102945693134,3.4091627371195408,3.4341883982386996,3.129855072158199,3.053356650044651,3.0417187940671844,3.505912960548345,2.5832280014444495,2.9801377044346093,2.5178642700288765,2.442405595983172,2.1369389243493853,2.2148887692590855,2.2160258367597656,2.081887303876759,2.567507921099308,2.5912412396205213,2.7302789983587386,2.9986163486544455,2.916488493814751,2.766277206936734,3.027599652007415,3.023893197510002,2.7934266290607117,2.7249950960370377,3.054672649351333,3.066134445836197,3.429784627389152,2.7535754950489766,2.981660978272934,3.0113966911355052,2.990454608183953,2.9442151587040986,2.6629938163578792,2.8587874663421253,2.984621593765601,3.0408154446151046,2.733621868614457,2.952242783371472,3.272933799105283,2.945979378160783,2.9090202236390295,3.4109543913227736,2.6558677498855543,3.460468401860567,3.4339648588315472,3.1820182759518043,2.794635380984347,3.1938917238691538,3.429824346654726,2.3368404549623674,2.883244192392613,2.4728619841794672,2.498702044116788,2.235594618017431,2.2000557046967506,2.379210517752058,2.086102057053809,2.5146401740873485,2.569011399958804,2.755933123939405,2.9783864386363073,2.918154879656087,2.748953003444484,3.2195637583201058,3.0215590940051134,2.7541620618786093,2.78752771347985,3.0881940300425157,3.0862983627238503,3.4096628575661123,0.14784930748511566,0.12332250364269126,0.14475604235476,0.14047510932177093,0.14069466362000974,0.1866090711152239,0.16563808979333897,0.15792503984744308,0.13232727548327367,0.2593857852927407,0.22729929613732466,0.2199753088915056,0.2624271080082301,0.3012641427004897,0.2871668750761423,0.1767107984779116,0.17229537800898304,0.16375810176158295,0.15905277345014548,0.21360822227294374,0.15000694884929205,0.18029063566636852,0.2769803289794568,0.20822683126444058,0.191042153691203,0.11687997900633443,0.13071540155866337,0.13061954312602655,0.1280427301234894,0.14719723045270225,0.14473488950673802,0.12105872564256888,0.12514037343679224,0.13698219518144172,0.12808922218605795,0.12368138655102418,0.1771447272232307,0.23379283021173675,0.2214810289446071,0.2379350489482249,0.11972101601930508,0.14703182652971225,0.18609744927351646,0.16343531202020412,0.1277482293523134,0.14214508110791135,0.13706663183396253,0.14134158706074745,0.18048562984432198,0.15232289023106121,0.15710267103715495,0.1395622445062941,0.24367694858361721,0.2493785673309384,0.21893311292383172,0.24751622421129843,0.26632580786750787,0.29656658439178973,0.18813320826002142,0.1728264978797853,0.1675004980236939,0.15531201738587452,0.20890431040943236,0.1638060045069025,0.19113616742068743,0.2709421553645411,0.2240050937292174,0.1833728966963522,0.12680540802679305,0.13540067659358618,0.1368216178596431,0.12832491300650103,0.14335141286457073,0.1506659530673728,0.12019043093386306,0.12988612431264496,0.1309737554918538,0.12997685599024017,0.13290260376713048,0.17743422991533384,0.22124213442306195,0.2186323448787352,0.2536836441945181,0.12069731413606077,0.1463646022157913,0.19117859777760543
6.0,2.750666556501095,3.008115088046816,3.024064630460678,2.9388068181687443,2.936742888516907,2.6958582578772226,2.8688216940305966,3.008456443074257,3.0066166415397673,2.607008246210256,2.8566473161771286,3.532948330690415,3.014482009372063,2.9673614197195866,3.3216084382496414,2.654872620510005,3.380587223149993,3.4105316034439923,3.0927264946080957,3.02669283613528,3.002207965039635,3.4656366977111954,2.5672023363731613,2.942812429287667,2.500258480358889,2.4132915956914243,2.114891814661068,2.1886472257365464,2.1854277282138983,2.053039259650746,2.5370861104182016,2.5557675056784803,2.6894786765068597,2.9676084755566148,2.8776654396737498,2.7370341860587812,3.0059479574991004,3.0020977205429413,2.768244772539669,2.695006472997918,3.0257433496685775,3.0413837808118407,3.4237244980724433,2.7432950230902198,2.9600218745754234,2.97917606783277,2.968501855077026,2.9033266443940025,2.62001152047416,2.8243911706926297,2.937737604715939,3.010192751141006,2.6890096656728897,2.908311933596098,3.262258840189345,2.9321865548700927,2.916719671067462,3.3988085400081554,2.6406992025778626,3.4337428581468274,3.410707957603275,3.145088680994854,2.7774511203063397,3.1545735642843526,3.392484033915272,2.3219810746281224,2.84427585008425,2.45253329762102,2.4682919274952453,2.212231615885227,2.173536679165134,2.3491479991366413,2.0558679065753305,2.4852844074850537,2.5332072621181,2.7161099198012915,2.9483487538007274,2.881856130795873,2.721761260789425,3.195360050210598,3.0042378357530595,2.729522696162746,2.755292850932191,3.0595343935167385,3.061928876501884,3.404544824724868,0.14567115659999308,0.12234826722379674,0.14335217056921076,0.13939186279293397,0.13898961221251846,0.184029845841339,0.16390257726747795,0.1563536429807008,0.13159432595762058,0.2565432790068934,0.22482119414956725,0.21712091741097925,0.2589547613407862,0.30104493134443955,0.2860200752890251,0.17700328165940904,0.17057193295441525,0.16194854611931864,0.1578663443055569,0.21087506475566728,0.14884205990054994,0.1782957492070992,0.2742807339200902,0.20654299166929485,0.1903142500955698,0.11564153138293842,0.12910172359512703,0.1294536561809828,0.1265668818225971,0.14507122246078727,0.14251943167550005,0.12002731441237456,0.12399014115524482,0.13506507379067617,0.1270488221365144,0.12274562138540733,0.1744040767880604,0.23123196481655148,0.2190972892306998,0.23604071051860195,0.11866384716710945,0.1464793818625325,0.18356646253144177,0.16069626447981242,0.12633594482084157,0.1407785289460779,0.13637770539841945,0.13960670117678686,0.178702795830434,0.15156254974265812,0.15550638170571207,0.13831827463490895,0.24121248805576034,0.2465715477007672,0.21506216987214596,0.2454796591276986,0.2652512805751684,0.29522808218454505,0.1878545117644196,0.17098320918170093,0.1656384265424907,0.15395735268370364,0.20578391120671577,0.16217597566177497,0.18950366933501658,0.26815512576492573,0.22207772201852996,0.1826596419840159,0.12513342011005923,0.13382519671289606,0.13519465734294606,0.12712854038308743,0.14049430176069597,0.14774321428466786,0.11916384859157174,0.12882745766245396,0.130185111830896,0.12916919209532293,0.13155075389076454,0.1757450564279974,0.21963338797281126,0.21763675062348928,0.2517383641121186,0.11959051540912034,0.14544532620927655,0.18931228337971912
7.0,2.7367278242949324,2.9878835754328676,2.9948417037558026,2.918146158230148,2.898799413227398,2.658081065829213,2.8377820847395916,2.962904682660365,2.976959655591283,2.5716596587242924,2.824671223106882,3.5203764830463546,3.0053152497495703,2.9753178483673683,3.3099013932437784,2.6406140550506265,3.353309034337905,3.387829124985348,3.0573209496416327,3.0011906814420857,2.964755852665614,3.427472681175457,2.5519418857816887,2.907341176558392,2.4833824188803604,2.3858164048947397,2.0939711049535563,2.163715886677264,2.1565363509958164,2.0258889063597416,2.5084389933904485,2.5223047915662593,2.6510311966692077,2.9382282861799642,2.8410025335070728,2.709425300360567,2.985263069341601,2.981280246951526,2.744023528339315,2.6661165593275156,2.998288088240806,3.018064182581503,3.41791070409504,2.733493597671463,2.9393830750369596,2.948589797675318,2.947449429514455,2.864718796833925,2.5796032561666764,2.7917604084531984,2.893487916779353,2.98112070560132,2.64689672534016,2.866519746235664,3.25174471756212,2.9190163648944756,2.924551673790688,3.3875396670598645,2.626252347197926,3.408219556230228,3.388372656048621,3.1098893260467837,2.760893812251477,3.117264234310736,3.3571281273146414,2.307978499337017,2.807189723018626,2.433121093507208,2.4395408844408064,2.189945565128709,2.1483344653258674,2.3207865573427116,2.027367648662251,2.457623993293041,2.49940706564465,2.678559805629388,2.919881109550917,2.847599411761522,2.6961310158727168,3.172276863325617,2.9876376318248075,2.705832630085697,2.7243483203563996,3.0323469551791744,3.03897253084416,3.399671228183397,0.1436612722143334,0.12141171597378383,0.1419987078845494,0.13835620924285738,0.13737862857064545,0.1816140062660812,0.1622537398439719,0.1548599364948857,0.13086263532543588,0.2538794038742588,0.22250624226941018,0.21447511221943788,0.255698483167376,0.3007874526705309,0.2848956086326949,0.17720751747852811,0.16895304664558203,0.16026292677674198,0.15674203242994966,0.2083686646057685,0.1477264196255243,0.1764217290638783,0.2717548547450812,0.20495188122027846,0.18961260348110115,0.11445698040045149,0.12757144413665478,0.12833134431721946,0.12518702944840826,0.14309438241622183,0.14045759485371315,0.11905844507290969,0.12289821187280595,0.13327392959050588,0.12605116702638483,0.12184030444827348,0.17185092767677165,0.22882788140643623,0.21687375917349044,0.23427015280283078,0.117656661353457,0.14590191636035593,0.1812216836815951,0.15816675288593932,0.124995929079127,0.13945949796622686,0.13568370616652997,0.13795984681664214,0.17699647547788677,0.1507961185700857,0.15398809308358935,0.1371234131015213,0.2388939059168286,0.24395537190699018,0.21146741335934766,0.24353747315489668,0.26420992791481385,0.29391952640594543,0.1875394875501741,0.1692379980368659,0.16389867372856032,0.15268436070009234,0.20292553928443688,0.1606251987355626,0.1879530915269333,0.2655609804300794,0.22025530181514824,0.18195740725007348,0.123545586891705,0.13232239126890205,0.13364649555136604,0.12600255206417524,0.1378490181140773,0.14503509882531945,0.11819542683177486,0.12781769480298175,0.12941464422435964,0.12838957697174797,0.13026249187573838,0.17414470067794494,0.218099758971545,0.21666061979195117,0.24990345074283682,0.11853343486758007,0.14455450573322862,0.18754331332796792
8.0,2.7234639685050874,2.96859842783275,2.967111427138575,2.8983635383099795,2.8630039023853033,2.622578362920968,2.8083703741169312,2.9200296248233224,2.948820774801334,2.5383041258584944,2.7941909717845,3.5080184287564102,2.9965124805837218,2.983409778270393,3.299004449614411,2.6272080315577035,3.3272951666737716,3.366057591546522,3.0235943049695315,2.976821372640825,2.9293077000639576,3.391364374004213,2.5374252494314464,2.8736755614990015,2.4672208324681515,2.359933963964622,2.0741483976599198,2.140060756436885,2.1293037463205984,2.0003873486289274,2.4815139438939053,2.4907956880664646,2.6148692547656123,2.910430215778632,2.8064387302325837,2.6834048112486144,2.9655180625346933,2.961410107205117,2.720741638431035,2.638302471804053,2.9722667428475646,2.9961341878573835,3.4123341525390027,2.7241534450054727,2.9197159871993716,2.9195918542037886,2.9272743919745836,2.828327408494453,2.5416948171762312,2.7608466542537324,2.85180107534037,2.9535585275516523,2.607214781941203,2.8268145925293418,3.2413918054676207,2.9064533621455095,2.9324992355839523,3.3771166776131167,2.6125075051690834,3.383867997870387,3.3669360646147424,3.07637623167205,2.744949758838673,3.081910619248768,3.3237028193011477,2.2948065382147314,2.771938030875348,2.4146033648422156,2.4124035622148434,2.168711835124347,2.1244157850982326,2.2940774052716995,2.000551869328396,2.4316086132124837,2.4675539278338947,2.643217750569355,2.892938997629224,2.8153260233492596,2.672017538264506,3.150281757906887,2.971734873321577,2.6830686069706813,2.6946646302994743,3.006591130763093,3.017388049686466,3.3950325897162,0.1418115789270066,0.12051200340345922,0.14069419374841152,0.13736603092623148,0.13585615662359996,0.179352517777079,0.16068773770870562,0.15344026318891263,0.13013319177603735,0.25138509577750806,0.22034573291398743,0.21202569973444302,0.252648597783881,0.30049653677885324,0.2837944031372036,0.17733296581438154,0.16743270558173828,0.15869420816199006,0.1556778683678927,0.20607594950926625,0.14665817190933106,0.17466227803691675,0.26939373219974677,0.20344922189359446,0.1889360295588106,0.11332511546312296,0.12612145411122266,0.12725197783284,0.12389869290817739,0.14125897986377933,0.13854185999864868,0.11815005441260862,0.1218630038007462,0.13160312955161846,0.12509497290506844,0.12096491128778779,0.1694753642001636,0.22657258708276823,0.2148027552781704,0.23261780550186734,0.11669617896127583,0.14530490212555994,0.17905213474017476,0.15583558135376707,0.12372481315774826,0.13818647261946565,0.13498824525640873,0.136396973814974,0.17536271922471516,0.1500269764326382,0.15254580829644382,0.1359774351444402,0.23671499405131427,0.24152211119434702,0.20813413285022334,0.24168900703674817,0.2632016902400293,0.29264154514838403,0.1871925313108162,0.16758597699118172,0.16227346229155454,0.1514883679794278,0.20031382698704078,0.1591485061657115,0.18647953721928906,0.2631481266262866,0.21853258257493466,0.18126614226058643,0.12203855303804491,0.1308902721224993,0.13217528860081015,0.12494492634821402,0.1354041951572551,0.14253112703546372,0.11728187725036958,0.12685429825688607,0.12866249509528718,0.12763629000996085,0.12903531085062392,0.17262925544161184,0.2166376543761341,0.21570627844378293,0.2481743913946779,0.11752368750640117,0.14369153564028997,0.1858666676583227
9.0,2.7108525415495004,2.9502313963123754,2.9408303297913183,2.879435823936542,2.82929384524454,2.5892816961208567,2.7805399380420797,2.879755367205277,2.922159060117179,2.506886911818362,2.7651713507280045,3.495873365662056,2.9880654856128555,2.991619577450032,3.2888882082771698,2.614627983397713,3.3025126161480873,3.3451936318112128,2.9915024283025358,2.953556096407222,2.8958087503534733,3.357255239260478,2.5236310270838724,2.8417671993617173,2.451758467997112,2.3355982132725597,2.0553952952132355,2.1176478393710996,2.1036819554033483,1.9764856910834672,2.4562583358064343,2.461182785961754,2.5809255467159304,2.884168699606748,2.7739129847681387,2.658926980129448,2.946686012078125,2.9424566317730796,2.6983778447861453,2.61154132720573,2.947639191268433,2.975552333351641,3.406985750486426,2.715256791305002,2.900992018604531,2.892136210958837,2.9079538029358063,2.794088271846141,2.5062119972436525,2.7316013827240995,2.8126056257835725,2.9274654365475703,2.569895569800971,2.7891448437162887,3.2312004781498818,2.894482100534749,2.94054536022253,3.3675084768031387,2.599444997914719,3.3606576848270073,3.3463752937487783,3.0445054184351203,2.7296052620868325,3.0484596043988925,3.292154302323086,2.282439000386915,2.738472993333971,2.3969581046302384,2.3868346080787775,2.148505795248607,2.101747360401542,2.268971755824996,1.9753711545876054,2.407187948944511,2.4375909659812764,2.610018723766889,2.8674779097779233,2.784977266355344,2.6493760975349043,3.1293422941960904,2.956505951344551,2.661207370140918,2.6662122893084117,2.9822263360018204,2.9971341569645777,3.3906194310978037,0.14011439666753162,0.11964838890737393,0.1394373008894228,0.13641947695429232,0.13441715089446638,0.1772370203967133,0.15920105703711107,0.15209131180262342,0.12940707477425847,0.24905191535341922,0.21833159198026908,0.20976140444907765,0.24979586008943766,0.30017684724212185,0.2827174809302645,0.17738830624110163,0.16600547855629363,0.15723591066764528,0.15467209807699678,0.2039848274459452,0.1456356959680953,0.17301161558784756,0.26718911809197776,0.2020311544253755,0.18828366831893062,0.1122447618036154,0.12474885604262416,0.12621499915746623,0.12269763477461756,0.13955771836665018,0.13676510084402774,0.11730011721987167,0.12088299081083144,0.1300473185851742,0.12417906955630183,0.12011900668677451,0.16726805629593336,0.22445861552307808,0.21287700218531122,0.23107842677042825,0.11577956473767935,0.14469327417740863,0.1770475793671083,0.15369219313219712,0.12251952614325633,0.13695809371936746,0.13429457173741,0.13491428473600353,0.17379797068927808,0.1492582805342931,0.15117748714662235,0.13487997770096732,0.2346699099664052,0.2392642251414,0.20504850819932652,0.23993349074477816,0.26222677035098824,0.2913949478122921,0.18681798542691597,0.16602276383846556,0.1607557289998326,0.15036517786060924,0.19793440399816237,0.15774140096529374,0.18507875138090596,0.2609059920967183,0.2169048487202437,0.18058609269206752,0.12060916796376717,0.12952689149807742,0.13077914547381342,0.12395365440496775,0.13314903063309297,0.14022125611218114,0.11642026311071146,0.12593508044061374,0.12792891940044093,0.1269080068180316,0.12786690182418406,0.17119520051794926,0.21524403282280752,0.21477586062773854,0.24654696259979103,0.11655913650911724,0.14285598600503768,0.18427780984126899
10.0,2.6988710958460675,2.9327542319376474,2.9159549408963765,2.861339880638122,2.7976067310590067,2.5581226123972893,2.754244152394468,2.842006007448379,2.8969335724860072,2.477353280809387,2.737577148455414,3.483940491604753,2.9799660485753043,2.999929613927704,3.279523270147648,2.602847343937164,3.2789283787513592,3.325213874463153,2.9610011873514055,2.93136603941705,2.8642042466529944,3.325088740007332,2.510537818500355,2.811567705398763,2.4369800723421076,2.3127630931900263,2.0376834000465633,2.096443139835538,2.0796230194591905,1.954135038348573,2.432619543005885,2.4334086760347335,2.5491327684399763,2.8593981729184637,2.743364252031616,2.635946068409575,2.9287399929716504,2.9243891511248,2.676910889376056,2.585810242310758,2.924365311282964,2.956277155776458,3.401856405019412,2.706785862782822,2.8831825767943076,2.8661768414811197,2.889464722876485,2.76193717935959,2.4730805901097535,2.7039760684942054,2.775830113493492,2.9028006521446788,2.5348708232443955,2.753458871035648,3.221171109852902,2.8830871339737643,2.9486730514816735,3.358683969765136,2.587045146858158,3.3385581188597184,3.3266674538978513,3.014232906900441,2.714846624014858,3.0168580750615503,3.2624287688287517,2.2708496949792556,2.7067468300740862,2.3801633058754588,2.3627886692939595,2.129302814877955,2.0802959131550907,2.2454208219040246,1.9517760904536996,2.3843116821903134,2.4094612973822116,2.5788976943676376,2.8434533377393336,2.7564944415760255,2.6281619632540396,3.109426032434955,2.9419272569949526,2.6402256629196073,2.6389618059301916,2.9592119866286337,2.978169576614301,3.386422274102715,0.13856242727672913,0.11882022029571264,0.1382268227879307,0.1355149246803442,0.1330570333627704,0.1752597728422175,0.15779047101202326,0.15081007942119928,0.12868542218822865,0.246872001466319,0.21645632771954296,0.20767180279533076,0.24713144043187144,0.2998328565742111,0.2816659244171613,0.1773815061218757,0.16466645222280563,0.15588206795010373,0.15372314764157174,0.20208411040099164,0.14465756690362797,0.1714644260941301,0.26513340492879833,0.20069418079445642,0.18765491955551267,0.11121478496872872,0.12345094508695106,0.12521990427866295,0.1215798466608735,0.1379837136904487,0.1351205655908239,0.11650665536439117,0.11995670134030391,0.12860140790570848,0.12330238674289928,0.11930223026640828,0.1652202371253207,0.22247899600862245,0.21108961681753483,0.22964708098964345,0.11490437190586748,0.14407147914922858,0.17519849156472309,0.1517266458375736,0.12137726466500583,0.1357731355120345,0.13360559270589606,0.1335082190118195,0.17229901717315724,0.1484929488784853,0.14988106407564045,0.13383055902174157,0.23275314405985476,0.23717452185148058,0.20219755587724864,0.2382700253053849,0.26128555982792856,0.2901806648596132,0.18642008168582924,0.16454440952312918,0.15933905999172474,0.14931102172798003,0.19577384104302856,0.15639996550359894,0.18374703335658377,0.2588249288922059,0.21536784946881538,0.17991772820534008,0.11925447868463529,0.12823035404111527,0.12945615286058715,0.12302675103738993,0.1310732722613643,0.13809587710444354,0.11560796289884638,0.12505815690422908,0.12721425547171783,0.1262037305079434,0.12675513771690294,0.16983935601660421,0.21391631186397592,0.2138713125719371,0.24501721331793327,0.11563787341355193,0.14204756765303078,0.1827726337862869
11.0,2.6874971838126904,2.916138685774478,2.8924417896360897,2.8440525739429945,2.7678800490826494,2.5290326587186467,2.7294363930535814,2.8067056431947655,2.873103372855092,2.449648497037021,2.7113731534847516,3.4722190044259853,2.9722059532094147,3.008322255724778,3.27088023614152,2.591839546542559,3.2565094504740815,3.3060949481860686,2.932046449826889,2.9102223883460403,2.8344394320813384,3.294808339307787,2.498124223442336,2.7830286948623364,2.422870392377993,2.2913825440885347,2.0209843145930004,2.0764126621859056,2.0570789797032107,1.9332864950494115,2.4105449393700984,2.4074159490680342,2.519423615857585,2.836073070967906,2.714731486940871,2.6144163374955185,2.911653080215052,2.9071769957296247,2.6563195141720914,2.561086333897347,2.902404980670699,2.938267191844014,3.396937023220011,2.6987228856516463,2.8662590693105674,2.8416677193112765,2.871784212275005,2.731809923505366,2.4422263895153593,2.6779221861939204,2.7414030838546926,2.879523393898532,2.5020722765964014,2.719705045726595,3.211304074820712,2.8722530163741253,2.956865313136629,3.350612061634341,2.575288273422779,3.3175388017281637,3.307789655509106,2.985514717632487,2.7006601466416416,2.9870529165372086,3.2344724112664425,2.2600124311174006,2.676711760775267,2.3641969615820906,2.340220393121802,2.111078263388824,2.0600281652781796,2.2233758164101793,1.9297172629405288,2.3629294946510297,2.383108039332142,2.54978963151728,2.820820773255792,2.72981884980755,2.6083304049920604,3.0905005328651725,2.9279751813739745,2.6201002286299833,2.612883688711808,2.9375074983768403,2.9604530325714182,3.3824316405054367,0.13714874071892316,0.11802691972719065,0.13706166317254653,0.13465094620876303,0.1317716532637976,0.17341360069161763,0.15645300591103745,0.14959383770860493,0.12796940347382463,0.24483802767513554,0.21471298351776988,0.2057472591061517,0.2446469092404271,0.29946883053009177,0.28064084943982665,0.17731988331195345,0.16341117358871005,0.1546271863316137,0.15282959393294013,0.20036344226123856,0.14372252247133224,0.1700158119759886,0.26321956209511826,0.1994351145862515,0.187049388867226,0.11023409389651412,0.12222519170056205,0.12426622780084585,0.12054153683097872,0.13653047321359243,0.133601859372551,0.11576774504980893,0.11908271736871257,0.1272605634318288,0.12246394275599055,0.11851428444621619,0.16332367886782462,0.22062722263573456,0.20943409123912865,0.22831911755773693,0.11406849314767548,0.14344352004869496,0.17349602216820104,0.14992958655806815,0.12029546634717657,0.13463048722073165,0.13292389559472773,0.1321754386064949,0.1708629475323745,0.14773365320005105,0.14865446505195692,0.13282859697652655,0.23095949046106926,0.235246123858305,0.1995690776462311,0.23669757037815717,0.2603785791723159,0.2889996997230042,0.1860029000033582,0.1631473371203252,0.15801763150420878,0.14832251517498743,0.1938195945638491,0.15512078330988163,0.18248116111810528,0.25689612500071285,0.21391773825587918,0.17926168409224938,0.11797172185965016,0.12699882598418022,0.1282043958374535,0.12216226388790948,0.12916720320099065,0.13614581071301246,0.11484263765629107,0.12422190595315602,0.12651890173641034,0.12552273343141748,0.12569805825643168,0.1685588410692529,0.2126522895759839,0.21299439844689255,0.24358144877107338,0.11475819981578056,0.1412661027710226,0.18134741703734603
12.0,2.6767083578672843,2.900356508888787,2.870247405192787,2.8275507693794726,2.7400512885693695,2.5019433820533137,2.7060700358988625,2.7737783720865656,2.850627522171637,2.423717824706775,2.686524154334054,3.4607081019672075,2.96477698325354,3.0167798708626457,3.262929707174367,2.581578024580397,3.2352228273067354,3.2878134816636853,2.9045940834397337,2.890096329869927,2.806459549757345,3.266357500224913,2.486368841671218,2.756101783004665,2.409414174979637,2.2714105063395325,2.0052696412856035,2.0575224107778123,2.0360018773505146,1.9138911658111686,2.3899818987769614,2.383147195844277,2.49173078488859,2.81414782900921,2.687953644413781,2.5942920487937973,2.895398348808084,2.890789496056911,2.6365824611456232,2.5373467187437266,2.8817180772112465,2.9214809782664957,3.39221851217032,2.691050086124271,2.8501929036951537,2.818562817989959,2.8548893316097455,2.7036422967540417,2.413575189201285,2.6533912104531443,2.7092530822517107,2.8575928813647136,2.471431664181951,2.68783173902827,3.2015997472973523,2.8619643016473932,2.9651051489626723,3.3432616575459693,2.5641546990319233,3.2975692351920163,3.2897190090296804,2.9583068711957226,2.6870321319860753,2.958991014126299,3.2082314220844643,2.249901017927017,2.6483200051171,2.349037064754297,2.319084426823691,2.0938075101577014,2.0409108386900985,2.2027879522448717,1.9091452580619002,2.342991068027831,2.358474309126506,2.5226295043614755,2.7995357080695795,2.704891791846167,2.589836692319094,3.0725333557284418,2.914626115582824,2.6008078105952386,2.587948446200265,2.9170722869797534,2.9439432487717028,3.3786380520804933,0.1358667607661856,0.11726797246421773,0.13594082713826508,0.13382627958829096,0.13055724976613928,0.17169184852421698,0.1551859116555523,0.14844010271375518,0.12726019816072856,0.2429431614056484,0.213095094214727,0.20397886391307432,0.2423342214172632,0.29908881956657163,0.2796433842415136,0.17721016403362677,0.16223559881622318,0.1534662063837022,0.15199014041801345,0.1988132308933367,0.14282943543268703,0.16866125146712635,0.26144107816505247,0.1982510383539865,0.18646684284508386,0.1093016427289743,0.12106922568636416,0.12335353099833032,0.11957911879370396,0.13519187614802744,0.1322029272509787,0.11508152240727872,0.11825967350653883,0.12602019421741595,0.12166283486573451,0.11775492446252869,0.16157066702576048,0.21889722404457534,0.2079042745707091,0.2270901506626647,0.11327011773364135,0.142812997558998,0.1719319635143843,0.14829222630106703,0.11927178661543102,0.13352913833102964,0.13225177180707737,0.1309128149617216,0.16948711645914968,0.1469828193894088,0.14749562277974032,0.13187342592760268,0.22928402117182248,0.233472439327949,0.19715161125547365,0.2352149380430143,0.2595064299250165,0.28785309111781143,0.18557034041163012,0.16182829060011983,0.15678615552702813,0.14739661851931313,0.19205995229536654,0.15390087227114418,0.1812783259009391,0.25511152335108433,0.21255102048343336,0.1786187143834247,0.11675831501400044,0.1258305414593363,0.12702197443133478,0.12135828104330905,0.12742162651984817,0.13436230114895517,0.11412220178560584,0.12342493383205905,0.1258432984250744,0.12486450805601938,0.12469385588606959,0.167351037701651,0.21145007900901863,0.21214670758941176,0.24223621440100215,0.11391861024154211,0.1405115001730676,0.17999877953586899
13.0,2.6664821704277477,2.8853794523464837,2.8493283167488017,2.811811332475823,2.714057938773092,2.4767863293696863,2.6840984568097577,2.743148291765915,2.829465081382901,2.3995065280241397,2.6629949395213197,3.449406982069908,2.957670922446018,3.025284827362695,3.255642284161842,2.572036211417187,3.215035505239857,3.2703461035797123,2.878599955900661,2.870959050664458,2.7802098427998074,3.2396796858217347,2.4752502729484283,2.7307385850779524,2.3965961670218987,2.25280092031453,1.9905109825574472,2.0397383899669785,2.016343753616202,1.895900155259024,2.370877795104291,2.3605450071461056,2.465986971452835,2.7935768822965086,2.662969679368202,2.575527463710929,2.8799488737505,2.8751959825760403,2.61767847226801,2.5145685136280727,2.8622644786841303,2.905877051756058,3.387691778952431,2.683749690413409,2.834955487489957,2.796816111057826,2.8387571413590504,2.677370091576212,2.3870527829083557,2.6303346159017664,2.679308654069108,2.836968334098836,2.442880720325977,2.6577873221798365,3.1920585015268252,2.8522055437051397,2.973375562735056,3.3366016626352297,2.553624745108932,3.27861892101093,3.272432624906714,2.932565388154598,2.6739488820670654,2.932619253129269,3.18365199373111,2.2404892645337746,2.621523782779187,2.3346616083962792,2.299335417661032,2.0774659245610323,2.02291065531016,2.1836084423095112,1.8900106618316659,2.324446084021869,2.335503224060735,2.4973522820459,2.779553633923028,2.681654568488125,2.572636094805255,3.0554920612664684,2.9018564507227103,2.5823251521385955,2.564126586942551,2.897865768170654,2.928598949150956,3.375032030602397,0.13471025011766627,0.11654291796074355,0.13486341356111434,0.13303980423015943,0.12941041742683052,0.17008833583058253,0.1539866362573739,0.14734660796438226,0.12655897892702017,0.24118102560603705,0.21159664565107622,0.202358374781146,0.2401857004976285,0.29869665604733747,0.27867465325167157,0.17705853638320035,0.1611360477206214,0.15239446672747242,0.15120359736268182,0.19742458435352356,0.14197729082811852,0.1673965607262418,0.2597919088832487,0.1971392671196311,0.18590717221844522,0.10841643152428519,0.11998082143466138,0.12248139233333694,0.11868920068079017,0.1339621543119314,0.1309180375910149,0.11444618761791149,0.1174862561999924,0.12487594093355947,0.12089823134125664,0.11702395016441688,0.1599539735872435,0.21728333393281674,0.20649435426303417,0.22595604000285635,0.11250769411730024,0.14218314824084344,0.17049871274671943,0.14680631357159318,0.11830407835489634,0.13246816697783198,0.13159124094156552,0.1297174170190276,0.16816911429659223,0.14624263361557496,0.14640248992542873,0.13096431212979245,0.2277220631545692,0.2318471379312447,0.19493438291144347,0.23382079245012324,0.2586697570171701,0.28674188414272994,0.1851261058530403,0.16058429210554453,0.15563982995766384,0.14653060120169584,0.19048397980233756,0.15273762771353927,0.18013607601794482,0.2534637477399159,0.21126450847344627,0.17798965456594878,0.1156118470266983,0.12472380615807406,0.12590701631532994,0.1206129370892092,0.1258278481456565,0.13273700771727356,0.11344479703036126,0.1226660447473863,0.12518791347616254,0.12422872576852328,0.12374086273484229,0.16621355944628577,0.21030805386455728,0.21132966296742695,0.24097827976110409,0.11311777596145756,0.13978373474348493,0.17872364732047571
14.0,2.6567961739119794,2.871179267213483,2.8296410534864838,2.796811128760353,2.689837488947742,2.4534930476361465,2.6634750316657247,2.714739499874989,2.8095751114360974,2.3769598711945794,2.6407502975645993,3.438314842575545,2.950879554525184,3.0338194932463107,3.248988568019541,2.563187540419425,3.195914480263905,3.2536694426178934,2.854019934920445,2.8527817374053646,2.75563555432758,3.2147183591613078,2.4647471170353845,2.7068907163344136,2.38440111537962,2.235507726384996,1.976679940841611,2.023026604109031,1.998056649715371,1.879264568018176,2.35318000222996,2.33955197375613,2.4421248714701385,2.7743146660839595,2.6397185467219955,2.558076843653433,2.8652777300420813,2.8603657857563896,2.599586289510624,2.4927288353286263,2.844004062868939,2.891413949024891,3.3833477306484125,2.67680392473186,2.8205182282368213,2.776381572055507,2.8233647020013395,2.6529291004424467,2.3625849643773957,2.6087038771696682,2.651498344691426,2.8176089716564414,2.4163511793534207,2.6295201664204626,3.1826807117531573,2.8429612964589244,2.9816595582290377,3.330600982037341,2.5436787330771904,3.260657360944547,3.255907613587341,2.9082462890735883,2.6613966989035416,2.9078845188465885,3.1606803186546824,2.231750980063331,2.596275313441081,2.3210485855122283,2.2809280128951674,2.062028875975289,2.0059943370576643,2.165788499505516,1.872264060263648,2.307244224334323,2.314137901430257,2.4738929337162214,2.7608300425584447,2.660048480529687,2.556683882020685,3.0393442097209724,2.8896425778948345,2.5646289965832647,2.5413886194856556,2.8798473576828396,2.914378857644964,3.371604097845663,0.1336732950008393,0.11585134287018976,0.13382860855182085,0.1322905200902712,0.12832807429221654,0.16859731644123244,0.15285280365027357,0.14631128055177514,0.12586689860419165,0.23954566271180805,0.21021203717692274,0.20087815983904803,0.23819402261692765,0.2982959559994068,0.27773576486418033,0.1768706998564878,0.16010916337914977,0.15140767004834368,0.15046886573865967,0.19618925113787392,0.14116516751021282,0.1662178599427574,0.2582664303295718,0.1960973172075448,0.1853703618199926,0.10757750603976406,0.11895788422691125,0.12164940000225301,0.11786857525620925,0.13283587331154492,0.1297417657319134,0.11386000775772055,0.11676120303526209,0.12382366443714536,0.12016936476629474,0.11632119932808377,0.15846682940577422,0.21578026256104313,0.2051988369971526,0.22491287242476488,0.11177989735828965,0.14155687991543878,0.16918923423941665,0.14546410709040655,0.11739037400327734,0.13144673088251424,0.1309440750343231,0.1285865001480978,0.1669067415940495,0.14551505266008294,0.14537305027695155,0.1301004676754986,0.22626917798440657,0.23036413066137434,0.1929072614070489,0.23251365450289943,0.25786921973967614,0.2856671087122063,0.1846736936157499,0.15941260654072492,0.15457429288598948,0.14572200967138313,0.18908146812162718,0.1516287739914893,0.1790522687025151,0.2519460352147884,0.21005528263717352,0.17737539230513258,0.11453006802261921,0.1236769986386325,0.12485768600428777,0.11992441772894319,0.12437765811309708,0.13126199408641415,0.11280876934144562,0.12194421509169485,0.12455323194391915,0.123615202501028,0.12283753862998174,0.16514422418988187,0.20922480380110933,0.2105445306140296,0.2398046223573126,0.11235452962808581,0.1390828305610349,0.17751922055504615
15.0,2.6476279207378983,2.8577277045556895,2.8111421445881577,2.7825270237613378,2.6673274283472406,2.431995083821092,2.644153136346239,2.6884760940558925,2.790916673278469,2.3560231184236,2.6197550169819013,3.4274308813255963,2.9443946632293883,3.042366236534905,3.242939159663122,2.5550054449536166,3.1778267483694034,3.2377601274619416,2.830809888209839,2.8355355767684234,2.732681927459458,3.1914169833066866,2.454837973693519,2.684509792026278,2.3728137669276745,2.219484864922434,1.9637481185711647,2.0073530575596563,1.9810926068631227,1.8639355087137903,2.3368358940318092,2.320110686456992,2.420077180860345,2.7563156156256787,2.618139201393045,2.5418944500278315,2.8513579926825803,2.846268236067305,2.5822846548448046,2.471804800623566,2.826896707545226,2.8780502067851788,3.3791772743403685,2.670195015292338,2.806852533477619,2.7572131745236743,2.808689074014949,2.630255115823315,2.3400975273492106,2.588450468886748,2.6257506995032287,2.799474013593137,2.3917747755892154,2.6029786429892914,3.1734667522203583,2.8342161138203164,2.989940139219872,3.3252285208875296,2.5342969843600214,3.243654056752521,3.2401210855187075,2.88530559451714,2.6493618845143656,2.8847336965786945,3.139262589303499,2.2236599736413574,2.5725268167823785,2.3081759891063367,2.2638168597875477,2.0474717337769266,1.990128605851885,2.149279336734269,1.8558560393716776,2.291335170666325,2.2943214585305136,2.452186428518095,2.743320425718137,2.6400148287670766,2.5419353235355104,3.0240573613336483,2.877960888200402,2.5476960872524543,2.5197050523765845,2.8629764712496315,2.9012416981895,3.368344775584793,0.13275028935424799,0.11519287562672555,0.13283567974665186,0.13157753016791063,0.12730743249230414,0.16721344120128778,0.1517821944481965,0.14533221991139417,0.12518508051695657,0.23803150077999544,0.2089360468900411,0.19953114411579528,0.23635220034199225,0.2978901244231262,0.2768278025149664,0.17665191122580529,0.15915187629661334,0.1505018512914475,0.14978492421410944,0.19509956434873182,0.1403922233088935,0.16512154307069635,0.2568593967788706,0.19512287967025663,0.18485646633660408,0.10678395675501366,0.11799843750900278,0.12085714615126435,0.11711421044161872,0.13180791407045264,0.12866897792076387,0.11332131855477233,0.11608330211504606,0.12285943446913865,0.11947552642564052,0.11564654225563746,0.15710289614424475,0.21438306940268648,0.20401252944313988,0.22395694444885555,0.11108560079102033,0.1409368044556254,0.16799702161544797,0.144258347803688,0.11652886973319462,0.13046406036759053,0.13031182238119635,0.12751749584087252,0.1656979876972624,0.144801817245826,0.1444053278974985,0.12928106304331413,0.2249211436845013,0.22901755285778874,0.19106071387628026,0.2312919105154946,0.25710546987517885,0.28462976402982243,0.18421639354445388,0.1583107123605287,0.15358558067930647,0.14496863841381105,0.18784288269149077,0.1505723233504041,0.17802502891782357,0.25055217444205097,0.2089206579974691,0.1767768447900207,0.11351087883660535,0.12268856963040099,0.12387219098627364,0.11929096311878717,0.1230633101598384,0.1299297154024998,0.11221264835541311,0.12125857130991972,0.12393974830767604,0.12302387018888349,0.1219824600920274,0.16414103072271694,0.20819909786084,0.20979242974869894,0.23871241156692175,0.1116278506787697,0.13840884721906563,0.1763829453202761
16.0,2.6389549633234095,2.8449965154390138,2.7937881192361522,2.76893588300709,2.6464652462255103,2.412223984892908,2.626086146730714,2.6642821719507843,2.7734488278572313,2.3366415339166697,2.599973886291252,3.4167542961615456,2.9382080322969615,3.050907425249835,3.2374646600081887,2.547463358386262,3.1607393055468305,3.2225947867955873,2.808925683479564,2.819191755429354,2.7112942053143056,3.169719021320902,2.4455014426842294,2.663547427405764,2.361818868540924,2.2046862762983106,1.9516871181791806,1.992683754674505,1.965403666274569,1.849864081971056,2.321792844387707,2.302163736031303,2.3997765955432824,2.739534166175821,2.5981705982992116,2.526934544240644,2.838162736671757,2.8328726639781623,2.5657523102419324,2.4517735262911273,2.8109022904925496,2.8657443617490834,3.3751713171103557,2.663905188307615,2.7939298107542045,2.739264892002967,2.7947073178782724,2.6092839301894,2.3195162655646424,2.569525865682886,2.6019942638890567,2.7825226794644857,2.369083243358297,2.578111123125487,3.1644169971724727,2.825954549700892,2.998200309482851,3.320453184321009,2.525459820380799,3.2275785101945282,3.2250501511479426,2.863699325049728,2.637830740918449,2.863113671626021,3.119344998125838,2.21619005439352,2.550230512482663,2.2960218121827918,2.2479566055995286,2.0337698673424054,1.9752801836121587,2.1340321668971916,1.8407371851695933,2.2766686047190476,2.2759970126569358,2.4321677355972104,2.7269802751444185,2.6214949139965653,2.52834568891987,3.009599076346197,2.866787772740607,2.53150316746939,2.499046394162318,2.8472125246043154,2.889146194720371,3.365244585594302,0.13193591872032873,0.11456718230910404,0.13188397127826998,0.13090002589718858,0.12634597116548382,0.16593172361480668,0.15077272922546267,0.14440767901622953,0.12451461162777906,0.2366333216758327,0.20776379939887213,0.1983107587503455,0.23465356643530266,0.29748236332663597,0.2759518184762501,0.17640702706132838,0.15826137261328058,0.14967334797924953,0.14915081868355987,0.1941483896274513,0.13965768324928593,0.16410425082334465,0.25556590278239677,0.1942137976405011,0.18436559092657936,0.10603491729670125,0.11710061106819003,0.12010422246752489,0.1164232402749381,0.13087345469876432,0.12769481550756576,0.11282852523767183,0.11545139147709192,0.1219795185267812,0.11881606157758401,0.11499987745042088,0.15585623810712484,0.21308713704469615,0.20293051907714393,0.22308474565866762,0.11042385140930058,0.14032526817765004,0.16691605980135477,0.1431822304194388,0.11571791143444864,0.12951945304792947,0.12969583061932652,0.12650800205716695,0.16454101275172092,0.1441044673809497,0.143497394426171,0.12850523833399025,0.22367393839282612,0.22780174974395365,0.18938576318847217,0.23015382374110124,0.2563791357074947,0.2836308079784625,0.18375729144695616,0.15727627756483858,0.15267008957125947,0.14426850381550357,0.1867593137607754,0.14956654097082525,0.1770527141662345,0.24927644959153822,0.2078581553135788,0.17619494152546436,0.11255232022523697,0.12175703969960516,0.12294878525038454,0.11871087008857309,0.12187749987655783,0.12873300352783193,0.1116551292268807,0.12060837091603695,0.12334796116498802,0.12245475318260686,0.12117431023275735,0.16320213847161497,0.2072298546510357,0.20907434332110872,0.23769899281249732,0.11093685148748361,0.13776186888494232,0.1753124886605818
17.0,2.630754854086424,2.8329574509293853,2.7775355066128293,2.7560145720258737,2.627188431836447,2.394111297819979,2.6092274386986487,2.6420818312017986,2.7571306361196406,2.3187603818792883,2.581371694010679,3.406284284924839,2.9323114454662567,3.05942542741251,3.2325356699703542,2.5405347140838805,3.14461914778671,3.208150049302554,2.78832318844039,2.8037214600639113,2.6914176310108955,3.149567936267005,2.4367161237689428,2.6439552377250664,2.3514011670942088,2.191065900884134,1.9404685420987355,1.9789846998092442,1.9509418691648126,1.8370013924151625,2.3079982271754975,2.2856537132617,2.3811558114387794,2.723924752988511,2.579751692358344,2.513151387698391,2.8256650370093896,2.82014839995833,2.549967997673359,2.432612129109517,2.795980689490495,2.8544549506287873,3.371320766040479,2.6579166699904584,2.7817214676084485,2.7224906980340298,2.7813964940696883,2.589951336011301,2.300766972764476,2.551881542187967,2.5801575832334627,2.7667141888260756,2.3482083169856134,2.5548659780681944,3.1555318208534873,2.818161158012188,3.0064230727931855,3.3162438774729934,2.517147562562865,3.21240022303018,3.210671920922175,2.843383501235784,2.6267895701346964,2.8429713292890444,3.1008737375699917,2.2093150314454766,2.529338620221518,2.284564047745789,2.233301897592507,2.0208986460481753,1.961415792257761,2.1199982028956836,1.8268580836712247,2.2631942081936613,2.259107681104968,2.4137718240992108,2.7117650825795963,2.6044300370143914,2.515870247743896,2.9959369150003297,2.856099622616688,2.5160269805572906,2.4793831533898425,2.832514933480164,2.878051071173348,3.362294049648708,0.13122514398848104,0.11397396354365188,0.13097289930450629,0.1302572750381135,0.12544141154719482,0.16474750819188702,0.1498224539651582,0.14353604771832623,0.12385653802116284,0.23534623121083706,0.20669073592654758,0.19721089309936335,0.23309175762626558,0.29707568180071403,0.27510882987795227,0.17614054315870892,0.1574350658841969,0.14891877257453687,0.14856565386681037,0.1933290766851749,0.13896083030150377,0.1631628465729949,0.2543813490234991,0.19336804702079405,0.18389787589740728,0.10532956241456441,0.11626263006719498,0.11939021690621256,0.11579295624443563,0.13002795272818007,0.12681467942262867,0.1123801026397443,0.11486435852606801,0.12118037095129952,0.11819036546062,0.11438112818720488,0.1547212942519623,0.21188814640585202,0.2019481552264562,0.22229294293027724,0.10979384849032041,0.13972438000356258,0.16594078751567207,0.1422293747443862,0.11495598225257114,0.12861226986146615,0.12909726884281839,0.12555577412971713,0.16343413257724346,0.1434243589389221,0.14264737472593103,0.12777211329148638,0.22252372555003863,0.22671126386915363,0.18787394701842935,0.2290975477415721,0.2556908107957422,0.2826711504631282,0.18329927638258978,0.15630714001854706,0.15182454048423372,0.14361982059143616,0.18582242846067143,0.14860991523853745,0.1761338844355025,0.24811358928253585,0.20686547615828144,0.17563061157395587,0.11165256199635534,0.12088099563100005,0.12208577066605228,0.11818249341941156,0.12081334170242712,0.12766505074511478,0.11113505657491614,0.11999298622909588,0.1227783698671372,0.12190794884467258,0.12041186947053233,0.16232584994036925,0.2063161180812457,0.20839112874639146,0.236761872173591,0.11028076426931471,0.13714199568149646,0.17430571644056023
18.0,2.6230051454448224,2.8215822620927087,2.7623408359004995,2.743739956345996,2.6094344744339986,2.377588569570709,2.5935303881294614,2.6217991694510734,2.7419211590129065,2.3023249265169357,2.5639132286582,3.396020045456964,2.9266966864756014,3.0679026110443095,3.2281227904652403,2.5341929454129404,3.129433271079518,3.19440254366656,2.7689582708030427,2.789095877347831,2.6729974476680893,3.1309071912080437,2.4284606167090788,2.625684838236426,2.341545409462417,2.178577679051361,1.930063992762899,1.9662218973195398,1.9376592567489481,1.8252985446712842,2.2953994162730407,2.270523208930803,2.364147524466668,2.7094418113178924,2.5628214384883283,2.5004992418075775,2.813837968695215,2.8080647744771543,2.534910459110445,2.414297725856926,2.7820917823185964,2.8441405101364756,3.367616528212806,2.652211686553605,2.770198911582223,2.706844566157525,2.7687336630675476,2.5721931257595565,2.2837754426895773,2.535468973031894,2.5601692029210055,2.7520077612334988,2.32908173079611,2.533191579056595,3.146811597507461,2.8108204926658167,3.0145914329261645,3.3125695054787117,2.509340532329583,3.1980886970191795,3.1969635052885597,2.824314143639806,2.616224674182011,2.8242535548681915,3.083795000084277,2.203008713922895,2.509803359678508,2.2737806887995116,2.219807383027884,2.0088334392707208,1.9485021537079854,2.107128657631156,1.8141693208903977,2.2508616627913094,2.243596581170024,2.396933663169803,2.697630339766004,2.5887614986168153,2.504464269577713,2.9830384375377275,2.8458728289298008,2.501244269839354,2.460685838606176,2.818843113610526,2.86791505148423,3.3594836895225204,0.13061318512803222,0.11341295224300706,0.13010194800004563,0.1296486117088704,0.12459169405843765,0.16365644124913314,0.148929527368726,0.14271583799629237,0.12321186232497597,0.23416563114170635,0.20571258658917466,0.1962258497326689,0.23166069846449552,0.29667290757362225,0.2742998165453018,0.17585663111006664,0.15667057200389295,0.148234986798939,0.14802858657658713,0.1926354142514117,0.13830099820363784,0.16229439482037325,0.25330141153317404,0.19258371999726712,0.1834534847471795,0.10466710564424994,0.11548280490226119,0.11871471135870126,0.1152207989604829,0.12926712775732083,0.12602421496952348,0.11197459470625229,0.11432113945433627,0.12045862226787267,0.11759787990987688,0.11379023982057848,0.15369285063417157,0.21078205330723834,0.2010610304848743,0.22157836548164295,0.10919492503236851,0.13913603754938048,0.16506606053393333,0.14139379710244548,0.11424169147707106,0.12774193215853116,0.12851714860408653,0.12465871615499548,0.16237580594522938,0.1427626808643776,0.14185345109746467,0.12708079621262755,0.22146684034618766,0.2257408239443404,0.18651727863345616,0.22812114070982162,0.25504104656540194,0.2817516498909436,0.18284505075674828,0.1554012913351652,0.15104594683619274,0.1430209805244849,0.18502442469886757,0.1477011324129435,0.17526727652028742,0.24705872015335179,0.20594048138595977,0.1750847744084616,0.11080989221256483,0.12005908585571505,0.12128149664398533,0.11770424634340909,0.11986434509529797,0.12671939228848852,0.11065141032207432,0.11941189045132619,0.12223147272315019,0.12138361166374187,0.1196940069811091,0.16151059543765697,0.2054570376305087,0.20774352864153053,0.2358987015988432,0.10965892874909844,0.13654933701800293,0.1733606736275761
19.0,2.615683389816537,2.810842699994884,2.748160636281516,2.7320889014957337,2.593140863272071,2.3625873471134686,2.578948370902626,2.6033582843407577,2.7277794574842837,2.287280432035102,2.5475632787518263,3.385960775599388,2.921355539063358,3.076321344166626,3.224196622408515,2.5284114857399755,3.115148671415762,3.1813288985713357,2.750786798278295,2.7752861939568474,2.6559788984046935,3.113680249207056,2.4207135212660646,2.608687844192034,2.3322363425203774,2.167175551171499,1.9204450726047455,1.9543613515610605,1.9255078702420774,1.8147066433646188,2.283943785558173,2.2567148138212443,2.3486844305468004,2.696039776418089,2.5473187916070215,2.4889323679747317,2.8026546067290097,2.796591118004032,2.520558436524557,2.3968074333115967,2.7691954467564375,2.834759576984306,3.364049510709433,2.646772464209801,2.759333550217372,2.69228046991409,2.756695885350263,2.5559450919047673,2.268467469080714,2.5202396328445387,2.5419576683362206,2.738362616242316,2.3116352191147214,2.5130362973298275,3.1382567013783977,2.8039171075733123,3.0226883936570395,3.3093989734733547,2.502019051104299,3.1846134339211427,3.183902014694224,2.8064472728262473,2.606122355079288,2.8069072336639285,3.0680549781169955,2.1972449109514387,2.4915769505332457,2.263649728348162,2.207427709167025,1.997549616386487,1.936505989882142,2.0953747440050265,1.8026214828409461,2.239620650213152,2.229406830147543,2.3815882219546083,2.6845315384459276,2.574430599600078,2.494083023991454,2.970871204200139,2.836083782781179,2.4871317786387985,2.4429249583582906,2.8061564807286734,2.8586968595887985,3.3568040269902526,0.1300955050422772,0.11288391201093413,0.12927066593669637,0.12907342823725934,0.12379495723628373,0.16265444393591674,0.1480922097619656,0.1419456708906533,0.12258154272380019,0.2330871929463901,0.20482534469565636,0.19535030227610264,0.2303545853276486,0.2962766995904495,0.27352572030809025,0.17555917223494363,0.1559656868948953,0.14761907780876096,0.1475388203187886,0.19206158825375655,0.1376775659606016,0.16149614192391853,0.2523220138875783,0.19185901093539237,0.18303259497373528,0.10404679677778252,0.11475952186072774,0.1180772801041635,0.1147043501419119,0.12858694455937333,0.12531929697272753,0.1116106135341715,0.11382071863264578,0.11981106880869871,0.11703809048110184,0.11322717769813559,0.1527660135004263,0.2097650664032576,0.20026496261566384,0.22093799072276482,0.10862653162866341,0.138561951283894,0.16428711601681348,0.14066988210222423,0.11357376460310334,0.12690791961755038,0.1279563437131179,0.12381487281116933,0.16136462385638015,0.142120472533668,0.14111386627600012,0.12643039184901286,0.22049977721178618,0.2248853346646448,0.18530820943232063,0.22722258002541726,0.2544303479206046,0.28087311210726074,0.1823971423540271,0.15455686367239221,0.15033158510106223,0.14247053328741205,0.18435798700631192,0.14683905498258484,0.17445178205469627,0.24610732463946927,0.20508117250813676,0.17455833367453485,0.11002270660658302,0.11929001522240153,0.12053435847211572,0.11727460041759209,0.11902439020973751,0.12588988805357357,0.11020329322354275,0.11886464575882075,0.12170776645777134,0.12088194031199001,0.11901967281054067,0.16075491973387673,0.20465185228622607,0.20713218141450912,0.23510726484826036,0.10907078060589076,0.13598400654426906,0.17247556667556252
20.0,2.6087671396194687,2.8007105157018404,2.7349514369382133,2.7210382730033826,2.5782450876045915,2.3490391774166683,2.5654347628976097,2.5866832735129797,2.714664592480997,2.2735721626392698,2.5322866328096088,3.3761056731935777,2.9162797869678676,3.084663994800845,3.220727766715749,2.523163768431482,3.10173234478594,3.168905742700614,2.733764638576871,2.762263596566723,2.6403072263395373,3.0978305733270877,2.4134534372012992,2.5929158708441116,2.323458713142968,2.156813457616023,1.9115833840573524,1.9433690668894599,1.9144397508593085,1.8051767931203362,2.2735787089087656,2.244171118715658,2.334699225599002,2.6836730835432583,2.5331827066322994,2.4784050276063816,2.7920880261105334,2.785696761008308,2.50689067188704,2.3801183682516998,2.757251560583576,2.826270687884481,3.360610620612439,2.641581229171819,2.749096791055764,2.6787523828443853,2.74526022139617,2.5411430269175117,2.2547688456787403,2.506144996255788,2.5254515248636653,2.7257379734081217,2.295800516266379,2.49434850412705,3.129867506710325,2.797435556646238,3.030696958761075,3.306701186592176,2.4951634403103675,3.1719439354957517,3.1714645595863193,2.7897389093595537,2.596468914845428,2.7908792509766984,3.05359986411644,2.191997431656772,2.474611612465291,2.2541491593959204,2.196117523271347,1.9870225467719405,1.9253940226995385,2.0846876749186793,1.7921651555367102,2.2294208521603576,2.2164815453329636,2.367670469599327,2.6724241703616904,2.5613786407604344,2.4846817805552437,2.9594027752292376,2.8267088752720255,2.473666250278829,2.4260710211932,2.7944144505679045,2.8503552194228408,3.3542455838264185,0.1296677936615883,0.11238663607198277,0.12847866279361375,0.1285311685455308,0.12304951835732968,0.1617376872822341,0.147308853370098,0.14122426493300796,0.12196649327157315,0.23210683329838927,0.2040252429283682,0.19457925603764856,0.22916787065177432,0.2958895612497502,0.272787445493434,0.17525178907018696,0.15531836662104703,0.14706833612528647,0.1470956009462956,0.1916021430402917,0.13708995367955107,0.1607654988073197,0.2514393020472314,0.19119220427999872,0.18263539114692764,0.10346791924772163,0.11409123455923076,0.11747748891741464,0.11424132490444185,0.12798359670451684,0.12469601532037132,0.11128683805644225,0.11336212795743564,0.11923466264382333,0.11651052399845499,0.11269192556620815,0.15193618320795135,0.20883362646092685,0.19955597703688827,0.22036893088835807,0.10808822244420052,0.13800366689518742,0.1635995381325988,0.14005235499479077,0.11295103441538834,0.1261097687963598,0.12741560879373542,0.12302242155657495,0.16039930047564505,0.1414986409129846,0.14042692541443655,0.12582000840116256,0.21961917818290114,0.22413986720732365,0.1842395932592175,0.22639977649438875,0.25385917121805873,0.28003629122552426,0.18195791762055108,0.15377211888894493,0.14967896790786156,0.14196716913668522,0.18381624443446454,0.14602270310109478,0.1736864286816194,0.2452552025710887,0.20428567556122318,0.17405217327778447,0.10928949832614829,0.11857253937220366,0.11984279467722095,0.1168920849085265,0.11828770339797838,0.12517070381212897,0.10978991990220265,0.11835089311785829,0.12120774666026349,0.12040316715500081,0.11838789058749308,0.1600574703484336,0.20389987744889032,0.2065576315970804,0.23438546425877682,0.10851584070088048,0.13544611844612034,0.17164874773752656
21.0,2.6022339472715377,2.7911574602794738,2.722669767052921,2.7105649363972333,2.56468463668547,2.336875607448675,2.552942939993847,2.5716982346098844,2.7025356249502566,2.2611453825349193,2.5180480793495486,3.3664539360810117,2.91146121392745,3.0929129309683705,3.21768682430259,2.518423226853945,3.0891512871805475,3.1571097047381027,2.7178476594095153,2.7499992718531945,2.6259276745914426,3.083301626631194,2.4066589642762097,2.5783205334448804,2.3151972682050403,2.14744533875642,1.9034505295537927,1.9332110476604105,1.904406939815735,1.7966600985636214,2.26425156020266,2.2328347143966627,2.3221246055430766,2.6722961679475308,2.5203521384820093,2.4688714821090283,2.7821113018395547,2.7753510339593515,2.4938859071692727,2.364207647455489,2.74622000157957,2.818632379549158,3.357290765003896,2.6366202076524097,2.739460041639281,2.6662142784890563,2.734403731683671,2.527722723268358,2.2426053662244723,2.493136537895555,2.5105793178878977,2.714093052286496,2.2815093565760347,2.4770765706874283,3.121644387747259,2.7913603937961744,3.0386001320135216,3.3044450499703717,2.488754021371151,3.160049703502647,3.1596282504119597,2.7741450738042093,2.5872506554993255,2.77611649210695,3.040375850530908,2.187240085164574,2.4588595651542096,2.245256974946967,2.1858314726022265,1.977227599803534,1.915132974079456,2.0750186632735583,1.7827509249915066,2.220211950334089,2.204763844021715,2.3551153752496052,2.6612637272556037,2.5495469228941317,2.476215808839216,2.948600710866738,2.8177244975035425,2.4608244280826703,2.4100945356578674,2.783576438861519,2.842848854922158,3.351798881805531,0.12932595237796865,0.11192094660870582,0.1277256063507764,0.12802132281781964,0.12235385561536798,0.16090256908698675,0.14657789376738542,0.1405504258980248,0.12136758525724248,0.2312206911636999,0.20330873127466909,0.1939080113343066,0.22809524744615292,0.2955138540041956,0.2720858603620653,0.1749378746021563,0.1547267096265726,0.14658023521506552,0.146698213137283,0.19125194545813484,0.1365376194557638,0.16010002539278384,0.2506496215346436,0.190581664139865,0.1822620598204018,0.10292978751695536,0.11347645614682153,0.11691489473081083,0.11382956434567001,0.12745349074537374,0.12415066094057192,0.11100201246589193,0.1129444461467278,0.11872650183846853,0.1160147464575597,0.11218448437478162,0.15119902911106944,0.20798438695927546,0.19893028996364115,0.21986842043490176,0.1075796430033228,0.13746258599532302,0.16299922515323642,0.13953625482997734,0.11237243296426906,0.1253470721633405,0.12689559659133445,0.12227966517148077,0.1594786654328345,0.1408979772490658,0.13979099723590843,0.12524876369887702,0.21882182200818578,0.22349965017818674,0.18330465250128408,0.22565058788057135,0.253327924062085,0.2792418918915966,0.18152959565548069,0.15304543960183062,0.149085819478585,0.1415097032852144,0.1833927305688442,0.14525123858900374,0.1729703638662909,0.24449843622873257,0.20355222711073995,0.17356715531331138,0.10860884810604356,0.11790545894099026,0.11920528371829979,0.11655528580727001,0.1176488328177806,0.12455629222063079,0.10941060722292821,0.11787034357784822,0.12073190900507375,0.11994754979809967,0.11779775078328737,0.15941698722395997,0.2032004942309438,0.2060203398464076,0.2337313083911511,0.10799370509038635,0.13493578484218888,0.17087870047950895
22.0,2.5960613651906046,2.7821552847937236,2.711272155807976,2.7006457572055718,2.5523969997686318,2.326028184177894,2.541426278070786,2.5583272652736166,2.691351615839325,2.2499453559275397,2.5048124068896818,3.3570047621031645,2.9068916036804544,3.1010505206905705,3.2150443960846626,2.5141632943738776,3.077372494590091,3.1459174133675263,2.702991728487008,2.7384644064920005,2.612785486279229,3.070036872182412,2.4003087022522305,2.5648534472465427,2.307436754581454,2.1390251349641756,1.8960181115271366,1.9238532982295788,1.8953614783264678,1.7891076643196573,2.2559097133177337,2.2226481916468783,2.3108932662988915,2.661863464885027,2.5087660420740217,2.4602859928892076,2.772697508915828,2.765523267326552,2.481522884342608,2.349052387701133,2.7360606475239884,2.8118031886905186,3.354080850965918,2.631871625864325,2.7303947095097616,2.6546201303887558,2.724103476691125,2.515619973427903,2.231902824458722,2.4811657323936913,2.497269592793463,2.703387072433015,2.2686934743686185,2.4611688682501214,3.1135877187332133,2.7856761729346786,3.046380917189632,3.302599468743175,2.482771115709998,3.148900239701477,3.1483701976183043,2.7596217867246544,2.578453879059895,2.762565842355124,3.028329129808699,2.1829466806004825,2.4442730282796234,2.2369511680055236,2.1765242044210495,1.9681401448577367,1.905689565941204,2.0663189219710394,1.7743293772191806,2.211943626435493,2.1941968435092445,2.3438579080511373,2.651005700869978,2.538876746797417,2.468640378413508,2.9384325713543293,2.8091070405769387,2.4485830553735375,2.3949660102993184,2.773601861342823,2.8361364900225143,3.3494544427020907,0.12906607890701036,0.11148669440934514,0.1270112197281651,0.12754342323219045,0.12170659172564084,0.16014569248703678,0.14589784233531733,0.13992303772872056,0.12078564941778167,0.23042510644745384,0.20267245658892044,0.19333212942380518,0.22713163414775447,0.29515181109342264,0.27142179928943294,0.17462061941056672,0.15418894083860515,0.14615241261640446,0.14634597751198042,0.1910061516064146,0.13602005707046377,0.1594974165361447,0.2499494966824008,0.19002582528804743,0.18191278593006524,0.10243174455298434,0.11291375225878791,0.11638904576840862,0.11346702842533954,0.12699323100680168,0.12367971224585458,0.11075494445854858,0.11256679798118484,0.11828382105021891,0.11555036122782511,0.11170487140489962,0.15055046552336016,0.20721419596867188,0.19838429226369375,0.2194338041836059,0.10710051953279186,0.13693998528734613,0.16248235815611312,0.13911690858407616,0.11183698432169745,0.1246194774817205,0.12639687405260264,0.12158502461317587,0.15860165724216368,0.1403191731013113,0.1392045145158542,0.1247157906543872,0.21810461389738273,0.2229600608495559,0.18249694596343363,0.2249728314694328,0.2528369664824188,0.2784905726113185,0.18111426249504675,0.1523753217616007,0.14855005321885661,0.14109706177830725,0.1830813456947208,0.14452395106722696,0.17230284093441828,0.24383335852453275,0.20287916208808424,0.17310411943904483,0.10797941494569825,0.1172876137767518,0.11862034027399056,0.1162628445775849,0.1171026243937297,0.12404137387177055,0.1090647658558858,0.11742277082563547,0.12028075106303955,0.11951536431833176,0.11724840447808876,0.15883229359184417,0.20255314069230995,0.20552069256943634,0.23314290058583179,0.10750403581927327,0.13445311407956376,0.17016402730671354
23.0,2.5902269457946336,2.773675740310467,2.70071513238572,2.6912576009566918,2.541319666108008,2.3164284545727,2.53083815300791,2.546494463146316,2.681071626095433,2.2399173470226237,2.4925444039480187,3.3477573491014962,2.9025627399652434,3.109059131988843,3.21277108297759,2.510357404357777,3.0663629630050626,3.1353054972726127,2.6891527135200723,2.727630187158876,2.6008259045217255,3.0579797730437894,2.3943812508907665,2.5524662275013488,2.3001619191470772,2.131506786610778,1.8892577324104587,1.9152618229526184,1.8872554076066124,1.7824705950136288,2.2485005421318043,2.2135541412489457,2.3009379037862785,2.652329409609903,2.4983633723262337,2.4526028213534192,2.763819722339127,2.756182791579245,2.469780345378417,2.334629705766868,2.7267333761963934,2.8057416520207497,3.350971785580556,2.6273177100203187,2.7218722022090747,2.6439239120841282,2.7143365168969193,2.5047705698667015,2.222587014122327,2.4701840543801077,2.485450894964906,2.6935792534032625,2.2572846039690697,2.4465737680542636,3.1056978739122303,2.7803674479733282,3.0540223180646926,3.30113334804578,2.4771950447502507,3.13846504585191,3.1376675116524835,2.746125068685355,2.5700648875460295,2.7501741870216674,3.017405894398121,2.1790910270901853,2.430804221521095,2.229209731575754,2.1681503659892334,1.959735551311001,1.8970305202040814,2.0585396639125326,1.7668510982335566,2.2045655621657354,2.1847236610909744,2.3338330371495815,2.641605582947123,2.529309413266547,2.461910758848244,2.928865916933729,2.800832895593409,2.4369188754746367,2.38065595366451,2.764450133745121,2.8301768486597068,3.3472027882906326,0.12888445264707146,0.11108375874590923,0.12633527884024073,0.12709704056950333,0.12110647883942686,0.159463846066817,0.14526727958801794,0.13934105450488019,0.12022147882796148,0.22971660011958653,0.2021132436736862,0.19284740093612082,0.22627215986320343,0.2948055512280669,0.2707960655283441,0.17430303688030055,0.1537033974043583,0.14578265251074585,0.1460382482384293,0.19086017608895,0.13553679430398452,0.1589554892673378,0.2493356117166741,0.18952318535327542,0.1815877503875758,0.10197315945357412,0.11240173470726755,0.1158994820871756,0.1131517891416406,0.12659960501305864,0.12327982207495687,0.11054450336204212,0.11222835349070451,0.11790398247475178,0.11511700750851296,0.11125311965644272,0.14998662883415098,0.20652007926117136,0.19791453406708814,0.2190625261901979,0.10665064963858949,0.13643703431243162,0.16204537142212752,0.1387899063967251,0.11134379802037643,0.12392668744448236,0.1259199372162961,0.12093703215996211,0.1577673176325533,0.13976283558266814,0.13866597403024508,0.12422024206680393,0.2174645758357302,0.22251661658820515,0.18181033850056844,0.224364295513328,0.2523866131428824,0.27778294984446145,0.18071388537288244,0.15176036843031787,0.14806975128890348,0.14072826871398714,0.18287632112403573,0.14384024585771185,0.17168320697961176,0.24325652400607298,0.20226490320095594,0.17266388336700808,0.10739992735340664,0.11671787732718529,0.11808651134493864,0.1160134567245519,0.11664419833915085,0.12362091859735731,0.10875189289381457,0.11700800481593564,0.1198547745536435,0.11910689988813924,0.11673905760032632,0.1583022878735909,0.20195730465023004,0.20505901114663005,0.2326184284309547,0.10704655248431966,0.13399820975916601,0.16950343784360433
24.0,2.5847082415014726,2.765690577895638,2.6909552259684952,2.6823773331788794,2.531390124957494,2.3080079656014982,2.5211319406846537,2.5361239258701223,2.6716547166658007,2.2310066200256524,2.4812088590425945,3.3387108949174866,2.8984664065201415,3.116921132884565,3.2108374858969815,2.5069789901721538,3.056089688415957,3.1252505851371026,2.676286482219444,2.717467800529606,2.5899941724377595,3.0470737922783866,2.38885520995324,2.5411104894614667,2.2933575087767544,2.124844234067709,1.8831409946368276,1.9074026261852013,1.8800407688712526,1.7766999952707305,2.2419714205227548,2.205495153985484,2.2921912139250633,2.6436484373762887,2.4890830841564684,2.4457762289081955,2.755451017109203,2.747298937186815,2.458637032248037,2.3209167184308965,2.718198065376347,2.8004063062520133,3.3479544759299036,2.6229406863331355,2.7138639272790983,2.634079597115831,2.705079912779404,2.495110305055337,2.214583728956077,2.4601429784846935,2.475051769786786,2.684628814752823,2.247214479702339,2.4332396413390462,3.0979752275283063,2.7754187728236746,3.061507338413935,3.300015593013434,2.472006129915275,3.1287136237135935,3.127497302961632,2.7336109402507796,2.5620699829766247,2.738888411407049,3.00755233674747,2.1756469337593414,2.418405364558213,2.2220106586618633,2.160664604568131,1.9519891885397944,1.889122558787386,2.0516321019994552,1.7602666740484718,2.1980274392259873,2.176287414062336,2.3249757316906003,2.633018865229357,2.520786223097769,2.4559822197135643,2.919868307846642,2.792878453654158,2.425808631709192,2.3671348743004708,2.756080671801701,2.8249286547695385,3.3450344403456436,0.1287775205902756,0.11071204741693084,0.12569761004107058,0.12668178153866075,0.12055238466403441,0.15885398538540468,0.1446848492447009,0.13880349334175793,0.11967583232620556,0.2290918557510563,0.20162807777721012,0.19244981669422792,0.22551215003877387,0.29447709208571027,0.27020943442042294,0.17398798662545886,0.15326851586429213,0.14546886964139374,0.14577441100866473,0.19080966360047028,0.13508739170416378,0.1584721711655255,0.2488047934714078,0.1890722980157675,0.18128712862956645,0.10155342527988237,0.11193905589418601,0.11544573647344866,0.11288202400470186,0.12626956957666327,0.122947805155453,0.11036961820223122,0.1119283270899146,0.11758446714486798,0.11471435900176753,0.1108292774468537,0.14950385583190973,0.2058992245968213,0.1975177101561549,0.21875211932158936,0.1062298941247099,0.13595481188841355,0.16168492458469433,0.13855107802178948,0.11089206309275348,0.12326845947710582,0.12546522496682222,0.1203343248238664,0.15697478661348738,0.13922950172268558,0.1381739360842667,0.12376129484805132,0.21689883740742738,0.22216496641342143,0.18123897237535533,0.22382274948992809,0.2519771363012448,0.2771196026304273,0.18033032672117738,0.1511992845038124,0.14764314599556247,0.14040243466531263,0.18277218566958595,0.14319963334678343,0.17111089234128554,0.24276468240864374,0.20170795169767552,0.17224724420728402,0.10686917520263257,0.11619515132271574,0.11760237235389108,0.11580587025627309,0.11626892640755417,0.12329012719271602,0.10847156540222111,0.11662592631934396,0.11945448791562224,0.11872245454590703,0.1162689656134676,0.15782593649513904,0.20141251777868907,0.20463556074902378,0.23215615412731253,0.10662102455219914,0.1335711703507055,0.1688957385346804
25.0,2.5794828047290785,2.758171548615141,2.6819489657386173,2.6739818194004323,2.5225458655710353,2.3006982642326776,2.5122610169804704,2.5271397510871663,2.6630599484976685,2.223158439142103,2.4707705606914327,3.329864597392595,2.894594387083484,3.124618891399165,3.2092142057584843,2.5040014851835064,3.04651966681328,3.1157293056446953,2.664348902295882,2.707948433279884,2.580235533146139,3.0372623929492284,2.3837091792010674,2.5307378483791445,2.287008270345361,2.1189914177064524,1.8776395006393303,1.9002417122829947,1.8736696033355,1.7717469697161352,2.2362697223684243,2.1984138206391295,2.284585892635058,2.635774983438325,2.4808641324826053,2.439760476960074,2.7475644682258324,2.738841034618609,2.44807168692285,2.30789054247143,2.710414592843423,2.7957556880964933,3.345019829096064,2.6187227810155562,2.7063412922616803,2.6250411590244953,2.6963107248169877,2.486574971464396,2.207818762700807,2.4509939793373317,2.4660007626436533,2.6764949760372696,2.238414835893361,2.4211148593435987,3.0904201538254874,2.7708147013973043,3.0688189820126324,3.299215108781325,2.467184692628429,3.1196154750461833,3.117836681992885,2.722035421985379,2.5544554673705875,2.7286554008117094,2.9987146493050454,2.172588209733609,2.407028677070545,2.2153319422680218,2.1540215674191554,1.9448764259205757,1.8819324036104113,2.0455474491332075,1.7545266906777535,2.1922789393173914,2.1688312197187614,2.3172209608198595,2.6252010394589904,2.5132484770873176,2.450810030579578,2.911407304334777,2.7852201058604082,2.415229067400408,2.3543732807541726,2.748452891245856,2.8203506322877687,3.342939920641663,0.12874188382598922,0.11037149690132951,0.1250980879402495,0.12629728668228382,0.12004327969434347,0.15831321581283883,0.14414925294719036,0.13830942812141825,0.11914943836115119,0.22854770239433278,0.20121408841221614,0.1921355408108517,0.22484711259165296,0.2941683635135418,0.2696626569500222,0.17367819625864936,0.15288282058965397,0.14520909448673502,0.14555388129265395,0.19085046268981934,0.1346714416814707,0.15804548972207272,0.24835399555600804,0.18867176705338512,0.18101108992793186,0.10117195714354506,0.11152440393090662,0.11502733565364313,0.11265600980765214,0.1260002375647169,0.12268062610458288,0.11022927575008,0.11166597666823823,0.11732286658437606,0.114342122773208,0.11043340818242373,0.1490986632643279,0.20534896712675862,0.19719064615011778,0.21850019551856592,0.10583816978907902,0.13549432134413048,0.16139787655384127,0.1383964705671281,0.11048104263843811,0.12264460564158478,0.12503313171052186,0.11977563801515073,0.15622329812935912,0.13871965190203125,0.13772702371521714,0.12333815373220106,0.21640462708459718,0.22190088265499758,0.1807772402999638,0.22334595316554015,0.25160876930037673,0.2765010775626865,0.17996535774148817,0.1506908721674133,0.14726860285888765,0.14011874617839162,0.1827637342332942,0.142601719558471,0.17058540140349726,0.24235475451002314,0.20120687929960798,0.1718549804505609,0.10638600223216794,0.1157183608536196,0.11716652339172208,0.11563888409842106,0.11597241000711025,0.12304441369772502,0.10822343479410941,0.11627646225304705,0.11908040909567752,0.11836233191075443,0.11583742862973088,0.15740226751699196,0.20091835077511358,0.20425055875509687,0.23175440572248995,0.10622726441293684,0.13317208928196075,0.1683398232522422
26.0,2.574528187895339,2.751090403534897,2.6736528808784366,2.6660479251496247,2.514724377202528,2.2944308974346024,2.5041787577748273,2.5194660364396126,2.6552463825382646,2.216318068577473,2.4611942974125456,3.321217654368309,2.8909384653936265,3.1321347755539817,3.207871843477695,2.5013983227583405,3.037619894187534,3.1067182874791293,2.653295841460153,2.699043272085481,2.571495229765712,3.0284890381193508,2.3789217583956677,2.5212999195065837,2.2810989507277415,2.113902277898501,1.8727248528510265,1.893745085601657,1.8680939522144646,1.7675626229750232,2.231342821546676,2.1922527319924936,2.278054635836142,2.6286634830501474,2.4736454722225325,2.434509826915537,2.7401331506887643,2.7307784143440137,2.4380630513742036,2.2955282946666666,2.7033428363771645,2.79174833426637,3.3421587521610805,2.6146462202803,2.6992757046986906,2.6167625713507814,2.688006013488017,2.4791003615644547,2.2022179090973406,2.4426885315679154,2.4582264189200624,2.669136956812187,2.2308174068670765,2.4101477933070896,3.0830330270477755,2.7665397876057685,3.0759402526360473,3.2987008004846987,2.462711054313063,3.1111401016093163,3.108662759193385,2.711354534453633,2.5472076427468204,2.719422040536091,2.9908390245191394,2.1698886641386554,2.396626378737684,2.2091515753984483,2.148175901803701,1.9383726328298039,1.8754267765924593,2.0402369182151996,1.7495817341352287,2.1872697441411186,2.1622981953557026,2.3105036936830383,2.618107597378336,2.506637476031467,2.446349461016431,2.9034504666398218,2.7778342433133454,2.4051569258714927,2.342341681572619,2.7415262078108875,2.8164015051502,3.3409097509531827,0.12877428466494234,0.11006207258009104,0.12453663337394043,0.12594322874860298,0.11957822547270804,0.1578387765802792,0.1436592455361313,0.1378579839723311,0.11864299916476126,0.22808109874414242,0.2008685344085853,0.19190088594764634,0.2242727245287032,0.29388122036020364,0.2691564635569972,0.17337628162795998,0.1525449133368911,0.14500145960038593,0.1453761027990092,0.19097860155384053,0.1342885678296772,0.15767356256661347,0.24798028382428883,0.18832024111186435,0.1807597973043831,0.10082819058566461,0.11115649844744459,0.11464380178690536,0.11247211669403649,0.12578886535040376,0.12247538797966234,0.11012251858101282,0.11144060264192118,0.1171168748158379,0.11400003827696166,0.11006559027337247,0.1487677286452714,0.20486677585139929,0.19693028548772792,0.21830443672273997,0.10547544305572658,0.13505650464703825,0.16118126121411025,0.13832232757166402,0.11011006885919443,0.12205499258842373,0.1246240190392691,0.11925979944427138,0.15551217617921803,0.1382337223355818,0.13732392164500734,0.12295005452203406,0.2159792639469434,0.22172025270050713,0.18041976011247757,0.22293166449553126,0.25128171041995373,0.27592789397159406,0.17962067142484348,0.15023402691391746,0.14694460521946764,0.13987645623530715,0.18284599845984367,0.14204619772975008,0.1701063045081813,0.24202381006913343,0.2007603211454277,0.17148785441812314,0.10594929920991988,0.11528644991631587,0.11677758572659239,0.11551134650999091,0.11575045927999245,0.12287938833869519,0.10800722193233053,0.11595958168037021,0.11873306847380197,0.11802683867507677,0.11544378693438692,0.157030365002754,0.20047440942155925,0.20390418278249609,0.23141156917861724,0.10586512114690297,0.13280105540831735,0.1678346648126451
27.0,2.569821943418159,2.7444188937208143,2.666023500570295,2.6585525159547663,2.5078631491059085,2.2891374121757004,2.4968385389471672,2.5130268795695754,2.648173079734821,2.210430772537249,2.4524448577239712,3.3127692636860897,2.8874904251889144,3.139451153370433,3.2067809999702557,2.4991429362631465,3.0293573665291875,3.09819415932413,2.643083167422975,2.6907235036221318,2.563718505415263,3.0206971908518385,2.374471547298465,2.512748318096,2.2756142967987567,2.1095307550153324,1.868368653704994,1.8878787504968577,1.8632658567232414,1.7640980596725775,2.227138091935352,2.18695447882822,2.2725301394481003,2.6222683714658923,2.467366058294091,2.4299785401811165,2.7331301394977587,2.723080406832387,2.4285898675734665,2.2838070917948334,2.6969426737571554,2.7883427814738244,3.3393621522070682,2.610693230340151,2.6926385721320036,2.609197807635359,2.680142839270889,2.472622267826089,2.197706961886493,2.435178109806318,2.4516572840005404,2.6625139766331585,2.2243539269484125,2.400286814468678,3.075814221439204,2.7625785853606346,3.082854154059436,3.298441573258753,2.4585655363925287,3.103257005162685,3.09995264501028,2.701524298219994,2.54031281112421,2.711135215880644,2.983871654838061,2.1675221061001446,2.3871506892392014,2.2034475510573204,2.1430822549831428,1.9324531786439425,1.8695723996528375,2.0356517221468313,1.7453823904347394,2.182949535398317,2.156631458268574,2.3047588994257957,2.611694030729708,2.500894520726462,2.442555780594262,2.895965355003497,2.7706972571141746,2.3955689504456776,2.3310105853027947,2.735260037230127,2.8130399972926248,3.338934453054709,0.1288715944010961,0.10978376899122262,0.12401321151915298,0.12561931143450747,0.11915636380423433,0.15742802595962657,0.1432136308129683,0.1374483324243363,0.11815719517557652,0.22768911851680065,0.20058879011953462,0.19174229062462306,0.2237848190723075,0.29361745488161073,0.26869156814446454,0.17308476563424166,0.15225346379291785,0.14484418703633267,0.1452405460896307,0.19119026572619477,0.13393842439454542,0.1573545884517022,0.24768082301491487,0.1880164090966726,0.18053340792460465,0.10052158027806843,0.11083408707233244,0.11429465421436484,0.11232880251825976,0.12563284095003327,0.12232932138370392,0.11004844317038487,0.11125154697671435,0.11696428071921192,0.11368787652742353,0.10972591717239402,0.14850787230199733,0.20445024107065887,0.19673367720207222,0.21816258644517017,0.10514172432371593,0.1346422555145376,0.16103226487399425,0.1383250694452329,0.10977853851012803,0.1214995415142037,0.12423822644820608,0.11878572324905481,0.15484083129932782,0.1377721166026574,0.13696337504146747,0.12259626691887307,0.21562014980238933,0.22161907083263155,0.180161351032939,0.2225776464186813,0.2509961269581866,0.2754005492103291,0.17929789494073617,0.1498277339853057,0.14666974026473537,0.13967487558601047,0.18301421939481488,0.14153284071836617,0.16967323081377736,0.24176904765589025,0.20036696961666495,0.17114661504437198,0.10555799776962174,0.114898377483014,0.11643419866577837,0.11542215353867662,0.11559907322084956,0.12279084120845221,0.10782271287296624,0.11567529238393123,0.1184130118594143,0.11771628273920054,0.11508741690722754,0.15670936406341326,0.20008033140650958,0.20359657835493428,0.2311260812344151,0.10553447498147368,0.13245815378641887,0.16737930731414605
28.0,2.5653416237154243,2.7381287702387898,2.659017353996517,2.6514724573441244,2.5018996705350895,2.284749355424332,2.490193736376956,2.5077463781192217,2.641799101034567,2.205441815226905,2.4444870301437174,3.304518623187415,2.884242050207678,3.146550392869909,3.205912276151785,2.4972087590644407,3.0216990798287693,3.0901335498634146,2.6336667478951017,2.682960314565582,2.5568506032136638,3.0138303142096934,2.370337145670871,2.5050346593996102,2.270539055433272,2.1058307894284347,1.8645425056343092,1.8826087113242544,1.8591373580769306,1.7613043844339924,2.223602907412305,2.1824616519289184,2.267945099390792,2.6165440839396834,2.461964845615149,2.4261208781633417,2.7265285096525824,2.715716342553099,2.419630877491998,2.272704050634138,2.691173982762949,2.7854975664310127,3.3366209363161063,2.606846037407848,2.686401302103449,2.602300841418852,2.672698262643959,2.4670764827198632,2.1942117148090854,2.428414188682446,2.446221903269665,2.65658525505576,2.218956130462321,2.391480294067507,3.0687641112437976,2.758915648573455,3.089543690058037,3.2984063322387076,2.4547284602901773,3.095935687465899,3.091683449890687,2.6925007338489033,2.533757274521678,2.7037418121458225,2.977758732710113,2.165462344743746,2.3785538282546987,2.1981978622488163,2.138695274218875,1.927093432739446,1.8643359947108347,2.031743073829525,1.7418792455901158,2.1792679947901674,2.151774125752811,2.2999215471938115,2.6059158312554036,2.4959609119685338,2.43938425888318,2.8889195296675036,2.7637855383641057,2.386441884446152,2.3203505004917,2.729613795236817,2.8102248326508215,3.3370045487207856,0.1290308017186935,0.10953661009090228,0.12352783014293969,0.12532526842152736,0.11877690686413483,0.1570784274977599,0.14281125772640915,0.13707968717604302,0.11769268965043996,0.22736893698888114,0.2003723327076075,0.1916562984703599,0.22337937330670335,0.2933788086834541,0.2682686722347242,0.17280609573220462,0.15200720100432552,0.14473557678290572,0.1451467073106373,0.1914817775359649,0.13362069583359987,0.1570868389101102,0.24745286445380046,0.18775899610447905,0.18033207387464942,0.10025159907053265,0.1105559425623706,0.11397941144527837,0.11222460749331553,0.12552967283938485,0.12223977412647301,0.11000619804117909,0.11109819219087878,0.11686296073692022,0.11340543940471942,0.1094144975237966,0.1483160406417905,0.20409706276264036,0.19659796447366937,0.21807244195334854,0.10483706293238117,0.13425243159255892,0.16094820542755078,0.13840127527711785,0.10948590872422251,0.12097822809129724,0.12387608117484437,0.11835240433667325,0.1542087573235556,0.13733521623951822,0.13664418813357274,0.12227609697424685,0.2153247616812655,0.22159343016243443,0.17999701143990574,0.222281672614548,0.2507521594459163,0.27491952396761643,0.17899860134596957,0.1494710651267751,0.14644268636432714,0.13951336486730417,0.1832638220773066,0.14106149410771868,0.16928586196314527,0.24158777620413066,0.2000255689363903,0.1708320008875596,0.10521106492059441,0.1145531141303753,0.11613501683512914,0.11537024754569677,0.11551442088514294,0.12277472673905757,0.107669755172422,0.11542363793370901,0.11812080350560367,0.11743097187885103,0.11476772732983342,0.1564384465253958,0.19973578380375767,0.20332786622736987,0.23089642302151178,0.10523523241225757,0.13214346669089033,0.16697285921826302
29.0,2.5610647812050735,2.732191784154758,2.6525909703394386,2.6447846148459995,2.4967714307439963,2.2811982741488834,2.4841977259436394,2.5035486297306537,2.636083507384744,2.2012964608519376,2.437285603189822,3.2964649307137552,2.8811851241882604,3.1534148620737716,3.2052362729379142,2.4955692245287224,3.014612030076773,3.08251308778071,2.6250024505873046,2.675724891591579,2.5508367662796956,3.007831871256004,2.366497153274315,2.498110558669646,2.2658579735061397,2.102756321509283,1.8612180110720373,1.8779009724395133,1.855660497490637,1.7591327018844372,2.220684641855398,2.178716842077228,2.2642322115840425,2.6114450557256816,2.4573807891035844,2.4228911022687267,2.720301336153011,2.7086555519755158,2.4111648231011573,2.262196287962784,2.6859966411741034,2.783171225850138,3.3339260115702634,2.6030868676961463,2.680535302154921,2.59602564624193,2.6656493440856215,2.462398798716379,2.1916579616059404,2.42234824282618,2.4418488221119747,2.6513100116355885,2.214555751733743,2.383676603342751,3.0618830707055533,2.755535531155835,3.095991864407135,3.2985639825597928,2.4511801474293557,3.0891456502786525,3.0838322842817534,2.6842398619048518,2.5275273349581067,2.697188714632076,2.97244645058358,2.1636831891951207,2.3707880154637437,2.193380501977158,2.1349696067723003,1.9222687644927872,1.8596842836857554,2.0284621861646825,1.7390228856151828,2.176174804017804,2.1476693151038657,2.2959266061327344,2.600728490697744,2.4917779505539523,2.4367901654533424,2.882280550873532,2.75707547816434,2.3777524711961515,2.310331935686333,2.7245468975643004,2.8079147351605744,3.335110559725902,0.1292490017435365,0.10932064950016387,0.12308053798162866,0.1250608626412571,0.11843912814299118,0.15678753723886557,0.14245101693224843,0.13675130042034786,0.11725013341533795,0.22711781863842997,0.20021673044306734,0.1916395393071851,0.22305249635258506,0.29316698417740555,0.2678884692413078,0.1725426602104299,0.15180490560064366,0.1446739961351938,0.1450941070147343,0.19184957722133927,0.1333350964280952,0.15686865051584953,0.2472937347271262,0.18754675982990082,0.1801559432454972,0.10001773740175668,0.1103208605596927,0.11369759336494126,0.11215814911752699,0.12547697943727926,0.12220420143622251,0.10999498197344422,0.1109799603489586,0.11681087191975452,0.11315255908498241,0.10913145541702617,0.14818929060513328,0.203805039827329,0.19652037394107336,0.21803184705268966,0.10456154265937785,0.13388786577828943,0.16092651317505008,0.13854766600267596,0.10923169317508594,0.12049108234380157,0.12353790722594987,0.1179589129316478,0.1536155283518433,0.13692339042203486,0.13636522271349738,0.12198888919482473,0.2150906446768198,0.2216395146649869,0.17992189810572837,0.2220415322959792,0.2505499259222882,0.2744852875547164,0.17872432058906798,0.1491631755640392,0.14626220161586423,0.13939132744020802,0.18359039199046934,0.1406320699030513,0.16894392645357695,0.24147739814256836,0.19973491045251746,0.17054474329037297,0.10490749822262341,0.11424963924640984,0.11587870791930809,0.11535461582249941,0.11549282371832642,0.1228271490022253,0.1075482546892139,0.11520469518601723,0.117857029099821,0.11717121285862817,0.11448415606868914,0.15621683717794194,0.19944046112841127,0.20309814939347196,0.23072111439655715,0.10496732196307836,0.13185707482583295,0.16661448710329724
30.0,2.5569689683049956,2.726579686534627,2.64670087878142,2.6384658539886825,2.4924159189865374,2.2784157153177795,2.478803883526677,2.5003577320460466,2.630985359732583,2.197939973617823,2.4308053653803015,3.288607384106577,2.878311430869019,3.1600269290034433,3.204723591244263,2.4941977660224914,3.008063213263695,3.075309401759741,2.6170461432102976,2.6689884213758543,2.545622237732216,3.002645325053772,2.3629301698701974,2.4919276311583043,2.261555797892231,2.1002612916293852,1.8583667724512651,1.8737215381982966,1.8527873161794648,1.757534116649113,2.21833066914248,2.175662640055789,2.2613241719477015,2.6069257220780107,2.453552843677255,2.420243473903783,2.7144216939987884,2.701867365568994,2.4031704463722936,2.2522609205589785,2.6813705267701966,2.781322296443358,3.3312682850516397,2.599397947417802,2.6750119798282714,2.590326195645211,2.6589731440742277,2.4585250082861894,2.189971496017877,2.4169317468674003,2.438466585912034,2.646647465928196,2.2110845250876117,2.376824113533569,3.0551714740685187,2.7524227870193143,3.1021816808819977,3.2988834293572213,2.4479009192334464,3.0828563953605705,3.0763762586306145,2.6766977029522927,2.521609294452412,2.6914228086398486,2.967881000906766,2.1621584485799445,2.363805470545925,2.18897346324649,2.131859899904798,1.9179545432804148,1.8555839884968954,2.0257602720537062,1.736763896523776,2.1736196447824163,2.1442601436171453,2.2927090453882526,2.596087500799034,2.4882869372789465,2.434728769874863,2.876015978863313,2.750543467616099,2.36947745401888,2.3009253994336816,2.7200187599458836,2.806068428757682,3.333243007844567,0.12952338573027683,0.10913597072197966,0.12267142324857903,0.12482588571963213,0.11814235418432448,0.15655299187569355,0.14213183768437004,0.1364624596812784,0.11683016971625328,0.2269331058344485,0.2001196319532187,0.1916887119698486,0.22280041807270035,0.29298365553939176,0.26755164883790533,0.17229680333770883,0.15164540273692248,0.1446578699411397,0.14508228906093748,0.19229020559378565,0.13308136992421282,0.15669841769558987,0.24720082524998907,0.1873784873985857,0.18000516147167903,0.09981950308670982,0.11012765795191895,0.11344872365305395,0.11212811736948153,0.12547247923918173,0.1222201567128077,0.11001404227920496,0.11089631205739703,0.11680604530719267,0.11292909759021925,0.10887693074437273,0.14812477526239826,0.20357206013234577,0.19649820574231194,0.21803868543826635,0.10431527768314737,0.13354937675762213,0.1609647132385252,0.13876108890375355,0.1090154585497466,0.12003818845007841,0.12322403365701783,0.11760438932264741,0.1530607958703077,0.13653700477643815,0.13612539654788314,0.12173402832526237,0.2149154051036158,0.22175359132104608,0.17993130682722677,0.22185503410554464,0.2503895262233045,0.27409830313393,0.1784765498056581,0.14890330113346015,0.1461271135133629,0.139308202889215,0.18398965328902067,0.14024454073963313,0.16864719462727162,0.24143539398022595,0.19949382853444275,0.170285569634148,0.10464632161093265,0.11398693882019877,0.11566395088669171,0.11537428931542491,0.11553073902048556,0.12294434785625684,0.10745817281887347,0.11501857216241192,0.1176222986986757,0.11693731092395289,0.11423616712521857,0.156043800560496,0.19919408390837853,0.2029075197989878,0.2305987089537543,0.10473069055860627,0.13159905869357252,0.1663034100239164
31.0,2.553031737433118,2.721264228444298,2.6413036085047694,2.632493040300472,2.4887706245166616,2.2763332258993683,2.4739655850055198,2.4980977827075095,2.626463719025327,2.195317617730054,2.425011105233168,3.280945181207345,2.8756127539882783,3.166368961680298,3.20434483198644,2.493067816912239,3.002019625380032,3.0684991204842347,2.6097536934748424,2.6627220905941624,2.5411522606900188,2.998214138666061,2.35961479521996,2.48643749211779,2.2576172754663966,2.0982996401602017,1.8559603922050556,1.8700364129562814,1.8504698553585086,1.7564597333531866,2.2164883631513987,2.17324163664719,2.259153676401572,2.602940518250804,2.450419964254019,2.4181322544750286,2.7088626581896884,2.695321113802901,2.395626489276796,2.242875065200948,2.6772555173307704,2.779909314922851,3.32863866384231,2.595761502785576,2.669802742665378,2.585156463169371,2.652646723088169,2.4553909038999113,2.189078111785707,2.41211617543601,2.4360037400543817,2.6425568374891863,2.2084741848488756,2.370871195879105,3.0486296955767034,2.7495619700754492,3.1080961432578462,3.2993335777662125,2.444871097125773,3.077037424471313,3.06929248338442,2.669830277555672,2.5159894550234716,2.6863909794695884,2.9640085761279966,2.1608619320238596,2.3575584131808194,2.1849547390610513,2.129320800877758,1.9141261384787924,1.8520018310635573,2.023588544398002,1.7350528643297332,2.1715521987851365,2.141489728588116,2.290203834106017,2.5919483533016123,2.4854291729397895,2.4331553417178626,2.8700933738785213,2.744165897820566,2.3615935762375484,2.2921014002807163,2.7159887981148225,2.8046446373779257,3.331392414851306,0.1298512313712879,0.10898268731842865,0.12230061227226571,0.12462015756074638,0.11788595707685208,0.1563724977772015,0.1418526850227087,0.13621248512198153,0.11643343913961167,0.22681220852291695,0.20007875636679384,0.19180056876097432,0.22261947830677534,0.2928304791672789,0.26725890141598363,0.17207083945613172,0.1515275556944408,0.1446856716619787,0.1451108195866824,0.1928002881578022,0.13285928919462356,0.15657458605137115,0.24717158267041603,0.1872529925912457,0.17987987288712953,0.09965642148843697,0.10997517180982942,0.11323233240451254,0.11213327015789193,0.12551398157919183,0.12228528280879335,0.11006267314149733,0.1108467454736072,0.11684657963507925,0.11273494645582734,0.10865107966814157,0.14811973050260124,0.2033960912986082,0.19652882425549992,0.21809087459232154,0.10409840895483559,0.13323777882204346,0.1610604094994142,0.1390385034072986,0.10883682130965044,0.1196196844576973,0.12293480216706798,0.11728803880232834,0.15254428597821343,0.13617642936394886,0.1359236817116261,0.12151094082715717,0.21479670394333086,0.2219320023637829,0.1800206543878359,0.22172000917716392,0.25027104625283125,0.2737590328723546,0.1782567629161758,0.14869075551015554,0.14603630966080317,0.13926346113812685,0.18445744872026862,0.13989893454725122,0.16839547422330223,0.24145930824270959,0.1993011970269488,0.17005520664947862,0.10442658185001161,0.11376400380606587,0.1154894347058265,0.11542834146898616,0.11562474454766848,0.12312268594478559,0.10739952410705973,0.1148654062691415,0.11741724958248312,0.11672956962051216,0.1140232480446061,0.15591863825425076,0.1989963977240067,0.20275606478338268,0.23052778968647916,0.10452530048355516,0.13136950009234163,0.16603889441502187
32.0,2.549230641007305,2.716217160949688,2.6363556886918302,2.626843039309643,2.4857730365882573,2.2748823528620674,2.469636206259632,2.496692879357231,2.6224776462101747,2.193374657394116,2.4198676112664628,3.2734775198575514,2.8730808772843885,3.1724233281257272,3.2040705960800797,2.4921528105644835,2.9964482624162816,3.062058872637903,2.6030809690916814,2.656897085922243,2.5373720782719493,2.994481775155932,2.3565296290850046,2.4815917568003485,2.2540271531034892,2.0968253074732393,1.853970472766488,1.8668116010691171,1.8486601562428764,1.7558606566218509,2.215105097760021,2.171396422634093,2.257653420865514,2.5994438794982164,2.4479211057517603,2.416511705389,2.703597303725475,2.6889861271466127,2.3885116937860067,2.2340158386668763,2.673611490635412,2.77889081800081,3.326028055024357,2.592159760012209,2.6648789982080836,2.5804704223550643,2.6466471416058117,2.4529322780280776,2.188903602650253,2.407853003161877,2.4343888299235714,2.638997345874136,2.206656465342466,2.365766221618532,3.0422581094741363,2.7469376342358167,3.1137182553099785,3.2998833329219686,2.442071002529701,3.0716582393705476,3.0625580689902927,2.6635936062794663,2.5106541186902143,2.6820401124217526,2.960775368695535,2.1597674486525427,2.351999063048016,2.1813023224250063,2.127306956952571,1.9107589194643844,1.848904533305035,2.021898216098981,1.7338403750468698,2.1699221477271227,2.1393011873121743,2.288345941431712,2.58826653994776,2.48314595833272,2.4320251505524957,2.864480296160882,2.73791915987895,2.3540775811753836,2.2838304467744703,2.7124164278044414,2.8036020849570953,3.329549302520632,0.13022989370735685,0.10886094304182208,0.12196826826976061,0.12444352604078365,0.11766934767119744,0.15624382084609875,0.14161255723112284,0.13600072728958873,0.11606058457930514,0.22675259486023525,0.20009188430286542,0.19197190145170126,0.2225061166303526,0.29270910364233954,0.26701092263244114,0.17186706609502397,0.1514502600904501,0.14475591519284106,0.14517928605501468,0.1933765206004846,0.13266865592407573,0.15649564616845768,0.24720350006166897,0.18716911343530654,0.17978022247645245,0.09952803607853956,0.10986225887600228,0.11304795894752198,0.11217242901080683,0.1255993779949263,0.12239730382153431,0.11014021401172092,0.11083079534056828,0.1169306353631426,0.11257002651679114,0.10845407520759896,0.14817146275576856,0.20327517216471747,0.19660964950279547,0.2181863602030631,0.10391110093666933,0.13295389102431565,0.1612112699787689,0.139376968137471,0.10869544472372203,0.11923576190127583,0.12267057406915081,0.11700912679588256,0.1520657966874548,0.13584204589143753,0.13575910284965056,0.12131909606620647,0.21473225054502396,0.22217115762380263,0.1801854617874078,0.22163431341448012,0.2501945622209574,0.2734679430185223,0.1780664195504664,0.14852492749240764,0.14598872946318092,0.13925659714727465,0.1849897211541385,0.13959532963659643,0.1681886064522513,0.24154673667400714,0.19915592621878142,0.16985438376236692,0.10424734558967198,0.11357982904243089,0.11535385754555909,0.11551588719379575,0.11577152424031947,0.12335863654142859,0.10737237419194566,0.11474536282800649,0.11724254901210499,0.11654829090455572,0.11384490767599709,0.15584068664433726,0.1988471726799047,0.20264387327044545,0.23050696527122858,0.10435112690267982,0.13116848372250617,0.16582024948196705
33.0,2.545543231445508,2.7114102351167175,2.6318136485249366,2.621492716544487,2.483360644455247,2.2739946431742557,2.465769123168467,2.4960671196372934,2.618986202234393,2.192056356815499,2.415339671998202,3.266203597898647,2.8707075844956877,3.1781723963611017,3.2038714844408127,2.4914261803457274,2.9913161203629453,3.0559652869044878,2.5969838377715755,2.6514845940358565,2.5342269335968237,2.991391697586414,2.353653271226763,2.4773420404581645,2.2507701776783744,2.0957922339399615,1.85236861656863,1.8640131068924761,1.8473102600476725,1.7556879910802858,2.214128246846188,2.170069588799109,2.2567561012593496,2.5963902410743698,2.4459952230883384,2.4153360880521912,2.6985987056058995,2.6828317360695,2.3818048018712803,2.2256603577350007,2.670398324463676,2.778225342389394,3.3234273656798736,2.588574945310473,2.6602121539982586,2.5762220467429287,2.64095146010553,2.4510849231412966,2.1893737623523375,2.404093704674919,2.433550400904143,2.6359282106386277,2.2055631008933196,2.361457561990988,3.036057090004833,2.744534333412004,3.1190310208136305,3.3005015999597305,2.4394809568685933,3.066688341817925,3.056150125895367,2.657943709688136,2.5055895874715133,2.6783170927967803,2.958127571057702,2.1588488075916716,2.3470796398270863,2.177994206342551,2.1257730153906373,1.907828255613646,1.8462588171406311,2.0206405000580556,1.7330770146890317,2.168679173309562,2.13763763708478,2.2870703365109986,2.584997552479813,2.4813785942539868,2.4312934659488876,2.8591443059520865,2.7317796448924594,2.346906212155577,2.276083047461909,2.7092610647480404,2.8028994954309665,3.327704192627048,0.13065679661593452,0.10877091191735713,0.12167459026385781,0.12429586679127608,0.11749196949760195,0.1561647771654306,0.14141048354466515,0.1358265652680753,0.11571225623372655,0.22675178274763694,0.20015684965886252,0.19219952874126384,0.22245686262905912,0.29262117920433456,0.26680841805680167,0.17168777617412684,0.1514124386587,0.1448671473941865,0.1452872963859674,0.1940156555737091,0.13250930033373157,0.1564601278938663,0.24729410886759218,0.18712571015163718,0.17970635781296462,0.09943390938724167,0.10978779557742818,0.1128951548566819,0.11224447498647634,0.12572663416651417,0.12255401737601859,0.11024604805558033,0.11084803205938151,0.11705642901443167,0.11243428781628147,0.10828610796065984,0.1482773376848007,0.20320740486999667,0.19673814917845076,0.2183231110804153,0.1037535386744388,0.13269854572747555,0.16141501357541943,0.13977362916934466,0.10859103616250125,0.1188866653178482,0.12243173669452025,0.11676697417531529,0.15162519526945042,0.13553425420542534,0.13563073536535603,0.12115800721391046,0.21471979654449008,0.22246752695967498,0.1804213386765748,0.2215958290270472,0.25016014484760607,0.27322550891139163,0.17790697333508712,0.14840527831196243,0.1459833567366501,0.1392871261659455,0.1855824966378997,0.13933385019226235,0.16802646257262346,0.24169531463522237,0.19905696029530429,0.16968383646925983,0.10410769699211295,0.11343341269570663,0.11525592643823414,0.1156360819612507,0.11596785506060601,0.1236487722252316,0.10737683803231923,0.1146586338985718,0.11709889687668924,0.1163937755198647,0.11370067427743327,0.15580931512087104,0.1987462032821814,0.20257104172673146,0.23053486695186814,0.1042081559164302,0.13099609888789152,0.16564682302297135
34.0,2.5419470611656076,2.706815202011295,2.627634017186436,2.6164189375332954,2.4814709373715687,2.273601643804321,2.4623177116114587,2.4961446011898807,2.6159484480452027,2.191307980199677,2.4113920759464227,3.2591226131721074,2.8684846593605196,3.1835985344078455,3.2037180979842543,2.4908613596224622,2.9865901952105043,3.0501949919677025,2.591418167225254,2.646455801610719,2.5316620697834544,2.9888873690205537,2.3509643214066407,2.473639958343469,2.247831096065919,2.095154359931876,1.8511264260445628,1.8616069347820192,1.8463722079879985,1.7558928413536705,2.2135051842877544,2.1692037259248638,2.2563944135029126,2.5937340382334098,2.4445812711816175,2.414559663871142,2.6938399388307324,2.676827271040915,2.37548455550399,2.2177857391835065,2.66757589659512,2.777871424800795,3.32082750289092,2.584989284893104,2.655773617577757,2.5723653098736072,2.635536739065707,2.449784631710117,2.190414384632788,2.4007897546049985,2.433416998380662,2.6333086513382336,2.205125825826386,2.357893588235651,3.0300270114128085,2.7423366215155442,3.124017443544069,3.3011572840146943,2.437081281565782,3.0620972335730836,3.0500457645468004,2.6528366083461563,2.500782163386286,2.675168805895127,2.9560113756628,2.158079817966896,2.3427523631976195,2.1750083838178718,2.1246736234533334,1.9053095163030462,1.8440314044896464,2.0197666091766133,1.7327133692700463,2.1677729572335913,2.1364421952013504,2.286311988489554,2.5820968826400583,2.4800683814998288,2.430915557477148,2.854052963493853,2.725723743962303,2.3400562125013593,2.2688297108900377,2.7064821246789155,2.802495592735349,3.3258476069450764,0.13112942484889425,0.10871279827809124,0.12141981215513366,0.12417708305847547,0.11735329336737026,0.1561332243986267,0.14124552209174981,0.13568940521522346,0.11538911662200481,0.22680733222291846,0.20027153215719332,0.19248028509482734,0.22246832667743807,0.2925683667542245,0.2666521079343678,0.1715352693592772,0.151413036572213,0.1450179412892877,0.1454344781865,0.19471449069968022,0.13238108096864865,0.1564665950815342,0.24744097157628062,0.18712166345359796,0.17965843118650532,0.09937362434128379,0.10975067853523422,0.11277348716140193,0.11234834478627001,0.125893782398145,0.12275328737551995,0.11037960063444908,0.11089806081247358,0.1172222278184171,0.11232770964282929,0.1081473869795727,0.148434769778255,0.20319094749730948,0.19691183125899042,0.2184991145447793,0.10362592518119007,0.13247259659735475,0.16166939807382788,0.14022570942680596,0.10852334464698618,0.1185726916580684,0.12221870928594936,0.11656095275772883,0.1512224156326582,0.13525347813095726,0.13553770352854333,0.12102723186476834,0.21475712996518048,0.22281763275546315,0.18072396893379833,0.22160246535527586,0.25016786354052867,0.2730322199413437,0.17777987958895436,0.14833133894953665,0.14601921318812316,0.13935457952175298,0.18623186889249763,0.13911466217426727,0.16790894096404074,0.24190270664683136,0.19900327525535366,0.16954430974665877,0.1040067358950652,0.1133237561913356,0.115194357374711,0.11578812102377552,0.11621059491369401,0.12398975436431903,0.10741307838266409,0.11460543737963987,0.11698702822629585,0.11626632362815197,0.11359009395974844,0.1558239246885767,0.1986933087020391,0.2025376799050001,0.23061014600683,0.10409638312810152,0.13085244128495005,0.1655179976335794
35.0,2.538419682585514,2.702403812699324,2.6237733238586665,2.6115985678043634,2.480041404591133,2.273634901720653,2.4592353474680846,2.496849421657122,2.6133234445898244,2.1910747917521394,2.407989611629124,3.252233763519413,2.866403885617214,3.188684110287309,3.2035810376260248,2.4904317817611954,2.982237482949479,3.044724616511283,2.586339825163485,2.641781895322578,2.529622729950686,2.986912252521393,2.348441379386054,2.47043712570848,2.2451946551409683,2.0948656258204523,1.8502155036273529,1.859559089093408,1.8457980412789496,1.7564263120671983,2.213183283962592,2.1687414247939985,2.2565010535160295,2.5914297062294502,2.4436182049494573,2.4141366942523637,2.6892940783997417,2.670942062530247,2.369529696655492,2.2103690997906114,2.665104084809319,2.7777876019471743,3.3182193737396157,2.5813850049728684,2.6515347964884715,2.5688541852877638,2.630380038964719,2.448967196205153,2.191951263232405,2.397892627582008,2.433917167737672,2.631097887528534,2.205276374466599,2.355022671591653,3.024168247942096,2.7403290524580357,3.128660527276551,3.3018192902221046,2.434852298044632,3.0578544163956902,3.0442220953917123,2.648228322817944,2.496218148453431,2.672542137017246,2.954372974959106,2.157434288903872,2.3389694528392013,2.172322847855164,2.123963428402061,1.9031780709090296,1.8421890172713757,2.0192277563560848,1.73270002480374,2.167153181200379,2.135657978957332,2.286005866513026,2.579520022170824,2.4791566208665405,2.4308466947074323,2.8491738290278597,2.719727848189684,2.333504325535939,2.2620409456058397,2.704039023330368,2.802349100806013,3.3239700672492103,0.131645316588662,0.10868683675586586,0.1212042019630873,0.12408710563222432,0.11725281264635719,0.15614705391246972,0.14111675806229715,0.13558867926454754,0.1150918456138782,0.22691683866876303,0.20043385061480046,0.19281101088465905,0.22253719120975277,0.2925523464016298,0.2665427320875154,0.17141186262916738,0.15145101728848717,0.14520688988720765,0.14562047809757242,0.19546985773792255,0.13228388458108947,0.15651364080927516,0.24764167510668034,0.18715587320451194,0.17963660193429976,0.09934678598579572,0.10974982554549793,0.11268254175276998,0.11248302704836591,0.12609891460831626,0.12299303719478666,0.11054033780598617,0.11098052075023686,0.1174263446491825,0.11225030070447421,0.10803814082381465,0.14864121277213188,0.20322400721809802,0.1971282371515019,0.21871237226543194,0.10352847911762902,0.13227692608501163,0.16197220933096962,0.1407304991633487,0.10849215864993943,0.11829418959483859,0.12203194843318302,0.11639048098700361,0.1508574557213268,0.13500017072026332,0.13547917849051003,0.12092637236488796,0.21484206946151913,0.22321804246174035,0.18108909732488893,0.22165215900612834,0.250217790566642,0.27288858449167563,0.1776866024817636,0.14830270744331536,0.14609535272296476,0.13945850093550177,0.1869339851694709,0.13893796964531183,0.16783596470625373,0.24216659703470017,0.19899387728201073,0.16943656151171843,0.10394357647322724,0.11324986458741307,0.11516787579135179,0.1159712387566757,0.11649667162292865,0.12437832337919517,0.1074813044808481,0.11458601638484492,0.11690771568825079,0.11616623568931526,0.1135127294646884,0.15588394695630553,0.19868833341332853,0.20254391638835867,0.2307314717863653,0.10401581269973174,0.1307376148781126,0.16543318724752204
36.0,2.534938648123139,2.698147818246721,2.62018809772395,2.607008472885967,2.4790095353678585,2.274025963891644,2.4564754066177894,2.4981056786811453,2.6110702528155136,2.1913020556783795,2.405097067564327,3.2455362467820303,2.864457047004144,3.1934114920209153,3.203430904281767,2.490110880128419,2.9782249795703635,3.039530789218933,2.581704679296987,2.6374340618471908,2.5280541572173214,2.9854098111519907,2.34606304492645,2.467685157805412,2.242845601778381,2.0948799719771767,1.8496074517500765,1.8578355741823132,1.8455398011356337,1.757239507846046,2.213109919748527,2.1686252761891156,2.2570087172185507,2.589431680316667,2.4430449793097395,2.41402144060237,2.6849341993126825,2.6651454410068247,2.3639189672971357,2.203387556334547,2.6629427668858208,2.7779324105407293,3.315593885308015,2.577744331762523,2.647467098272241,2.5656426465260425,2.6254584202809355,2.448568409096958,2.193910191892028,2.395353798235845,2.4349794543597265,2.629255138765126,2.2059464811389122,2.352793183298168,3.01848117383672,2.7384961801510106,3.132943275786331,3.302456523717149,2.4327743277285196,3.0539293920453945,3.0386562288772554,2.644074873668001,2.4918838446918437,2.670383971463568,2.953158561394933,2.15688602952829,2.33568312843141,2.169915591458612,2.1235970774981987,1.9014092888080778,1.840698377405123,2.0189751544978654,1.7329875673039576,2.166769526911092,2.135228105648163,2.2860869397270966,2.5772224628144187,2.4785846131503018,2.4310421472098573,2.8444744627958545,2.713768348675791,2.3272272945825225,2.2556872601563196,2.70189117643569,2.802418743578746,3.322062095313985,0.13220205648911035,0.10869329223426022,0.12102806125310218,0.1240258928434629,0.11719003919378906,0.1562041835972348,0.14102330209814914,0.13552384477763113,0.11482114547254503,0.2270779268000617,0.20064175690474076,0.19318854376573902,0.2226602024690944,0.292574825576367,0.26648105498197466,0.17131990010747497,0.1515253589051164,0.14543260059465551,0.14584496128009067,0.19627861285851753,0.13221762614921953,0.15659988308059783,0.247893824900926,0.18722725744774962,0.179641038997284,0.09935302358483575,0.10978417700671544,0.11262192699488215,0.11264755879948103,0.12634017579309761,0.12327124328860786,0.11072776482521877,0.11109508425379835,0.11766713324981738,0.11220209945030686,0.10795861881701782,0.14889415082650798,0.20330483388351206,0.19738493533462084,0.21896089652599052,0.10346143276216621,0.13211245244207598,0.16232125155034668,0.14128534746201588,0.10849730415106089,0.11805155873387177,0.12187195310099459,0.11625501979919727,0.15053037493265936,0.1347748189786926,0.13545437618955072,0.12085507584326545,0.21497245866448333,0.22366536115256155,0.18151251718687678,0.22174287331425527,0.2503100052444096,0.27279513489678053,0.17762862171756078,0.14831904618559807,0.1462108565471915,0.13959844335584096,0.187685033390228,0.13880401155441932,0.16780747968522788,0.24248468165229894,0.19902780156560848,0.16936136615953215,0.1039173463583534,0.11321074734143691,0.11517521740260397,0.11618470811539841,0.11682307292522824,0.12481128975257146,0.10758177091797706,0.11460063889320529,0.11686177177046951,0.1160938135965712,0.11346815927372778,0.15598884347966163,0.19873114819765464,0.20258990394976784,0.2308975303111263,0.10396645687594351,0.1306517338648499,0.1653918339734872
37.0,2.5314815101963766,2.694018969719406,2.616834867964642,2.6026255183064215,2.478312818955654,2.274706377285689,2.4539912649400404,2.4998374699041097,2.6091479336694943,2.1919350361838736,2.4026792322700845,3.239029260801441,2.8626359272596242,3.19776304763003,3.2032382988670838,2.489872088090671,2.9745196810636534,3.034590138774399,2.57746859733653,2.633383487860296,2.5269015947021987,2.9843235079753874,2.34380791778923,2.4653356698864815,2.2407686828530307,2.095151338773547,1.849273872845806,1.8564023944043955,1.8455495287731436,1.7582835333153983,2.2132324655234257,2.168797870892868,2.2578501005302867,2.587694395749172,2.442800549180314,2.414168164327691,2.6807333765693095,2.659406736940037,2.358631109400302,2.1968182255934994,2.6610518206042,2.778264387293614,3.3129419446782067,2.5740494914748075,2.6435419304709336,2.5626846671290884,2.6207489434927176,2.448524062856102,2.1962169643524643,2.393124741196393,2.4365324036313853,2.6277396246035845,2.207067880168239,2.3511534945943495,3.0129661633406912,2.7368225585060526,3.136848692848695,3.303037889635072,2.430827692040763,3.0502916622818557,3.0333252754505464,2.640332281460778,2.48776555412043,2.6686411945345623,2.9523143274185926,2.1564088489657958,2.332845609653814,2.1677646076324084,2.123529218003152,1.8999785393766369,1.8395262068101828,2.01896001650337,1.733526582784523,2.166571676066871,2.135095692569262,2.2864901772774378,2.5751596963131664,2.478293659147414,2.431457184554559,2.8399224250395076,2.7078216365218504,2.3212018629643354,2.2497391630884658,2.6999979997281884,2.8026632449893456,3.320114212913907,0.13279726916575973,0.10873245977175405,0.12089172476823044,0.12399343063445499,0.11716449996411392,0.15630255136285298,0.14096428890693516,0.13549438393684238,0.11457774591450344,0.2272882453959869,0.20089323058363537,0.19360971122321424,0.22283416272067175,0.29263754672475967,0.2664678709885553,0.1712617622106216,0.1516350510207972,0.14569369018377823,0.14610761106361278,0.19713762797255088,0.1321822490761669,0.15672396103114902,0.24819503972234894,0.18733475183095982,0.17967192373235538,0.09939199309444237,0.10985269777188375,0.11259127754972546,0.11284102204070263,0.12661575792535668,0.12358592918712233,0.11094142462505173,0.11124145628628554,0.11794298373380203,0.11218317455163525,0.10790909253798843,0.14919109038168454,0.20343171400708424,0.19767951544601478,0.21924270689538172,0.10342503027008708,0.13198013630899158,0.16271433855111211,0.14188765468969172,0.1085386429506077,0.11784524873325392,0.12173926929770677,0.11615406867267627,0.15024129155528243,0.13457794813711765,0.13546255512620844,0.12081303393270827,0.21514616058908032,0.2241562240679687,0.18199005908061683,0.22187259713787022,0.25044459819277637,0.272752432459873,0.1776074388130233,0.14838007920915483,0.14636482903790912,0.1397739663127083,0.1884812304929232,0.13871305901910358,0.16782345325804757,0.24285466066236172,0.19910411158499144,0.16931951821074998,0.10392718617748932,0.11320541941762757,0.11521512932837921,0.11642784020020555,0.11718683745066832,0.12528552574930862,0.1077147766635386,0.11464959768053487,0.11685005105900369,0.11604936207919739,0.11345597704545154,0.1561381054323064,0.19882165151610795,0.20267582474093424,0.23110702342721576,0.10394833595748662,0.13059492473880832,0.1653934051932408
38.0,2.5280258212231463,2.689989018183292,2.6136701637630497,2.598426569593986,2.4778887446084754,2.275607688871159,2.4517362983142674,2.5019688929681325,2.607515548098991,2.1929189974741123,2.400700894264401,3.2327120034190897,2.860932310122005,3.2017211451360597,3.2029738222975954,2.4896888390144087,2.971088583419836,3.029879293861392,2.5735874469928492,2.6296013600376367,2.526110285524142,2.983596806054621,2.341654597735791,2.463340277203887,2.2389486452397707,2.0956336665810364,1.849186369347615,1.8552255541153266,1.8457792654065954,1.7595094931004411,2.2134982951651354,2.1692017996878747,2.2589578993710937,2.586172287781102,2.442823869479054,2.414531126834845,2.6766646851694014,2.653695280799262,2.353644864936337,2.190638224345681,2.6593911237440175,2.778742068918028,3.310254458932274,2.57028271032249,2.639730700626408,2.5599342206375724,2.6162286690784526,2.4487699499531965,2.1987973743545495,2.3911569310935326,2.438504560937183,2.6265105645994713,2.2085723058795352,2.3500519767193646,3.007623590698033,2.7352927414347312,3.1403597822388614,3.3035322931110755,2.428992712404732,3.0469107288647224,3.0282063455587394,2.636956566760734,2.4838495787580883,2.6672606915306774,2.9517864654783748,2.1559765563420545,2.3304091161860168,2.1658478893807613,2.1237144971782955,1.8988611919911744,1.8386392274058638,2.0191335552739957,1.7342676572592672,2.166509310368899,2.135203857016073,2.2871505483097074,2.5732872144093544,2.478225059654114,2.4320470763116675,2.835485276000532,2.701864102829053,2.315404774004594,2.2441671629492657,2.6983189089411597,2.8030413289735803,3.3181169418234884,0.13342861309857273,0.10880466450501176,0.12079556028665664,0.1239897327100426,0.11717573427342558,0.15644010929436092,0.14093887610513403,0.13549980367288875,0.1143624091948935,0.22754546274620088,0.2011862741636405,0.1940713242357746,0.22305592291527798,0.29274229461206364,0.26650400987331363,0.1712398741575442,0.15177909210290233,0.1459887802863695,0.14640812878284548,0.19804378307639997,0.132177725618328,0.1568845316650034,0.2485429471652271,0.1874773094526346,0.17972945301804205,0.0994633800018258,0.10995437940640834,0.1125902584279594,0.11306254044249539,0.12692389425196537,0.12393515984817034,0.11118089625323535,0.11141937384434614,0.11825231835384836,0.1121936255566074,0.10788985757871615,0.14952955261841647,0.20360296508617953,0.1980095827700169,0.21955582728397807,0.10341952622710021,0.13188098691339964,0.16314928594124914,0.1425348658412634,0.1086160712487797,0.11767575834124601,0.12163449442923815,0.11608716186440825,0.14999038023675296,0.13441012554072804,0.13550301398424427,0.12079998216343707,0.21536105206388248,0.2246872891098636,0.18251758035946364,0.22203934299520434,0.2506216756791702,0.2727610725788431,0.17762458304637946,0.14848558947030627,0.1465563943625858,0.13998463379230622,0.18931881191623937,0.1386654131577296,0.16788387351715578,0.2432742323707624,0.19922189885991468,0.16931183610985256,0.1039722494690981,0.11323290268105114,0.11528637146310022,0.11669998391890016,0.11758504664913519,0.125797957808023,0.10788066422219632,0.11473321054178828,0.11687345232071696,0.1160331903925295,0.11347579138092076,0.1563312535843849,0.19895977125180145,0.2028018953244342,0.23135866851642412,0.10396147870951623,0.13056732846398034,0.16543739089325024
39.0,2.524549133621357,2.6860297147042695,2.610650514301532,2.5943884922769738,2.4776748015801995,2.2766614456164507,2.4496638826199577,2.504424045515376,2.606132157051245,2.1941992037545823,2.399126842065308,3.226583672476458,2.859337979329629,3.2052681525603695,3.20260807548895,2.48953456626616,2.967898682629426,3.025374883163629,2.570017095976702,2.6260588650549614,2.525625472801962,2.983173168452746,2.33958168452759,2.4616505950098677,2.2373702358134517,2.096280895771134,1.8493165436885757,1.8542710576707575,1.8461810522510826,1.7608684918263573,2.2138547825515253,2.1697796533567617,2.2602648096607907,2.584819791666597,2.443053895123821,2.4150645895303304,2.672701200112716,2.6479804030538423,2.3489389758766057,2.184824669369311,2.6579205540848316,2.779323992126131,3.3075223351523158,2.5664262145183097,2.6360048162805394,2.55734528059212,2.611874657516519,2.449241862858781,2.201577215639078,2.3894018425571657,2.4408244716616707,2.6255271783083973,2.2103914925977444,2.3494370009123586,3.0024538301527666,2.7338912828486124,3.1434595477321237,3.303908639280379,2.4272497102437636,3.043756093553661,3.023276549648968,2.6339037501323306,2.480122220623712,2.666189347752337,2.9515211680225737,2.155562960782746,2.3283258677075906,2.16414342970783,2.124107562285033,1.8980326160281507,1.8380041611114497,2.0194469837111546,1.735161376742026,2.1665321115183174,2.1354957162840167,2.288003021969586,2.571560508845306,2.4783201154666545,2.432767092051325,2.831130575920638,2.6958721386986055,2.309812771026499,2.2389417682857276,2.69681331980791,2.803511719467266,3.316060803817234,0.13409377490996313,0.10891026154357285,0.12073996872707735,0.1240148407817631,0.11722329173531705,0.1566148184541171,0.1409462433003657,0.13553963592617366,0.11417593523123404,0.22784726278450196,0.20151890901247604,0.19457017200611776,0.22332237578957928,0.2928909032522104,0.2665903425506528,0.1712567138839973,0.15195648736829104,0.14631649338821737,0.14674623382709764,0.19899395957171273,0.13220405759415493,0.1570802671503116,0.24893517988755937,0.18765390116515776,0.1798138426971291,0.09956690252474115,0.11008824283712236,0.1126185692814101,0.1133112761231974,0.12726285395053175,0.12431703633630832,0.11144579324119425,0.11162860552077836,0.11859358752833113,0.11223358373351495,0.10790123560468282,0.14990706644775578,0.20381693021146452,0.19837275307951435,0.21989828336600875,0.10344518450755912,0.13181606791332984,0.16362390410580738,0.14322446471078057,0.10872951850046184,0.1175436343633112,0.12155828138066642,0.11605386483393335,0.1497778694917783,0.13427196422372623,0.13557508907034227,0.12081569900881346,0.21561501814402417,0.2252552292584169,0.1830909556047611,0.22224114454563582,0.2508413641153134,0.2728216900335517,0.1776816171583114,0.1486354161402423,0.14678469383418344,0.14023001263917192,0.1901940221540578,0.13866140353115744,0.16798874920151302,0.24374108811371667,0.19938028319355677,0.16933916621982975,0.10405170293816202,0.11329222752548256,0.11538771803306866,0.11700052573728477,0.11801481762702434,0.1263455595651038,0.10807981890153491,0.1148518208177467,0.11693292052526873,0.11604561432107609,0.11352722591814583,0.1565678385699047,0.19914546683209577,0.20296837156311182,0.23165119876373258,0.10400592319369892,0.1305691027772498,0.1655233012094475
40.0,2.5210289998089026,2.6821128103482788,2.60773244876242,2.5904881518836587,2.477608479124768,2.2777991944899667,2.4477273937365416,2.5071270251879714,2.6049568214734813,2.1957209192307694,2.3979218641908076,3.2206434658150345,2.857844718620836,3.2083864379243785,3.202111659356755,2.489382703212419,2.964916974682927,3.021053535364853,2.5667134119988275,2.6227271895879993,2.5253923996544896,2.9829960582328,2.337567777926024,2.460218238556619,2.2360182014489376,2.0970469667153244,1.849635998301771,1.8535049094263607,1.8467069305217139,1.7623116341183243,2.2142493015604305,2.1704740226821455,2.2617035273192068,2.583591342659796,2.4434295810324955,2.4157228138206945,2.6688159963990086,2.6422314341731488,2.34449218419248,2.1793546774425834,2.6565999894062133,2.7799686936300985,3.304736480420404,2.562462230275037,2.632335684975183,2.5548718205333887,2.607663969285292,2.4498755940434638,2.2044822819468886,2.387810950217168,2.443420681189421,2.624748685285919,2.212457174647795,2.3492569384124855,2.997457255948927,2.732602736659263,3.1461309931037107,3.3041358332782136,2.425579006981251,3.040797258108316,3.018512998168368,2.6311298521400297,2.4765697817362082,2.6653740485000252,2.951464627499494,2.1551418714135058,2.3265480838981265,2.1626292216178373,2.1246630605847447,1.8974681808640157,1.837587729846247,2.0198515147162492,1.736158327246623,2.1665897612162914,2.135914387668548,2.288982567402737,2.5699350713633353,2.4785201273812736,2.433572501343637,2.826825885041522,2.689822135231715,2.304402597353254,2.2340334876448424,2.6954406480617323,2.804033140406175,3.3139363206696553,0.1347904639805473,0.10904963586822293,0.12072538452506197,0.12406882491952864,0.11730673087385061,0.1568246443223,0.14098559142690179,0.1356134382454161,0.1140191667826694,0.22819134188745605,0.2018891718700615,0.19510301771726443,0.22363044939103482,0.2930852624851957,0.2667277871342282,0.17131481939995033,0.15216624718882507,0.14667544930036888,0.14712166392697812,0.19998503452781316,0.1322612774254311,0.1573098527070094,0.24936937258251501,0.18786351637376741,0.17992533140480185,0.09970231516612317,0.11025334138266686,0.11267594895670636,0.11358642648476806,0.1276309371071659,0.12472969079781003,0.11173576187875829,0.11186895118788906,0.11896526611511979,0.11230321311916411,0.10794357675469944,0.15032116195810163,0.20407197291593218,0.19876664778726627,0.22026810035099575,0.10350227745205141,0.13178650291737692,0.16413599192437578,0.14395396882968106,0.10887894655675633,0.11744947057062392,0.12151134236381778,0.11605377085626971,0.14960403926578383,0.13416412623771015,0.1356781515430359,0.12086000455936613,0.21590594647093408,0.22585672487643357,0.18370606788278812,0.22247605341929813,0.25110381475501037,0.27293496449159255,0.17778014289044264,0.14882945191957447,0.14704888399517888,0.1405096714929101,0.19110310632026764,0.1387013872580312,0.16813811030763615,0.24425290820669227,0.19957841342945457,0.16940238706318245,0.10416472701384956,0.11338243468460574,0.11551795929064594,0.11732888950645624,0.11847329685823124,0.1269253454723304,0.10831266817274876,0.11500579824195474,0.11702944880348183,0.11608695852617903,0.11360991975858314,0.15684744142875706,0.19937873174362936,0.2031755533813166,0.23198336398739716,0.10408171801814924,0.13060042464084806,0.16565066417292876
41.0,2.5174429722036935,2.6782100561812134,2.604872496328062,2.5867024139423354,2.477627266496103,2.278952482460084,2.445880207543493,2.5100019296280496,2.6039486023129332,2.197429408108156,2.397050749158951,3.214890581276283,2.8564443117339815,3.211058369249457,3.201455174816632,2.489206683219696,2.9621104555708166,3.0168918791487855,2.5636322627699744,2.619577520312508,2.525356309200556,2.983008938457821,2.3355914776925135,2.4589948230963654,2.2348772890210964,2.0978858197850836,1.8501163356202628,1.8528931137377975,1.847308941433576,1.7637900246015334,2.2146292260697247,2.171227498446666,2.2632067482661937,2.5824413760148475,2.44388988212293,2.4164600611124354,2.6649821490280416,2.6364177046265707,2.3402832318552944,2.1742053653437385,2.655389307487734,2.7806347101421296,3.3018878018186157,2.5583729838054157,2.6286947142522075,2.5524678140020174,2.6035736648631307,2.4506069359778113,2.2074383670187916,2.3863357287034406,2.446221734904941,2.6241343050876256,2.2147010863546344,2.349460160458915,2.9926342423305,2.731411656778236,3.1483571221289055,3.304182780239768,2.4239609240405096,3.03800372428833,3.013892801564078,2.6285908933482984,2.4731785641144817,2.6647616790741626,2.9515630363574368,2.1546870973600365,2.3250279844371935,2.1612832581149424,2.1253356393388296,1.8971432558752455,1.8373566555295564,2.0202983611906986,1.7372090947868997,2.166631941163986,2.136402988465086,2.290024153754817,2.568366393705765,2.4787663961942275,2.4344185737587507,2.8225387636048773,2.6836904835295807,2.299150996308101,2.229412829573582,2.694160309435915,2.804564315726078,3.3117340141552796,0.13551640736566725,0.1092232022459108,0.120752276303702,0.12415178402778984,0.11742561842370114,0.15706755287104335,0.14105614235204456,0.13572079473151058,0.11389299470591786,0.2285754063201457,0.2022951119754629,0.19566659528164726,0.2239771010168291,0.29332732422074537,0.26691731531977025,0.17141679562444093,0.15240738603718884,0.14706426208704002,0.1475341757007401,0.2010138758578873,0.13234944956221353,0.1575719851214554,0.2498431597078225,0.18810516437543875,0.1800641848348581,0.09986941262068666,0.11044876416120991,0.11276218033320573,0.11388722107918565,0.1280264699771892,0.1251712817010145,0.11205047936771674,0.11214024180962734,0.11936584992231558,0.11240271178962095,0.1080172624188975,0.15076936425021348,0.20436647221764978,0.19918888936349297,0.22066330108881377,0.10359108538286403,0.13179348071149335,0.16468333113629896,0.14472092511632212,0.10906434910612506,0.11739390656303701,0.12149445256538312,0.11608649782436188,0.14946921857041665,0.13408732579827923,0.13581160439915538,0.12093275879828887,0.2162317215444471,0.22648845587006294,0.1843588007822212,0.22274213539957835,0.2514092086526468,0.27310162629212853,0.1779218064498333,0.14906764039349032,0.14734813542907688,0.14082318026840773,0.19204230266885275,0.13878574887108255,0.16833200945716606,0.2448073589697587,0.19981546875177036,0.16950241386205026,0.10431051667698273,0.11350257718072401,0.1156759032976139,0.1176845363558283,0.11895765473613609,0.1275343649709772,0.10857968110871961,0.11519554012553908,0.11716408036163442,0.11615755927459384,0.113723528230448,0.1571696744132886,0.19965959645689166,0.20342378941327083,0.23235393204010377,0.10418892400498976,0.13066149287025744,0.16581902365310153
42.0,2.5137686032236366,2.674293203268992,2.602027186180768,2.5830081439812993,2.477668652948119,2.2800528564951987,2.4440756999202398,2.51297285647777,2.6030665605168504,2.1992699345922198,2.396478285487741,3.209324216701665,2.8551285424073884,3.2132663145569844,3.200609222784193,2.4889799396544743,2.9594461212835923,3.012866543199141,2.560729516000893,2.616581043904223,2.5254624445589764,2.983155272190879,2.3336313835884805,2.457931963881325,2.23393224540477,2.0987513953519175,1.850729158077128,1.8524016749607397,1.8479391262017892,1.765254767901158,2.2149419299572415,2.171982671432949,2.264707168421571,2.581324326985867,2.444373753312989,2.4172305928120803,2.6611727329995922,2.630508544883435,2.3362908608364354,2.169353849850944,2.6542483861089337,2.7812805783743757,3.2989672064290336,2.5541407013222064,2.625053311653472,2.5500872345386836,2.599580804728438,2.4513716811324047,2.2103712645956226,2.3849276526458585,2.44915617819284,2.62364325726912,2.2170549620431994,2.349995038290795,2.987985163541546,2.730302597117109,3.1501209385829703,3.3040183853002905,2.4223757828449184,3.0353449938533883,3.0093930702832443,2.626242894321587,2.4699348697774326,2.6642991247752175,2.9517625870447066,2.1541724477479756,2.323717789004376,2.1600835322033696,2.1260799458086717,1.8970332104382885,1.8372776600806784,2.0207387360359017,1.7382642653766758,2.166608333062557,2.1369046359690587,2.2910627501715046,2.5668099676148843,2.4790002227017576,2.4352605788668,2.8182367718524404,2.677453574693418,2.294034711214246,2.225050302618956,2.692931719663769,2.805063969362787,3.309444406048612,0.1362693449767517,0.10943140517424492,0.12082114786143784,0.12426384646469363,0.11757952932950803,0.15734150727122956,0.14115713877433692,0.13586131733906076,0.11379836331293891,0.22899717031608088,0.20273478880317583,0.1962576070587053,0.22435931155820737,0.2936191083643018,0.2671599591319706,0.17156532072771366,0.15267892199208666,0.1474815374327525,0.1479835454797686,0.20207733838473468,0.13246867234018375,0.15786537192412717,0.2503541739952838,0.1883778762855397,0.1802307004994207,0.10006803403240473,0.11067363987804507,0.1128770954721398,0.11421291847870403,0.1284478004915025,0.125639989311746,0.11238965182620413,0.11244233938861661,0.11979385244511441,0.11253231337130051,0.1081227084343252,0.15124918759523165,0.20469881781340007,0.19963709697886334,0.22108190449500287,0.1037118964791279,0.13183826021935047,0.16526368127766475,0.14552290618650604,0.10928575142889904,0.11737762659958637,0.12150845362537359,0.11615168524063983,0.14937378320843192,0.13404233230942417,0.13597487918426374,0.12103385944881752,0.21659021887565935,0.22714709367566127,0.18504503119613142,0.22303746596398333,0.251757761944731,0.27332246256873705,0.1781083039890003,0.14934997344603212,0.14768163230317402,0.14117011018895015,0.1930078360209104,0.13891490098251716,0.16857052407960676,0.24540209084963374,0.20009066056166627,0.16964020343180786,0.1044882825293092,0.11365172237161605,0.11586037775589458,0.11806696464091852,0.11946508093694438,0.12816969718829957,0.10888136788619038,0.11542147289847636,0.11733791037319602,0.11625776758868603,0.11386772399555402,0.15753418205379757,0.19998813177989633,0.2037134815546563,0.2327616907929298,0.10432761628203598,0.13075253096691572,0.16602793750391448
43.0,2.5099834452866348,2.6703340026775337,2.5991530475028988,2.579382207528825,2.477670127734733,2.28103186356369,2.442267246746255,2.5159639033792636,2.6022697570324307,2.201187762888474,2.396169261695221,3.2039435699326586,2.853889194379407,3.214992641868371,3.199544404175093,2.4886759058832624,2.9568909678117743,3.008954156199649,2.5579610394023193,2.6137089470388917,2.5256560488485604,2.983378522495005,2.3316660953753514,2.4569812761637038,2.2331678174748295,2.099597633787289,1.8514460681054372,1.8519965974508366,1.8485495260414462,1.766656968642387,2.215134787100844,2.1726821324236134,2.26613748370517,2.5801946308270027,2.444820149520538,2.417988670326153,2.657360823313406,2.6244732854131416,2.3324938131072637,2.1647772477424545,2.6531371030493873,2.781864835039021,3.2959656013337506,2.5497476090381572,2.621382884720834,2.5476840556840132,2.595662449359563,2.452105621977799,2.213206768418179,2.383538196674319,2.4521525564376208,2.6232347613859446,2.219450536038435,2.3508099431472917,2.983510393826066,2.7292601115874446,3.151405446241139,3.303611553594992,2.420803904817815,3.0327905685631165,3.004990914772995,2.624041875624361,2.466825000743946,2.66393327090363,2.9520094720095926,2.153571731702991,2.3225697172792668,2.159008036887281,2.1268506272556778,1.8971134139296126,1.8373174654189028,2.021123852153261,1.739274425029796,2.1664686186131608,2.1373624474759145,2.2920333257984784,2.5652212848330187,2.479162907700137,2.436053786237911,2.813887470025892,2.671087799824428,2.289030485394874,2.2209164153279577,2.691714294478593,2.8054908252520825,3.3070580181241582,0.13704702499321722,0.10967471886833056,0.12093253949887388,0.12440517082371051,0.11776804745809388,0.15764446523446232,0.1412878444375199,0.13603464755242506,0.11373627585887496,0.22945435478358556,0.2032062704132737,0.1968727225262262,0.22477408024396345,0.2939627084378503,0.2674568180643309,0.1717631520054588,0.15297987682470726,0.14792587043410646,0.14846957042878245,0.20317226077620035,0.13261908031510064,0.15818873126694022,0.2509000457649253,0.18868070760320474,0.18042521303928327,0.10029806760448634,0.11092714100284018,0.11302058110761512,0.11456280312312613,0.12889329397252713,0.12613401137417016,0.1127530121151901,0.11277513705193687,0.12024780181777216,0.11269228881074567,0.1082603687377906,0.1517581298561676,0.205067405383838,0.200108882334891,0.2215219242851747,0.10386500703628262,0.13192217522029406,0.1658747751208463,0.14635750728131128,0.10954321047939967,0.11740135840903018,0.12155425697023393,0.11624899139581592,0.14931815360512757,0.13402997331833136,0.1361674323920231,0.12116323936132703,0.21697929899180698,0.22782929304423508,0.1857606228180512,0.2233601251897361,0.25214973151932296,0.2735983237721241,0.17834138719001214,0.14967648875182696,0.14804857265106508,0.14155003438166228,0.19399591205743347,0.13908928582483918,0.16885375946918796,0.24603473766355205,0.20040323496568993,0.16981675948260735,0.10469725208249314,0.11382895406446508,0.11607023185153904,0.11847570993541394,0.11999278056963247,0.12882844612661057,0.10921827934082406,0.11568405402607093,0.11755208787098978,0.11638795286264642,0.11404219850831106,0.15794064248190814,0.2003644526623281,0.20404508943426675,0.23320545071721535,0.10449788681274905,0.13087379018866202,0.16627697592818017
44.0,2.5060650508106015,2.6663042054727377,2.5962066094767837,2.5758014701132237,2.477569180109875,2.2818210506339534,2.4404082239009988,2.51889916797467,2.60151725280695,2.203128157202373,2.396088466299388,3.1987478388107324,2.8527180513883743,3.216219719205003,3.1982313199049415,2.488268015272586,2.95441199114585,3.005131346834033,2.555282700685019,2.610932416392261,2.5258823651881515,2.9836221524332416,2.3296742128145334,2.4560943751957356,2.2325687521061317,2.1003784754627026,1.8522386681382705,1.8516438855637707,1.8490921821676511,1.767947731450411,2.2151551713783837,2.1732684722012934,2.267430390036828,2.5790067227923963,2.4451680256634596,2.418688555061152,2.6535194949692555,2.618281256685058,2.3288708306391133,2.1604526757964377,2.652015336088663,2.7823460168482614,3.292873893614851,2.5451759331660315,2.6176548409961735,2.545212250978667,2.5917956592348927,2.4527445509846046,2.215870672227289,2.3821188354186993,2.4551394150238663,2.6228680369936948,2.2218195426652763,2.351853246267546,2.9792103074280916,2.7282687541008186,3.152193648878691,3.302931190259077,2.4192256113825503,3.0303099501771613,3.0006634454804617,2.621943857821089,2.4638352590329307,2.6636110027598416,2.9522498837003988,2.152858758350757,2.321535988941429,2.1580347651708727,2.127602330941207,1.897359235725686,1.8374427934635416,2.0214049224441974,1.7401901597600862,2.166162479516969,2.1377195402810876,2.2928708497813868,2.563555837102481,2.4791957519855936,2.436753465442212,2.809458418366939,2.664569550023806,2.284115062173234,2.2169816762475754,2.690467449613682,2.8058036073297465,3.30456537215644,0.1378471994727379,0.109953647301971,0.12108702970460512,0.12457594689754678,0.11799076703854144,0.15797437699608627,0.141447544686734,0.1362404584573793,0.11370780019195846,0.22994468663654818,0.20370763242562995,0.19750857790098234,0.2252184197795188,0.29436029690350574,0.26780906663626136,0.17201313130441212,0.15330927669050656,0.1483958438044059,0.14899206997135422,0.20429546333467202,0.13280084711336795,0.15854079253646264,0.2514784030700603,0.18901274146865252,0.18064810014243998,0.10055945556668199,0.11120848835424084,0.11319258451368983,0.11493618211730984,0.12936132902517422,0.1266515589683213,0.11314031745775475,0.11313855927686899,0.12072623796944612,0.11288294842149846,0.10843073951510557,0.1522936671199312,0.20547063197470253,0.2006018456472651,0.2219813680097295,0.10405072213695149,0.13204663884565074,0.16651431455543197,0.1472223437763621,0.1098368153099425,0.11746587199156355,0.12163284701847724,0.11637809073120181,0.14930279276200928,0.1340511374441425,0.13638874151621044,0.12132086340556518,0.21739680126739216,0.22853168359642934,0.18650142032775555,0.22370819203063566,0.2525854211394712,0.27393013065192157,0.17862286903786376,0.15004726736190832,0.1484481694076799,0.14196252904418494,0.19500271244453019,0.13930937772931098,0.16918185277340064,0.24670291699436064,0.20075247591444667,0.1700331383819834,0.10493667125169623,0.11403337467588248,0.11630433808744199,0.1189103450578446,0.12053797109389382,0.1295077363208375,0.10959100656586081,0.11598377431884677,0.11780781766361281,0.11654850699218805,0.11424666383744721,0.1583887690153447,0.20078872247214805,0.20441913482313684,0.23368404808304716,0.10469984738719432,0.13102555289422166,0.16656572008451628
45.0,2.501990972213449,2.6621755627205292,2.5931444012847455,2.572242797262776,2.477303299327447,2.2823519646743824,2.438452007263919,2.5217027479061223,2.60076810878761,2.2050363817394194,2.3962006878182955,3.1937362211773554,2.8516068971726343,3.216929914588252,3.1966405708893513,2.4877297011889254,2.9519761872763115,3.0013747437860125,2.5526503675597323,2.608222638640063,2.526086636696578,2.983829625068647,2.327634335667456,2.455222876229606,2.232119796173529,2.1010478607496377,1.8530785606086972,1.851309543655192,1.8495191357955052,1.7690781609504094,2.2149504566677094,2.173684281548617,2.26851858333638,2.5777150381361795,2.4453563366596023,2.4192845084236336,2.649621822966907,2.611901789168518,2.325400655403367,2.156357250791144,2.6508429630063164,2.7826826605142476,3.2896829903544202,2.5404078999185735,2.6138405880213442,2.5426257939632855,2.587957494832778,2.4532242606233754,2.2182887697637765,2.3806210435089104,2.4580452993360984,2.622502303647974,2.224093716248645,2.353073318890732,2.9750852785916364,2.727313078568781,3.152468550270893,3.3019462004277806,2.4176212239624997,3.0278726404552176,2.9963877728527915,2.6199048614762246,2.460951946663311,2.6632792056443075,2.9524300145654196,2.152007336816931,2.3205688236704622,2.1571417100583536,2.1282897041266686,1.8977460452029478,1.8376203661338824,2.021533159810102,1.7409620555813805,2.165639597475124,2.1379190316800023,2.2935102912659104,2.5617691161655807,2.4790400563543877,2.4373148860498146,2.8049171771172987,2.6578752163927652,2.2792651848725374,2.213216593924812,2.6891506008023462,2.805961039531575,3.301956989919965,0.1386676201303858,0.11026872431403759,0.12128523721760012,0.12477639684386077,0.1182472948462012,0.15832918394837275,0.14163554739561554,0.136478457233606,0.11371407459973468,0.23046589875334375,0.2042369576342861,0.19816177671535334,0.2256893518810404,0.2948141301920608,0.268217962385666,0.17231819001236082,0.15366615345184348,0.14889002648222296,0.14955088752530737,0.205443746629257,0.13301418883036353,0.1589202977383258,0.25208687270078056,0.18937309266709546,0.18089978912735924,0.10085219950832346,0.11151695611803036,0.11339311978507786,0.11533238195224835,0.12985029357014083,0.1271908525166046,0.11355134682135315,0.11353256225480493,0.12122770997252656,0.11310464422618825,0.1086343638846428,0.15285324849475238,0.20590689142311716,0.201113571751793,0.2224582363826416,0.104269356762417,0.13221314787045652,0.16717996685878275,0.14811504924559338,0.11016668785056777,0.11757197842067921,0.12174528426914971,0.11653867137859872,0.14932820434562227,0.13410677731272203,0.13663830071818273,0.12150672483113635,0.21784053755863886,0.22925086112225776,0.18726324424909813,0.2240797379706495,0.25306518808667217,0.2743188817533987,0.17895462986227648,0.15046243139696758,0.14887965221350846,0.14240717519048685,0.19602439076627287,0.13957568659751216,0.1695549779676063,0.2474042317700535,0.2011377090314185,0.1702904554286875,0.10520580604670951,0.1142641074289051,0.11656159409165014,0.11937048012431979,0.1210978799949244,0.1302047089474949,0.11000018054688716,0.1163211606527479,0.1181063623001606,0.11673984906758735,0.11448085486293645,0.15887831201210556,0.20126115776586045,0.2048362059988361,0.23419634879691384,0.10493363310633266,0.13120813620111577,0.1668937609709659
46.0,2.4977387619130584,2.6579198254868057,2.589922952109142,2.5686830545057586,2.4768099746413887,2.2825561526533584,2.4363519727144687,2.5242987408157873,2.5999813859216503,2.206857700705095,2.3964707147699316,3.1889079148740107,2.8505475154705553,3.217105596039519,3.1947427580439647,2.4870343969987796,2.9495505521936636,2.997660975739322,2.5500199077372026,2.6055508004580483,2.5262141064926404,2.9839444034642435,2.3255250636955234,2.4543183945175526,2.231805696551893,2.101559730019566,1.8539373479497956,1.8509595760807722,1.849782428140108,1.7699993617675556,2.2144680168466864,2.173872151248209,2.2693347595236455,2.576274012112485,2.4453240374268437,2.41973079182007,2.6456408823061093,2.605304213332913,2.3220620293713745,2.1524680895047457,2.649579861581923,2.782833302749166,3.286383798634524,2.5354257355085434,2.6099115333382,2.5398786581785338,2.5841250166316354,2.453480543364717,2.2203868547684644,2.3789962955748125,2.460798754758899,2.6220967809043265,2.2262047911135237,2.354418532256,2.9711356815607184,2.726377638902909,3.152213154192979,3.300625489236313,2.4159710639809973,3.025448141156906,2.9921410073371293,2.617880907154231,2.4581613656539423,2.6628847648574934,2.952496057052973,2.1509912762271894,2.319620441145944,2.15630686455389,2.1288673940734535,1.898249211737874,1.8378169053492341,2.0214597771523954,1.7415406985075066,2.1648496541887923,2.13790403896809,2.293886619397702,2.55981661376462,2.4786371216027683,2.4376933176308997,2.8002313065186515,2.6509811900325055,2.274457596815961,2.20959167690664,2.687723163777879,2.805921845793345,3.29922339318924,0.13950603426029573,0.11062051378910405,0.12152782348050335,0.12500677657136983,0.11853725314759748,0.15870681793615854,0.14185118429466426,0.13674838809710665,0.11375631388801562,0.23101573057394684,0.20479233628408708,0.1988288913687333,0.22618390320736273,0.2953265534317406,0.2686848543076575,0.172681353618689,0.15404954665779672,0.1494069726379243,0.15014589254537303,0.20661389096346486,0.13325936799903115,0.15932600368647018,0.2527230820740984,0.18976091243436047,0.18118076424500482,0.10117636608945903,0.11185187733409314,0.1136222745719966,0.1157507451232149,0.13035858098892816,0.12775011791277727,0.11398589803289785,0.11395713438810548,0.1217507735719688,0.11335777261128348,0.10887183715106515,0.1534342910369197,0.20637456980311905,0.20164162630746363,0.22295052290077783,0.10452123737572132,0.13242328681349905,0.16786936131530011,0.14903327406261097,0.11053298405744685,0.11772052865108233,0.12189270827463819,0.11673043286920047,0.14939493092041306,0.13419791251537583,0.13691561607196714,0.1217208410571537,0.21830828562101948,0.22998337860048337,0.18804188646957562,0.22447282005694036,0.25358945038871733,0.27476566147961407,0.17933862371801162,0.15092214185629868,0.14934227000809974,0.142883560982229,0.19705706924957694,0.13988876241208964,0.16997335186516435,0.24813627306432573,0.20155830617255596,0.17058989168325647,0.10550394446273274,0.1145202985914898,0.11684092440137708,0.11985576262023653,0.12166974321265496,0.13091651837648713,0.11044647182690294,0.11669677911447075,0.11844904410680784,0.11696243068164013,0.11474453186251793,0.1594090610063633,0.20178203357132718,0.20529696208250342,0.23474125290528175,0.10519940640260805,0.13142189599918208,0.16726069862892792
47.0,2.4932859723273606,2.653508744837491,2.5864987911322994,2.565099107370476,2.4760266953056083,2.282365161539278,2.4340614961320965,2.526611244345777,2.5991161451563145,2.2085373783048836,2.396863335672355,3.1842621177421555,2.8495316900204366,3.2167291315801934,3.192508482284392,2.486155536068667,2.947102081888399,2.993966671377661,2.5473471889281685,2.602888088521966,2.526210017695185,2.9839099506830915,2.3233249966601677,2.4533325453117887,2.23161120011608,2.1018680236439993,1.854786632594633,1.8505599871961673,1.8498341004165701,1.7706624385270486,2.213655225793155,2.173774672082706,2.2698116145184843,2.574638079975454,2.4450100828830355,2.419981666657027,2.641549747986635,2.5984578596475956,2.3188336945145096,2.148762308715487,2.6481859095950258,2.7827564802652023,3.282967225537263,2.5302116661487055,2.6058390844886192,2.536924817165044,2.5802752851098028,2.45344919167917,2.222090720982149,2.3771960662463023,2.463328326676788,2.6216106883183623,2.228084501584822,2.3558372576025155,2.9673618905793835,2.7254469890147655,3.151410464420231,3.2989379618198824,2.414255452861414,3.0230059540418814,2.9879002593805977,2.6158280154195666,2.4554498180237605,2.6623745656998294,2.95239420361134,2.149784385707175,2.3186430610474544,2.155508221661693,2.129290048042948,1.898844104706917,1.837999133028884,2.0211359873724777,1.7418766745522962,2.163742331359148,2.1376176794408077,2.2939348033224602,2.5576538216419222,2.4779282485269736,2.437844029755552,2.7953683668127245,2.643863862044241,2.269669041326764,2.2060774337400733,2.6861445542735654,2.8056447500508543,3.2963551037387995,0.14036018077713422,0.11100960991922171,0.1218154954943684,0.12526737736333363,0.1188602834239261,0.15910520123036775,0.14209381273251254,0.13705003572526728,0.11383581573040766,0.23159192935179937,0.2053718670379097,0.19950646568564037,0.22669910169608334,0.2959000048641826,0.26921119174083774,0.1731057458439157,0.15445850620755872,0.14994522107526714,0.15077698286208463,0.20780265667533102,0.1335366981401341,0.1597566850284583,0.25338466203906485,0.19017539411876064,0.18149157474930702,0.10153209314663869,0.11221264989691508,0.11388021731216807,0.11619062661858026,0.13088458635226294,0.12832758274821515,0.11444378459617548,0.1144122969108204,0.12229398888407413,0.11364277731085191,0.10914381266211388,0.15403417478115303,0.20687204087038502,0.2021835520767023,0.2234562137530921,0.1048067040090041,0.13267873185381815,0.1685800861558955,0.14997468453384516,0.11093589544157127,0.11791241233457701,0.12207634048915157,0.11695308399997704,0.1495035523290318,0.13432563259250113,0.13722020034885718,0.12196324884987937,0.2187977822920169,0.23072573691262255,0.18883310641927956,0.2248854733102712,0.2541586946929398,0.2752716487621343,0.1797768851614316,0.1514265965437364,0.14983529443590396,0.14339128465010212,0.1980968362753954,0.1402492008205857,0.17043724120562462,0.24889662415766217,0.20201369075716188,0.17093270139431943,0.10583039858320445,0.1148011197766067,0.11714128223811734,0.12036587748563435,0.12225080433319267,0.1316403291670795,0.11093059019745628,0.11711123858387537,0.11883724731755634,0.11721674190509374,0.11503748350411666,0.15998084714264105,0.20235168919807106,0.2058021373656443,0.23531769979535053,0.1054973616515829,0.1316672313643931,0.16766614172064118
48.0,2.488610155874251,2.6489140718384836,2.5828284475365426,2.5614678213852122,2.4748909505740304,2.281710538300524,2.431533953396269,2.5285643561382485,2.5981314474388224,2.2100206787442764,2.3973433390435757,3.1797980276232654,2.848551204560646,3.2157828892316687,3.189908344526257,2.48506655176508,2.944597772351028,2.9902684593848035,2.5445880788433897,2.6002056895075545,2.5260196134230153,2.983669729788245,2.3210127343227986,2.4522169438645296,2.2315210537409333,2.1019266819943803,1.8555980169762851,1.8500767813570596,1.8496261938399858,1.7710184958540511,2.2124594573849747,2.1733344348347026,2.269881844240711,2.572761676979223,2.444353427946058,2.4199913943409848,2.637321495008241,2.5913320585819624,2.3156943928041267,2.145217025201548,2.6466209848252125,2.7824107297745235,3.279424178144717,2.5247479180517853,2.601594649014453,2.533718244463477,2.5763853607456766,2.4530659980373435,2.223326162145698,2.3751718301532825,2.465562560474333,2.6210032454456575,2.229664581987468,2.3572778661694307,2.9637642798916133,2.7245056828159235,3.150043484727893,3.296852523313722,2.4124547120270834,3.020515580869827,2.9836426394303404,2.613702206836702,2.452803605791648,2.6616954934717585,2.952070646688817,2.1483604743825664,2.317588903054573,2.1547237743859413,2.129512313296551,1.899506093486549,1.8381337710921462,2.02051300337176,1.7419205697295808,2.162267310687331,2.137003070393551,2.29358981218583,2.555236231539806,2.4768547379232695,2.4377222919939237,2.790295918241214,2.6364996235291716,2.264876261728131,2.2026443729720993,2.6843741880227205,2.8050884762398764,3.293342643343135,0.14122778635872787,0.1114366375509973,0.12214900908081508,0.12555852775310766,0.11921605089144106,0.15952224719802777,0.14236281790246613,0.13738322920065582,0.11395396732693652,0.23219225208385327,0.20597365866920464,0.20019101852674287,0.2272319733141554,0.296537019925076,0.2697985336916683,0.17359459232822025,0.1548920957231138,0.15050329502842386,0.15144408729614364,0.20900678527086514,0.13384654889225214,0.16021113813475032,0.2540692506245678,0.19061577975198418,0.18183284377950662,0.10191959621431733,0.11259874312428768,0.11416720500489301,0.11665139025295299,0.13142670270604173,0.1289214726116172,0.11492483218089422,0.11489810461978933,0.1228559182531494,0.11396015273408058,0.10945100829736337,0.1546502378607885,0.20739766149278913,0.20273686526926313,0.22397328802211677,0.10512611288909753,0.13298125456647333,0.16930968580325523,0.15093696256988104,0.11137565098752737,0.11814855664089509,0.12229748697251337,0.11720634084267527,0.1496546842165427,0.13449110002305883,0.13755156730347415,0.12223399884524838,0.21930671642349564,0.23147437522588427,0.18963262791558302,0.22531570250372301,0.25477348484065543,0.2758381263737748,0.18027153646516342,0.15197602810290822,0.15035802409007915,0.14392995800699132,0.1991397446810546,0.14065764981100465,0.17094697085454688,0.24968286590093602,0.2025033439095505,0.17132022005115613,0.10618450691862023,0.1151057703416733,0.1174616513067273,0.12090054721097614,0.12283831456183043,0.13237331352083986,0.11145328441310944,0.11756519476168072,0.11927242031945082,0.11750331798236287,0.1153595302623921,0.1605935459289897,0.202970534584432,0.20635254564270863,0.2359246741291279,0.10582773044244735,0.13194458941984008,0.1681097075433151
49.0,2.483688864971638,2.64410755755572,2.578868450504234,2.557766062078262,2.4733402297005656,2.280523829905499,2.4287227203864394,2.5300821738353316,2.596986353716413,2.211252866228751,2.397875513401603,3.175514842358829,2.8475978428295154,3.2142492370153137,3.1869129456851852,2.4837408774545193,2.942004619572036,2.9865429684444385,2.5416984451936186,2.597474790090547,2.5255881367949615,2.9831672038427377,2.318566876444843,2.450923205427983,2.231520004301333,2.101689645442244,1.856343103527823,1.8494759629190918,1.8491107496254615,1.7710186383737718,2.2108280854999967,2.172494030286852,2.2694781446101584,2.57059923837793,2.4432930275337843,2.4197142362784865,2.6329291983707,2.5838961406053467,2.3126228662115733,2.1418093557411595,2.6448449650520316,2.781754587989313,3.2757455635389694,2.51901671743055,2.597149634457581,2.5302129136144837,2.5724323040176293,2.4522667549097936,2.224018971999892,2.372875061925632,2.467430001536081,2.620233671841774,2.23087676664643,2.3586887291958862,2.96034322374146,2.7235382742179386,3.1480952188912203,3.2943380788530443,2.410549162901372,3.017946523400358,2.9793452579334874,2.6114595019700935,2.450209030976513,2.660794433473745,2.951471578733722,2.146693351379041,2.316410186846892,2.1539315157308216,2.12948883709564,1.90021054745322,1.8381875414583104,2.0195420380516462,1.741622970053198,2.160374273874519,2.136003329121784,2.292786615133486,2.5525193352005666,2.4753578905878957,2.4372833739161455,2.784981521045819,2.6288648655884774,2.2600560013432918,2.1992630031497113,2.6823714807586416,2.804211748296214,3.2901765337767643,0.1421065616757192,0.11190225261891097,0.12252917255246827,0.12588059566344173,0.11960424983750292,0.15995586169063628,0.14265761556689946,0.13774784651269628,0.11411225241019449,0.23281446814943246,0.2065958325211042,0.20087904851458932,0.22777953923758298,0.29724023495600543,0.27044855857479205,0.17415122385970716,0.1553493966554126,0.15107970235829452,0.15214716851622515,0.2102230013953516,0.1341893517037084,0.16068818587530392,0.25477449775596056,0.19108136757860028,0.18220527808926998,0.10233917548737577,0.11300970495914027,0.11448359157331851,0.11713240481818751,0.13198331739144603,0.1295300074396735,0.11542887475251574,0.11541464669762957,0.12343512425449969,0.1143104476491593,0.10979421361271778,0.1552797717174285,0.20794976706105575,0.20329905194349313,0.22449971818348197,0.10547983963662928,0.13333272547437666,0.17005565842451653,0.1519178059146328,0.11185251946991516,0.11842992507450495,0.12255754091556598,0.11748992487690274,0.14984897668651623,0.13469555317730794,0.13790922542376247,0.12253314937144112,0.21983272155013986,0.23222566101798311,0.19043613668938644,0.22576147329138263,0.2554344711913426,0.27646649090470293,0.18082479529309128,0.1525707021429998,0.1509097896219944,0.14449921055156473,0.20018181086976872,0.14111481747925114,0.17150293313716303,0.25049258342533676,0.2030268114489259,0.17175387308235626,0.10656563701821506,0.11543347994515851,0.11780104767139851,0.12145953194259504,0.12342953351011189,0.13311264921743715,0.11201534192792331,0.11805935464597493,0.11975607802974192,0.11782274679980609,0.11571052827965032,0.16124708033424015,0.20363905718377984,0.2069490845640274,0.23656121255217805,0.10619078758980538,0.13225447069260304,0.1685910225533212
50.0,2.4784996520374234,2.6390609530550924,2.5745753292176916,2.553970694977914,2.4713120219391422,2.27873658332257,2.4255811729820618,2.531088795079162,2.5956399249363233,2.2121792049638103,2.398424647264472,3.1714117597902822,2.8466633885653883,3.2121105429525434,3.183492886676805,2.482151946503485,2.9392896195419236,2.9827668272402907,2.538634155689584,2.594666576946713,2.5248608309298555,2.9823458359096175,2.315966022787722,2.449402945254366,2.231592798672127,2.1011108543590473,1.8569934946823277,1.8487235362379417,1.8482398089880876,1.7706139707113808,2.2087084840160793,2.17119604922179,2.2685332115466665,2.5681051994257214,2.441767836564039,2.419104453876035,2.6283459330737577,2.576119436187128,2.3095978567082196,2.138516417112519,2.642817728055055,2.7807465916217398,3.271922288802094,2.5130002904977773,2.5924754483598536,2.52636279815871,2.5683931754040237,2.4509872547671283,2.2240949442855587,2.370257236193227,2.468859195246586,2.6192611870623175,2.2316527898866387,2.360018217921058,2.9570990963729415,2.7225293171323863,3.1455486706854874,3.2913635335730578,2.408519126907631,3.015268283393152,2.9749852253371865,2.6090559213841966,2.447652395597256,2.6596182710062437,2.950543192194346,2.144756825822248,2.3150591321039875,2.1531094387005334,2.129174266701624,1.9009328359833995,1.8381271660466731,2.0181743043135403,1.7409344615369742,2.158012902621851,2.1345615729209277,2.291460181311092,2.5494586243665247,2.47337900731709,2.436482545092347,2.7793927354682424,2.620935979323411,2.2551850034954426,2.195903832819902,2.68009584821463,2.8029732901556477,3.286847296814187,0.1429941976991007,0.11240714266211188,0.12295685078679758,0.126233990817401,0.12002460979141578,0.1604039451761212,0.14297765531170462,0.13814381965912792,0.11431225863654162,0.2334563626961867,0.2072365257800522,0.20156703995287165,0.22833881347954071,0.2980123905018085,0.2711630743326939,0.17477907911316412,0.15582951314589705,0.1516729361557623,0.15288622609520713,0.21144801565015361,0.13456560604963938,0.1611866833007201,0.2554980709638962,0.1915715205889968,0.1826096786463887,0.10279122325486435,0.11344516988005933,0.11482983686142327,0.1176330400255156,0.13255280837848488,0.1301513978975829,0.11595575031201655,0.11596204760335463,0.12403016783226187,0.11469426923336214,0.11017429765799186,0.1559200164150201,0.20852666688255858,0.20386756446705787,0.22503347091279002,0.10586828307497458,0.13373511740630803,0.17081545381116958,0.15291492896648698,0.11236681217228614,0.11875751627153495,0.12285798493839713,0.11780356122473407,0.15008711306678402,0.134940309163122,0.13829267110846133,0.12286075952533473,0.22037336828256898,0.23297587971478825,0.19123927861908918,0.2262207026571927,0.25614240073565375,0.2771582634085252,0.18143898283437165,0.15321091542288962,0.15148995974584814,0.1450986941567847,0.20121901475520992,0.141621480866367,0.1721055983140879,0.2513233742434964,0.2035837117617967,0.17223518520741413,0.1069731884059484,0.11578351134112562,0.11815852178460493,0.12204262959990794,0.12402173084423283,0.1338555180740559,0.11261758865401515,0.11859448145535395,0.12028980441886236,0.11817567717750316,0.11609037369339105,0.1619414242591604,0.20435782938342334,0.20759274002191622,0.23722641122396199,0.10658685798545217,0.13259743501675608,0.16910972348503883
51.0,2.473024586423349,2.633752106404491,2.5699156549962354,2.5500622452918607,2.4687592826616584,2.2762981185168685,2.4220739633077546,2.531527383904721,2.594059430839745,2.2127579572604557,2.3989613651100323,3.167484205217248,2.8457380916990904,3.2093512649749596,3.179622554907635,2.480279857789382,2.9364269746276372,2.978920229240728,2.5353605366234895,2.5917588987051037,2.52379305403279,2.9811588973557366,2.3131900862106365,2.447616834981801,2.231724500678412,2.1001545449834818,1.857525921191617,1.8477919344951306,1.846976321462925,1.769767766031424,2.206061681285149,2.1693963614682743,2.2669956348333606,2.5652436195028523,2.4397310524257834,2.418126101564191,2.6235489774852345,2.567978652317059,2.306597364105829,2.1353131594651678,2.640507646601395,2.779354589555776,3.267946667851549,2.50668500689027,2.5875497313191858,2.522132596646736,2.5642488255701545,2.4491792532117933,2.223498957577512,2.3672815419527677,2.4697961230591368,2.618054014721872,2.2319422794578716,2.3612258007336604,2.9540291488425265,2.72146555787742,3.142391020390417,3.2879014049787454,2.406350948277021,3.0124561667899425,2.9705420603341692,2.6064572899554808,2.4451223243475355,2.658123689932375,2.9492407518357857,2.142527179558207,2.3134960137958385,2.152238360475399,2.1285328499030625,1.9016513324215656,1.83792543668698,2.0163721039405242,1.7398178264363324,2.155146118118072,2.1326341197425367,2.289560577474372,2.5460192313371426,2.4708732576221135,2.4352854188005617,2.7735039295014667,2.6126947438077717,2.2502411907390423,2.192537699153906,2.677515690723149,2.801340756271734,3.2833468770645933,0.14388902817393412,0.11295185519315817,0.1234329149949999,0.12661920351134084,0.12047760091917838,0.16086573272377253,0.14332277987877529,0.13857150826232278,0.11455553597622645,0.23411624449200386,0.20789421139567196,0.2022525110886406,0.22890763383893395,0.29885538711256426,0.2719433299724218,0.17548038702099805,0.15633177963988223,0.15228192879058458,0.15366125988059923,0.2126793198642332,0.13497589219432282,0.16170623768430012,0.25623834408617985,0.19208609960911702,0.1830468467429022,0.10327551467663106,0.11390440193417538,0.11520601690998875,0.11815270686574528,0.13313372924205097,0.13078418261488922,0.11650543227361532,0.116540348305223,0.12464009061636216,0.11511205380863238,0.11059180911662045,0.15656875830678368,0.20912698125812498,0.2044405157679502,0.22557299535561387,0.10629149315493198,0.13418968609644988,0.17158705726772341,0.15392658158673972,0.11291879843370894,0.11913217793741984,0.12319992049923476,0.11814751574936401,0.15036977021785963,0.13522654787425084,0.13870185699677753,0.12321745895124103,0.22092685011569288,0.23372255304243125,0.1920387570796478,0.22669212152987261,0.25689773693248286,0.2779144182602346,0.1821152965298714,0.15389643266213668,0.15209795426804945,0.14572836068577402,0.20224903981681994,0.14217808073498978,0.1727553748998889,0.252173550528508,0.2041733126321956,0.17276495297068772,0.10740617531851826,0.11615472243550139,0.11853276892185019,0.12264962838067664,0.12461286933895858,0.13459966632624612,0.11326037446754404,0.11917094268553761,0.1208744238330004,0.11856239576790678,0.11649859073968684,0.1626761990223312,0.20512698065142337,0.20828390428277754,0.23791972989873128,0.10701579694450336,0.13297370578510967,0.1696656311012859
52.0,2.467263805216429,2.6281832536796896,2.5648961677071127,2.5460358769454046,2.4656968317118335,2.2732288474404063,2.4182108484688682,2.53141736991827,2.592244976343861,2.212999377851944,2.399479635255378,3.1637125137717717,2.8448060669313113,3.2059642206551326,3.1752914837478037,2.4781313722331166,2.9334197127018857,2.9749976270527165,2.5318807486132373,2.588756251808116,2.5223806246539917,2.97959889276318,2.310224231964017,2.4455617717920397,2.231901441946172,2.098826137023056,1.8579376270825423,1.8466793061756537,1.8453268698647822,1.768491971655977,2.2029033235554594,2.1671039530396885,2.2648775797066056,2.5620170544941794,2.4371928423921125,2.4167824058696428,2.6185324234450515,2.5594800020664588,2.3035964195777106,2.132165866433923,2.6379170734085147,2.7775836793625763,3.263816641946212,2.5000738099411794,2.5823750561576544,2.517529907668912,2.559995265928955,2.446858358373958,2.2222522297866276,2.363958025668093,2.47025651070194,2.6166163946711745,2.231766436809298,2.3623153346206363,2.9511181394566006,2.720342512397578,3.1386261543035845,3.2839386600540483,2.404055062471991,3.00950869626072,2.9660049145995235,2.603668649808362,2.442616732620103,2.6563065683660154,2.947555811690309,2.139990585314343,2.311713328054053,2.1513103949401815,2.127567236597423,1.9023564259843204,1.8375794248507156,2.01414209424234,1.7382846319731062,2.151789799502129,2.1302300901626516,2.2870982608192003,2.5422048506405126,2.4678512858740422,2.4336989831505482,2.7673167021434915,2.604144490005933,2.245207202553423,2.189136753819895,2.6746353470133952,2.7993175231691354,3.279672910475687,0.14479203200260324,0.11353627861036884,0.12395808228323844,0.12703691262250563,0.12096655835056587,0.16134585246247346,0.14369431062286533,0.13903281605536352,0.11484314562885314,0.23479446541102922,0.20856864819113638,0.20293716902887135,0.22948717055227663,0.29976740013051584,0.27278788095095863,0.17625215562169375,0.15685637549236414,0.15290742392920917,0.15447214180152877,0.2139175683564158,0.13542088532534843,0.162249367518723,0.2569964570561068,0.19262673375350037,0.18351725384987247,0.10378901264991414,0.11438485544689068,0.115610282045375,0.11869098522667633,0.1337253710129011,0.1314282497446235,0.11707843761969078,0.11714913892877121,0.12526587645119347,0.11556335302955642,0.11104572814572905,0.15722616161481998,0.2097506764082244,0.2050187949221271,0.22611870003796994,0.10674804115253908,0.13469446200189628,0.17237076719230296,0.15495309366385415,0.11350843615663626,0.11955405202202925,0.1235826154945001,0.11852423664505754,0.15069751092095163,0.13555464132982145,0.139138638794813,0.12360620360097359,0.22149409939753828,0.2344684595780434,0.19283565006433978,0.22717792521877572,0.25769946235103997,0.2787333031640468,0.18285006412579685,0.15462477808267136,0.15273325753715508,0.14638929014121424,0.20327650812731848,0.14278346571281192,0.17345214747540794,0.2530442336887422,0.2047932100407421,0.17334070120678588,0.10786195679355513,0.11654422869558004,0.11892093049560173,0.12328014312955707,0.12520363668405457,0.13534507359218467,0.1139420109944307,0.1197873216814202,0.1215074754891234,0.11898151892344813,0.11693307286150584,0.1634494295690683,0.20594455873183568,0.20902027807132062,0.23864187087339123,0.10747539628817501,0.13338195276556744,0.17025928077818717
53.0,2.4612219624375222,2.6223627279584285,2.5595336493545626,2.541890413543291,2.46215495505139,2.269566955041909,2.414012861815884,2.530797249118885,2.5902048751597726,2.212926719577046,2.399979261977434,3.1600732480440317,2.8438498951552496,3.2019443174758564,3.1704929930583257,2.475719916266505,2.9302780680137905,2.97099703806787,2.5282074108581836,2.5856697946514835,2.5206294764299377,2.97766813501785,2.3070549383960706,2.443243709252719,2.232110271051661,2.0971413460525046,1.8582309847007077,1.8453902285903527,1.8433089453284137,1.7668107034464533,2.19926271154935,2.1643410889955277,2.262207105266015,2.5584376844106824,2.434177616207168,2.4150863863431042,2.6132945661612186,2.5506370750270637,2.300569312137559,2.1290386550249343,2.635056856181386,2.775448270785074,3.2595315591803398,2.4931737864077133,2.5769602287534235,2.5125730548254994,2.55563229808028,2.444056141515659,2.220395063657737,2.360308448169854,2.470273519971945,2.614961570819932,2.231164356814921,2.3633017737184456,2.9483477033339467,2.7191578890440207,3.134262135227025,3.2794658781526826,2.401647927762761,3.006430198657601,2.961365348053932,2.600704847379275,2.4401358584824293,2.654172582983711,2.945488998106994,2.1371356885384674,2.309711626300649,2.150320480155793,2.1262896772092494,1.90304150985629,1.8370922719198068,2.011502021410392,1.7363586416106882,2.147973065400598,2.127371805413429,2.2840987861515347,2.5380288173618735,2.464337605158958,2.4317405699599695,2.7608394601435715,2.5952939368548957,2.2400668576492007,2.185673477110282,2.6714681404137206,2.796915897890271,3.2758244558298504,0.1457048498925562,0.11416015472335672,0.1245330807347606,0.12748787462464187,0.12149563072211034,0.1618503998561277,0.144094011936666,0.13953010386806222,0.11517609246764701,0.2354919189484955,0.2092599329562241,0.20362383195431472,0.230079448735766,0.300745634152622,0.2736945977780101,0.17709003236972728,0.15740372631390817,0.15355063859345136,0.15531871649332493,0.2151642096586545,0.13590132033034885,0.16281938520849296,0.2577742831536382,0.1931955321272334,0.18402131162103535,0.10432792048089391,0.11488347278744791,0.11604025390032614,0.1192474864046997,0.13432719441507884,0.13208381869955277,0.11767542798984144,0.11778790103734706,0.1259090205936198,0.1160475040421671,0.11153463278448371,0.15789301341330175,0.21039806416875276,0.20560402123453786,0.2266715186820331,0.10723614131705203,0.13524663733420553,0.17316747540823482,0.15599530585775784,0.1141356168092372,0.12002313370515026,0.124004857593119,0.1189367910127995,0.15107091854471233,0.13592478215687714,0.13960540313522043,0.1240306059842143,0.2220767880616795,0.23521773184428274,0.19363215812218598,0.227681234962432,0.2585461889691242,0.27961260729825155,0.18363836535627379,0.15539287955200648,0.15339537777611065,0.1470828863792728,0.2043077974076554,0.14343610110971122,0.17419569363601053,0.2539372884102623,0.20544056000159566,0.1739591205694863,0.10833747156758142,0.11694868799585248,0.11931971694788081,0.12393371964738437,0.12579538120856618,0.13609224039999335,0.11466027709052812,0.12044174782891719,0.12218564403103421,0.1194312505632241,0.117391304104372,0.1642587177175408,0.20680806290292814,0.20979884937310372,0.23939386279505878,0.10796292903064314,0.1338204661191553,0.17089142829382345
54.0,2.454903712107464,2.616298862318452,2.5538448819427924,2.537624678690242,2.4581639386420253,2.2653506262701337,2.4095010366993233,2.5297055175056795,2.5879474409986334,2.2125632352745273,2.400460049553116,3.1565429706242276,2.8428521572640593,3.1972864629199407,3.165220402700228,2.473058916321349,2.927012274812534,2.966916479677783,2.5243531425576995,2.582510685630943,2.5185455429971233,2.9753689370056464,2.3036686838549985,2.4406686009315064,2.2323376365710947,2.095115887646533,1.858408366391703,1.8439292790500794,1.840940038988569,1.7647480772642834,2.1951691459891376,2.1611300343953457,2.2590122706112528,2.5545176892633363,2.430709783615111,2.4130510625353,2.6078337008416903,2.5414634607905437,2.2974903307991053,2.1258956422443362,2.631937842625003,2.772962773566224,3.2550907676481695,2.485992023047103,2.571314054984614,2.5072803617167936,2.551159723623967,2.440804173898948,2.2179677619357054,2.3563545702887,2.469880312666097,2.6131027870778896,2.230175134348756,2.364200072163621,2.9456994755934227,2.7179093961678404,3.129307025962788,3.2744736386283333,2.3991460024195805,3.003225000832662,2.9566149206180907,2.597580729104652,2.437679940002053,2.6517274104620383,2.9430409374349042,2.133951134678336,2.3074914599576264,2.1492635541831326,2.1247124221632063,1.903699977222095,1.8364671192761983,2.008469631636108,1.73406361881249,2.1437250344400076,2.1240815867270237,2.2805877082772925,2.533504466586455,2.4603567285629646,2.429427511046479,2.7540806102509974,2.586151803291662,2.2348039747369195,2.1821203493175094,2.6680273942524853,2.7941481874775635,3.271800571909487,0.1466291266788666,0.11482325166469033,0.12515870422771605,0.12797288902246873,0.12206908977093282,0.16238562493107356,0.14452374526450074,0.14006582635690934,0.11555546958139781,0.23620953858991994,0.20996818515120916,0.20431539363893164,0.23068652172815898,0.30178724539936785,0.2746613348642601,0.17798959700463343,0.15797430185493389,0.15421281326323244,0.15620083884435798,0.21642069626487584,0.13641798011617035,0.16341968446153274,0.2585737446367281,0.19379464748845598,0.18455945691572054,0.10488836107554589,0.11539710890476129,0.11649348642752409,0.11982181215410095,0.13493864275818657,0.13275110306071233,0.11829708109395995,0.11845612243518935,0.12657105411143568,0.11656385278812247,0.11205708449942105,0.1585701339063626,0.21106946758243675,0.2061978604708255,0.227232430083235,0.10775402278970875,0.1358433654538572,0.17397808572460938,0.15705404610871546,0.11480024664424995,0.12053946335055493,0.12446541402501914,0.11938834565030051,0.15149064519627614,0.1363372009536524,0.14010462100186324,0.12449438844211504,0.2226766667251529,0.2359745641575083,0.1944305195027139,0.2282052586314352,0.2594365266120873,0.2805500169211688,0.18447523982383848,0.15619762463878994,0.1540838283707762,0.1478106065509368,0.20534931763859987,0.14413446860564214,0.17498581539728375,0.2548546244612859,0.2061124849901671,0.1746168788679616,0.10882963892253943,0.11736471868079493,0.11972577461888977,0.12460987277286505,0.12638942429071984,0.13684161770658546,0.11541292073670889,0.12113233629506887,0.12290557175726492,0.11990979484225361,0.11787075787654622,0.16510163090274066,0.20771495170520568,0.21061655568507784,0.24017675253446188,0.10847565742277675,0.13428754236768334,0.1715628781259991
55.0,2.4483137082471185,2.6099999898375033,2.54784664747605,2.5332374959909725,2.453754068445457,2.2606180460738163,2.4046964064696796,2.5281806710777164,2.585480987571556,2.211932177783165,2.400921802259371,3.153098244102524,2.8417954341509466,3.1919855644701465,3.1594670325345406,2.4701617988294653,2.9236325673472265,2.9627539692740648,2.52033056291113,2.5792900831422005,2.5161347579920417,2.972703611612472,2.30005194668902,2.4378424003960384,2.2325701870807224,2.092765477379861,1.8584721445011392,1.842301034865695,1.8382376419800208,1.7623282089708963,2.190651927597153,2.1574930542986386,2.255321134841967,2.550269249063119,2.4268137543601185,2.410689453996947,2.602148122694452,2.531972748948647,2.294333764576037,2.122700945098277,2.6285708804443884,2.7701415974489483,3.250493615443968,2.478535606616551,2.5654453407293647,2.501670151943062,2.546577344159861,2.4371340267858668,2.2150106273653782,2.352118152855295,2.469110050581348,2.6110532873547903,2.2288378642848095,2.3650251840926417,2.9431550913538143,2.7165947421202206,3.1237688893129096,3.2689525208347177,2.396565744712692,2.9998974296379854,2.9517451922126967,2.594311141420903,2.435249215246445,2.6489767274775438,2.9402122560231168,2.1304255691817744,2.3050533804470033,2.148134555083126,2.122847721883875,1.9043252212663668,1.8357071083017935,2.005062671110875,1.7314233270419244,2.139074825246866,2.1203817553356026,2.2765905820024375,2.5286451333995026,2.455933169172129,2.4267771382277608,2.747048559215009,2.5767268082532144,2.229402372527204,2.1784498507339682,2.6643264318580644,2.7910266989734485,3.267600317496936,0.14756651723530348,0.11552536473864417,0.125835811816252,0.12849280005407537,0.12269133010901408,0.16295794307343,0.14498547389713667,0.1406425336165024,0.11598245528583753,0.2369482986089219,0.21069354782415378,0.20501482271186303,0.2313104752163404,0.3028893286268612,0.2756859122312698,0.17894634785115454,0.15856861470683783,0.15489521195739195,0.15711837440065235,0.2176884849347577,0.13697169203074028,0.16405373697872755,0.2593968082219589,0.19442626532277194,0.18513213732644218,0.10546635171374627,0.1159225028443285,0.11696744070211175,0.12041355887893038,0.1355591436737268,0.13343031368322544,0.11894409666631048,0.1191532942672464,0.12725354901022337,0.11711174740646761,0.11261161314743115,0.15925838148404686,0.2117652244864174,0.20680203188987625,0.227802461072628,0.10829992568103855,0.1364817485329002,0.1748035127149665,0.15813012528655482,0.11550224217601436,0.12110313258769856,0.12496302757660771,0.11988217809984215,0.15195741867445517,0.1367921685722834,0.14063886902095182,0.12500140391834094,0.22329558666869523,0.23674323824202964,0.19523301763899933,0.22875331364123988,0.26036906868720605,0.2815431989749408,0.18535566997747963,0.15703586048366527,0.15479811773328972,0.14857396091824399,0.20640752114883298,0.14487705573082496,0.17582232390635283,0.25579818928782677,0.20680605624233886,0.1753106043818582,0.10933534145700165,0.1177888807352906,0.12013566692410318,0.1253080819750092,0.12698705652550082,0.13759360150240518,0.11619765132926789,0.12185717577954373,0.12366384759104461,0.12041534169260434,0.11836888232625616,0.16597568985676941,0.208662624736499,0.2114702702602248,0.24099159633069614,0.10901081808744562,0.13478147253558787,0.1722744801714863
56.0,2.441456604877329,2.6034744435933286,2.5415557279585466,2.5287276890502053,2.448955630423394,2.255407399401691,2.3996200044774687,2.5262612058340927,2.582813828589668,2.2110567999417254,2.4013643243730947,3.1497156310691037,2.84066230670907,3.186036529609305,3.1532262024222812,2.4670419902226697,2.9201491798670496,2.9585075242483305,2.5161522911178347,2.5760191455809944,2.5134030550511772,2.9696744717242165,2.2961912052463442,2.4347710612139704,2.2327945711567727,2.0901058308271874,1.8584246913746107,1.8405100733480388,1.8352192454375134,1.7595752144277164,2.1857403570957397,2.153452413764938,2.2511617570577784,2.5457045438210186,2.42251393818632,2.4080145802787447,2.5962361269274994,2.5221785290930683,2.2910739024820757,2.1194186805929003,2.6249668173445118,2.766999152176179,3.2457394506619783,2.470811623873291,2.5593628918658142,2.4957607491045732,2.5418849612878236,2.43307727143847,2.2115639626916135,2.347620956700263,2.467995895514639,2.608826315560367,2.2271916414970767,2.365792063642004,2.9406961857339593,2.7152116352522597,3.1176557880794387,3.2628931041255322,2.393923612912331,2.996451811925687,2.9467477227584093,2.5909109307644616,2.432843922283125,2.6459262107068016,2.937003580220701,2.126547637496544,2.302397939190774,2.1469284209166655,2.120707826795884,1.9049106351737337,1.8348153803785372,2.0012988860261243,1.728461529762406,2.1340515564477425,2.1162946324713054,2.2721329621328703,2.52346415288627,2.45109144007254,2.423806783321451,2.7397517137849174,2.5670276706765462,2.2238458697305967,2.1746344616520874,2.6603785765588004,2.787563739420345,3.2632227513746033,0.14851869117437436,0.11626631658236909,0.1265653262761151,0.129048497784546,0.12336686620277681,0.16357394236533496,0.14548126642430215,0.141262871504654,0.11645830977238529,0.23770921469183737,0.2114361886743694,0.2057251618364841,0.23195343206431254,0.3040489048424621,0.2767660984429558,0.1799556889143914,0.15918721880707645,0.1555991221970167,0.15807119960810076,0.21896903661812095,0.1375633240859557,0.16472508826081333,0.2602454806212101,0.19509259331933954,0.18573979749083525,0.10605778032703499,0.11645625099321498,0.11745946135870305,0.1210223213920089,0.13618811067278996,0.13412166145142326,0.11961720150540739,0.11987890799890176,0.12795812231443154,0.11769053164148996,0.11319670301769887,0.15995865703600756,0.21248569049436689,0.20741831412565623,0.22838268876769116,0.10887209695049026,0.1371588259808837,0.17564468047541726,0.15922433244802603,0.11624152531383818,0.12171428906299726,0.12549641268685963,0.1204216849152739,0.15247204857818342,0.1372899976266597,0.14121084793110864,0.12555565268880212,0.22393552004842066,0.2375281464915547,0.19604198767183187,0.22932884802432046,0.2613423787939668,0.28258978554976766,0.18627456458746516,0.15790439313778967,0.155537739421311,0.14937451229545806,0.2074889101783457,0.1456623461524553,0.17670502509427774,0.25676996101689264,0.20751827653952043,0.17603686960916798,0.10985140839792458,0.11821765771102075,0.12054585620692637,0.12602778709884346,0.12758953431698275,0.1383485277568792,0.11701213223029472,0.12261431699330397,0.12445699627659369,0.12094605355708642,0.11888308661935015,0.16687835701969359,0.20964840582540265,0.2123567887110274,0.24183945114544741,0.10956560782161484,0.13530053138091566,0.17302712622832567
57.0,2.434337056018939,2.5967305566636667,2.5349889053945263,2.524094081472673,2.443798910537545,2.2497568712024947,2.3942928640731895,2.523985617773913,2.579954277764132,2.209960354588995,2.4017874201712237,3.1463716941141717,2.839435355831627,3.179434265820174,3.146491232224488,2.463712916932752,2.9165723466211158,2.954175161992156,2.511830946377175,2.5727090313430585,2.510356367811054,2.966283830226764,2.292072937875187,2.4314605369529527,2.232997437375463,2.0871526635632556,1.8582683793577157,1.8385609718079594,1.8319023404958101,1.75651320949617,2.1804637352072125,2.149030377853754,2.2465621963583615,2.5408357535480093,2.417834744837881,2.405039460931451,2.590096008748797,2.512094390815533,2.287685033530914,2.1160129657343587,2.6211365010304055,2.7635498474908795,3.2408276213964293,2.4628271615745265,2.553075514272126,2.489570476801609,2.537082376607699,2.4286654791187967,2.207668070659266,2.3428847426542476,2.4665710092629354,2.6064351156043446,2.225275560859588,2.366515664948185,2.9383043938526727,2.7137577839151197,3.110975785064422,3.2562859678544633,2.3912360652887434,2.992892474547829,2.9416140721759314,2.5873949435717645,2.4304642991795604,2.642581536826346,2.9334155363767245,2.1223059850704473,2.2995256876109615,2.1456400897446746,2.118304987323846,1.9054496121288047,1.8337950768883635,1.9971960225732521,1.7252019904373326,2.128684346669176,2.1118425393662945,2.2672404034745726,2.5179748601319734,2.4458560543502768,2.420533778145211,2.7321984807099637,2.557063109498675,2.218118285057713,2.1706466623642826,2.656197151683049,2.7837716158606813,3.258666932324862,0.14948733630365124,0.11704595662460264,0.12734823180591193,0.12964091857634225,0.12410032647477819,0.16424038728692703,0.14601329870736146,0.14192958061965424,0.11698437134454866,0.23849334436196376,0.2121963012815801,0.20644952671696676,0.23261755792856675,0.30526290983580695,0.27789959476767023,0.18101291778454062,0.1598307077415298,0.1563258548383404,0.15905920189650521,0.22026381596737277,0.13819378101031504,0.1654373525280167,0.26112180413379177,0.19579585128757176,0.186382866246805,0.10665838318205938,0.11699478196504866,0.1179667546571607,0.1216476962561756,0.13682494454333086,0.1348253596940191,0.12031715358661171,0.12063245227700016,0.1286864390704097,0.11829953829262206,0.11381077997593235,0.16067190742837104,0.21323124130698817,0.20804854987247962,0.22897424208941183,0.10946878607889084,0.13787156360671185,0.1765025212542781,0.16033742961813482,0.11701801816683328,0.12237313984939543,0.1260642517305062,0.12101038708069334,0.15303543158353033,0.1378310433106878,0.14182339815403874,0.12616129493914052,0.22459857830688418,0.23833381287509225,0.19685982197091906,0.22993545967512677,0.2623549782420133,0.2836873592412716,0.18722674274328038,0.15879998638492918,0.15630216251676546,0.1502138751211687,0.20860004192136292,0.1464888108671604,0.17763370633799264,0.25777194188114183,0.20824606343797444,0.1767921754340334,0.11037459932977953,0.11864743923744424,0.12095268606793229,0.12676838426140954,0.12819807690748405,0.13910666768769547,0.11785397355595043,0.12340176184759116,0.12528146776685178,0.12150005335289335,0.1194107280889836,0.16780702563664782,0.21066952755925017,0.2132728159658353,0.24272136624777962,0.11013716999403188,0.13584296769414464,0.17382174620809576
58.0,2.426959715692806,2.589776662126261,2.528162961788206,2.5193354968630848,2.4383141947496076,2.243704646424974,2.3887360186073328,2.5213924028962533,2.57691064880604,2.208666094563746,2.4021908939306837,3.143042995827866,2.8380971624117746,3.1721736805855967,3.1392554418021645,2.460188005391535,2.912912301858598,2.9497548998971803,2.5073791478884995,2.5693708988241037,2.5070006299081147,2.96253400000604,2.287683622923743,2.4279167811806364,2.2331654343130514,2.083921691162766,1.8580055807960572,1.8364583075563135,1.8283044182896555,1.75316631003769,2.1748513626539134,2.144249211624608,2.241550511843338,2.535675058255075,2.412800584058977,2.401777115505741,2.583726063366329,2.5017339237077376,2.2841414467362675,2.112447917528772,2.6170907792070284,2.75980809313598,3.2357574757415977,2.4545893064774704,2.546592013826392,2.4831176586344452,2.5321693917193224,2.423930221088912,2.203363254013199,2.337931271547918,2.4648685536231665,2.603892931396467,2.2231287172463334,2.367210942147706,2.935961350828781,2.7122308964599178,3.1037369430698925,3.249121691375242,2.3885195601121763,2.9892237443565097,2.936335800385943,2.583778026279215,2.4281105840032877,2.6389483825127478,2.929448750840256,2.1176892573512567,2.2964371771295764,2.1442644996280316,2.1156514538923634,1.9059355453162135,1.8326493392131844,1.9927718269436858,1.7216684725301252,2.1230023145377075,2.1070477972527306,2.2619384608334476,2.512190590221864,2.4402515250914205,2.4169754545167237,2.724397266739423,2.54684184365658,2.2122034372191113,2.166458933162975,2.6517954805591932,2.7796626353368845,3.2539319191300935,0.15047416079051942,0.11786415980560118,0.12818557085173118,0.13027104489522803,0.12489644444431745,0.1649642185896264,0.14658385420077213,0.14264549384258218,0.11756205216199918,0.23930178716607275,0.21297410651329818,0.20719110484142847,0.2333050677389815,0.3065281835339377,0.27908402058138426,0.1821132143680301,0.16049971281973283,0.1570767437638687,0.16008227957915164,0.22157429039445015,0.138864000130833,0.16619420674195706,0.2620278522851237,0.19653826156422186,0.1870617446935261,0.10726372388480791,0.11753433306731807,0.1184863681965363,0.12228928470890127,0.1374690346010021,0.13554162626354896,0.12104474522162217,0.12141340966349996,0.1294402142297105,0.11893808275189598,0.11445219975134306,0.16139912805895862,0.2140022742881951,0.20869464933510457,0.22957830252759914,0.11008824053207064,0.13861684349871511,0.17737797386596368,0.16147014602962845,0.1178316375315733,0.12307995347381666,0.12666519155711,0.12165193247677628,0.1536485558632236,0.13841570355756738,0.1424795123356173,0.12682265903509374,0.2252870287099228,0.2391649114307249,0.19768897459992185,0.23057691371418015,0.26340533452319526,0.2848334394365493,0.188206918394826,0.159719360043403,0.15709082228040044,0.15109371416062234,0.20974753105536817,0.14735490038394372,0.1786081241975081,0.25880615208916286,0.20898623291590027,0.17757293569939855,0.1109015882569279,0.11907450399726768,0.12135236402467052,0.12752922189916888,0.12881386387791594,0.13986822336362104,0.11872072518448717,0.12421745333721526,0.12613362677204426,0.12207541373213153,0.11994910025287141,0.16875900951771614,0.2117231171384667,0.21421495358101472,0.24363837507500677,0.11072258151545017,0.13640699567605485,0.17465930408748503
59.0,2.4193292379197984,2.5826210930588616,2.5210946791438107,2.5144507588261686,2.4325317690213035,2.237288910017866,2.3829705014304188,2.518520057200198,2.5736912554265428,2.2071972727047418,2.402574549928386,3.139706098800384,2.836630307342714,3.1642496813883243,3.13151215101635,2.4564806820308243,2.9091792798286287,2.9452447553549854,2.502809514851158,2.566015906419863,2.5033417749789,2.9584272939479277,2.283009738740241,2.4241457474646753,2.2332852105457532,2.0804286292004424,1.8576386680352406,1.834206657903961,1.8244429699538176,1.7495586319136864,2.1689325401581674,2.1391311801370194,2.2361547626123617,2.5302346379531895,2.4074358655937322,2.3982405635523776,2.577124585988092,2.4911107173614093,2.2804174311118546,2.108687652982318,2.6128404995794137,2.7557882988544153,3.2305283617917184,2.44610514533934,2.5399211964067825,2.4764206182033606,2.527145808222553,2.4189030686108532,2.198689815498253,2.332782304211897,2.462921690392304,2.601213006846475,2.220790205531343,2.3678928493770437,2.933648691781098,2.710628681237797,3.095947324897903,3.2413908540415592,2.385790555652852,2.985449948203836,2.9309044673091345,2.5800750253232794,2.425783014821788,2.635032424442577,2.925103849960363,2.1126860997867722,2.2931329591686085,2.142796588627647,2.112759476926046,1.906361827920589,1.8313813087349473,1.9880440453288317,1.717884739504201,2.117034578679872,2.101932727362781,2.2562526890154553,2.506124678241193,2.43430236538207,2.4131491442536412,2.7163564786225614,2.5363725920872557,2.2060851449253804,2.162043754340582,2.6471868865155717,2.775249104891386,3.2490167705726587,0.15148089396645342,0.11872082449486089,0.12907843998851234,0.1309399043787289,0.12576004681442426,0.16575254911865447,0.1471953224114274,0.14341353232099674,0.11819283336997027,0.24013568456839474,0.21376985411087326,0.20795315385974394,0.23401823311641573,0.30784146018986003,0.2803169000261705,0.18325163047146106,0.16119490087573565,0.15785314541998538,0.16114034150713671,0.2229019286102591,0.13957494705360904,0.16699938370741318,0.2629657254881768,0.19732203996890868,0.18777679522275498,0.10786917364739194,0.11807092833503312,0.11901517233242968,0.12294669515449119,0.13811975979960484,0.13627068527444536,0.12180080522566779,0.1222212532246834,0.1302212133622639,0.11960545668389798,0.11511923743004816,0.16214136441725455,0.2147992092503591,0.20935859241334784,0.23019610414096914,0.11072870102493283,0.13939145462442196,0.1782719818245074,0.16262317176393354,0.11868228906445115,0.12383506048595588,0.12729784033262814,0.12235009524869109,0.15431250457599535,0.13904441851408353,0.14318234466571875,0.12754424528344163,0.22600330888184725,0.24002628222963637,0.19853196465866182,0.231257157852079,0.26449185080314985,0.28602546957024017,0.1892096854682077,0.1606591877251799,0.15790311111240798,0.15201574282118985,0.2109380497497141,0.14825903796912898,0.17962799328648035,0.2598746241664375,0.20973548343769965,0.17837546217505623,0.1114289479730998,0.11949500311242484,0.12174094442234712,0.12830959697053038,0.12943803317204872,0.14063332367326287,0.11960986997473526,0.1250592661080706,0.12700974245064006,0.12267014774481638,0.12049542173698038,0.16973153346695782,0.212806183532384,0.21517968742327562,0.2445914874358968,0.11131884041694347,0.13699078745219187,0.17554079364900352
60.0,2.411450276720714,2.57527218253921,2.5138008394655786,2.509438690966658,2.4264819193143325,2.2305478469299165,2.3770173458929467,2.5154070766848537,2.5703044113367612,2.2055771418507684,2.4029381924412734,3.136337565621928,2.835017371517607,3.1556571757111636,3.1232546797280545,2.452604373282436,2.905383514780355,2.9406427457571915,2.4981346664645385,2.5626552125260647,2.499385736659855,2.9539660249383126,2.278037763672887,2.4201533893727087,2.2333434146498017,2.076689193250988,1.857170013420855,1.8318106001617263,1.8203354866230492,1.7457142909856098,2.162736568442301,2.133698548450517,2.2304030077650885,2.5245266726533444,2.4017649991863244,2.3944428246220433,2.5702898718220504,2.480238361368262,2.2764872756713554,2.1046962891011067,2.608396509852539,2.751504874389131,3.225139627641034,2.4373817649173657,2.533071867891433,2.4694976791086214,2.5220114277172376,2.4136155929466647,2.193688057859279,2.3274596014768525,2.4607635813672712,2.598408585864084,2.218299120588593,2.3685763407727025,2.931348051828435,2.7089488465998994,3.087614993350483,3.2330840352071077,2.3830655101810443,2.98157541294187,2.9253116328661983,2.576300787140343,2.423481829702576,2.6308393392923617,2.9203814600861286,2.107285157824776,2.2896135851500805,2.1412312948044443,2.109641306849531,1.9067218531265515,1.8299941268355677,1.9830304239200824,1.713874554822949,2.1108102577222017,2.0965196509285877,2.2502086428265207,2.499790459275167,2.4280330883082706,2.409072179173618,2.7080845231086528,2.5256640737277207,2.199747226887129,2.1573736061895104,2.642384692880558,2.7705433315666075,3.2439205454349547,0.15250928567449934,0.11961586950986006,0.13002798474549837,0.13164856805668065,0.1266960383927079,0.16661265532867325,0.14785019523941081,0.14423669972175093,0.118878259436336,0.2409962194716109,0.2145838244366143,0.20873899947297875,0.23475939078535732,0.30919935941888477,0.2815956499447236,0.1844230802825882,0.16191697171897917,0.15865643818683942,0.16223330637879543,0.22424819855818454,0.14032761108102781,0.1678566642131143,0.2639375466820243,0.19814938737186658,0.18852833158485777,0.10846989280081076,0.11860035816994165,0.11954984340160532,0.12361954518767762,0.13877648969510406,0.1370127684804341,0.12258620003880777,0.12305544295209467,0.13103125214072342,0.1203009219124051,0.1158100782484497,0.1628997125885407,0.21562248840100273,0.21004242960046143,0.23082893278358424,0.11138839660937759,0.1401920841809678,0.1791854911574939,0.16379715073668716,0.11956986112502895,0.12463885244786814,0.1279607647030726,0.12310877188138451,0.15502845829838274,0.1397176692446902,0.1439352167131845,0.1283307249297279,0.22675003914415265,0.2409229446237723,0.19939137841726703,0.23198033556999584,0.26561285652174577,0.28726080540102394,0.19022950361724497,0.16161609401092936,0.1587383698647831,0.15298172103714852,0.21217832511795812,0.14919961401306905,0.18069297632174805,0.26097939778325563,0.2104903804728253,0.1791959499257833,0.11195313479082804,0.11990494396991769,0.12211431159762852,0.12910875131819563,0.13007167971189182,0.14140202071110025,0.1205188172000512,0.1259249977103783,0.12790597824468225,0.12328220105873797,0.12104682620923571,0.17072172442677125,0.2139156059233648,0.21616337575134542,0.24558168213957,0.11192285414219161,0.13759246684325352,0.17646723409953802
61.0,2.403327486116447,2.5677382636450425,2.506298224757743,2.504298116889268,2.4201949315904128,2.2235196421098498,2.370897585345415,2.512091957349296,2.5667584302478375,2.2038289548405947,2.403281625746245,3.1329139588826536,2.8332409358296466,3.146391071036919,3.1144763477983153,2.4485725055781664,2.9015352409629243,2.935946888495401,2.493367221927948,2.5592999755384302,2.4951384485875105,2.9491525058631005,2.2727541760698875,2.4159456604724023,2.2333266952014323,2.0727190988891406,1.8566019892985037,1.8292747116404844,1.8159994594321116,1.7416574031148686,2.156292748228645,2.1279735816246164,2.2243233064011294,2.518563342366499,2.3958123945808985,2.3903969182654787,2.563220216076192,2.4691304453199874,2.2723252694285025,2.1004379428913094,2.6037696577314087,2.746972229483066,3.219590621383812,2.428426251968748,2.5260528341584707,2.4623671649505114,2.5167660518032267,2.4080993653583933,2.188398283841133,2.3219849241734187,2.4584273883450245,2.5954929123590476,2.215694557292121,2.3692763704711663,2.929041066089632,2.7071891008973408,3.078748011229683,3.224191814225585,2.3803608819669546,2.977604465422704,2.9195488569778263,2.572470158166839,2.4212072667131253,2.6263748037386896,2.915282207566598,2.1014750769130695,2.2858796064960076,2.1395635562193065,2.10630919408741,1.9070090141187217,1.828490934896985,1.9777487089088779,1.7096616819497934,2.1043584702912224,2.090830889182301,2.2438318770725703,2.4932012684090483,2.4214682069561304,2.4047618910943354,2.699589806946965,2.5147250075149397,2.193173501814892,2.1524209690022005,2.6374022229825,2.765557622404968,3.2386423024993425,0.1535611040292001,0.1205492300990421,0.13103539320469731,0.13239814756988236,0.12770938370173784,0.16755196419594362,0.14855106089192902,0.14511807451930103,0.11961993145012541,0.24188461524961669,0.21541633033933139,0.2095520326798465,0.23553095202145372,0.31059837810716284,0.2829175691216389,0.18562233181955154,0.1626666551252111,0.1594880215617004,0.16336110156109454,0.22561456461847537,0.14112300027099245,0.16876986814548553,0.2649454568727422,0.19902248194100525,0.18931661005226752,0.10906081359566024,0.11911816069536998,0.12008684892124914,0.12430746308788164,0.13943858524022015,0.13776811625388347,0.12340183373187329,0.12391542198630591,0.1318721945291069,0.12102370458676211,0.11652280981735183,0.1636753186568093,0.21647257541538656,0.2107482815854295,0.23147812455468028,0.11206553962685503,0.14101530976755924,0.18011944789017964,0.1649926729613483,0.12049421825461441,0.1254917791711693,0.1286524872678385,0.12393197373345091,0.15579769620825096,0.14043597551775727,0.14474161942945454,0.1291869340828567,0.22753003238062713,0.24186010751294199,0.20026987013248326,0.23275079687034808,0.26676659922101004,0.28853670437175727,0.19126068472157387,0.16258665098158404,0.15959587956818333,0.15399345264245123,0.21347513403176935,0.15017498156848066,0.1818026753803032,0.262122515067165,0.21124734155788386,0.18003046310764162,0.11247047378600399,0.12030017462001238,0.12246816339810238,0.1299258681953629,0.13071585468188895,0.14217428664740128,0.12144489622280695,0.12681236055685696,0.12881838189060776,0.12390944595075475,0.12160035351504475,0.1717266034344476,0.21504812344715055,0.21716223774468169,0.2466099001469711,0.11253142874290402,0.13821010458964333,0.17743966569268077
62.0,2.3949655201278377,2.560027669454108,2.49860361702452,2.499027860198715,2.413701091811239,2.216242480506412,2.3646322531383337,2.50861319519262,2.563061625870893,2.2019759645129993,2.403604654120247,3.1294118411727707,2.831283581172014,3.1364462748483906,3.1051704750881393,2.4443985053498425,2.897644692625485,2.9311552009612134,2.488519800440784,2.5559613538527026,2.4906058443983374,2.9439890496082053,2.2671454542794494,2.411528514331388,2.2332217007768924,2.0685340616896126,1.8559369680137967,1.826603569651078,1.811452379515753,1.737412084162894,2.149630380239544,2.1219785447188295,2.217943717620168,2.512356827103654,2.389602461521625,2.386115864033387,2.5559139139584865,2.4578005588083145,2.2679057013969954,2.0958767313590547,2.598970790921017,2.7422047738791715,3.213880691114286,2.419245693250726,2.518872901086038,2.455047399329305,2.511409482080346,2.4023859571081,2.1828607961886766,2.316380033132259,2.4559462731225152,2.5924792302410906,2.213015610515914,2.3700078926089283,2.9267093696835005,2.7053471524812878,3.069354441337555,3.214704770450727,2.3776931292808556,2.973541432498451,2.913607699564679,2.5685979848392226,2.4189595639209687,2.6216444944580948,2.909806718750871,2.095244502499416,2.281931574628389,2.137788310933172,2.102775389064299,1.9072167040817325,1.8268748743011174,1.9722166464866024,1.7052698843481435,2.097708335013519,2.0848887633560955,2.237147946559569,2.486370440728092,2.4146322344117475,2.400235611833435,2.6908807368867658,2.503564112385939,2.1863477884192832,2.147158323071049,2.6322528001497707,2.760304284448894,3.2331811005482116,0.15463813141653399,0.12152085270525695,0.132101888130248,0.13318979118299173,0.1288050850903025,0.16857803518391368,0.1493005950046068,0.14606080001143568,0.12041949905357253,0.24280213413201585,0.2162677190626,0.2103957061833722,0.23633541314872553,0.3120348832324514,0.2842798288761316,0.18684399945656618,0.1634447072168778,0.16034931513005726,0.16452366123173953,0.22700248391703412,0.14196213601029253,0.16974284447741883,0.26599161046553,0.19994347213651453,0.1901418217401362,0.10963662441017079,0.11961960502615403,0.1206224350112873,0.12501008869429947,0.14010539936422176,0.13853697810670507,0.12424864680986057,0.12480061261134744,0.13274594960046426,0.12177298970938129,0.11725541595276325,0.16446937697862338,0.21734995361468806,0.21147833756166995,0.23214506347462435,0.11275832058689633,0.14185759250366745,0.18107479522278683,0.16621026600510377,0.12145519422548386,0.12639434396693106,0.12937148431305637,0.12482381571990846,0.15662159575698487,0.14119989246060122,0.14560521088061748,0.13011786219588328,0.2283463010533619,0.24284317628066165,0.20117016140504831,0.23357310628977157,0.26795123775420115,0.28985031613320056,0.19229738031335714,0.1635673740287332,0.16047485365503225,0.15505278210166681,0.21483529515059635,0.1511834531028207,0.18295662437082316,0.26330601636892004,0.21200262205664258,0.18087492125394428,0.1129771448407174,0.12067636900496995,0.1227979952812209,0.13076006895746248,0.13137156556602553,0.14295001116027073,0.12238535046080268,0.12771897462943507,0.129742875674916,0.12454967735658069,0.12215294232046414,0.1727430785499309,0.2162003262683396,0.21817234254966378,0.24767703835166505,0.11314125926394435,0.13884171532603332,0.1784591455158832
63.0,2.3863690327757383,2.5521487330441532,2.490733798270137,2.493626744499736,2.407030685938541,2.208754547068343,2.3582423826222128,2.505009286213914,2.5592223119170665,2.200041423706755,2.4039070818401878,3.125807775082435,2.829127888437878,3.1258176946283434,3.0953303814585698,2.4400957990292467,2.893722104017193,2.926265700546235,2.4836050212023677,2.5526505058645865,2.4857938577288374,2.9384779690594938,2.2611980766497997,2.406907904517328,2.2330150799523896,2.0641497972271075,1.8551773219123242,1.8238017515043563,1.8067117380087292,1.7330024499911294,2.1427787651973107,2.115735702792687,2.211292300521821,2.5059193068757906,2.3831596097526506,2.3816126814765095,2.54836926067694,2.446262291424949,2.263202860590549,2.0909767715104888,2.5940107571263584,2.737216917320384,3.2080091849267096,2.409847175520481,2.51154087455228,2.447556705845274,2.5059415201484714,2.3965069394578125,2.177115897646766,2.3106666891839938,2.4533533974966932,2.589380783419959,2.210301375134002,2.3707858613224984,2.9243345977288504,2.7034207097028573,3.0594423464761156,3.20461348323621,2.375078710392968,2.9693906410211977,2.9074797205474683,2.5646991135938912,2.4167389593935846,2.6166540881271403,2.903955619988004,2.0885820800316264,2.2777700409692336,2.13590049700692,2.0990521422048163,1.9073383162002024,1.8251490864298991,1.9664519828446891,1.7007229254814067,2.0908889705155893,2.078715594682122,2.2301824060934288,2.4793113113174994,2.4075496837611814,2.3955106732085953,2.681965719677326,2.4921901072776964,2.1792539054108864,2.1415581486884876,2.6269497477107127,2.754795624740816,3.2275359983639365,0.15574215851233755,0.1225306882719538,0.13322871730337277,0.13402467833177176,0.1299881571001357,0.1696985368676375,0.15010154854188743,0.14706807166741095,0.12127865058619487,0.24375007472492888,0.2171383740781661,0.21127352970823388,0.23717536706886622,0.31350510565869244,0.28567946506919945,0.1880825376821069,0.16425190603551634,0.16124175728934242,0.16572092359830218,0.22841340152049536,0.14284604694091682,0.17077945999617858,0.2670781702335573,0.20091447052049513,0.19100408614022185,0.11019175558360488,0.12009967676418397,0.12115261638925941,0.12572707353788337,0.14077627726416028,0.1393196126639349,0.1251276137057006,0.12571041198634064,0.13365446689947508,0.12254791611324789,0.1180057723429865,0.165283127320107,0.21825512324794252,0.21223485225822156,0.2328311783954954,0.11346490305665842,0.142715271281369,0.18205247046190698,0.16745038552238278,0.1224525845605637,0.12734709660251542,0.1301161837130557,0.12578850076788864,0.1575016304862367,0.14201000580107812,0.14652980916388286,0.13112863466736527,0.22920206087897713,0.24387775595272415,0.20209503889823482,0.2344520478066947,0.2691648370705564,0.2911986743320014,0.1933335702085705,0.16455471684778694,0.1613744307815804,0.15616159041002028,0.21626565794037853,0.1522232985027047,0.18415428270193443,0.2645319364124306,0.21275230185462515,0.18172508615661673,0.11346916992367653,0.12102901342746902,0.12309908536173905,0.13161040991703382,0.1320397770240441,0.1437289995160307,0.12333733172994882,0.12864236100969528,0.1306752470517097,0.1252006113517708,0.12270142471076385,0.17376793898786883,0.21736864807123715,0.21918959894101353,0.2487839441028504,0.11374892171727481,0.1394852567192475,0.1795267436357073
64.0,2.3775426780809803,2.544109787492917,2.482705550498829,2.488093593397051,2.400213999934008,2.2010940267443826,2.3517490071475384,2.5013187264122574,2.5552488020974815,2.198048585260639,2.404188713182987,3.1220783232018277,2.8267564385204116,3.1145002378596116,3.0849493867706217,2.4356778130482173,2.8897777093871717,2.9212764046420823,2.4786355034120824,2.5493785899698227,2.480708422215497,2.932621577102896,2.25489852152913,2.4020897845978757,2.2326934813041617,2.0595820210763467,1.8543254233396893,1.8208738345111695,1.8017950260458078,1.7284526164609793,2.135767203824286,2.1092673209057002,2.204397114205754,2.4992629616938737,2.3765082490181326,2.376900390145545,2.5405845514395127,2.4345292327616113,2.258191036022862,2.0857021803517637,2.588900404052452,2.7320230695496233,3.201975450915339,2.400237785535267,2.5040655604353272,2.4399134080987017,2.5003619676074336,2.3904938836696066,2.1712038909602405,2.3048666531592876,2.4506819232645003,2.5862108158053725,2.2075909460203618,2.3716252307483465,2.921898385344523,2.7014074809131747,3.049019789447442,3.193908531935731,2.3725340835735533,2.9651564178430077,2.9011564798468608,2.560788390867285,2.4145456911984833,2.611409261422407,2.897729537627062,2.0814764549574756,2.2733955569405553,2.1338950525014657,2.095151703933573,1.9073672436587594,1.8233167126652603,1.9604724641745404,1.6960445688129984,2.0839294954239915,2.0723337043925376,2.2229608104801026,2.472037215262554,2.4002450680905074,2.3906044070374692,2.672853162067905,2.4806117111272115,2.171875671500272,2.1355929261469204,2.621506388993699,2.749043950323177,3.2217060547289043,0.15687497604167003,0.12357868379410186,0.13441714164352658,0.13490401238337427,0.1312635967748233,0.17092121776777794,0.15095673198299162,0.14814312131575277,0.12219910091642175,0.24472976838654498,0.218028716675588,0.21218906391669992,0.23805351576451342,0.31500513499361216,0.28711337161105677,0.1893322363048736,0.16508904605578095,0.16216680367805755,0.16695282689465582,0.2298487442400501,0.14377576204595657,0.17188358659150335,0.2682073017192938,0.2019375484467729,0.19190344592007377,0.11072036721535276,0.12055306616593506,0.12167316941089314,0.12645808006712397,0.14145055629896203,0.14011628696681616,0.12603973883517838,0.1266441875817778,0.1345997302563599,0.1233475719846294,0.11877164434402764,0.1661178508716156,0.21918859789755413,0.21302014172406772,0.2335379391601896,0.11418341867308356,0.14358455841806472,0.18305340180986107,0.16871340471304894,0.12348613838125655,0.12835062358041632,0.1308849628610734,0.12683029959933745,0.15843936555632399,0.1428669253424462,0.1475193798528569,0.13222448905985262,0.23010073054238767,0.24496965002918022,0.20304735019106054,0.23539262621839455,0.27040536481659233,0.2925786897880296,0.19436305273688834,0.1655450654992686,0.16229366837461776,0.1573217899041294,0.21777308835725223,0.15329274436762794,0.18539503010145075,0.26580230071116945,0.2134922733243866,0.18257654950442015,0.1139424022339817,0.12135339484681767,0.12336648094851618,0.13247587935369096,0.1327214126905685,0.14451097138834088,0.12429789508746657,0.12957993634729076,0.13161113979643335,0.12585988653564514,0.12324252336378436,0.17479785077310586,0.2185493600981586,0.22020974572835192,0.24993141058568977,0.11435086717229584,0.14013863132061252,0.18064353982246156
65.0,2.368491110064428,2.535919165878133,2.474535655714827,2.4824272304953814,2.393281319759344,2.193299104483277,2.3451731600648382,2.4975800117867646,2.5511494101232692,2.1960207020134237,2.404449352425585,3.1182000481211425,2.824151812312818,3.1024888120249607,3.0740208108853224,2.4311579738385376,2.8858217429845863,2.9161853306403414,2.4736238662692704,2.5461567645641354,2.4753554714948,2.9264221866242828,2.248233267265667,2.397080108140692,2.2322435534084626,2.0548464488120484,1.853383644641495,1.8178243959823706,1.796719734761739,1.7237866994338722,2.1286249968428006,2.1025956641173957,2.197286217771583,2.492399971568895,2.3696727890622253,2.3719920095912084,2.5325580814541926,2.422614972410006,2.2528445167076407,2.080017074889008,2.5836505794042774,2.726637640309843,3.195778837174399,2.390424610052283,2.496455764613317,2.4321358296898588,2.494670626057092,2.3843783610055143,2.165165078873968,2.2990016858887827,2.4479650122228875,2.5829825713070815,2.2049234180490367,2.372540955022995,2.9193823676493165,2.6993051744634,3.038094833053548,3.1825804959030046,2.370075707092837,2.960843089815996,2.894629537383561,2.5568806630958156,2.4123799974031512,2.6059156910204235,2.8911290980171223,2.073916272724752,2.2688086739643563,2.1317669154777,2.0910863246751594,1.9072968796420304,1.8213808943891245,1.9542958366675596,1.6912585778063172,2.076859028365263,2.0657654137194976,2.215508714525531,2.4645614876484614,2.392742900485837,2.3855341451377208,2.663551470807791,2.4688376428714887,2.164196905398034,2.129235135738776,2.615936047327093,2.743061568238383,3.2156903284254885,0.15803836393960594,0.12466477175038922,0.13566842059407344,0.13582901122316227,0.1326363495215788,0.17225387089023966,0.15186899523501765,0.14928919757385975,0.12318257632821163,0.24574257409943132,0.21893920707827683,0.21314591254009949,0.23897268366905985,0.3165309156320371,0.2885782955817528,0.1905872173938147,0.16595693133266087,0.16312592524800143,0.16821930379675445,0.23130991270047307,0.14475230267218242,0.1730590868783757,0.2693811668089856,0.20301473169235365,0.1928398630358367,0.1112163394184278,0.12097415959243302,0.12217962877789318,0.12720277976056077,0.14212756533636656,0.14092727494193713,0.12698605105950322,0.12760127229124385,0.13558374994822456,0.12417099103083079,0.11955068726637913,0.16697486517900992,0.22015090005281143,0.21383657791125943,0.23426685202852585,0.11491196241827728,0.1444615370670016,0.18407850516369778,0.1699996025055207,0.12455554939323463,0.12940553526847132,0.1316761464395861,0.12795352532451573,0.15943645045885757,0.1437712762465542,0.1485780172002333,0.13341074436413464,0.23104592667788412,0.24612485433090295,0.20402999748541076,0.23640006450870066,0.27167069004578615,0.29398714521358804,0.19537943710732553,0.16653473140501143,0.16323153705335106,0.1585353176471251,0.21936445076038338,0.15438997463362988,0.18667816251059266,0.2671191220763417,0.21421823101526605,0.18342472150720407,0.11439251805245627,0.12164459180016989,0.12359498731260041,0.13335539466411192,0.1334173579738674,0.1452955605068356,0.12526399434689361,0.1305290084271412,0.13254604593700275,0.1265250689017946,0.12377285211973177,0.1758293543364355,0.21973856692950197,0.22122834307488073,0.2511201731719333,0.11494341863479889,0.1407996918415011,0.1818106210975346
66.0,2.359218982746924,2.5275852012775677,2.4662408959223328,2.4766264793994384,2.386262931376269,2.1854079652337584,2.3385358747246006,2.493831638336495,2.546932449705563,2.1939810268038666,2.4046888038448926,3.1141495124305534,2.8212965907082537,3.0897783246071913,3.0625379736636926,2.4265497078320375,2.8818644390585786,2.9109904959326394,2.4685827289733018,2.542996188043245,2.46974093920327,2.9198821105095702,2.2411887922076037,2.391884828713388,2.2316519448415075,2.049958796008933,1.852354358163329,1.8146580132288086,1.7915033552912787,1.7190288147712516,2.1213814449751736,2.0957429974872723,2.189987670318983,2.485342516511822,2.3626776396290907,2.366900559364236,2.5242881459289492,2.410533099961858,2.2471375916585936,2.0738855721283844,2.578272130886831,2.721075039343997,3.189418691798179,2.380414735828739,2.488720292964393,2.424242294219017,2.4888672970972765,2.3781919427275744,2.159039764132791,2.2930935482031343,2.4452358261687994,2.5797092938348194,2.2023378860940066,2.3735479882829154,2.916768179762064,2.697111498704652,3.026675540096482,3.1706199544917375,2.3677200392210813,2.95645498379224,2.887890453078244,2.5529907767159146,2.4102421160751177,2.6001790535977696,2.8841549275072533,2.0658901787812423,2.264009943462661,2.1295110239965513,2.0868682548542203,1.907120617334635,1.8193447729834284,1.9479398465151732,1.6863887159247841,2.0697066879659385,2.059033043895153,2.2078516730356434,2.4568974635604675,2.385067694033227,2.3803172193270026,2.6540690526462454,2.456876621447506,2.156201425814743,2.1224572577564675,2.610252046039243,2.7368607855288545,3.209487878236056,0.15923407750796004,0.12578885698502856,0.13698379414465978,0.13680089521539304,0.13411127005754916,0.17370429141742225,0.15284120265540396,0.15050954181444745,0.12423079572368129,0.24678987139645397,0.21987034478611206,0.21414771226585191,0.2399358317371701,0.3180782441463602,0.2900708341085209,0.19184143432101083,0.1668563669117866,0.1641206058989278,0.16952027384152832,0.23279827126028038,0.14577667324132035,0.1743097978809658,0.27060191616211215,0.20414799708698972,0.1938132162039101,0.11167326569269802,0.1213570350472576,0.12266728870908712,0.12796084987095832,0.14280662335487032,0.14175285482697098,0.12796759637615265,0.12858095919550494,0.13660855309301945,0.12501714939513558,0.12034044959503107,0.16785551805617197,0.22114255592311835,0.21468658211705258,0.2350194543917858,0.11564858832944716,0.14534216084746002,0.1851286811276038,0.17130915021100196,0.12566044576789012,0.13051244932187364,0.1324880037875804,0.12916250226423337,0.1604946082894009,0.1447236876309061,0.14970991821241003,0.13469276267386762,0.2320414531872042,0.2473495450893263,0.20504592882530193,0.2374797966794364,0.27295858438233217,0.29542069165628465,0.19637613861526937,0.16751994312809546,0.1641869161031022,0.15980412696777987,0.22104658549495204,0.15551313257533908,0.18800288894530323,0.2684843969765536,0.21492566365781404,0.1842648208150776,0.1148150123956418,0.12189746898672899,0.12377915966064972,0.13424779962911304,0.13412846391919048,0.14608231522256931,0.12623247849025399,0.1314867730498496,0.1334752987795514,0.12719366090177534,0.12428892100147014,0.17685886457559818,0.22093220427206056,0.22224076493709666,0.25235090684679345,0.11552277154697625,0.14146625073568603,0.18302908036029547
67.0,2.34973095014932,2.519116226768959,2.4578380531256174,2.470690163713957,2.379189120746496,2.17745879394457,2.3318581844773245,2.490112102060556,2.5426062345554956,2.1919528124707717,2.404906871717835,3.109903278720246,2.8181733545999066,3.0763636830891183,3.050494194966749,2.421866441460522,2.8779160318582906,2.9056899179105615,2.4635247107235236,2.5399080188028895,2.463870758977356,2.913003661644652,2.233751574703178,2.3865098998836527,2.230905304179527,2.0449347782417155,1.8512399362508065,1.8113792635613313,1.7861633787691749,1.7142030783345354,2.114065848943747,2.088731586074874,2.1825295309475887,2.478102776533644,2.3555472104628814,2.361639059015347,2.515773040071783,2.3982972050088707,2.241044549889431,2.0672717890760293,2.5727759062051256,2.715349676395001,3.1828943628808877,2.3702152496218694,2.480867951366681,2.4162511252864713,2.4829517823278575,2.371966200097848,2.1528682494815645,2.2871640009329783,2.4425275268991964,2.5764042272983,2.1998734450293025,2.374661284664607,2.9140374568015783,2.6948241619880853,3.014769973378297,3.158017487055611,2.3654835382284887,2.951996426623833,2.8809307868516103,2.549133578164022,2.40813228528185,2.5942050258309814,2.8768076524465274,2.057386818574754,2.2589999168574493,2.1271223161189194,2.082509744895362,1.9068318499211987,1.8172114898300933,1.941422239908778,1.6814587466318007,2.06250159285257,2.0521589161516673,2.2000152408163745,2.4490584780838356,2.3772439618187664,2.3749709614229935,2.6444143143325243,2.444737365792273,2.1478730514609916,2.1152317724924212,2.604467708458524,2.7304539092370304,3.203097762943003,0.16046383009553425,0.12695080054007707,0.13836446075899442,0.13782087202225357,0.13569307789817997,0.1752802269584464,0.15387620251945344,0.1518073588630666,0.1253454473077846,0.24787305080615674,0.2208226677674082,0.2151981198411559,0.24094607198281523,0.31964276822836174,0.29158743317616326,0.1930886733694002,0.16778814807009235,0.16515233957292605,0.17085563337780071,0.23431513529719442,0.14684985038397613,0.17563951245789378,0.2718716801174499,0.20533927019086431,0.19482329977455146,0.11208445028971645,0.12169546283691748,0.12313120957223819,0.12873196849569604,0.14348703704944174,0.14259330529262193,0.12898542863221726,0.12958249596518148,0.1376761721499959,0.12588496342011735,0.12113837966933641,0.16876118056935188,0.2221640895920282,0.21557261735807146,0.2357973087974587,0.11639130584606577,0.14622225627338384,0.1862048124975929,0.17264209633601033,0.12680037862306845,0.13167196975053294,0.13331874556917733,0.13046152836434086,0.1616156208622136,0.14572477792189611,0.1509193486064732,0.13607590258148605,0.23309128379719324,0.24865006039709242,0.2060981264207082,0.23863745547892248,0.27426672603884333,0.29687584687662016,0.19734637758948997,0.16849683676938684,0.16515859020409565,0.16113017664688856,0.22282628145707348,0.15666032424699583,0.18936832918382251,0.26990010143581655,0.21560984922743434,0.18509186613254144,0.11520519984954375,0.1221066768251573,0.12391329955158695,0.1351518617669441,0.1348555521851812,0.14687070007027722,0.1272000892633638,0.13245031249942918,0.13439406743017282,0.1278631155389553,0.12478714699914019,0.17788267402310298,0.2221260391033027,0.22324219288083788,0.2536242248051412,0.11608499891477474,0.14213609515936762,0.18430001635332552
68.0,2.340031666292469,2.510520575430033,2.4493439093288694,2.464617107043665,2.3720901738317273,2.1694897755644376,2.3251611226735336,2.48645989895803,2.538179078384191,2.189959311852897,2.4051033603213354,3.1054379095803974,2.8147646848809558,3.062239794953512,3.0378827946555345,2.4171216011557983,2.8739867556328678,2.9002816139657366,2.458462430719287,2.5369034152387937,2.4577508644535806,2.905789152915413,2.225908093100574,2.3809612752191214,2.229990279998763,2.039790111085112,1.8500427512495234,1.8079927242908012,1.7807172963301992,1.709333605985147,2.106707509470841,2.0815836949397246,2.1749398587570368,2.470692931645334,2.3483059113077527,2.3562205280952377,2.5070110590906594,2.38592087714275,2.2345396804138553,2.060139842738067,2.567172753064137,2.7094759612058077,3.1762051985167994,2.3598332381888785,2.472907545698348,2.408180646492469,2.4769238833486615,2.3657327043783747,2.146690837665154,2.281234804908974,2.439873276211017,2.5730806156072963,2.1975691897289185,2.3758957983045583,2.91117183388668,2.6924408726648115,3.0023861957010345,3.1447636729483497,2.3633826623853436,2.9474717451628765,2.873742098624335,2.5453239138765524,2.406050743090874,2.587999284396633,2.8690878991840063,2.0483948375530567,2.253779145570772,2.1245957299056992,2.0780230452231736,1.9064239705863504,1.8149841863110578,1.934760763039786,1.6764924333907953,2.055272861651677,2.0451653517212005,2.1920249726736616,2.4410578663037774,2.3692962169285368,2.3695127032433514,2.6345956626159195,2.4324285948427886,2.1391956010473576,2.107531160239041,2.598596357913276,2.7238532464053415,3.196519041328693,0.16172927176622204,0.1281503998780179,0.13981155038534618,0.13889011771257656,0.1373863067870674,0.17698931974785642,0.15497679024516442,0.15318578153792473,0.1265281598511313,0.2489935011914567,0.22179675004136912,0.21630079577925862,0.24200668217642887,0.3212199874314459,0.2931243885793716,0.19432255846921193,0.16875304689452925,0.16622262667975943,0.17222524253162744,0.23586175530498887,0.1479727702222108,0.17705195810809976,0.27319255763916245,0.20659042406194114,0.19586982404931172,0.11244291067801267,0.12198291265130153,0.12356623120004367,0.12951580761780787,0.14416809713249368,0.1434488999460677,0.13004059802927567,0.1306050789011191,0.13878863138951344,0.1267732883550515,0.12194183643686353,0.1696932392084568,0.2232160166437867,0.21649717975867663,0.2366019963022158,0.11713807702713205,0.14709752868666143,0.18730776253304854,0.17399834917987095,0.12797480875427894,0.13288466090834788,0.13416651939904764,0.13185483053254382,0.16280130886606856,0.14677513635527908,0.1522105995774161,0.13756546357153565,0.23419953659460316,0.2500328740352415,0.2071895916011068,0.2398788544330432,0.275592707138472,0.29834899589818686,0.19828318319235308,0.16946144480195552,0.16614524764414704,0.16251541716103646,0.2247102428244449,0.15782962343917453,0.19077351210625723,0.27136818607806806,0.2162658539816954,0.18590067002852664,0.11555822226871833,0.12226665759554455,0.12399145728842562,0.13606626973520952,0.13559942116125157,0.14766009839664537,0.12816346030631093,0.13341659593609775,0.13529735330439194,0.12853085646082055,0.12526387221379234,0.1788969598839027,0.22331567260842777,0.22422761157916554,0.2549406782900398,0.11662606225219817,0.14280700857053824,0.18562453521074693
69.0,2.330125785197221,2.501806580338547,2.4407752465363513,2.4584061329932796,2.364996376593669,2.1615390950421047,2.3184657226637104,2.482913525028015,2.53365929490279,2.1880237777890232,2.405278073932325,3.100729967601197,2.8110531624445896,3.047401567683167,3.0246970925910506,2.412328613349655,2.8700868446314685,2.894763601489734,2.4534085081599573,2.533993535746663,2.4513871892684276,2.8982408972077467,2.2176448257480232,2.3752449082874536,2.2288935208754577,2.034540510113833,1.8487651755050798,1.8045029727280493,1.7751825991091026,1.704444513584519,2.099335727278792,2.0743215891413165,2.16724671284697,2.4631251618578887,2.340978151907864,2.3506579861546486,2.4980004981935813,2.37341770595521,2.227597272245596,2.0524538501206795,2.5614735191688824,2.7034683035193643,3.1693505468001555,2.3492757882869695,2.464847881837492,2.4000491814373066,2.4707834017595482,2.359523026831213,2.1405478314284005,2.27532772096176,2.437306235901199,2.5697517026714944,2.195464215066856,2.377266483339283,2.9081529461361963,2.6899593390859704,2.989532269866736,3.1308490915236424,2.3614338699618567,2.9428852662614338,2.866315948317101,2.5415766302899305,2.4039977275696645,2.581567505971282,2.860996294068761,2.0389028811639354,2.248348181024592,2.1219262034178072,2.0734204062623016,1.9058903725147163,1.8126660038082407,1.927973162099631,1.6715135396651513,2.0480496129898125,2.0380746718359046,2.1839064234134504,2.4329089633055445,2.361248972448635,2.36395977660574,2.624621504245679,2.4199590275360596,2.130152893284432,2.0993279012887442,2.5926513177318746,2.7170711040761923,3.189750772175512,0.16303196336619938,0.12938736488699829,0.14132609166053636,0.140009753556854,0.13919524743960485,0.1788390401976383,0.1561456647008244,0.15464782809367064,0.1277804676002572,0.2501525932698818,0.22279319711166087,0.21745938399096212,0.24312112031203487,0.32280525600641563,0.2946778492549398,0.19553655973419817,0.16975179565585455,0.1673329696938574,0.17362890863741282,0.2374392971903868,0.14914631353301344,0.17855077276637818,0.2745666028148179,0.20790327914305634,0.19695241708372888,0.1127413864840175,0.12221256865922515,0.12396699436076374,0.13031202371639994,0.14484907296334418,0.144319899846194,0.13113413716744843,0.13164784662865767,0.13994793118532226,0.12768091809152446,0.12274810498046713,0.17065308738110213,0.22429883742469556,0.2174627890386821,0.2374351091614364,0.11788681489801638,0.14796357253585216,0.18843837438237984,0.17537765678676553,0.12918309122175317,0.1341510156249074,0.13502940404050506,0.1333465122275912,0.16405350619828943,0.1478752999836841,0.15358793425743608,0.13916662068348953,0.23537043912613997,0.2515045606088457,0.20832332586026236,0.24120996357289817,0.27693404483371964,0.2998363939895936,0.19917940341710152,0.17040968316137703,0.16714548026632484,0.1639617733219711,0.22670504902010377,0.15901907824711184,0.19221737447864598,0.2728905698443087,0.21688853656621535,0.1866858355508082,0.11586906535208365,0.12237166010065285,0.12400744213666018,0.13698963074010428,0.13636085322985872,0.14844981611003774,0.12911911824072067,0.13438248211638926,0.13617998920943628,0.12919430514028168,0.125715391245181,0.1798977958267273,0.22449654644222375,0.22519180635061897,0.2563007577175311,0.11714182971764305,0.14347680040991156,0.18700375379926215
70.0,2.3200179608844103,2.492982574572242,2.4321488467522605,2.4520560651675227,2.357938014994036,2.153644937326325,2.3117930177983834,2.4795114762695936,2.5290551978224016,2.186169463117912,2.4054308168277165,3.0957560153728045,2.8070213681839764,3.031843908760901,3.0109304086343336,2.4075009044739346,2.866226533103227,2.8891338978742045,2.448375562244882,2.5311895387222565,2.444785667058381,2.890361207407578,2.2089482509937213,2.369366752656286,2.227601675385815,2.0292016909025974,1.8474095813630684,1.800914586183944,1.7695767782406373,1.6995599169940767,2.091979803089935,2.066967533739201,2.159478152317045,2.455411647182274,2.333588342007381,2.3449644527442928,2.4887396525884813,2.3608012810379706,2.220191614398334,2.0441779282299866,2.555689052224356,2.6973411130785956,3.1623297558251946,2.3385499866733896,2.4566977656622835,2.39187505372124,2.4645301391603733,2.3533687387184017,2.1344795335161666,2.2694645099219803,2.434859567766716,2.566430732400675,2.1935976159171497,2.3787882939052634,2.9049624286689286,2.6873772696027203,2.976216258677417,3.116264322135196,2.359653619228283,2.9382413167716166,2.858643895850602,2.5379065738405835,2.401973476785736,2.5749153672314784,2.8525334634498716,2.0288995948551904,2.2427075746409573,2.1191086747161383,2.0687140784373326,1.905224448890904,1.8102600837035758,1.9210771832796916,1.6665458289182986,2.0408609654935157,2.030909197727941,2.175685147841668,2.4246251041743703,2.3531267414651222,2.358329513327809,2.614500245971085,2.4073373828090543,2.120728746882783,2.0905944759339663,2.5866459112426727,2.710119789292045,3.1827920142658317,0.1643733453673117,0.13066128903786636,0.14290897239332623,0.14118081790062256,0.14112388299563097,0.1808366112718145,0.15738537698829771,0.1561963516348247,0.12910376794435663,0.25135165853489133,0.22381263864054315,0.21867748662357211,0.24429303837304667,0.32439378816323317,0.29624382325258625,0.19672400657602113,0.1707850664008557,0.16848486772832127,0.17506636558019137,0.23904881812175482,0.1503712885504782,0.18013947718452347,0.2759958083787744,0.20927960428277748,0.19807062801634026,0.11297235657562171,0.12237735454142408,0.12432797211315709,0.1311202455098241,0.14552920508464293,0.1452065436093577,0.13226704436237613,0.13270987348390578,0.14115602997548007,0.1286065859913097,0.12355441759276167,0.17164211637890592,0.2254130301304489,0.2184719781789501,0.23829824284541984,0.11863538320586525,0.14881588697724576,0.18959747207425087,0.17677958377510022,0.13042445736626473,0.1354714166799015,0.135905401769779,0.13494049267999955,0.1653740275873899,0.1490257255499155,0.15505552275859433,0.14088434875766453,0.23660828253737862,0.25307175087036055,0.20950230740103967,0.24263687826319552,0.27828819674025557,0.3013341723491505,0.20002772286285414,0.17133733642104745,0.16815778541841161,0.16547112259987667,0.22881710688575133,0.16022671936736554,0.19369875994178257,0.2744691318263434,0.217472558466354,0.1874417563620697,0.11613258643392442,0.12241576511448901,0.1239548425555039,0.1379204679134807,0.1371406231519073,0.1492390865915436,0.13006348620540134,0.1353447249034036,0.1370366416757834,0.12985091633444837,0.1261379899902987,0.18088116952472322,0.2256639529469671,0.2261293631509249,0.2577048950910826,0.11762810299317211,0.14414334545522803,0.1884388049986456
71.0,2.3097128473749216,2.4840568912088496,2.423481491980851,2.4455657271711253,2.350945374994527,2.145845487365827,2.3051640414280237,2.4762922486818564,2.524375100854186,2.1844196206783537,2.405561393284428,3.0904926154854353,2.8026518829922917,3.015561725669501,2.996576062646415,2.4026519009604352,2.8624160552973015,2.8833905205107215,2.4433762121734275,2.528502582561276,2.4379522314599438,2.8821523964007936,2.1998048471858906,2.3633327618932722,2.226101392106087,2.0237893690261295,1.8459783411691042,1.797232141969327,1.7639173248595623,1.6947039320752433,2.084669037626596,2.0595437937928684,2.1516622362669,2.4475645676294735,2.3261608913504377,2.3391529474148927,2.4792268174834,2.348085191982741,2.212296995885783,2.035276194072129,2.5498301999355477,2.6911087996264484,3.15514217368618,2.3276629201053467,2.448466003050852,2.38367658694458,2.4581638971509645,2.347301411301995,2.1285262466732977,2.2636669326202825,2.432566433604496,2.5631309487045435,2.192008487153775,2.380476184138991,2.901581916603728,2.6846923725661798,2.962446224935164,3.1009999441367326,2.3580583684548646,2.9335442235455154,2.8507175011455286,2.534328590964951,2.3999782288065936,2.568048544853775,2.84370003367641,2.0183736240745995,2.2368578778418455,2.11613808186161,2.0639163121728936,1.9044195928995702,1.807769567378989,1.9140905727714015,1.661613064613639,2.0337360377893217,2.0236912506294633,2.167386700764271,2.416219623995501,2.344954037064101,2.352639245227232,2.6042402945414045,2.3945723795987854,2.1109069805530063,2.081303364467101,2.5805934617740354,2.7030116090952867,3.1756418263820376,0.16575470085997088,0.1319716150762548,0.14456089245111134,0.14240423254886858,0.1431758166724137,0.18298892328582175,0.15869827123839944,0.15783398064724832,0.1304992710823288,0.25259196276047496,0.2248557177029138,0.21995863338605282,0.2455262948483387,0.32598066612055404,0.2978181866093326,0.19787810627467606,0.1718534461804546,0.16967980985082368,0.17653724852630334,0.24069123727791014,0.151648411215757,0.18182144350616572,0.2774820857174369,0.21072111888115255,0.19922393196378826,0.11312806626513484,0.12246997073272846,0.12464351303321908,0.13194005837815628,0.14620769519949547,0.1461090346421962,0.13344026396731926,0.13379016265764343,0.14241482373588846,0.12954896683927852,0.12435798122601531,0.17266170596781744,0.22655904393524404,0.21952728232284907,0.23919298734260352,0.11938159787016772,0.14964989790426653,0.19078586351393959,0.17820348453949034,0.1316979938163441,0.1368460908553333,0.13679242850515017,0.1366404372407366,0.16676462864053,0.15022675562682639,0.15661736477796118,0.1427233356835211,0.23791736317084117,0.2547410761045313,0.2107294625569633,0.24416578057300578,0.27965258120580166,0.3028383467617592,0.20082069009526685,0.17224004091590692,0.16918057017592902,0.1670452684051616,0.231052593993678,0.1614505702598568,0.19521641793508152,0.2761057005838014,0.21801240225232502,0.18816262121687424,0.11634355613155783,0.12239292420896933,0.12382705896181086,0.13885721762900244,0.1379395075283947,0.15002707679157395,0.13099289039774117,0.13629998208003558,0.13786181729672567,0.13049822306137854,0.1265279982631472,0.18184300703223924,0.22681305005828623,0.227034671485682,0.2591534676542277,0.11808065460593582,0.1448046345300434,0.18993084497011312
72.0,2.299215098689559,2.4750378633261376,2.4147899642263253,2.438933942608793,2.3440487425568666,2.1381789301093588,2.298599826903156,2.4732943382638948,2.519627317709249,2.182797503309111,2.405669607579395,3.0849163305292375,2.7979272877627257,2.9985499258917487,2.981627374488304,2.397795029240951,2.8586656454628168,2.8775314867909088,2.4384230771449418,2.5259438256594673,2.4308928161096053,2.873616777073272,2.19020109267272,2.35714888956607,2.2243793196125057,2.0183192600591475,1.8444738272687669,1.7934602173950518,1.7582217301006364,1.6899006746894538,2.0774327316111028,2.052072634361843,2.1438270237961703,2.4395961032104574,2.3187202096812096,2.3332364897171476,2.469460288086282,2.3352830283812396,2.2038877057216593,2.0257127646532616,2.543907810007478,2.684785772905876,3.1477871484773576,2.31662167534004,2.440161399881329,2.37547210470756,2.4516844773311757,2.341352615844029,2.1227282736446553,2.257956749887324,2.4304599952114945,2.55986559549286,2.190735923650776,2.382345108176954,2.8979930450593905,2.6819023563274818,2.9482302314420026,3.0850465368819098,2.3566645759118305,2.9287983134352036,2.842528324122567,2.5308575280994434,2.3980122216997377,2.560972715514752,2.8344966310974327,2.007313614269958,2.2307996420492917,2.1130093629151308,2.059039357893585,1.9034691977253089,1.8051975962164153,1.9070310767661611,1.6567390102145891,2.0267039485037768,2.0164431517726245,2.15903663698718,2.407705857854178,2.3367553723316403,2.346906304121672,2.593850056705909,2.3816727368422486,2.1006714130056827,2.071427047180595,2.5745072926543218,2.695758870528375,3.1682992673065073,0.1671771121098133,0.1333175947009171,0.14628230830038147,0.14368076319803727,0.14535419130555263,0.18530243895708606,0.16008641719991107,0.15956304998726287,0.13196794119770627,0.2538746732840994,0.2259230759466159,0.2213062446902532,0.24682496538744378,0.3275608513176996,0.29939669537616037,0.1989919689637925,0.17295740736668336,0.17091926686061673,0.17804106360535835,0.24236730089222727,0.15297828276849093,0.1835998596905282,0.27902724082820995,0.2122294961187042,0.20041173651808813,0.11320056692336683,0.12248294650250559,0.12490789853545825,0.13277098502390744,0.14688369309719088,0.14702752501322408,0.13465466344955773,0.1348876391964099,0.14372612281556876,0.13050667990797782,0.12515601216326297,0.17371321473985665,0.22773729239577178,0.22063122693180368,0.24012091766476493,0.12012323040457018,0.1504609876211609,0.19200434592621535,0.1796484723241518,0.13300261807229286,0.13827505491417413,0.1376883013458187,0.13844967856154053,0.1682269575514671,0.15147857852501864,0.15827719893708508,0.14468788426106136,0.2393019100853859,0.2565191005099663,0.21200763146837875,0.24580289270107625,0.2810246029012757,0.30434482947821384,0.20155075659543478,0.17311326574742494,0.17021215809907247,0.16868590764391708,0.23341739204494144,0.16268865932933202,0.19676900225985752,0.2778020402452792,0.21850239920345416,0.18884242368219792,0.11649671673232428,0.12229701483031839,0.12361735185207935,0.1397982267526198,0.13875829527038774,0.15081289452328775,0.13190357023331553,0.13724482800867155,0.1386498738979231,0.1311338923118773,0.1268818588116066,0.18277920513917165,0.22793888173021368,0.2279019307640557,0.2606468026572974,0.11849527748607203,0.14545883823727807,0.19148106231842585
73.0,2.2885293688492045,2.465933824001842,2.4060910454929285,2.4321595350852734,2.337278403642731,2.130683450505656,2.2921214075742915,2.470556241014802,2.51482016209874,2.1813263638489713,2.405755263989542,3.0790037230944076,2.792830163388443,2.980803416910456,2.966077664021031,2.392943715747311,2.854985537848937,2.871554814106345,2.4335287763587754,2.5235244264125414,2.423613354643854,2.8647566623109255,2.1801234658024424,2.350821089242321,2.222422106481291,2.0128070795763566,1.8428984120076821,1.7896033897719703,1.7525074850986118,1.6851742606981281,2.0703001857657872,2.0445763205056733,2.1360005740045276,2.431518433936228,2.3112907067438497,2.3272280992018106,2.459438359605123,2.3224083798251702,2.1949380329196546,2.0154517569795174,2.537932730145117,2.678386442659788,3.140264028292968,2.3054333391347033,2.431792762031864,2.367279930610476,2.445091681300861,2.335553923606576,2.117125917175088,2.252355722553742,2.4285734143846636,2.556647916675348,2.189819020282129,2.3844100201556557,2.89417744915474,2.679004929237767,2.933576340999965,3.068394679724467,2.355488699869442,2.924007913292771,2.8340679247023894,2.527508231680489,2.396075693532652,2.553693555890949,2.824923882062025,1.9957082108890427,2.224533418685292,2.109717455937588,2.054095466024029,1.9023666565527613,1.8025473115977781,1.8999164414553849,1.6519474291845495,2.019793816263403,2.009187222389589,2.150660511316331,2.3990971408356283,2.328555260353817,2.341148021828787,2.583337939213854,2.368647173476439,2.090005862951378,2.060938004366842,2.568400727211878,2.6883738806337094,3.1607633958216113,0.16864141019495113,0.13469824182083606,0.14807336869600213,0.14501097364062399,0.14766160079103918,0.18778308887359987,0.16155153477940012,0.1613855220013162,0.13351042907900063,0.25520081934961775,0.2270153340299835,0.2227235880644115,0.24819335094757192,0.3291291991523968,0.30097500099753843,0.20005864003766077,0.17409727260510124,0.17220468119524876,0.1795771522651908,0.24407754110497376,0.1543613647002217,0.18547768953382004,0.2806329457648695,0.2138063671807019,0.20163338987402094,0.11318177059735803,0.12240870984643633,0.12511541669404413,0.13361246198480528,0.14755628004007124,0.14796209547803418,0.1359110070132513,0.13600114300150676,0.14509162599824227,0.1314782930552868,0.12594577871874008,0.17479797032595576,0.2289481473690757,0.22178631514797315,0.24108358340377925,0.12085801354952556,0.15124453345089148,0.19325371414869272,0.18111338371529587,0.13433705032127088,0.139758053074244,0.13859072326901647,0.14037112863150608,0.16976249790176148,0.15278118164598958,0.16003839835408154,0.14678180258734996,0.24076599713785687,0.2584122406629225,0.21333952744072204,0.24755442207674824,0.28240168414226896,0.3058494445264835,0.20221032942913317,0.173952291722885,0.17125079874938404,0.17039459197868245,0.23591700941312732,0.163939034290136,0.19835506896730629,0.27955983264903767,0.21893676797464104,0.18947497805303148,0.11658686032888797,0.12212191469060119,0.12331890834680903,0.14074174986505622,0.1395977989971078,0.15159559695770689,0.13279169277185707,0.1381757706810841,0.13939503739009754,0.13175579257580478,0.12719621533740785,0.1836856728413868,0.22903640480548476,0.22872516066209575,0.2621851830201609,0.11886784856226441,0.14610438522512045,0.19309068885752947
74.0,2.2776603118746968,2.456753106313683,2.3974015177848824,2.425241328205256,2.330664644213873,2.1233972335034426,2.2857498167919115,2.4681164529336437,2.5099619477337747,2.1800294551366886,2.405818166791783,3.072731355771136,2.787343090762646,2.962317106208398,2.949920251105613,2.3881113869113064,2.851385966704813,2.865458519848659,2.428705929014297,2.521255543216231,2.416119780699177,2.8555743649996637,2.1695584449232683,2.344355314489691,2.220216401288704,2.0072685431524797,1.8412544677314275,1.7856662364109275,1.7467920809882478,1.6805488059626963,2.063300700812982,2.0370771172838373,2.1282109459915763,2.4233437398177533,2.303896792282501,2.3211407954195775,2.4491593272478966,2.309474835906243,2.185422266493508,2.0044572880570475,2.531915808053474,2.6719252186311553,3.1325721612272743,2.2941049982465365,2.4233688953805785,2.3591183882536098,2.438385310659865,2.329936905851658,2.111759480009451,2.2468856114502005,2.4269398529209303,2.5534911561617233,2.1892968719218646,2.386685874211602,2.890116764008591,2.6759977996481625,2.9184926164111005,3.051034952018084,2.3545471985979276,2.919177349970333,2.825327862805705,2.524295548144517,2.3941688823728433,2.546216742658932,2.814982412919241,1.9835460593796583,2.21805975917185,2.1062572989898984,2.0490968869888317,1.9011053625665495,1.7998218549050118,1.8927644130304835,1.6472620849869384,2.013034759694764,2.0019457837125176,2.1422838785576697,2.3904068080251135,2.3203782142167264,2.335381730166235,2.5727123488145254,2.3555044084383567,2.078894149100691,2.049808716318269,2.5622870887750886,2.680868946453726,3.1530332707097375,0.17014811742421268,0.13611227921998767,0.149933841408675,0.14639517376286534,0.1500999939260497,0.19043615802882724,0.16309491122450342,0.1633028979595654,0.1351269967570928,0.25657124497977885,0.22813306683470613,0.22421372751967003,0.24963598279052382,0.3306804775636066,0.3025486691537983,0.20107114098378365,0.1752731741198293,0.17353745458091097,0.18114465027522994,0.24582222834931716,0.1557979512685652,0.1874576281890471,0.2823007052239741,0.2154533263245772,0.20288819059968158,0.11306352248356483,0.12223967846252128,0.12526045505818892,0.1344638117255671,0.14822444817339317,0.14891273121671553,0.13720992563842194,0.13712942201570472,0.14651289168379003,0.13246232768755412,0.1267246526585124,0.1759172595011625,0.23019193367280513,0.22299501421974793,0.24208249709906007,0.12158364928351505,0.15199595658325202,0.19453477208731662,0.18259673821111744,0.13569978126716103,0.14129448590331314,0.13949726491389233,0.14240718215258716,0.1713725023078933,0.15413429822917413,0.16190385243594538,0.14900828331615504,0.24231343863198854,0.26042667141258824,0.21472768952832133,0.24942649790816648,0.28378130221109676,0.30734794659986925,0.20279183978979257,0.17475218847169421,0.17229468012664578,0.17217268244309367,0.23855649212838465,0.16519977887612872,0.1999730732480837,0.2813806547651539,0.21930966594701742,0.19005394240823328,0.11660892965188688,0.12186159858457349,0.12292493033984594,0.14168594656102457,0.14045886728407075,0.1523742003305174,0.13365337206301006,0.13908927365894744,0.14009142514096898,0.13236207396214164,0.1274680219455192,0.18455838297936372,0.23010052334407885,0.22949821610676263,0.2637688535541579,0.11919440806893133,0.14674005611458793,0.19476101143124652
75.0,2.266612581786894,2.447504043339438,2.3887381631064226,2.418178145573507,2.3242377502319607,2.116358464051476,2.2795060879065443,2.4660134700195386,2.505060988325487,2.1789300300110415,2.4058581202630434,3.0660757911495726,2.7814486507785006,2.9430859012683928,2.9331484556030913,2.3833114691647657,2.847877166279565,2.859240621409455,2.423967154310871,2.519148334466268,2.4084180279120813,2.846072198025355,2.1584925083834037,2.3377575188758173,2.2177488526109634,2.001719366362234,1.8395443667856137,1.781653334622778,1.7410930089043073,1.6760484263445854,2.056463577475009,2.0295972897558894,2.120486198857,2.415084200866005,2.2965628760413366,2.314987597921166,2.438621486222584,2.2964959862161876,2.1753146954568994,1.9926934748920049,2.5258678914375454,2.6654165105629004,3.1247108953745184,2.282643739432783,2.4148986058056217,2.351005801237247,2.43156516700803,2.3245331338413378,2.106669264892597,2.241568177407314,2.4255924726172786,2.550408557861751,2.1892085734439637,2.3891876244812593,2.8857926247397843,2.6728786759098226,2.9029871204774493,3.0329579331164815,2.353856530367529,2.9143109503199565,2.8162996983531667,2.521234323927956,2.392292026287827,2.538547952495253,2.8046728500181524,1.9708158051895854,2.211379214930981,2.102623830132969,2.0440558712126116,1.8996787089512943,1.797024367520039,1.8855927376828676,1.6427067410851612,2.006455897424385,1.9947411569735416,2.133932293517131,2.3816481945078434,2.3122487470064503,2.329624760951687,2.5619816922571816,2.342253160664984,2.067320090164206,2.0380116633272882,2.556179700672283,2.6732563750308582,3.1451079507532556,0.17169738252139832,0.13755807881221188,0.15186303145464836,0.1478333617806699,0.15267057181436047,0.19326616471522573,0.16471731236520698,0.16531612070714274,0.13681743560296106,0.25798655416825605,0.22927677318954548,0.2257794658962933,0.25115762375080064,0.3322093896935995,0.30411320203241277,0.20202251956898926,0.17648500735607353,0.17491893298334804,0.18274244172486098,0.24760131732932972,0.15728814000951777,0.18954205330774246,0.2840318181266998,0.21717193655191155,0.20417539903870205,0.11283769428963561,0.12196837529883624,0.12533761489877215,0.13532421022401644,0.14888707563034256,0.14987929294130534,0.13855188352670064,0.13827112584466364,0.1479913061289094,0.1334572643031357,0.1274901698071701,0.17707231810633392,0.2314689246837224,0.22425974070950908,0.24311912105442499,0.12229781926295481,0.15271078239998065,0.19584834748077587,0.1840966927198139,0.13708903596393107,0.14288333108611567,0.14040534365702637,0.144559612351488,0.17305791713340968,0.1555373478246908,0.1638758355565327,0.15136977273195892,0.2439476681399755,0.2625682179577106,0.21617442808855153,0.2514250991428406,0.2851610327406576,0.30883604357734007,0.20328782942765083,0.17550779026121455,0.1733419440821331,0.1740212974016825,0.24134032298771949,0.16646903203761704,0.20162136500783556,0.28326595067326593,0.21961525473832003,0.1905728496653296,0.11655814421172492,0.12151026055703422,0.12242874736232223,0.14262887902795204,0.14134239770646007,0.15314769089336194,0.13448469402676347,0.13998178330416547,0.14073307661841994,0.13295126117199552,0.12769467596605277,0.18539343489661014,0.23112613149795785,0.23021480752550602,0.26539802726034245,0.11947125592107598,0.14736509355004623,0.19649338391333573
76.0,2.255390832606628,2.4381949681568247,2.380117763461779,2.41096881079472,2.318028007658727,2.1096053270984902,2.2734112542686926,2.46428578827156,2.500125597585026,2.17805134131083,2.4058749286802388,3.0590135918199364,2.7751294243291764,2.9231047095732117,2.9157555973744698,2.3785573889394778,2.844469370822371,2.8528991361803433,2.419325071447819,2.5172139585583673,2.4005140299190506,2.836252474273919,2.1469121345310556,2.331033655968345,2.2150061090242743,1.996175264780328,1.8377704815158378,1.7775692617183732,1.7354277599815322,1.6716972377052148,2.049818116474212,2.0221591029813277,2.11285439170042,2.406751997091976,2.289313367764505,2.3087815262572966,2.4278231317371675,2.2834854203467065,2.164589608823533,1.9801244344905216,2.519799828002344,2.6588747281979765,3.1166795788289425,2.2710566494506352,2.4063906991851445,2.342960493161629,2.4246310519452043,2.319374178837662,2.1018955745693844,2.2364251812557554,2.4245644352706304,2.5474133656851516,2.189593219722473,2.3919302251011327,2.881186666467116,2.669645266373879,2.88706791600106,3.0141542023733545,2.353433153448495,2.9094130411937313,2.8069749912655024,2.5183394054672372,2.3904453633450906,2.5306928620764726,2.7939958197078405,1.9575060937665996,2.204492337384711,2.098811987427714,2.038984669119981,1.8980800888916196,1.7941579908247904,1.8784191616039578,1.638305160942633,2.00008634807881,1.9875956634048537,2.1256313110006584,2.3728346353690846,2.3041913718090687,2.3238944460027984,2.55115437629109,2.328902149093337,2.0552675048524987,2.025519325686328,2.5500918862318507,2.66554847340753,3.1369864947345514,0.1732889089650311,0.1390335961590797,0.15385969207161823,0.14932516172996332,0.15537368087003775,0.1962767338873204,0.1664188902532536,0.16742547039154634,0.13858098045926537,0.2594470486647466,0.23044684021636969,0.22742328070399764,0.2527632653323067,0.33371060073011016,0.3056640637876083,0.2029059101346474,0.17773237932861743,0.17635038836012432,0.18436910887197083,0.24941438712590305,0.15883180099053154,0.19173297223040506,0.28582733434456503,0.21896373553379406,0.2054942502957242,0.11249630157569275,0.12158757223786026,0.1253418490547879,0.13619265024753516,0.14954289719292269,0.15086148320138876,0.1399371411173958,0.1394248001249815,0.14952804875126324,0.1344615481814813,0.1282400999430249,0.17826432055704547,0.23277933900906903,0.22558284402249174,0.2441948520888529,0.12299819756702397,0.1533847133266358,0.19719530986510378,0.18561099112786655,0.13850273393533705,0.1445230572316908,0.14131220057525667,0.1468294611080885,0.17481929911594804,0.15698937133470267,0.16595586416911315,0.15386783134619939,0.245671600986112,0.26484223441096355,0.21768176335703862,0.25355597403897956,0.2865385989299746,0.31030942261807404,0.2036910566110239,0.17621367142389335,0.17439070461330816,0.17594125433679036,0.24427230905473327,0.16774500972211354,0.20329818284270346,0.2852169974638553,0.21984778098186344,0.1910251472982394,0.11643015363678026,0.12106246383110578,0.12182395691780039,0.14356851024228537,0.14224935067366337,0.1539150371894718,0.13528174738609808,0.1408497615248497,0.14131399188547286,0.13352235878096788,0.12787417519424857,0.18618712862067863,0.23210816607714732,0.23086852702747784,0.26707289104686704,0.11969506593833514,0.14797932779723053,0.19828923811279
77.0,2.2439997183547544,2.428834213843596,2.371557100855155,2.4036121474736114,2.3120657024558717,2.1031760075932215,2.2674863492288218,2.4629719036888167,2.4951640892234885,2.1774166418748018,2.405868396320315,3.051521320372379,2.768367992307878,2.9023684386056723,2.897734996280775,2.373862572667279,2.8411728145823694,2.8464320815529,2.41479229962453,2.515463573888263,2.392413720356564,2.8261175066312414,2.1348038017144484,2.324189679334949,2.211974819104908,1.9906519539814924,1.8359351842677067,1.773418595008563,1.7298138253546846,1.6675193559060257,2.043393618532907,2.0147848220196916,2.105343583621488,2.398359308506644,2.2821726771961597,2.302535599978704,2.416762558999624,2.2704567278894894,2.1532212956071293,1.9667142838587408,2.5137224654528416,2.6523142812793132,3.1084775596848093,2.25935081505732,2.3978539813972506,2.335000787627051,2.4175827670712495,2.314491612102678,2.0974787117846576,2.23147838382616,2.423888902677932,2.5445188235416683,2.1904899056313685,2.3949286302077324,2.876280524309425,2.666295279391473,2.8707430657839694,2.994614339142397,2.353293526111049,2.9044879494437574,2.797345301463375,2.515625639198773,2.388629131612129,2.522657148079151,2.782951948337368,1.9436055705585074,2.1973996779550156,2.0948167089350247,2.033895531135535,1.896302895572157,1.791225866201204,1.871261430985148,1.6340811080227593,1.9939552302845682,1.9805316242385878,2.1174064858141795,2.3639794656940656,2.296230601710668,2.318208117137237,2.5402388076655207,2.3154600926604023,2.0427202118761567,2.0123041836877933,2.544036968782139,2.657757548626165,3.128667961436005,0.17492187741119467,0.14053630056364005,0.1559219306813461,0.15086975795226726,0.15820870451815516,0.19947046809433674,0.16819909066910405,0.16963045632108814,0.14041622376598456,0.2609526593007251,0.23164350294794295,0.2291472546128308,0.2544581204095047,0.3351787688444991,0.3071967086729624,0.20371460446307535,0.1790145525582079,0.17783299666476265,0.18602287935551584,0.25126057660679446,0.16042854592021447,0.19403196604110393,0.2876880071190816,0.22083024129712578,0.20684396870472965,0.11203164804698108,0.12109046536036253,0.12526862499427138,0.13706790090254822,0.150190470652152,0.1518588079718647,0.14136571506864987,0.14058888202178446,0.15112405458672987,0.1354735945992762,0.1289725255524642,0.17949436850503725,0.23412333826895027,0.22696658756795243,0.2453110035158958,0.12368246538472245,0.1540137149202213,0.19857659126756677,0.1871369094895129,0.1399384462562846,0.1462115328140361,0.14221487640892477,0.149216926226851,0.17665672555970743,0.15848896211435562,0.16814454499292888,0.15650298866722057,0.24748748208181226,0.26725346987948445,0.2192513575210438,0.25582455181216185,0.28791192597910614,0.3117637796387071,0.20399462260578072,0.17686412281920086,0.17543906874147516,0.17793300659651087,0.24735545859697464,0.1690260292571123,0.20500164618779854,0.2872348646026728,0.2200016728581209,0.19140424605064557,0.11622121885992082,0.12051331994698514,0.12110459430792023,0.1445027032986568,0.14318076413410283,0.15467520381066646,0.13604066099762968,0.14168972400586174,0.14182817824999452,0.13407496714014303,0.12800529916062972,0.18693605053870269,0.23304166998225476,0.23145288118478877,0.26879361000749796,0.11986301779845605,0.14858331583393367,0.20015009184535454
78.0,2.2324438930521526,2.41943011347749,2.3630729572908105,2.396106979214943,2.306381120585113,2.0971086904844176,2.2617524061374956,2.462110312270366,2.490184776952028,2.1770491845417417,2.4058383274601707,3.043575539397099,2.761146935607758,2.88087199584855,2.879079972183054,2.369240446779944,2.8379977318086866,2.8398374749187583,2.410381458040338,2.5139083388516776,2.384123032861128,2.815669607983238,2.1221539882817604,2.317231542543246,2.2086416314290815,1.9851651495404288,1.8340408473868126,1.769205911804194,1.7242686961585234,1.663538896808439,2.0372193843734414,2.0074967119304628,2.097981833719849,2.389918315120983,2.2751652140804652,2.2962628386360815,2.405438063217946,2.25742349843629,2.141184044821403,1.952427140002818,2.507646651494061,2.6457495795498436,3.100104186036348,2.2475333230100514,2.3892972583201133,2.3271450082337966,2.4104201139860075,2.3099170048984248,2.0934589792832847,2.226749545949186,2.423599036636148,2.5417381753410186,2.191937726044659,2.3981977939375385,2.871055833385515,2.6628264233136982,2.8540206326282256,2.9743289227773193,2.353454106625458,2.899540001922128,2.787402188867481,2.513107871559,2.3868435691564587,2.5144464871798444,2.771541862255818,1.9291028810130892,2.190101788063931,2.090632932715809,2.02880070768392,1.8943405221775285,1.7882311350311921,1.8641372920178598,1.6300583457889528,1.9880916626682124,1.9735713607069107,2.1092833727636346,2.3550960205680282,2.2883909497973187,2.312583106172655,2.5292433931297627,2.30193571030316,2.029662029945758,1.9983387176241156,2.5380282716515143,2.6498959077291855,3.1201514096399725,0.17659486380292422,0.14206310284216622,0.15804711328189303,0.15246582918437146,0.16117395792433892,0.20284882021206088,0.17005656527064414,0.17192970942760682,0.1423210352446543,0.26250287268417855,0.23286680057871628,0.2309530025455689,0.25624761160702364,0.3366085799083458,0.3087066109905944,0.20444213324217037,0.1803303861249625,0.17936781151648598,0.1877015730928516,0.25313851712473623,0.16207769866405414,0.19644013177152714,0.28961424224008486,0.22277295701029506,0.20822378361108745,0.11143649941619121,0.12047088484238345,0.1251141137858346,0.13794846453914145,0.1508281393990667,0.15287053395906322,0.1428373358900765,0.14176169731250873,0.1527799740938321,0.13649179274025106,0.12968592829027267,0.18076347795824665,0.23550102589041685,0.22841312659177004,0.2464687834242572,0.1243483269730429,0.15459411537066234,0.1999932086805741,0.18867119792492887,0.14139335076303391,0.1479459334633406,0.14311018828242755,0.15172124975999937,0.1785697007005877,0.16003419540766703,0.17044141818824862,0.15927459590001292,0.2493967223193647,0.26980592397055797,0.22088444132457322,0.2582358471091576,0.2892791996540554,0.31319485183267026,0.2041921186426277,0.17745313138654403,0.17648515941594436,0.17999657704672917,0.2505918495072249,0.17031053623141532,0.2067297455067343,0.2893203665617266,0.22007165192644446,0.19170357748631744,0.11592841993348402,0.11985869702869595,0.12026533273233153,0.14542922260780441,0.14413776934609285,0.15542716690338754,0.13675764766586804,0.1424982835473035,0.14226970497423,0.1346094056645144,0.12808781195567195,0.18763716979734632,0.2339218676647758,0.23196133105414868,0.2705603291813162,0.11997294530675374,0.14917848990468438,0.20207755191639523
79.0,2.2207280107196183,2.4099910001362725,2.354682114772948,2.3884521296233947,2.301004548008152,2.0914415607208054,2.2562304583451733,2.4617395100153256,2.4851959744817727,2.176972222150425,2.4057845263767503,3.0351528114842687,2.753448835122014,2.858610288784655,2.859783844942293,2.364704437709317,2.834954356750484,2.8331133336695276,2.406105165894626,2.512559411844355,2.3756479010692506,2.804911091215782,2.1089491725812364,2.3101651991609304,2.204993194573026,1.9797305670318686,1.8320898432187576,1.7649357894161257,1.7188098635278113,1.6597799762738747,2.031324714718129,2.000317037773212,2.0907972010951483,2.381441196945978,2.268315388161592,2.2899762617801707,2.3938479396001138,2.2443993215787987,2.1284521454800336,1.9372271199288789,2.50158323383098,2.639195032752532,3.091558805977821,2.2356112600660585,2.380729335831838,2.319411478582133,2.4031428942893016,2.305681928486964,2.0898766798101085,2.222260428455471,2.423727998942209,2.5390846649929517,2.1939757758363836,2.4017526704270336,2.8654942288142196,2.659236406491735,2.836908679335866,2.953288532631827,2.35393135326195,2.894573525480913,2.7771372133984973,2.5108009489843366,2.385088914045565,2.506066556055101,2.7597661878122337,1.9139866705781379,2.1825992191334467,2.0862555968309704,2.023712449189719,1.8921863618923564,1.7851769386966967,1.8570644908935015,1.6262606377046243,1.9825247638562762,1.9667371940419722,2.1012875266549713,2.346197635076224,2.2806969291551127,2.3070367449267253,2.5181765394330613,2.288337720958641,2.0160767777718878,1.9835954077877014,2.532079118168329,2.641975857759033,3.111435898128859,0.17830575557151881,0.14361028379387872,0.1602317720761846,0.1541114858362828,0.16426659141890132,0.20641197340860803,0.17198909456944014,0.17432088138676424,0.14429249443717884,0.2640966561760658,0.23411653158591517,0.23284159824561002,0.2581373557871865,0.3379947854017624,0.310189295607107,0.2050823575670493,0.1816782761364379,0.180955732936823,0.18940255211288393,0.2550462654446811,0.1637782691884458,0.19895802457266132,0.29160604566783704,0.22479337401509134,0.209632946212426,0.11070428881079998,0.11972354181288404,0.12487540431931199,0.13883253269927187,0.15145399227328776,0.1538956425124717,0.14435140426060117,0.14294145958444693,0.1544961306186823,0.13751450722834693,0.1303792810671542,0.18207256385717227,0.2369124466314354,0.22992448141386537,0.24766926808727804,0.12499352584070031,0.15512271784150292,0.20144628677417853,0.19021002097942202,0.14286418713872914,0.14972265211007993,0.1439947096887516,0.1543406124501307,0.18055706192146959,0.16162255929976613,0.17284480083834117,0.1621806815537194,0.2513997285212836,0.27250269463944166,0.2225817369232076,0.2607943583536532,0.29063892732274543,0.3145984527307277,0.20427779192419016,0.17797436557231203,0.17752713958028635,0.18213149150511967,0.25398249244484117,0.17159713359688705,0.20848033052640108,0.2914740088850054,0.22005285852082943,0.1919166595543447,0.11554988663803463,0.11909545487472803,0.1193017126018954,0.1463457379592405,0.14512160805442034,0.15616993183334912,0.13742905416872406,0.1432721977063802,0.14263276542824765,0.1351268383253847,0.12812268129952875,0.18828794368750024,0.23474425369100455,0.23238734000089284,0.27237317148070983,0.12002349783588821,0.14976730903680607,0.20407330922332223
80.0,2.208856725378038,2.400525206897661,2.3464013553058187,2.380646422303711,2.295966270686686,2.086212803251135,2.2509415392023664,2.461897992922768,2.4802059955238422,2.1772090075396195,2.4057067973469537,3.0262296992240816,2.7452562717438087,2.8355782248967683,2.8398399344195564,2.3602679718871813,2.832052923656914,2.826257675196797,2.4019760423867083,2.5114279512620024,2.3669942586173973,2.79384426921479,2.095175832961074,2.302996602755604,2.2010161571129867,1.9743639220305187,1.8300845441091425,1.760612805155196,1.713454818597288,1.6562667101637678,2.0257389102893084,1.9932680646074223,2.0838177448470163,2.3729401339926084,2.261647609183659,2.2836888889616724,2.381990483354089,2.231397786908727,2.1149998865967663,1.9210783406430822,2.4955430601686177,2.6326650506302904,3.0828407676034733,2.2235917129825253,2.372159019810596,2.311818522272335,2.3957509095810194,2.3018179541303403,2.086772116109985,2.2180327921756717,2.4243089513930833,2.536571536407201,2.1966431498805274,2.405608213812734,2.859577345714356,2.655522937276709,2.8194152687089313,2.9314837480596205,2.3547417242907613,2.8895928469722225,2.766541934977107,2.508719717911206,2.383365404346957,2.497523031381494,2.747625551355707,1.8982455847014252,2.1748925225855933,2.0816796393414303,2.018643006077556,1.8898338079012726,1.7820664185796418,1.8500607738034869,1.6227117472331745,1.9772836524753035,1.9600514454759326,2.0934445022941075,2.33729764430387,2.2731730528701277,2.3015863652171116,2.5070466533246996,2.2746748435638215,2.001948274065139,1.9680467344709731,2.526202831660931,2.6340097057580953,3.102520485685039,0.1800516692291297,0.14517342738637554,0.16247152258023567,0.15580421505366074,0.1674825096018755,0.21015873494978315,0.1739935293177612,0.17680055807907802,0.14632684509682803,0.2657323853163598,0.23539221095622054,0.23481350419120123,0.26013314543712424,0.3393322426485534,0.3116403673711079,0.20562956918037842,0.1830560987618956,0.18259747058089548,0.1911226775727083,0.25698124089709024,0.1655289334283272,0.20158560223140595,0.2936629719828339,0.2268929720502336,0.21107074710276974,0.10982935472557787,0.118844313376875,0.12455074026129087,0.1397179434861689,0.15206582228536392,0.15493278156929927,0.14590694745380298,0.14412627213326135,0.1562724759599525,0.13854007597360157,0.1310521425728222,0.18342242076270926,0.23835758632515375,0.23150250448670504,0.2489133690820928,0.12561585968721167,0.15559692408071424,0.2029370786211398,0.19174889897195818,0.1443472142573966,0.15153721784816934,0.14486475705129662,0.1570720404962925,0.18261689060030867,0.1632508913609997,0.17535163749288785,0.16521781619554227,0.253495733888265,0.27534582236958244,0.22434337950046782,0.2635039612901015,0.2919899991524513,0.3159705091323462,0.20424672739864264,0.17842117017180573,0.1785632361919171,0.18433671582562297,0.25752719325535545,0.17288461247544393,0.21025109669881026,0.2936959283213045,0.21994098734239412,0.19203716852131125,0.11508504463622567,0.11822170156901944,0.11821039646164559,0.14724983273223732,0.14613365156692765,0.15690255358057462,0.1380514167650553,0.14400841945063794,0.1429117454415364,0.13562939383464273,0.12811230493817413,0.1888864290830101,0.23550469528335397,0.23272442972696822,0.2742322302465415,0.12001430961369747,0.1503534041133155,0.2061391226758035
81.0,2.1968346910482506,2.3910410668394113,2.3382474608936348,2.372688680860634,2.2912965745824514,2.081460603024142,2.245906682059592,2.4626242569917873,2.4752231537893814,2.1777827935481113,2.405604944647738,3.016782765206701,2.736551826366351,2.8117707116677018,2.819241560475838,2.3559444757453623,2.8293036667771165,2.819268516892168,2.3980067067159903,2.5105251155003456,2.3581680391420665,2.7824714548661285,2.080820447769487,2.2957317068949377,2.1966971676251723,1.9690809301111019,1.8280273224035708,1.756241536332272,1.7082210525017298,1.6530232143395445,2.0204912718093087,1.9863720574926311,2.0770715240751225,2.3644273062718475,2.255186286890853,2.2774137397313314,2.369863989687879,2.2184324840177867,2.1008015571852865,1.903944919151569,2.4895369782119454,2.6261740429260785,3.0739494190075667,2.211481768516716,2.363595116134501,2.3043844629046664,2.388243961460974,2.298356653090591,2.0841855909277593,2.214088397940417,2.4253750557857088,2.5342120334935014,2.199978943051094,2.4097793782311205,2.8532868192047296,2.6516837240197604,2.801548463549488,2.908905148414398,2.355901677982145,2.884602293248141,2.755607913524013,2.506879024776057,2.381673278128127,2.488821589835579,2.7351205792353053,1.8818682688307582,2.1669822498423565,2.076899998308084,2.013604628772051,1.8872762533888898,1.7789027160619548,1.8431438869392225,1.6194354378380296,1.972397447151826,1.9535364362409504,2.0857798544869923,2.3284093833362114,2.2658438340284586,2.296249298861476,2.495862141553939,2.260955797055694,1.9872603375360665,1.9516651779663345,2.5204127354577133,2.626009758768856,3.0934042310908714,0.1818288735757829,0.14674736366870642,0.16476099782239023,0.15754083909805844,0.1708163142552216,0.21408645142865831,0.1760657590908868,0.1793641965805374,0.14841948186773501,0.26740777921915815,0.23669303378694292,0.23686850970527373,0.2622409280316086,0.34061595626950486,0.3130555373819873,0.2060785972950672,0.1844611598576387,0.18429350097559816,0.19285827917052537,0.25894017181591994,0.16732802198534563,0.20432217493508076,0.2957840767715225,0.2290732154217651,0.21253653405408224,0.10880721119560571,0.11783056544881257,0.12413977486463201,0.14060214345612435,0.1526610864793463,0.15598021766051728,0.14750257769615532,0.1453141331865201,0.15810854459521026,0.13956680280693595,0.13170474979316804,0.18481369796188318,0.23983637106733477,0.23314883939956282,0.2502017924836723,0.12621319218481633,0.15601486649705185,0.20446698147900988,0.19328265370845465,0.14583817281087283,0.15338423069285181,0.14571638695415923,0.15991133181906309,0.1847464333936643,0.16491532618340587,0.17795736585340363,0.16838099377127475,0.2556826377941904,0.2783361357163768,0.22616884102010384,0.26636779930564686,0.29333174645150584,0.3173070990571688,0.20409503984775104,0.17878657480363247,0.1795917626309507,0.18661060143211727,0.26122442057398315,0.17417198384941396,0.2120395702846011,0.2959858282034185,0.21973242795794629,0.19205901467451025,0.11453486574806913,0.11723706250884025,0.11698944264329617,0.14813901783089628,0.14717542235995848,0.15762416059543255,0.1386215209110606,0.14470414902892065,0.14310129590745982,0.1361202704218299,0.1280607311440771,0.1894313956301259,0.2361995493296709,0.23296624461594082,0.2761375546878622,0.11994616897697724,0.15094170395348994,0.20827678821848156
82.0,2.1846665617511163,2.381546913039255,2.330237213540618,2.3645777288988463,2.287025745657124,2.0772231449885603,2.241146920267346,2.463956798221478,2.4702557629895163,2.1787168330146587,2.4054787725559783,3.006788572022316,2.727318079882782,2.7871826565802382,2.797982042972172,2.3517473757156453,2.8267168203602324,2.81214387614726,2.394209778081793,2.509862062955119,2.3491751762797453,2.77079496105574,2.0658694953546757,2.2883764651466043,2.192022874685845,1.9638973068483307,1.8259205504476372,1.7518265602581815,1.7031260563758792,1.6500736046626254,2.0156111000004535,1.97965128148835,2.0705865978790925,2.3559148937946905,2.2489558310273154,2.27116383363984,2.3574667538094425,2.2055170024976873,2.085831446259306,1.88579097246048,2.4835758356659947,2.619736419382833,3.0648841082843283,2.1992885134257993,2.3550464306817047,2.2971276240794274,2.3806218515290323,2.2953295966297635,2.082157407008311,2.2104490065803835,2.4269594739170226,2.532019400161595,2.204022250222101,2.414281117818682,2.8466042844041874,2.6477164750720155,2.7833163266595418,2.8855433130498622,2.357427672606333,2.879606191160748,2.744326708959898,2.505293716015293,2.3800127734565852,2.4799679080939057,2.722251897800091,1.8648433684139145,2.158868952325765,2.0719116117918257,2.0086095676977984,1.8845070915398412,1.7756889725255667,1.836331576492133,1.616455472982592,1.9678952665123888,1.947214487569176,2.0783191380395674,2.3195461872584993,2.2587337857161693,2.291042877677473,2.4846314108700507,2.247189300371265,1.9719967868952768,1.9344232185662356,2.5147221528869936,2.617988323833687,3.084086193128755,0.18363272360374105,0.14832612729349634,0.16709380834804083,0.15931749328632377,0.17426127992984256,0.2181909535876994,0.17820071761090528,0.1820060960149564,0.1505649805556688,0.26911985077918144,0.23801785046114726,0.23900568293722388,0.26446678453634703,0.34184111959691044,0.31443064378076996,0.20642491892248852,0.1858901560009787,0.18604401844169166,0.19460514295904333,0.2609190572478235,0.16917352082798237,0.20716636359531632,0.2979678767226199,0.2313355437279987,0.21402972945836188,0.10763484821276798,0.11668151103483597,0.12364383591091176,0.1414821578156359,0.15323686985497031,0.15703579062114442,0.1491364546609241,0.14650294507576953,0.16000340723471965,0.14059294323777838,0.13233810279016867,0.18624686698764487,0.24134866477653505,0.23486486974067727,0.25153498836401983,0.12678345928366133,0.1563755444524169,0.20603754397905147,0.19480536278444927,0.14733225681144033,0.1552573204771437,0.14654540875507216,0.16285300962408988,0.18694204053193167,0.16661125998011003,0.18065580671202017,0.17166353785943986,0.2579568653606369,0.2814731041232348,0.22805686035352143,0.26938817232358614,0.2946639934168454,0.3186044896708223,0.20382006844018324,0.17906332066697941,0.18061113760737213,0.18895084480505342,0.26507118573381105,0.1754585099347393,0.21384309268472068,0.29834291084636,0.21942440283014483,0.19197641821091557,0.11390210617371899,0.11614294823319754,0.1156385868096293,0.14901075317999157,0.14824861890982066,0.15833398296312473,0.13913646330959006,0.14535688482167008,0.14319640699546174,0.1366038124890707,0.12797385535207875,0.18992243491574504,0.23682579370401227,0.23310662403341448,0.2780891263175483,0.11982117692351807,0.151538526795727,0.21048808901681
83.0,2.172356991507464,2.3720510785749602,2.3223873952510266,2.3563123900230956,2.2831840698724384,2.0735386140931524,2.236683287176131,2.46593411261093,2.4653121368353763,2.18003437877804,2.40532808534865,2.996223682261122,2.7175376131863036,2.7618089671171777,2.7760547017695774,2.3476900982298643,2.824302618655415,2.80488177035367,2.390597875683479,2.5094499520220634,2.3400216036669406,2.7588171006694835,2.0503094540648696,2.2809368310782183,2.1869799268712087,1.9588287678169192,1.8237666005869446,1.7473724542438014,1.6981873213544956,1.6474419969944505,2.0111276955850945,1.973128001654094,2.064391025358572,2.347415076572109,2.242980651337197,2.2649521902379144,2.344797070926783,2.1926649319401585,2.0700638428325226,1.8665806175759716,2.4776704802357385,2.6133665897434897,3.0556441835280284,2.187019034467022,2.3465217693303457,2.2900663293968826,2.372884381385042,2.2927683560099315,2.0807278670964644,2.2071363789261924,2.429095367584001,2.530006880321196,2.208812166267557,2.4191283867119333,2.8395113764315214,2.6436188987845997,2.7647269208411527,2.861388821319714,2.3593361664335606,2.87460886756215,2.7326898812054248,2.5039786380653517,2.378384128399822,2.4709676628330346,2.7090201333991457,1.8471595288986753,2.1505531814578003,2.0667094178535885,2.00367007327942,1.8815197155387555,1.7724283293524106,1.8296415886536037,1.6137956161302631,1.9638062291835297,1.941107920692773,2.071087907757771,2.310721391155964,2.2518674210193566,2.2859844334827533,2.4733628680222943,2.233384072447531,1.9561414408533515,1.916293336563062,2.5091444072771836,2.6099577079950484,3.074565430581051,0.18545761085388723,0.14990293811884928,0.1694625373395258,0.16112963001993724,0.1778093711634825,0.22246653885798107,0.18039243438802358,0.18471941308719605,0.15275718321766113,0.2708648796439044,0.23936515923179252,0.24122334289927097,0.26681690796883395,0.3430031548176049,0.3157616646605016,0.20666476873856346,0.18733915232917675,0.18784887964699917,0.19635852399867368,0.26291315053013187,0.17106308717499097,0.21011607023040732,0.3002123217043905,0.23368135568225917,0.21554984675445715,0.10631105850250545,0.11539859917977138,0.12306618987293204,0.1423545732427527,0.15378985684073546,0.1580968742036212,0.15080625459905936,0.14769052792595297,0.16195562444545186,0.14161668165331534,0.13295403483439966,0.18772217933927418,0.24289426376261727,0.23665165566566398,0.252913088836969,0.12732466742287973,0.15667895893717512,0.20765046052592942,0.1963103274526459,0.14882409795739446,0.15714913872569675,0.14734741760036138,0.16589031113063532,0.18919912803810643,0.1683333392143002,0.18343908777519666,0.1750570417542724,0.26031325816361717,0.2847547044802704,0.2300053847951293,0.2725664262281698,0.29598709788538524,0.3198591739306487,0.20342056351530804,0.17924391021463612,0.18161989843072912,0.1913544667018927,0.26906294297990097,0.17674373359167436,0.2156588048712669,0.30076580932005553,0.21901509348107567,0.1917839808198861,0.11319151155404387,0.11494280245935966,0.11415951610204078,0.1498624787978526,0.14935514438933403,0.15903138574521922,0.13959371380223695,0.14596447064137846,0.1431924807273722,0.13708554414726185,0.127859570246915,0.1903600584179587,0.23738117174296394,0.23313968150009393,0.28008682444100563,0.11964288156361277,0.1521516191047493,0.2127747229484448
84.0,2.159910634338165,2.362561896524232,2.314714788029043,2.347891487838089,2.2798018331900782,2.0704451952866236,2.2325368161364616,2.468594696159216,2.460400589038095,2.1817586836770375,2.4051526873026376,2.985064658513276,2.707193007170106,2.735644550761313,2.753452856729091,2.343786069719824,2.822071295911801,2.7974802169030175,2.3871836187204214,2.509299941096878,2.3307132549401386,2.7465401865932777,2.0341268022482684,2.2734187582574585,2.1815549727575196,1.9538910285915863,1.8215678451670971,1.742883795599963,1.693422338572341,1.6451525071964321,2.0070703592855312,1.9668244830493875,2.0585128656132134,2.338940034615069,2.2372851575646764,2.2587918290763067,2.3318532362478512,2.1798898619369083,2.0534730359186613,1.846277971504166,2.471831759626186,2.607078963750993,3.0462289928328854,2.174680418397586,2.3380299379585523,2.2832189024573006,2.365031352628836,2.290704502493122,2.0799372739370883,2.204172275808488,2.431815898583555,2.528187717882062,2.214387786061468,2.4243361390473503,2.8319897304055575,2.639388703508676,2.7457883088963753,2.8364322525776666,2.3616436177340994,2.8696146493044226,2.7206889901813165,2.5029486373626524,2.3767875810253436,2.461826530729538,2.6954259123815274,1.8288053957328438,2.14203548866051,2.061288354554247,1.9987983959415314,1.8783075185702485,1.7691239279244106,1.82309166961507,1.6114796307444696,1.9601594537917864,1.9352390568439015,2.0641117184475317,2.3019483301138557,2.245269253024093,2.2810912980950078,2.462064919759962,2.219548832221485,1.939678118120861,1.897248012249248,2.5036928219565846,2.6019302182953616,3.064841002230158,0.18729693631733665,0.15147021049350143,0.17185877998168111,0.162972055100396,0.18145130946070143,0.2269059988394732,0.18263414124307328,0.1874962326224848,0.15498934789000995,0.2726384165706039,0.24073312215694567,0.2435190577346761,0.26929758221387395,0.3440977508921153,0.3170447209402317,0.2067952437819887,0.18880358278706336,0.18970754213784827,0.19811319016198642,0.2649169714202205,0.1729940833789513,0.2131684637590289,0.3025147832831029,0.23611198464219046,0.21709650509253678,0.10483678474774837,0.11398592702264301,0.12241229106160507,0.14321553791634295,0.15431631419544764,0.1591603462018896,0.15250914876688398,0.14887463830485698,0.16396320113258178,0.1426360984539889,0.13355526011591587,0.18923961215911578,0.2444728866828411,0.23850985618704748,0.25433583312039026,0.12783488093314535,0.15692623818966628,0.2093075484581397,0.19779005955488202,0.15030776695329445,0.1590513922141379,0.14811785266331667,0.1690152186333073,0.19151217047960434,0.17007548069126885,0.18629761079433962,0.17855135119212964,0.2627450073300784,0.28817730799074537,0.23201152854389345,0.2759028448986671,0.2973019761922865,0.3210679044942661,0.202896853306424,0.17932068368517903,0.1826167064093236,0.1938178165268559,0.2731935183119722,0.17802750363489656,0.21748363294968176,0.3032525214494452,0.21850374373562287,0.19147674780552795,0.11240996327667985,0.11364230675947433,0.11255611602350929,0.1506916574980489,0.15049713961720143,0.1597159082282407,0.1399911740538882,0.1465251369326148,0.14308539830498812,0.13757214318885594,0.12772784268536,0.19074577585890762,0.2378643473024048,0.23305988864540003,0.28213037883660924,0.11941637281172642,0.15279012238280473,0.21513820406642234
85.0,2.147332144264056,2.353087699964854,2.307236173878945,2.3393138459485794,2.276909321571778,2.067981073517726,2.228728540498835,2.471977044865445,2.4555294333087962,2.183913000550424,2.4049523826948773,2.973288063368968,2.6962668427273386,2.7086843149954363,2.730169827711731,2.340048716617331,2.8200330863785585,2.789937233186897,2.3839796263919566,2.509423188575311,2.321256063735819,2.733966531713029,2.0173080182530936,2.26582820025194,2.175734660921006,1.9490998047470542,1.8193266565336816,1.7383651616375266,1.6888485991641609,1.6432292511300042,2.0034683918241165,1.9607629907337571,2.052980177742667,2.3305019479345765,2.231893759453895,2.2526957697057015,2.318633544980646,2.167205382079628,2.0360333145314193,1.8248471512512159,2.466070521542321,2.6008879511482816,3.036637884293191,2.1622797519747228,2.3295797424444635,2.276603666860973,2.3570625668602787,2.2891696073413774,2.0798259302750326,2.201578458057943,2.4351542287126677,2.526575156753922,2.220788204477837,2.4299193289614345,2.8240209814451385,2.635023597595366,2.726508553627219,2.8106641861773998,2.364366484778156,2.8646278632396593,2.7083155958082337,2.5022185603436244,2.3752233694006493,2.452550188459947,2.681469861096315,1.8097696143642088,2.1333164253558823,2.0556433599547317,1.9940067861087454,1.8748638938189457,1.7657789096234935,1.8166995655679348,1.6095312802886126,1.9569840589637049,1.9296302172547064,2.0574161249147895,2.293240339217399,2.2389637948164642,2.276380803331877,2.450745972832304,2.205692298630117,1.9225906374084056,1.877259725917205,2.498380720253596,2.593918161777037,3.054911966858439,0.18914311183235377,0.15301959733197673,0.17427323499933198,0.16483900138012894,0.18517669620910257,0.23150069701108453,0.1849184399440452,0.1903277016516776,0.157254369684037,0.27443532773190343,0.24211960965962515,0.24588967469374493,0.2719151600100566,0.34512089890855846,0.31827606772626865,0.2068143978353309,0.19027827806048625,0.1916189977449376,0.19986350251048526,0.2669243528152844,0.17496363077308513,0.21631998397618096,0.3048720638877003,0.23862866469675595,0.21866944146265047,0.10321547937014684,0.11245066436779827,0.12168999839229439,0.14406078319955828,0.15481208930302096,0.16022257185762173,0.1542417937671375,0.1500529930626427,0.16602354268717737,0.14364912604907423,0.13414539095154726,0.19079879985725792,0.24608415809850412,0.24043963568061405,0.25580247861878685,0.12831219611861464,0.15711974535448545,0.21101070371365033,0.19923629316870423,0.1517767955755102,0.16095492583193374,0.1488520845474331,0.1722185384345201,0.19387472975143077,0.17183093049456868,0.1892200703024033,0.18213459768161175,0.26524363889196084,0.2917355934255491,0.2340715539566417,0.2793965470042613,0.2986101070728922,0.3222277232932181,0.20225097696029035,0.1792859248900457,0.1836003422671325,0.19633660607693193,0.2774550748322659,0.1793099933994476,0.21931427598237963,0.305800349224685,0.2178907280743804,0.19105025535852577,0.1115665373078438,0.11224951404745313,0.11083466605867161,0.1514958310922711,0.15167702014329434,0.1603873094474915,0.14032722955140325,0.14703753368652864,0.1428715785756695,0.13807133904404872,0.12759068870129733,0.19108214488212888,0.23827506597499618,0.23286216056047784,0.28421930803514645,0.1191483204085754,0.15346444938937118,0.21757973581097353
86.0,2.1346261753059865,2.3436368219745414,2.2999683348049347,2.33057828795925,2.274536820979233,2.066184433735207,2.2252794936137508,2.476119654728694,2.4507069833586144,2.1865205822369633,2.404726975802291,2.960870459418383,2.684741700751196,2.680923167302347,2.7061989345785142,2.336491465354192,2.8181982243048154,2.782250836596904,2.380998517897441,2.5098308528530575,2.3116559636904905,2.7210984489146024,1.9998395804275357,2.258171110629364,2.169505639937891,1.944470811858033,1.817045407032313,1.7338211296673374,1.6844835942647165,1.6416963446565926,2.0003510939231695,1.9549657897667176,2.047821020846561,2.3221129965415925,2.2268308667490175,2.246677031676828,2.305136292333152,2.15462508196005,2.0177189676845066,1.8022522738232631,2.4603976136891554,2.5948079616782924,3.0268702060031654,2.149824121955636,2.3211799886662243,2.270238946208155,2.3489778256792073,2.2881952418167653,2.080434138855162,2.199376686505177,2.4391435197682623,2.525182440846501,2.2280525163906812,2.435892910590675,2.8155867646690638,2.6305212893957846,2.7068957178357653,2.7840752014726493,2.367521225835988,2.8596528362199485,2.695561258006889,2.501803253444698,2.3736917315932464,2.4431443127008396,2.6671526058925736,1.7900408302405433,2.1243965429659224,2.0497693721159402,1.9893074942056712,1.871182234469479,1.7623964158315921,1.8104830227036,1.607974328226101,1.9543091633258136,1.924303723157358,2.0510266819654834,2.2846107535518443,2.232975559482555,2.2718702810110356,2.439414433988595,2.1918231906104277,1.904862817426544,1.8563009578593594,2.493221425496578,2.585933845482509,3.044777383248275,0.19098759517670344,0.1545420738265711,0.17669585388446174,0.1667242427160157,0.1889741945007588,0.23624069892285116,0.18723753336773752,0.19320423227240996,0.15954507498604634,0.27624988647884746,0.24352227732930576,0.24833138575879002,0.27467603719564015,0.34606892551219515,0.31945207388151836,0.20672132032814894,0.19175752547517438,0.19358170246574702,0.2016035358641376,0.26892852658051364,0.17696868401940125,0.21956636540063101,0.3072804300097879,0.24123248661864594,0.22026851954768834,0.10145346724662485,0.11080347694207657,0.12090973988504865,0.14488567076991907,0.15527262751135598,0.16127940414916972,0.15600033612539094,0.15122329828316694,0.16813341363459441,0.14465349336586056,0.1347289169033023,0.19239895026425066,0.2477275838336674,0.24244055397128653,0.2573116979271023,0.12875470009612078,0.1572631581440869,0.21276183153067377,0.20064002625095267,0.15322422247479353,0.16284986015750835,0.14954553410377963,0.17549003054879295,0.1962795233749676,0.17359236836204045,0.19219353012081075,0.18579328867098358,0.26779905847398167,0.2954224917491024,0.23618088114159902,0.2830453897495546,0.29991350991491694,0.32333598520194234,0.2014867699334297,0.17913199616251474,0.18456968987061173,0.19890597479140143,0.2818381211230613,0.180591709456482,0.22114719718347034,0.3084058468923171,0.2171775733291838,0.19050055794503973,0.11067244617722712,0.11077488046328592,0.10900395714416419,0.15227269150277292,0.1528975165611919,0.1610456197230404,0.1406007912227062,0.14750075372798607,0.14254802451485113,0.13859172033381306,0.12746201871878757,0.1913727830309593,0.23861431588206078,0.23254193769567044,0.2863528421169318,0.1188469387341778,0.15418605457093562,0.220100055576155
87.0,2.1217973814848046,2.3342175956310576,2.292928052811228,2.3216836374748673,2.272714617374155,2.0650934608878084,2.222210708831714,2.4810610217480606,2.445941552898676,2.1896046815754437,2.40447627090181,2.9477884092517126,2.6726001621348585,2.6523560151648495,2.6815334971904785,2.333127742362206,2.8165769439397197,2.7744190445246524,2.3782529124362446,2.5105340923258894,2.301918888440636,2.707938251083917,1.9817079671198135,2.25045344295734,2.162854558384407,1.940019765499245,1.8147264690085794,1.7292562770002482,1.6803448150087745,1.6405779036376333,1.9977477663050296,1.949455145207786,2.04306345402455,2.3137853604471075,2.222120889194195,2.2407486345404175,2.291359773513357,2.1421625511698847,1.9985042843916303,1.7784574562264674,2.454823883771689,2.5888534050839733,3.016925306057056,2.1373206150975457,2.312839482501979,2.264143064099152,2.340776930685483,2.287812977181323,2.081802202422312,2.197588721980861,2.443816933547304,2.524022814069541,2.236219816674014,2.442271838071565,2.806668715196152,2.6258794872611158,2.6869578643240315,2.7566558778170833,2.371124299177837,2.8546938950973932,2.6824175366979306,2.5017175631022925,2.372192905670608,2.4336145801287747,2.65247477311938,1.7696076888096464,2.115276392912648,2.043661329098776,1.9847127706569216,1.8672559337064687,1.7589795879306402,1.8044597872134958,1.606832538020345,1.9521638855046672,1.919281895783999,2.0449689444055528,2.276072908202421,2.22732906010845,2.2675770629501373,2.4280787099781005,2.177950227099418,1.8864784768858862,1.8343441883681166,2.4882282610138846,2.5779895764542147,3.034436310182041,0.1928209626297466,0.15602806356682233,0.17911604967212658,0.16862124816745316,0.1928317684261419,0.2411149530913128,0.1895835172958984,0.19611577360311838,0.16185458361025565,0.2780759177875058,0.24493867582306034,0.2508398304490784,0.2775866180978215,0.34693852637897127,0.32056919125785144,0.20651619512328798,0.19323516339951324,0.19559350527725203,0.20332724043041941,0.27092225056454167,0.17900612448373343,0.22290268110840625,0.3097356713944364,0.24392434367685095,0.22189373466633455,0.09956030040011943,0.10905893105612911,0.12008460356964175,0.14568526775075646,0.15569301138607175,0.1623262039978131,0.15778043285438753,0.152383282865166,0.17028889969582242,0.1456466595710404,0.13531113972870024,0.1940387448997135,0.24940251655242635,0.24451144065504699,0.25886146295747114,0.12916041350115723,0.15736150989155742,0.2145627501794251,0.2019915965584262,0.15464266437086552,0.16472578579663677,0.15019382237601317,0.17881858850965301,0.19871853291631342,0.1753520623697584,0.19520356069080513,0.18951245819495802,0.27039965834914725,0.2992291654779914,0.23833413066124592,0.28684588178295267,0.30121469380184956,0.32439037458119285,0.20060988893155016,0.17885149903762007,0.18552370728382742,0.2015205856880486,0.2863315669082757,0.18187348703165118,0.2229786194374533,0.31106478080018696,0.21636692359488444,0.1898242318442807,0.10974083776825645,0.10923116549526068,0.10707530342639252,0.1530201673883561,0.15416171607507442,0.1616911970363752,0.14081132304770475,0.14791434638035514,0.1421123556614021,0.13914244231075634,0.12735733020949436,0.19162233405413176,0.2388844792128732,0.23209525799741623,0.28852982975140323,0.11852186444416052,0.15496709006177123,0.22269925286769435
88.0,2.108850416821363,2.3248383540121274,2.286132109902077,2.3126287181001186,2.2714729967182383,2.064746339924261,2.2195432195032283,2.486839641922635,2.441241455640122,2.1931885514046376,2.4042000722703456,2.93401847545911,2.659824807771519,2.622977766065716,2.65616683540862,2.329970974073215,2.815179479532414,2.7664398743617586,2.3757554292077105,2.5115440653895145,2.2920507716227605,2.6944882511068733,1.96289965667814,2.242681150803534,2.1557680648368045,1.9357623812453981,1.8123722148080978,1.724675180947112,1.676449752531076,1.6398980439345352,1.9956877096920267,1.944253322116483,2.038735536376268,2.3055312196621,2.2177882365335893,2.23492359784718,2.2773022837292127,2.129831379300837,1.9783635536665003,1.753426815466958,2.449360179494923,2.5830386911082517,3.006802532549124,2.12477631815768,2.3045670298298417,2.258334344134197,2.3324596834789246,2.2880543846970864,2.083970423721347,2.1962363253156307,2.4492076318467304,2.5231095203327873,2.245329200201824,2.449071065540604,2.797248468145241,2.621095899542454,2.6667030558940836,2.7283967945644187,2.3751921630739408,2.8497553667240716,2.6688759918020883,2.501976335752835,2.370727129700268,2.423966667420294,2.637436989125782,1.7484588355193136,2.1059565266180558,2.037314168964139,1.9802348658871058,1.863078384714532,1.7555315673025569,1.798647605289016,1.6061296731347627,1.9505773441267904,1.9145870563668024,2.039268467040923,2.2676401382543885,2.2220488097802225,2.2635184809668565,2.416747207550093,2.1640821270340878,1.867421434496987,1.811361897735902,2.4834145501338543,2.5700976617345628,3.023887806442129,0.1946330206951647,0.15746760701122212,0.1815229623602054,0.17052337257028322,0.19673697308217342,0.24611151611456575,0.19194872343876607,0.1990521467830966,0.1641767253012949,0.2799069969910917,0.2463663909161484,0.25341023415092356,0.2806532647273578,0.3477268032471503,0.3216239172316543,0.20620033563371643,0.19470471023828037,0.1976515792922752,0.20502864176387034,0.2728979756389633,0.18107286864910918,0.22632340470399223,0.31223318616363405,0.24670486820510304,0.22354521435184468,0.09754909277816225,0.10723585855908614,0.11923033356127259,0.1464544505861118,0.1560680235030369,0.16335788245537164,0.15957728892987408,0.15353073576609297,0.17248537436629657,0.14662573902980822,0.13589806070087104,0.19571622439784178,0.2511081104802633,0.24665025602340324,0.26044891908065154,0.12952721763767158,0.15742118157089957,0.21641506786058334,0.20328079443309355,0.15602441245939422,0.16657201217742407,0.15079294812259506,0.18219246436147563,0.20118314959255812,0.17710207596406458,0.1982344364044357,0.19327587832845833,0.2730324850499476,0.3031450242113533,0.24052520270913685,0.2907931075301644,0.302516575873478,0.32538891430298655,0.19962776612659092,0.178437453359419,0.18646138521219702,0.20417474764705398,0.2909228272269707,0.1831564685576258,0.2248045258130541,0.3137721035887333,0.21546244147895885,0.1890183526512578,0.10878643231561595,0.1076331744763817,0.1050624233227736,0.1537365257176427,0.15547310209313006,0.1623247859409138,0.14095885241740577,0.14827832328062793,0.14156282604506573,0.1397328320296315,0.12729323530196052,0.19183638276598805,0.23908946376005394,0.2315188118726177,0.2907486303380497,0.11818393813634025,0.15581994839390795,0.22537656669938205
89.0,2.09578993533651,2.315507430195511,2.2795972880816953,2.3034123534397444,2.270842244973203,2.065181255793297,2.2172980589788094,2.4934940112515,2.43661500529407,2.1972954445633204,2.403898184184829,2.9195372206307835,2.6463982185543182,2.5927833274877585,2.630092269093988,2.327034586918994,2.8140160653320585,2.75831134349982,2.373518687411215,2.512871930439643,2.2820575468733315,2.680750761869341,1.9434011274507421,2.234860187735598,2.148232807871297,1.9317143746712162,1.8099850167764464,1.720082418818777,1.6728158979663896,1.6396808814087394,1.9942002248064787,1.9393825855523255,2.0348653270013712,2.297362754197555,2.21385731851134,2.2292149411478266,2.262962118188733,2.1176451559446288,1.9572710645228213,1.727124468550875,2.444017348563823,2.5773782294940784,2.9965012335736176,2.112198317893238,2.296371436527975,2.2528311099136076,2.324025885659406,2.2889510356261193,2.0869791054971123,2.1953412573401283,2.455348776463494,2.522455803545956,2.2554197618481417,2.4563055471342823,2.7873076586351186,2.6161682345909525,2.646139355347935,2.6992885310683663,2.379741275794532,2.844841577952064,2.654928183240018,2.5025944178327584,2.3692946417497045,2.4142062512519673,2.622039880260878,1.7265829158173083,2.0964374955041745,2.030722829772953,1.9758860303208432,1.8586429806783116,1.7520554953292709,1.7930642231215774,1.6058894970327529,1.9495786578187282,1.9102415261379149,2.0339508046775565,2.2593257787929617,2.217159321583966,2.2597118668788356,2.4054283334538553,2.150227609351411,1.84767550897046,1.7873265662551345,2.478793616184875,2.562270408365995,3.0131309308109038,0.1964129560615449,0.15885056888990248,0.1839057725670532,0.1724240753685323,0.20067728279968966,0.25121781068932125,0.1943260971070541,0.20200342959650935,0.16650648767944498,0.28173669951236485,0.24780320617407517,0.2560375766280503,0.28388222073673836,0.34843130953104223,0.3226127565938544,0.2057761942995061,0.196159525113658,0.1997523596700757,0.2067020721828841,0.27484804784809075,0.1831659847782364,0.22982248644847592,0.31476808937831835,0.2495743608793124,0.2252232143617668,0.09543682251838598,0.10535765642456658,0.11836521208613972,0.14718803612028372,0.15639223277308825,0.1643689656196798,0.1613857115746537,0.15466354540321217,0.17471747148638542,0.14758742104405748,0.1364962205018045,0.19742866199356007,0.25284326504664373,0.24885394300405453,0.262070254172231,0.1298527684648961,0.15744983549623393,0.21832003558138727,0.20449701269075704,0.1573615516585261,0.16837786348035252,0.15133948566499422,0.18559952943845318,0.20366435034712904,0.17883452541368694,0.201269387845167,0.19706632801650797,0.27568346076583006,0.3071577758954524,0.24274739415229413,0.2948806653763146,0.3038223706066428,0.326329968252571,0.19854948633618288,0.17788348363952278,0.18738169417763892,0.20686255607508955,0.2955979729130958,0.18444206200175967,0.22662066538650555,0.31652194462479244,0.21446864362100182,0.1880804469564708,0.10782499203455845,0.1059973269395131,0.10298117167028326,0.1544204862082026,0.15683558733056763,0.16294757545776917,0.14104396070055011,0.14859316007842,0.14089832915369344,0.1403718993161517,0.12728682650146605,0.19202131604030429,0.23923480256302734,0.2308099721866785,0.2930069935615609,0.11784488907726558,0.15675670547021497,0.22813017188335488
90.0,2.0826205910511075,2.306233157258942,2.273340369354323,2.294033367098471,2.2708526481007762,2.0664363934436683,2.21549626060896,2.501062625733747,2.4320705155716587,2.201948613890254,2.40357041092218,2.904321207356893,2.6323029753764846,2.561767606913765,2.6033031181076036,2.324332007331372,2.81309693558779,2.7500314693304384,2.3715553062460866,2.5145288458720083,2.271945147828859,2.6667280962572537,1.9231988577857946,2.2269965073211786,2.140235436064127,1.927891461351419,1.8075672472592437,1.715482567926091,1.6694607424494619,1.6399505319216674,1.99331461237073,1.9348652005748415,2.0314808849994916,2.2892921440644307,2.210352544871624,2.2236356839930917,2.2483375720998757,2.105617470692963,1.9352011059742946,1.699514532484381,2.4388062386834273,2.5718864299843878,2.9860207572247695,2.099593701061443,2.2882615084745126,2.2476516850376296,2.315475338826775,2.2905345012304683,2.090868550494484,2.194925278885005,2.462273529194542,2.522074907618795,2.266530596486954,2.4639902369891074,2.7768279217846366,2.611094200757752,2.6252748254876463,2.66932166668261,2.3847880956098826,2.839956855633484,2.6405656709324132,2.503586655778488,2.367895679886432,2.404339008300348,2.6062840728737307,1.7039685751514355,2.0867198509929983,2.0238822495861046,1.9716785143827402,1.8539431147824177,1.7485545133927212,1.7877273869025954,1.6061357731777337,1.9491969452070224,1.9062676263294955,2.029041512121368,2.251143164903404,2.212685108605753,2.2561745525037638,2.3941304944386297,2.1363953929884127,1.8272245190168583,1.7622106742182309,2.4743787824952936,2.554520123390925,3.0021647420707462,0.19814951997236305,0.16016687755898082,0.18625404936598772,0.17431715542101311,0.20464043967287698,0.25642090096544545,0.19670958596600524,0.20496036965066336,0.16884046366234806,0.28355889248694877,0.2492472759007077,0.2587167816151581,0.2872795005529461,0.34905011063070035,0.32353219110699405,0.20524734635557243,0.19759299411776116,0.2018914936219696,0.20834242254695834,0.27676493695314447,0.1852828083007377,0.23339343758566097,0.3173353399691748,0.2525327157717439,0.22692811021681822,0.093244588084063,0.1034524895411833,0.11750981239176828,0.14788093580207534,0.1566601024483851,0.16535368148678684,0.16320018012841359,0.1557797391591757,0.17697906586445983,0.1485278894639377,0.13711249633964878,0.19917243013103983,0.254606558429761,0.2511182767601575,0.26372056960497564,0.13013440180319188,0.1574562836213366,0.22027838174687023,0.2056294309894662,0.1586460980099779,0.1701330092214154,0.1518307921355708,0.18902755741832106,0.20615289420505684,0.18054188079139066,0.20429089971505052,0.20086591202958345,0.2783376474823546,0.31125351195773615,0.24499355241672566,0.2991006225254865,0.3051354554677034,0.32721224014703626,0.19738558586433955,0.17718399829992165,0.1882835231352594,0.20957804087529924,0.300341921842733,0.18573187625913162,0.22842256434586716,0.3193076177872166,0.21339067449644994,0.1870084211853902,0.10687263575996496,0.10434104919236364,0.10084911627522739,0.1550713447692787,0.15825353480328733,0.1635612512472774,0.14106775245130654,0.14885979952236414,0.14011839362770226,0.14106777370366635,0.12735490380614142,0.1921841317984829,0.23932770985111906,0.2299667921900868,0.29530193037569796,0.11751693201326853,0.15778849108891663,0.23095696807694854
91.0,2.0693470379859926,2.2970238682801645,2.267378135724191,2.2844905826810082,2.271534492062635,2.068549937824114,2.214158857744164,2.5095839813684657,2.4276163001840247,2.207171312224224,2.403216556759327,2.8883469982276355,2.617521659131163,2.529925511826538,2.5757927023104825,2.321876661742131,2.812432324548758,2.74159826924522,2.3698779049116907,2.516525970082364,2.2617195081258323,2.652422567156493,1.9022793260315485,2.219096063127924,2.131762597991523,1.924309356860714,1.8051212786020854,1.7108802055799104,1.6664017771150539,1.6407311113347487,1.9930601731070965,1.9307234322435454,2.0286102694702888,2.2813315692737293,2.207298325358587,2.218198845933677,2.2334269406706437,2.093761913137563,1.912127967034643,1.6705611242736003,2.4337376975587164,2.5665777023221237,2.9753604515968566,2.0869695544195124,2.280246051547576,2.2428143931065656,2.306807844580851,2.2928363527721967,2.0956790614582896,2.195010150780922,2.470015051836818,2.5219800764610336,2.2787007989922783,2.4721400892415457,2.7657908927125963,2.6058715063939637,2.6041175291152507,2.6384867807608674,2.3903490807902013,2.8351055266204033,2.6257800147999695,2.5049678960264363,2.3665304821779394,2.3943706152419955,2.590170193313401,1.6806044589694729,2.0768041445065304,2.016787366464513,1.9676245684974112,1.8489721802114758,1.7450317628748306,1.7826548428234763,1.6068922650331106,1.9494613249182142,1.9026876781737014,2.0245661441783085,2.243105631670938,2.20865068393168,2.252923869659268,2.382862097253703,2.122594196882063,1.80605228334678,1.7359867019175974,2.4701833723934743,2.5468591138517778,2.9909882990040346,0.19983124030406127,0.16140678602391748,0.1885581131622589,0.17619698605707101,0.20861480020977247,0.26170776679574476,0.19909451054029034,0.20791479810716776,0.17117725897337563,0.28536805300009405,0.2506972917090106,0.2614429151514325,0.2908507353097619,0.3495818652441462,0.32437866665454573,0.20461844977147392,0.19899873302600504,0.2040638085801274,0.2099453995870965,0.27864147935915695,0.18742104419597136,0.2370294154729765,0.3199298786311651,0.2555793452891926,0.22866038470088962,0.09099780248584022,0.10155335785579162,0.11668661378916965,0.14852832642077693,0.15686611614057286,0.1663060663718232,0.1650149292040314,0.15687752043843706,0.17926326480413604,0.1494427486598279,0.13775386569820405,0.20094286751122736,0.2563961734908339,0.25343772077276155,0.26539376230730366,0.13036903604949532,0.1574502867047405,0.22229013697642686,0.20666722892620995,0.159870147434226,0.1718278123087507,0.15226521013276959,0.19246451304627976,0.20863952621561713,0.18221729801498232,0.20728104179197163,0.20465641933039186,0.2809795399077221,0.315416823825161,0.2472562625484535,0.30344349017799244,0.3064592224397607,0.3280347734280855,0.19614777730842808,0.17633434561244712,0.1891656134633765,0.21231530874003524,0.30513866276093343,0.18702763207509762,0.23020554213862782,0.3221216470051574,0.2122340293568749,0.18580047340369424,0.10594503228921388,0.10268200943735824,0.09868496839115368,0.15568910018038035,0.15973176043328513,0.16416803649962738,0.14103180285415876,0.14907966250843221,0.13922317525633132,0.14182710004054974,0.1275131088012417,0.19233220260120448,0.23937708300487825,0.22898796620959,0.29762958122733346,0.11721229617088336,0.1589248273730496,0.23385238923256463
92.0,2.0559739301620223,2.287887896336938,2.2617273691954893,2.274782823792082,2.272918062820512,2.071560073883354,2.21330688373494,2.51909657415475,2.4232606728422845,2.212986792403998,2.402836425973181,2.871591155833176,2.6020368507115434,2.4972519497088537,2.54755434156366,2.319681976583116,2.8120324664641116,2.733009760635772,2.3684991026073936,2.5188744614663965,2.2513865614007442,2.637836487452949,1.88062901053618,2.2111648087234834,2.122800942229717,1.9209837767738196,1.8026494831505648,1.7062799090910805,1.6636564930979247,1.6420467355094086,1.993466207737924,1.926979545617952,2.026281539513403,2.273493209836429,2.204719069716392,2.212917446520318,2.21822851910899,2.0820920728701253,1.888025936717563,1.6402283609246888,2.4288225728946924,2.5614664562502303,2.964519664784097,2.074332964724666,2.272333871625327,2.238337557720664,2.2980232045215145,2.295888161513311,2.101450941133388,2.1956176338584954,2.478606506187271,2.522184553982405,2.2919694642381385,2.4807700580281153,2.7541782065378304,2.6004978598507464,2.582675529032797,2.606774452656843,2.396440689605736,2.830291917764907,2.6105627747633675,2.5067529850130432,2.365199286691732,2.384306748753475,2.5736988679289703,1.6564792127192232,2.066690927466798,2.0094331184690852,1.9637364430894724,1.8437235701501224,1.7414903851575276,1.7778643370756353,1.6081827360623058,1.9504009155788276,1.8995240029026876,2.0205502556543062,2.235226514180817,2.2050805606478168,2.2499771501630432,2.3716315486483333,2.1088327399693942,1.7841426206708035,1.7086271296456725,2.46622070920776,2.5392996867910047,2.9796006603931504,0.20144665217258262,0.1625611417715563,0.19080939076389228,0.17805873257855143,0.21258965564360477,0.26706555762113104,0.20147788368350722,0.21086001086618766,0.17351781607140773,0.2871595919646264,0.25215262313247466,0.26421137817599205,0.2946009705738279,0.3500259328035687,0.3251486083292574,0.2038951849299501,0.20037079507496935,0.20626330496625733,0.21150777140351787,0.28047112117819456,0.18957884348332385,0.24072330161966998,0.32254676760064005,0.2587131099200282,0.23042061208993617,0.08872630538573113,0.09969797994148343,0.11591947832723494,0.1491258286183475,0.15700491664866048,0.1672200871152612,0.16682404193472053,0.15795530032919755,0.18156241429088352,0.15032696335994195,0.13842715056640117,0.20273415597483999,0.2582098202706307,0.25580530008445784,0.2670824287363332,0.13055308022805787,0.15744228505905086,0.22435445981512156,0.20759981904840813,0.16102602746106295,0.17345367376055815,0.15264224994258635,0.19589882843931247,0.21111517534820884,0.1838549638830606,0.21022181802179632,0.20841970739339535,0.28359337205460355,0.31963094871574566,0.2495280611662123,0.3078982240097702,0.3077969282838354,0.32879695831334393,0.19484861031947004,0.17533093021862575,0.19002649306388827,0.21506866664792681,0.3099715020713089,0.18833104869373554,0.23196473247525243,0.3249558094972812,0.21100424407465274,0.18445499641748878,0.10505652788645632,0.10103723712462488,0.0965078965406976,0.15627457640195744,0.16127551101037674,0.16477071569325816,0.14093808425450838,0.1492546734943696,0.13821345205289823,0.14265443648872453,0.12777503212853328,0.19247300499716832,0.23939344313621727,0.2278727510420208,0.29998508899847776,0.11694271706890541,0.16017298549376047,0.236810253667592
93.0,2.0425059216000276,2.2788335745069825,2.2564048517724937,2.264908914036432,2.275033646336094,2.0755049865701647,2.2129613719317893,2.5296389000916757,2.419011947257578,2.2194183072683566,2.4024298228406735,2.8540302427637116,2.5858311310108104,2.463741828043536,2.51858135572814,2.317761378286116,2.811907595582986,2.7242639608937096,2.367431518532543,2.521585478419874,2.240952241290077,2.6229721700325306,1.8582343896479265,2.203208697675518,2.1133371173549436,1.9179304366654608,1.8001542332502865,1.7016862557704562,1.6612423815328288,1.6439215203070707,1.994562016985533,1.92365580575759,2.0245227542284674,2.265789245763496,2.202639187689177,2.2078045053037227,2.20274060262291,2.070621539482383,1.8628693040367692,1.6084803594437906,2.4240717123963527,2.5565671015116394,2.9534977448807678,2.0616910187341113,2.2645337745858827,2.2342395024802246,2.289121220248606,2.299721498715889,2.108224492264657,2.196769488948401,2.4880810540428655,2.522701584092656,2.3063756870985035,2.489895097485302,2.7419714983791503,2.5949709694792302,2.560956888042335,2.5741752617242213,2.4030793803267514,2.82552035591911,2.5949055107432897,2.508956769174737,2.363902331495321,2.374153085511337,2.5568707230694914,1.6315814818484642,2.056380751295805,2.0018144436607104,1.9600263885835367,1.8381906777829702,1.7379335216227432,1.7733736158504785,1.6100309497287144,1.9520448358154299,1.8967989217486132,2.017019401355299,2.227519147518266,2.20199925184025,2.2473517258327274,2.360447255371809,2.0951197411873586,1.7614793496995114,1.6801044376948526,2.462504116266548,2.5318541492509987,2.968000885020469,0.20298453613640505,0.16362165110008886,0.19300073811820606,0.17989853420633325,0.21655550178409308,0.27248180840124525,0.20385864602206227,0.213791081907837,0.17586561109050688,0.28893015837802405,0.2536134119786945,0.2670180784056147,0.2985344163952764,0.3503825092494304,0.3258384725807713,0.2030841787370479,0.20170387127799425,0.2084831798487077,0.21302758282121093,0.2822481464422943,0.19175484128674294,0.2444677654513326,0.3251813225876983,0.2619322581751683,0.2322094401825174,0.08646436512056803,0.0979284354530933,0.11523299836443451,0.14966968290300142,0.1570714513762446,0.16808977421385482,0.16862154951212135,0.15901172070635555,0.18386812442966818,0.15117482030572166,0.13913875943592996,0.20453921820394416,0.2600446608815739,0.2582125036021907,0.26877780269293494,0.13068235608384524,0.15744306703864244,0.22646947514254884,0.20841708833791942,0.16210644281144135,0.17500335119278596,0.15296273536072835,0.19931964937255883,0.21357113370370334,0.1854504311863068,0.21309551810377309,0.21213809721477522,0.2861634228322286,0.32387794387774665,0.2518016686947021,0.312452256798986,0.3091515579944135,0.32949855201523154,0.19350108360310359,0.17417127627908477,0.19086441545166055,0.2178327154015281,0.31482332411300584,0.18964370867257402,0.23369510941037847,0.32780119660514545,0.20970657589334904,0.18297048240688615,0.10421928161483979,0.09942219192316602,0.09433677455872569,0.15682953137465186,0.1628904121353205,0.16537263582171208,0.14078887387698985,0.1493873048398808,0.13709062931820393,0.14355170600198217,0.12815137561109416,0.19261382935692353,0.23938881068259124,0.22662084984741068,0.3023624854147262,0.11671892974177392,0.16153741584348574,0.23982267551337044
94.0,2.0289476663208856,2.2698692358680437,2.251427365459407,2.254867677018761,2.2779115285710994,2.0804228608332505,2.2131433556852134,2.5412494551783475,2.4148784371410272,2.226489109656069,2.401996551638725,2.8356408216094215,2.5688870809221136,2.4293900543133544,2.4888670646649715,2.3161282932829437,2.8120679461545426,2.7153588874106194,2.366687771886495,2.5246701793384796,2.2304224814303395,2.6078319277811164,1.8350819417149817,2.1952336835516726,2.103357771943448,1.9151650521103454,1.7976379012468493,1.697103822928883,1.6591769335545214,1.6463795815891693,1.9963769015722583,1.920774477721972,2.023361972715143,2.258231857065926,2.201083089021117,2.2028730418346227,2.1869614864203886,2.05936390256603,1.8366323580059607,1.5752812368370357,2.4194959637686946,2.5518940478493004,2.9422940399810917,2.0490508032050796,2.2568545663073993,2.230538550985507,2.2801016933619667,2.3043679356419746,2.1160400175969105,2.1984874768812657,2.4984718572005313,2.5235444107015192,2.3219585624474206,2.4995301617495884,2.7291524033553727,2.589288543630554,2.5389696689458785,2.5406797873167224,2.410281611223462,2.820795167935078,2.5787997826604383,2.51159409494794,2.362639854656176,2.3639153021921335,2.5396863850840594,1.6058999118049966,2.045874167415547,1.9939262801003057,1.9565066554042103,1.83236689629465,1.7343643136524036,1.7692004253394191,1.6124606694957488,1.9544222042545374,1.8945347559436394,2.013999136087234,2.219996866768538,2.199431270595059,2.245064928486006,2.3493176241733726,2.081463919472988,1.7380462891434967,1.6503911063575687,2.459046916898174,2.5245348082742094,2.956188031668371,0.2044341522719061,0.16458112355535423,0.19512670697443057,0.18171363440135258,0.2205042375312281,0.2779446041773628,0.2062377880228924,0.21670507502036973,0.17822668612151332,0.29067789669699795,0.25508060222554313,0.26985956795668087,0.3026541574344546,0.3506527886828738,0.3264448424528136,0.20219291822208196,0.20299347106596677,0.21071588697686355,0.2145043233301555,0.2839678764367408,0.1939481461111645,0.24825530866000156,0.3278292277479507,0.2652343821132657,0.23402757144193362,0.0842505310406501,0.0962905018152431,0.11465173496952566,0.15015691221308117,0.1570611177451961,0.16890936038431031,0.17040153296155486,0.16004566562129774,0.18617131924032043,0.15197991940881528,0.1398944461911639,0.20634964799725747,0.26189724399440584,0.26064922765552573,0.2704697390523818,0.13075204294765144,0.15746338756999745,0.2286321369343446,0.20910963487681067,0.16310460597362128,0.17647122795565556,0.15322889902416645,0.20271703646039527,0.21599920734986566,0.18700091764062796,0.21588505668567068,0.2157947629250358,0.28867430768957564,0.32813889025347887,0.2540702294379037,0.3170915721489474,0.31052571485452196,0.33013971598543096,0.19211822801599204,0.172854027363768,0.19167730804911845,0.22060240601912484,0.3196768572026218,0.1909669059084898,0.23539151951870763,0.3306482925145115,0.20834570386394477,0.18134544039312148,0.1034424924620377,0.09784986751123188,0.09218943460910803,0.1573567421524856,0.16458238256446486,0.16597768098639343,0.14058664602879842,0.14948064096172,0.13585676042819445,0.1445177542340794,0.12864925504915567,0.19276148683522826,0.23937651643913305,0.22523226430409635,0.3047546002979888,0.11655020551550278,0.16301930477712226,0.24288005617808958
95.0,2.015303818345411,2.261003213497869,2.246811692260463,2.244657936343805,2.2815819954872443,2.0863518816213653,2.2138738683457277,2.5539667354138555,2.410868456203769,2.2342224524059184,2.4015364166442685,2.8163994549604836,2.551187281338681,2.394191536001124,2.4584047882351525,2.3147961480054167,2.8125237524279094,2.706292557578122,2.366280481868602,2.5281397226179716,2.2198032154580027,2.592418073584633,1.8111581450855634,2.187245719919588,2.092849554571439,1.912703338683193,1.7951028594858618,1.6925371878772202,1.6574776402977536,1.64944503521713,1.9989401622204248,1.9183578265706234,2.0228272540730585,2.250833223754689,2.2000751834563745,2.198136075663712,2.170889465709411,2.0483327517127843,1.8092893876388512,1.5405951101105806,2.4151061747167084,2.54746170500614,2.930907898179333,2.0364194048947684,2.249305052667995,2.227253026836789,2.270964425461434,2.3098590435536166,2.124937819875033,2.200793358487754,2.509812077457218,2.52472627771871,2.3387571851588898,2.5096902049575025,2.7157025565853306,2.5834482906558454,2.5167219345455143,2.5062786087880364,2.4180638405661217,2.816120680664919,2.562237150435471,2.5146798087690834,2.361412094241832,2.353599075472439,2.522146480321717,1.5794231480365808,2.0351717272480503,1.9857635658487784,1.953189493976105,1.8262456188697858,1.7307859026284391,1.765362511733868,1.6154956588268177,1.9575621395226934,1.8927538267199135,2.011515014656033,2.2126730070168605,2.197401129998329,2.243134089940525,2.33825106180232,2.067873993763266,1.7138272577133313,1.6194596159262389,2.4558624344309936,2.517353970903044,2.944161159119226,0.20578545865216913,0.16543368339586675,0.1971837350800731,0.1835024474573881,0.22442927715298627,0.28344268607645573,0.2086183368985548,0.21960112578168683,0.1806094906694107,0.29240263102250835,0.25655589237165827,0.27273313655597103,0.3069618388375924,0.3508391423967184,0.3269645671525499,0.20122965823629543,0.20423607284314715,0.21295323714828315,0.21593903333281164,0.28562682868574335,0.1961582739807623,0.25207828820812433,0.3304866264522535,0.26861639335323323,0.23587574468804437,0.08212728185633687,0.09483262139399562,0.11419937788798652,0.15058546030904704,0.15696990228239008,0.1696734188977018,0.17215822318933305,0.1610562581098177,0.18846231582701972,0.15273520104253535,0.1406991048449136,0.20815568455865674,0.26376345688550346,0.26310377215489816,0.27214675447082376,0.1307566531790942,0.1575135554334831,0.23083812558672517,0.20966898560904837,0.16401434520787897,0.1778535114986873,0.15344441697751618,0.20608211035064627,0.21839183356011435,0.18850554123923846,0.21857428726231148,0.21937409994050117,0.2911112455589483,0.33239412821462067,0.2563275478472896,0.32180083001383186,0.3119215464245544,0.3307210696363586,0.19071268416694098,0.17137887858254042,0.19246273247932386,0.22337305729071644,0.3245149407463173,0.19230148461800364,0.23704872227879203,0.3334870719491063,0.2069254803247806,0.17957833790755162,0.10273180103859716,0.09633002665341171,0.09008201033695817,0.15786005594257857,0.1663575139981643,0.16659021835538623,0.14033395319492115,0.14953845797437604,0.134514586610246,0.14554806208581358,0.1292717216003135,0.19292202994657803,0.2393709520354087,0.223707124136199,0.30715300286980224,0.11644397227611848,0.1646163018446368,0.2459711694214547
