,Mean (mm),Mean (mm),Mean (mm),Mean (mm),Mean (mm),Mean (mm),Mean (mm),Mean (mm),Mean (mm),Mean (mm),Mean (mm),Mean (mm),Mean (mm),Mean (mm),Mean (mm),Mean (mm),Mean (mm),Mean (mm),Mean (mm),Mean (mm),Mean (mm),Mean (mm),Mean (mm),Mean (mm),Mean (mm),Mean (mm),Mean (mm),Mean (mm),Mean (mm),Mean (mm),Mean (mm),Mean (mm),Mean (mm),Mean (mm),Mean (mm),Mean (mm),Mean (mm),Mean (mm),Mean (mm),Mean (mm),Mean (mm),Mean (mm),Mean (mm),Mean (mm),Mean (mm),Mean (mm),Mean (mm),Mean (mm),Mean (mm),Mean (mm),Mean (mm),Mean (mm),Mean (mm),Mean (mm),Mean (mm),Mean (mm),Mean (mm),Mean (mm),Mean (mm),Mean (mm),Mean (mm),Mean (mm),Mean (mm),Mean (mm),Mean (mm),Mean (mm),Mean (mm),Mean (mm),Mean (mm),Mean (mm),Mean (mm),Mean (mm),Mean (mm),Mean (mm),Mean (mm),Mean (mm),Mean (mm),Mean (mm),Mean (mm),Mean (mm),Mean (mm),Mean (mm),Mean (mm),Mean (mm),Mean (mm),Mean (mm),Mean (mm),Mean (mm),Mean (mm),Mean (mm),Mean (mm),Mean (mm),Mean (mm),Mean (mm),Mean (mm),Mean (mm),Mean (mm),Mean (mm),Mean (mm),Mean (mm),SD (mm),SD (mm),SD (mm),SD (mm),SD (mm),SD (mm),SD (mm),SD (mm),SD (mm),SD (mm),SD (mm),SD (mm),SD (mm),SD (mm),SD (mm),SD (mm),SD (mm),SD (mm),SD (mm),SD (mm),SD (mm),SD (mm),SD (mm),SD (mm),SD (mm),SD (mm),SD (mm),SD (mm),SD (mm),SD (mm),SD (mm),SD (mm),SD (mm),SD (mm),SD (mm),SD (mm),SD (mm),SD (mm),SD (mm),SD (mm),SD (mm),SD (mm),SD (mm),SD (mm),SD (mm),SD (mm),SD (mm),SD (mm),SD (mm),SD (mm),SD (mm),SD (mm),SD (mm),SD (mm),SD (mm),SD (mm),SD (mm),SD (mm),SD (mm),SD (mm),SD (mm),SD (mm),SD (mm),SD (mm),SD (mm),SD (mm),SD (mm),SD (mm),SD (mm),SD (mm),SD (mm),SD (mm),SD (mm),SD (mm),SD (mm),SD (mm),SD (mm),SD (mm),SD (mm),SD (mm),SD (mm),SD (mm),SD (mm),SD (mm),SD (mm),SD (mm),SD (mm),SD (mm),SD (mm),SD (mm),SD (mm),SD (mm),SD (mm),SD (mm),SD (mm),SD (mm),SD (mm),SD (mm),SD (mm),SD (mm)
,7Networks_LH_Vis_1,7Networks_LH_Vis_2,7Networks_LH_Vis_3,7Networks_LH_Vis_4,7Networks_LH_Vis_5,7Networks_LH_Vis_6,7Networks_LH_Vis_7,7Networks_LH_Vis_8,7Networks_LH_Vis_9,7Networks_LH_SomMot_1,7Networks_LH_SomMot_2,7Networks_LH_SomMot_3,7Networks_LH_SomMot_4,7Networks_LH_SomMot_5,7Networks_LH_SomMot_6,7Networks_LH_DorsAttn_Post_1,7Networks_LH_DorsAttn_Post_2,7Networks_LH_DorsAttn_Post_3,7Networks_LH_DorsAttn_Post_4,7Networks_LH_DorsAttn_Post_5,7Networks_LH_DorsAttn_Post_6,7Networks_LH_DorsAttn_PrCv_1,7Networks_LH_DorsAttn_FEF_1,7Networks_LH_SalVentAttn_ParOper_1,7Networks_LH_SalVentAttn_FrOperIns_1,7Networks_LH_SalVentAttn_FrOperIns_2,7Networks_LH_SalVentAttn_PFCl_1,7Networks_LH_SalVentAttn_Med_1,7Networks_LH_SalVentAttn_Med_2,7Networks_LH_SalVentAttn_Med_3,7Networks_LH_Limbic_OFC_1,7Networks_LH_Limbic_TempPole_1,7Networks_LH_Limbic_TempPole_2,7Networks_LH_Cont_Par_1,7Networks_LH_Cont_PFCl_1,7Networks_LH_Cont_pCun_1,7Networks_LH_Cont_Cing_1,7Networks_LH_Default_Temp_1,7Networks_LH_Default_Temp_2,7Networks_LH_Default_Par_1,7Networks_LH_Default_Par_2,7Networks_LH_Default_PFC_1,7Networks_LH_Default_PFC_2,7Networks_LH_Default_PFC_3,7Networks_LH_Default_PFC_4,7Networks_LH_Default_PFC_5,7Networks_LH_Default_PFC_6,7Networks_LH_Default_PFC_7,7Networks_LH_Default_pCunPCC_1,7Networks_LH_Default_pCunPCC_2,7Networks_RH_Vis_1,7Networks_RH_Vis_2,7Networks_RH_Vis_3,7Networks_RH_Vis_4,7Networks_RH_Vis_5,7Networks_RH_Vis_6,7Networks_RH_Vis_7,7Networks_RH_Vis_8,7Networks_RH_SomMot_1,7Networks_RH_SomMot_2,7Networks_RH_SomMot_3,7Networks_RH_SomMot_4,7Networks_RH_SomMot_5,7Networks_RH_SomMot_6,7Networks_RH_SomMot_7,7Networks_RH_SomMot_8,7Networks_RH_DorsAttn_Post_1,7Networks_RH_DorsAttn_Post_2,7Networks_RH_DorsAttn_Post_3,7Networks_RH_DorsAttn_Post_4,7Networks_RH_DorsAttn_Post_5,7Networks_RH_DorsAttn_PrCv_1,7Networks_RH_DorsAttn_FEF_1,7Networks_RH_SalVentAttn_TempOccPar_1,7Networks_RH_SalVentAttn_TempOccPar_2,7Networks_RH_SalVentAttn_FrOperIns_1,7Networks_RH_SalVentAttn_Med_1,7Networks_RH_SalVentAttn_Med_2,7Networks_RH_Limbic_OFC_1,7Networks_RH_Limbic_TempPole_1,7Networks_RH_Cont_Par_1,7Networks_RH_Cont_Par_2,7Networks_RH_Cont_PFCl_1,7Networks_RH_Cont_PFCl_2,7Networks_RH_Cont_PFCl_3,7Networks_RH_Cont_PFCl_4,7Networks_RH_Cont_Cing_1,7Networks_RH_Cont_PFCmp_1,7Networks_RH_Cont_pCun_1,7Networks_RH_Default_Par_1,7Networks_RH_Default_Temp_1,7Networks_RH_Default_Temp_2,7Networks_RH_Default_Temp_3,7Networks_RH_Default_PFCv_1,7Networks_RH_Default_PFCv_2,7Networks_RH_Default_PFCdPFCm_1,7Networks_RH_Default_PFCdPFCm_2,7Networks_RH_Default_PFCdPFCm_3,7Networks_RH_Default_pCunPCC_1,7Networks_RH_Default_pCunPCC_2,7Networks_LH_Vis_1,7Networks_LH_Vis_2,7Networks_LH_Vis_3,7Networks_LH_Vis_4,7Networks_LH_Vis_5,7Networks_LH_Vis_6,7Networks_LH_Vis_7,7Networks_LH_Vis_8,7Networks_LH_Vis_9,7Networks_LH_SomMot_1,7Networks_LH_SomMot_2,7Networks_LH_SomMot_3,7Networks_LH_SomMot_4,7Networks_LH_SomMot_5,7Networks_LH_SomMot_6,7Networks_LH_DorsAttn_Post_1,7Networks_LH_DorsAttn_Post_2,7Networks_LH_DorsAttn_Post_3,7Networks_LH_DorsAttn_Post_4,7Networks_LH_DorsAttn_Post_5,7Networks_LH_DorsAttn_Post_6,7Networks_LH_DorsAttn_PrCv_1,7Networks_LH_DorsAttn_FEF_1,7Networks_LH_SalVentAttn_ParOper_1,7Networks_LH_SalVentAttn_FrOperIns_1,7Networks_LH_SalVentAttn_FrOperIns_2,7Networks_LH_SalVentAttn_PFCl_1,7Networks_LH_SalVentAttn_Med_1,7Networks_LH_SalVentAttn_Med_2,7Networks_LH_SalVentAttn_Med_3,7Networks_LH_Limbic_OFC_1,7Networks_LH_Limbic_TempPole_1,7Networks_LH_Limbic_TempPole_2,7Networks_LH_Cont_Par_1,7Networks_LH_Cont_PFCl_1,7Networks_LH_Cont_pCun_1,7Networks_LH_Cont_Cing_1,7Networks_LH_Default_Temp_1,7Networks_LH_Default_Temp_2,7Networks_LH_Default_Par_1,7Networks_LH_Default_Par_2,7Networks_LH_Default_PFC_1,7Networks_LH_Default_PFC_2,7Networks_LH_Default_PFC_3,7Networks_LH_Default_PFC_4,7Networks_LH_Default_PFC_5,7Networks_LH_Default_PFC_6,7Networks_LH_Default_PFC_7,7Networks_LH_Default_pCunPCC_1,7Networks_LH_Default_pCunPCC_2,7Networks_RH_Vis_1,7Networks_RH_Vis_2,7Networks_RH_Vis_3,7Networks_RH_Vis_4,7Networks_RH_Vis_5,7Networks_RH_Vis_6,7Networks_RH_Vis_7,7Networks_RH_Vis_8,7Networks_RH_SomMot_1,7Networks_RH_SomMot_2,7Networks_RH_SomMot_3,7Networks_RH_SomMot_4,7Networks_RH_SomMot_5,7Networks_RH_SomMot_6,7Networks_RH_SomMot_7,7Networks_RH_SomMot_8,7Networks_RH_DorsAttn_Post_1,7Networks_RH_DorsAttn_Post_2,7Networks_RH_DorsAttn_Post_3,7Networks_RH_DorsAttn_Post_4,7Networks_RH_DorsAttn_Post_5,7Networks_RH_DorsAttn_PrCv_1,7Networks_RH_DorsAttn_FEF_1,7Networks_RH_SalVentAttn_TempOccPar_1,7Networks_RH_SalVentAttn_TempOccPar_2,7Networks_RH_SalVentAttn_FrOperIns_1,7Networks_RH_SalVentAttn_Med_1,7Networks_RH_SalVentAttn_Med_2,7Networks_RH_Limbic_OFC_1,7Networks_RH_Limbic_TempPole_1,7Networks_RH_Cont_Par_1,7Networks_RH_Cont_Par_2,7Networks_RH_Cont_PFCl_1,7Networks_RH_Cont_PFCl_2,7Networks_RH_Cont_PFCl_3,7Networks_RH_Cont_PFCl_4,7Networks_RH_Cont_Cing_1,7Networks_RH_Cont_PFCmp_1,7Networks_RH_Cont_pCun_1,7Networks_RH_Default_Par_1,7Networks_RH_Default_Temp_1,7Networks_RH_Default_Temp_2,7Networks_RH_Default_Temp_3,7Networks_RH_Default_PFCv_1,7Networks_RH_Default_PFCv_2,7Networks_RH_Default_PFCdPFCm_1,7Networks_RH_Default_PFCdPFCm_2,7Networks_RH_Default_PFCdPFCm_3,7Networks_RH_Default_pCunPCC_1,7Networks_RH_Default_pCunPCC_2
Age (years),,,,,,,,,,,,,,,,,,,,,,,,,,,,,,,,,,,,,,,,,,,,,,,,,,,,,,,,,,,,,,,,,,,,,,,,,,,,,,,,,,,,,,,,,,,,,,,,,,,,,,,,,,,,,,,,,,,,,,,,,,,,,,,,,,,,,,,,,,,,,,,,,,,,,,,,,,,,,,,,,,,,,,,,,,,,,,,,,,,,,,,,,,,,,,,,,,,,,,,,
5.0,2.941877278667445,2.5820703612990354,2.5683345755916007,2.2745978355872425,1.9165934315467317,2.29269011858626,2.7334425963846374,2.5173678263834764,2.3676734123319725,2.8832269871559975,3.027251388886378,3.066888369852488,2.507470488226581,2.3780634874123394,2.6239578978273017,2.96621229197443,2.856530022357679,2.622430530045753,2.5695659023810955,2.833057549074538,2.5503712412121073,2.8749566136690317,2.8020722175145796,2.96216745692577,3.5005938314430085,3.0882940015717035,2.7671004760916973,3.165330495306092,2.8339612097059765,3.2298558463268696,2.966226544376755,3.2938598198574702,3.0898839812262624,2.7233193818527397,2.753298199494017,2.7078337954367955,3.0797635081404824,3.2162904711942137,3.0604812076406103,3.0057862291997637,2.972160033520731,3.3791163887263225,2.9881392590079985,3.0732649577951814,2.8896070313157867,3.2688007342335954,2.9692999977768517,2.885622568440135,3.1674785384592576,3.0232591436527176,3.017669955638786,2.7718806091171158,2.8827086247785965,2.216799273928836,1.9879285179339672,2.5445179873280748,2.6212205535942474,2.3758277623912325,2.964037629882416,3.180039037330253,3.0917508726522938,2.4426500724313263,2.428279381963331,2.3481870181908926,2.361189892164511,2.5881594932812266,2.863125961054177,2.6551696174885753,2.6350372297568443,2.6126922602139646,2.705279661008336,2.8482792814479962,2.7543452391272107,2.961279072724239,3.007591722689564,3.2751878242962094,2.892731930137675,3.1714379303341182,2.96132804613156,3.3140466381166935,2.9000005265866093,2.8704327292461795,2.8436586036057787,2.6961695697685677,2.732875528876619,2.887982617078788,2.957307229593574,3.132426704695405,2.799718270264625,2.926882353530035,3.190069421081956,3.238745020335185,3.164505464588825,3.238553241474285,3.046690074084731,3.052465205742949,3.2504139336621214,2.886347544464925,3.2008672767792916,3.0802715318465697,0.1815123107753294,0.14720211426644939,0.15958839981485262,0.14762271140085115,0.16390833930924661,0.14010649243520554,0.15693388303470746,0.14004645192264625,0.15870358497047263,0.1601696931338283,0.1614346448897478,0.16301013842121165,0.1519869018211747,0.15263002589179953,0.14009857481431034,0.1330141999734557,0.1728436125754321,0.13287865780988906,0.16119431376835808,0.18498101854820329,0.1642447383738576,0.1433111644865048,0.15823200424271094,0.1675799237381682,0.17478819859670022,0.13574527355498928,0.1677514702455029,0.16816968737809418,0.14395465156005932,0.17807693470686628,0.1455603385091023,0.16238399940012122,0.16248327139564847,0.14079478816447993,0.1455886767574814,0.18426474364182255,0.1835303598517856,0.16580774530166567,0.1569135849682386,0.16423987233642634,0.137816361195964,0.15782835170389295,0.14896172459300497,0.1593896194821993,0.157587137044277,0.16042722224140799,0.16918588318962752,0.16474183890876962,0.1837015309649108,0.14125602627516665,0.15479617364120507,0.14971239698537878,0.13560974450642985,0.14965231457787392,0.15554688933025332,0.1468892940477569,0.1447684798721588,0.15123050630461798,0.14622436371169162,0.1791419377760864,0.17767513206221008,0.16344866898750543,0.17423462459075026,0.15961455696748578,0.16686391961565225,0.1430382546027213,0.144773803193275,0.15509537937807968,0.14322282876904327,0.14476601024882263,0.16880914333686325,0.14864246628883157,0.17019158357609512,0.17168984433259576,0.15161660553251807,0.1287071664725328,0.1454745173662446,0.158010819290215,0.14602558256669715,0.15329182666561367,0.17596192441779102,0.1557211379083525,0.15323227059746236,0.14613678886730574,0.16536782689876373,0.15951684592420365,0.18631451229692972,0.17357120115680288,0.15116117180159058,0.16056538574206822,0.16525606843433752,0.18647665771828434,0.15575463394235145,0.16484488882033882,0.15809298099232313,0.151404535656551,0.1704252116222452,0.1559351523781012,0.19049439698128678,0.1567422354202712
6.0,2.9168917027524053,2.5525858417263776,2.5386614737724007,2.2566263869515764,1.901573683607096,2.26115784000678,2.7028818183212624,2.486754949064197,2.3331380105364015,2.8585353133945417,2.9984470705731154,3.0402756154400588,2.4911808699888742,2.3584164365020435,2.596751166127017,2.9372715041649773,2.8248080887961073,2.5840889389038715,2.5313361039170257,2.7879147901451935,2.51710040101808,2.858321524731195,2.789471297223496,2.927969283631004,3.4817866362934407,3.0631329252436745,2.7330806369065765,3.131912115931583,2.792445125060411,3.2044387476308285,2.934914721208425,3.2844228991878897,3.0641165517429716,2.6854751061999473,2.720657977715352,2.6693308304805607,3.048004753981514,3.194884687012221,3.0259279198345856,2.973685978109444,2.9339947866080824,3.353523772478883,2.953041763566106,3.0317176879550463,2.8440394256863097,3.2330942206806963,2.9461827167892505,2.862982407047357,3.1308417371416963,2.9799692757294745,2.9925206936174074,2.739535858342937,2.856725156247392,2.197422686633312,1.9674895113215105,2.507167462922368,2.589999634655135,2.3455064918462956,2.9398043455286014,3.1496465798873796,3.065166485140693,2.4241260882073887,2.4215420309932125,2.329222829350547,2.32840202610631,2.562375238460613,2.8297680501067837,2.620087396269739,2.5986992116222596,2.5747485024860515,2.6655001408834584,2.8306255999417957,2.742435248985162,2.931465457748275,2.9771141156688707,3.254130561234039,2.85317502250493,3.1448090661103265,2.9268694046147155,3.3013476771365537,2.8695519557254845,2.832077675921055,2.7999889294231264,2.6604440167821735,2.6954740093526417,2.8613548919217884,2.9293807682060584,3.103397930339653,2.757792034913301,2.893295789032843,3.1643721047317444,3.216028488330566,3.1286279711261282,3.2126463957656988,3.014500804282628,3.0087299544905908,3.213335975275963,2.861350644584537,3.164367771931238,3.0401034281960846,0.18112618238189634,0.14602960926191885,0.15754484576243535,0.14541428991646346,0.16137458394200815,0.13917753706393582,0.1554429521826268,0.13845201736821142,0.15672030878996768,0.1579559646206339,0.1603106737926425,0.16099082297729572,0.14998658595843123,0.150432214836781,0.1386669732202841,0.1322237239402855,0.170561135579689,0.1317133363952232,0.15987293978457548,0.18273772221959902,0.1618821787611046,0.14182313970128463,0.15619903464972765,0.165190190737405,0.1718984890198885,0.13493732188900015,0.16574919559645232,0.16624018334900467,0.14347984476438366,0.17634521502080935,0.14411463983150982,0.16131891449613628,0.1606470936255937,0.13979619663429638,0.14416904998276173,0.18261926432865747,0.1818471358811643,0.16321445597478798,0.15535708504683907,0.16239181229905528,0.13643027156384335,0.15713618206000776,0.14723413388260825,0.15851901965229387,0.15561160597315002,0.15875399342438623,0.16754360685802686,0.16378064007825874,0.18133751185148972,0.14019344656596014,0.1542828242792557,0.14788251499333463,0.13453764399420726,0.14743676110228615,0.15330940762900422,0.14550750318710842,0.1437817411055391,0.1494825827269274,0.14585272425675333,0.17796275323664779,0.17555087799969962,0.160628858374787,0.17291626771442445,0.15766711405171685,0.16460773483899674,0.14197387518652957,0.14385142803421544,0.15323385671650763,0.14273194226971578,0.1431483907064409,0.16653269887713243,0.14722565321924724,0.1674161920692943,0.16953296432193604,0.1504414141885327,0.12730584768956074,0.144797462106818,0.15652665997021803,0.14422087104069037,0.15226089853246297,0.17365887218986314,0.15454992440454024,0.1518153643845738,0.14500450919885552,0.16324305145931628,0.1578987214083168,0.1843216141169451,0.17222308757206475,0.1505114761744657,0.15933754534698624,0.16318375532642376,0.18386475616631773,0.15428918165809513,0.16323714963289945,0.15712902657927058,0.1502378671155731,0.16836576486868485,0.15471999918438237,0.18903705961486883,0.15566204065846018
7.0,2.893290052970017,2.52474527844785,2.510583669322054,2.2397961547217102,1.8872903556574716,2.231213948997257,2.6740174373950683,2.4579057327018985,2.300487285765448,2.834913713405805,2.9709453857693755,3.0149111438005805,2.4756100493539708,2.3399266250123287,2.5711025444273843,2.909954677027205,2.7948286541140694,2.547973458816809,2.495219520178202,2.745377961772558,2.485775768056975,2.842339849630377,2.7773232753439565,2.89568290778147,3.4636874856961803,3.03906234820238,2.7009692098037177,3.100050891172195,2.753113728263238,3.1803236210084647,2.9052576281051854,3.275501773319107,3.039721274784375,2.649687316097625,2.6897475859770124,2.632973582052115,3.0178020260350986,3.1745318731204883,2.993065701092868,2.9432510094827675,2.8979494492986175,3.329040969945127,2.9197684957968515,2.9923142721899887,2.8011127816062675,3.1992250636893824,2.9241765031190448,2.8414176132791646,3.0960079311416147,2.93912411146892,2.968773071186835,2.70897517914788,2.83220066748109,2.1791385621003383,1.9479367000655419,2.4717583386413646,2.560522994541695,2.316843053628998,2.9166053573777426,3.1206772506906035,3.0398376411402523,2.406474434040966,2.415123202540082,2.311356960168157,2.297578860591387,2.538065264867347,2.7982702694684183,2.5868850238278553,2.5643474238814568,2.5389693245064704,2.628082356556068,2.8136882576824074,2.7309630661354816,2.9032407179783912,2.9482556239970763,3.2338884836637183,2.815665140208524,3.119445082317097,2.8942361616220524,3.289425390585709,2.840758674162641,2.7958475228894355,2.7588178498320395,2.626642561354164,2.6602303642352023,2.8360432505806847,2.9029410076864304,3.0756962818423763,2.7182365592878504,2.861567078854048,3.1400229705682796,3.1943981805703343,3.0945349148371193,3.1880040650080947,2.9838927977614897,2.9672945455276256,3.1781977074999888,2.8376008710095784,3.129588310031787,3.002095512830797,0.18073433468835806,0.14490577407047106,0.15563304970500377,0.14334009966008848,0.15899504674217277,0.1382686986469875,0.15403159360865504,0.13695407306933285,0.15484779422430175,0.15589214692130635,0.15925392466247418,0.1591020420330893,0.14812009231586945,0.14840141814014499,0.13733749855810726,0.13143402666343487,0.16842570475280266,0.13060870869349553,0.1586335400316473,0.18063348352553169,0.15968216778027977,0.14042783806528664,0.15430082901177197,0.16295198301800787,0.1692173750296384,0.13415120193635727,0.16385175991512652,0.16443441159307956,0.1429774204260476,0.17469732256712758,0.14273969411879756,0.1602989496771137,0.15891784090008518,0.13884224490632316,0.1428182902532578,0.18104823042489962,0.18027721965877844,0.16081358109692795,0.1539032414667824,0.16065530970864061,0.13511465409026158,0.15644606431531233,0.14558633574889104,0.15766677724814623,0.1537440404864293,0.1571504044433252,0.16598891811750416,0.16280983151130965,0.17912116762428268,0.13917424533100167,0.15376803422448587,0.14616459167811838,0.13350269565729592,0.14534054706507973,0.15120035765905343,0.14418531915290347,0.14283119829883975,0.14781130771103956,0.14545893807455793,0.1768279797981479,0.17355470753587868,0.15801682521303678,0.17167548933147192,0.1558558041949583,0.16252485646918222,0.14098251332432837,0.14296178465240184,0.15150265350069653,0.14223774865379868,0.14162091252196987,0.16440316384570036,0.14586349458061723,0.16482885273201694,0.16750594778691508,0.14930925295626898,0.1259839021564709,0.14411938209926148,0.1551026373352029,0.14252493482823078,0.151259152699244,0.17149947192290665,0.1534233482435894,0.15044024843049222,0.14389182027767233,0.1612348207562584,0.1563391131650412,0.1824658945256519,0.17093388030628034,0.1498633167194042,0.15816531219916558,0.16122694596251386,0.18142392502036023,0.15290566021722332,0.16169753465888978,0.1561763398756786,0.14913621379077194,0.1663983079878815,0.1535415220608316,0.18764152151296626,0.15460471213928204
8.0,2.871031430782978,2.498503140621297,2.48405720569368,2.2240732852201033,1.8737260737899173,2.2028168653349214,2.646801619980526,2.430770211290466,2.2696698675124716,2.812334786422912,2.944712836517673,2.9907624577767544,2.460739057054544,2.322558299721517,2.54696440795784,2.8842167206085447,2.766541421360955,2.5140205197000207,2.46115721874861,2.7053725556424,2.456340448332499,2.826993977112439,2.7656150314262384,2.865252761512826,3.446276769737559,3.0160550532719337,2.6707106394886857,3.069705059058599,2.715907397079955,3.1574704011798964,2.877211760449947,3.2670796891632152,3.0166605407343967,2.615899361266061,2.6605183746027117,2.5987010976640748,2.9891149160518533,3.1552021031303212,2.961849994274048,2.914435410767894,2.863963415417577,3.3056399709733495,2.888268805814263,2.954998677200747,2.760752819466482,3.1671403766678825,2.9032486798678976,2.820898033225519,3.0629300645660993,2.9006550210087125,2.946386500294282,2.6801485391656477,2.809093813729129,2.161917456085633,1.9292519086238311,2.4382388560171377,2.5327421611839886,2.2897921593850588,2.8944128710538766,3.0930941822393123,3.0157309622984942,2.3896715424241965,2.409010587800516,2.294554974783179,2.2686617819354806,2.515184302969944,2.7685794990117887,2.5555099481257346,2.53192691545394,2.5052928961016017,2.5929570026044484,2.797447951093624,2.7199155645036304,2.8765594676604054,2.92096986977429,3.2144416700791316,2.7801467343233357,3.095309791983682,2.8633808142095396,3.2782554724445876,2.8135724512544438,2.7616816202611063,2.720076199689226,2.594711624961519,2.6270822849212863,2.8120103383926787,2.877946340634443,3.049286482868715,2.6809842474461054,2.8316421963872536,3.11698441805798,3.1738219999185127,3.062178197942754,3.164591777534281,2.9548223894354337,2.928098767809169,3.144943611254469,2.8150627136158493,3.0964861381066773,2.9661891303047794,0.18033933481610928,0.14382836781029903,0.15384523741882972,0.14139486115271965,0.15676277413333578,0.13738063769757702,0.1526949303426107,0.13554826355644092,0.1530807579336907,0.15397098208659923,0.1582616879817181,0.15733795818554858,0.14638226916174987,0.14652964435084745,0.1361053057494168,0.1306480592288565,0.1664307243781813,0.12956319956614668,0.1574730742923037,0.17866113148476603,0.15763705878886144,0.1391198813905001,0.15252967632642256,0.16085838004760455,0.16673314609358364,0.1333863503267346,0.16205388260948353,0.16274655290573814,0.14245239716076555,0.17313010165115447,0.14143198195996842,0.15932205565754717,0.15728975882801238,0.13793210859052726,0.14153306776939006,0.1795496692293407,0.1788141644404323,0.15859291810389287,0.15254480280236543,0.15902392847131244,0.1338662857206654,0.15575870751219026,0.1440146941048029,0.1568329624237715,0.15197865429026297,0.15561352131118134,0.16451746371594886,0.16183336870494386,0.17704433976547163,0.13819678937801824,0.15325325032023626,0.14455285744825144,0.13250407606021908,0.14335698783941636,0.1492152649680301,0.1429215237773464,0.14191622780645247,0.14621600749939379,0.14504782252140697,0.17573599835556045,0.1716804784518302,0.1556023497752421,0.17051032259449134,0.1541751043866379,0.16060421335309177,0.14006128883367377,0.14210256601911458,0.14989437121691224,0.14174251250872621,0.1401785571380479,0.16241230423243286,0.14455398872211653,0.16241757983129082,0.16560151859111652,0.14821958936695634,0.12473695869353808,0.14344210040668304,0.1537371906577119,0.14093391798938693,0.15028489350135912,0.16947550099119305,0.15234014033170112,0.14910650962204655,0.1428001271244475,0.15933750974718106,0.15483704556456138,0.18073828747332818,0.16970112482245547,0.14921806210295638,0.15704572893351967,0.1593797835650345,0.17914488511168689,0.15159969064018403,0.16022521447331114,0.15523788610037817,0.14809711474072135,0.16451933930883458,0.15239950390592658,0.18630488737348838,0.15357007698434366
9.0,2.850074937653922,2.4738138974045425,2.4590381263404013,2.2094239247691867,1.8608634640964825,2.175925008797021,2.621186532452105,2.4052984188238047,2.2406343852708415,2.7907711316790262,2.9197159248605242,2.967797060211334,2.4465489238232374,2.3062757074079054,2.524289131947835,2.860012544956496,2.73989609358608,2.4821665514689712,2.4290902672122687,2.667824063440521,2.4287375478483506,2.8122662959231963,2.754333445020547,2.8366232769607054,3.429534878503883,2.9940838232764104,2.6422493706670296,3.040832857621504,2.680766509276004,3.135839022865247,2.850733613625598,3.259139893632343,2.994896739976946,2.5840545914255286,2.6329216939161797,2.5664524248290257,2.9619030157824477,3.13686545065305,2.932236242236664,2.887193269412959,2.831976078790147,3.2832927654118564,2.858492043732366,2.9197148696880673,2.7228852596577444,3.1367872730244417,2.8833665701374755,2.801393512976399,3.0315610815222627,2.86449337448649,2.9253203928869844,2.653005906029964,2.7873632502409404,2.1457299243448857,1.911416961454134,2.406557256581728,2.506608662512077,2.264308520760206,2.873199092180975,3.0668605070329225,2.992813070262904,2.37369384584922,2.4031918779710777,2.278782437335051,2.2415921764543296,2.493687083236922,2.740642618609609,2.5259096171261226,2.5013827352592344,2.4736573870977803,2.5600547736068995,2.781885376599254,2.7092796180150858,2.851376321040145,2.8952104751005985,3.1957701989742198,2.7465642559242767,3.072367008139336,2.8342558594331906,3.2678136166936866,2.7879450563572346,2.7295193181458246,2.6836948138513623,2.564597629081248,2.595967462807894,2.789218800694965,2.8543551596498413,3.024133257083797,2.645967503445905,2.8034671150260038,3.095218846667276,3.1542678492391403,3.031509722664015,3.1423750616770354,2.9272459142186125,2.891082410290261,3.11351816745968,2.793700662279102,3.0650185031816073,2.932325625172121,0.17994363077993084,0.14279544557639745,0.1521743497839949,0.13957349464870322,0.15467122023301763,0.13651405112944268,0.15142862699048884,0.13423050393073307,0.15141430240102896,0.15218557373923708,0.1573314629644471,0.15569304199317396,0.144768129108255,0.14480920546078305,0.134965889342675,0.12986847305571936,0.1645699382881586,0.12857521265723781,0.15638859342339745,0.17681403219619157,0.155739597824571,0.13789436185978393,0.1508785203962748,0.15890282470755238,0.16443485152942858,0.13264239692182533,0.16035069340291547,0.16117121394710754,0.14190936144796268,0.1716406667027962,0.14018833402506758,0.15838646960480934,0.1557576218588078,0.13706495249601378,0.1403103610899694,0.17812173318551774,0.17745213340219876,0.15654119736178104,0.1512753038837538,0.15749180706183416,0.13268221030664046,0.15507502953379254,0.14251591293169366,0.1560177904412603,0.15031018189966652,0.15414066924806796,0.1631253460432367,0.1608548900728659,0.17509951882833633,0.13725968051431808,0.1527400521991729,0.1430420068602012,0.1315410927175075,0.14147999812481635,0.14734975278421755,0.1417148582848275,0.14103627408734493,0.1446957653339518,0.14462374797303315,0.17468549240020365,0.16992249791564235,0.15337561896614849,0.16941881190613353,0.15261963792124147,0.15883556739251908,0.1392075686680502,0.14127192083804,0.148402094306504,0.141248394937405,0.1388167575097585,0.1605525595651182,0.14329539892411294,0.16017137098630457,0.16381296937187717,0.14717196328757548,0.12356107067077451,0.14276735717425626,0.1524288862684652,0.1394439992817983,0.14933683260216915,0.16757940580802702,0.15129921885904885,0.14781380891016854,0.14173067387980418,0.1575458331053719,0.1533915773779002,0.17913061105538866,0.16852269307899412,0.14857715795140905,0.15597630047463923,0.15763688627089253,0.17701895935268241,0.15036725329838593,0.1588193171800359,0.15431633941172787,0.14711822741324954,0.1627255491620643,0.15129373616441974,0.1850247317992895,0.1525581947945583
10.0,2.8303796750455286,2.45063201795542,2.4354824747153536,2.195814219691369,1.8486851526692316,2.15049679916081,2.597124341184289,2.3814403892957845,2.213329468533931,2.7701953484072805,2.895921152840447,2.9459824539470523,2.4330206803927035,2.2910430948498104,2.5030290916267983,2.837297060118508,2.7148423738388088,2.4523479840391254,2.3989597331531907,2.6326579768526845,2.4029101726082627,2.798139194808477,2.743465395677153,2.809738886260768,3.4134422020815043,2.973121441039941,2.6155298480442966,3.01339252489157,2.647631442616874,3.115389420784643,2.82577968301506,3.2516656336385963,2.9743922628958965,2.5540963562963013,2.606908894241099,2.5361666110595564,2.9361259169775424,3.1194919892999775,2.904179887839291,2.86147867286613,2.801926833241573,3.261971343108955,2.830387559665219,2.886406816352652,2.687435822570863,3.108112866167303,2.8644974970294483,2.7828738986218364,3.0018539261172035,2.8305705420399296,2.9055341609121546,2.627497247374542,2.766967632265971,2.130546522633789,1.8944136830142417,2.3766617818671953,2.4820740264560235,2.240346849400185,2.852936226383077,3.0419393575708042,2.971050586680989,2.3585177768081884,2.3976547642482875,2.26400491196323,2.2163114304636573,2.4735283361368294,2.714406508134571,2.498031478791794,2.4726599322168403,2.444000967321337,2.5293063641417333,2.7669812306230552,2.699042100595303,2.8276458923634378,2.8709310620761106,3.177854148842905,2.714862156086229,3.050580543813309,2.806813794348938,3.2580755173134435,2.7638282588273433,2.6992999666533586,2.6496045271751263,2.536246995190321,2.5668235892920217,2.7676312828247482,2.8321258573323953,3.000201328152737,2.613118731345097,2.7769878081638657,3.074688655862547,3.135703631396237,3.0024813912218646,3.1213194457691515,2.9011197070251415,2.8561852619260164,3.083865857035882,2.7734792068751046,3.035142652282337,2.900446341986913,0.1795495398628338,0.14180531514855396,0.15061396664690152,0.1378711190163736,0.15271421908389712,0.1356696438257973,0.15022883001355108,0.1329969695368739,0.14984388729977802,0.1505293821484509,0.15646093700842256,0.15416205602059455,0.14327284639958926,0.14323272108463161,0.13391505566001616,0.12909764843108817,0.16283740640174843,0.12764314908757315,0.1553772446640586,0.17508603788024904,0.15398290518507254,0.13674680489547353,0.14934089837549175,0.1570791027432418,0.1623122634606246,0.13191912345034199,0.15873770318394612,0.15970339287377353,0.14135248722747898,0.17022636456379736,0.1390058907300606,0.15749068411086006,0.1543166776392593,0.13623993873940307,0.1391474246872585,0.17676268135247156,0.17618583219911843,0.154648017257528,0.15008898021149444,0.15605360445158495,0.13155971292901752,0.154396098971259,0.14108699784144935,0.15522158394488883,0.1487338248020858,0.15272941236293464,0.16180906095621633,0.1598777286451566,0.1732797844025052,0.13636171534588482,0.1522300935540844,0.14162715813342547,0.1306131647250964,0.13970404017611393,0.14559955548496228,0.14056404461615754,0.14019083870144264,0.14324947184811476,0.14419068300167995,0.17367539305408145,0.1682754834764649,0.15132723046949553,0.16839902047772617,0.151184189093594,0.15720945888401552,0.13841893264942476,0.14046837827652287,0.14701937215134925,0.14075744489964023,0.137531357514154,0.15881698126734078,0.1420862044175162,0.15808013611603208,0.16213412061051632,0.14616596854530448,0.12245266905347069,0.14209679830466773,0.15117639213225126,0.13805141287994377,0.14841401765176387,0.1658042514654598,0.15029965783809954,0.14656184955971283,0.14068454995747232,0.15585482379078328,0.1520017898680445,0.1776354834256267,0.16739673203226996,0.1479420854783392,0.154954919617399,0.15599330637731815,0.17503804847094764,0.14920467012281907,0.1574789253592365,0.153414084242976,0.14619732099607774,0.16101381082659397,0.15022401142073752,0.18379901803911466,0.15156929923569784
11.0,2.8119047444204717,2.4289119714317815,2.413346294271659,2.18321031630909,1.8371737656002038,2.1264906562035133,2.5745672125515173,2.359146156700326,2.1877037467951133,2.7505800358408306,2.8732950224999443,2.925286141826663,2.420135357495617,2.276824708825509,2.4831366622241573,2.8160251761420394,2.6913299651684714,2.4245012473259284,2.3707066841553828,2.5997997875646983,2.378801428615934,2.784595062514108,2.7329977629463054,2.7845440215486574,3.397979130556729,2.953140689386607,2.5904965163260627,2.987342298899501,2.6164425748680173,3.0960815296581923,2.802306464001205,3.244640156094112,2.955109499875186,2.5259680055986506,2.582431325901204,2.507782703868279,2.9117432113877704,3.1030517926824084,2.8776363739404722,2.83724570857554,2.7737550725970537,3.2416476939129466,2.8039047037268197,2.8550184838952717,2.654330228596623,3.081064269504712,2.846608783645513,2.7653090362518133,2.9737615424580253,2.7988178938066643,2.8869872163170256,2.6035725308331013,2.7478656150536533,2.116337806708036,1.8782238977619292,2.348500673405594,2.4590897809459262,2.2178618569507207,2.8335964792841617,3.018293866352388,2.9504101332002346,2.3441197677932375,2.3923869378287113,2.2501879628071353,2.19276093027923,2.454662792138189,2.689818047459406,2.4718229810855092,2.445703555246268,2.4162618065986172,2.5006424687872095,2.752716209588835,2.6891898861697543,2.805322795876108,2.848085252800924,3.160673598179119,2.684984885884097,3.029914212034855,2.7810071160127805,3.249016868284302,2.7411738280211266,2.6709629158935093,2.617736174517214,2.509606144765753,2.539588355770676,2.747210430119227,2.8112168262818535,2.9774554197406644,2.5823703352015137,2.7521502491944183,3.0553562451102274,3.1180972492538377,2.9750451058372844,3.1013904581434213,2.876400102769167,2.8233471116714917,3.0559311609033615,2.7543628372796376,3.0068158324345515,2.870492625303247,0.1791592413539157,0.14085649953343238,0.14915823752508106,0.1362830487864796,0.15088595836257668,0.13484810720247523,0.14909211412474085,0.13184408415582644,0.14836530257187105,0.14899621639143656,0.1556479670971302,0.15274003961373872,0.14189175340914215,0.14179312040942849,0.1329488972387506,0.12833772076688627,0.16122748388121913,0.12676542309549513,0.15443627532832618,0.17347144141470347,0.15236045749271224,0.13567313313212787,0.14791088569514205,0.15538132333484847,0.16035583907662787,0.13121642937472316,0.15721077621910295,0.15833844823516025,0.1407855586162193,0.16888474350994134,0.13788206587591972,0.1566334193601863,0.1529625976483608,0.1354562337287791,0.13804176015268294,0.17547086418502003,0.17501044832064422,0.1529037814909633,0.1489806907288821,0.15470445061701685,0.13049629718040587,0.15372308750379804,0.13972522220579703,0.15444474254235638,0.1472452035274269,0.15137753542568536,0.16056544432744146,0.15890492706611528,0.171578750637455,0.135501851472317,0.15172505567398098,0.1403038151500988,0.1297198059821578,0.13802407559198684,0.14396052890119465,0.13946780318717522,0.13937947088615413,0.141875868039835,0.14375223483090113,0.17270483355492242,0.166734527766128,0.14944819390062886,0.16744903677300368,0.14986371479746313,0.15571715413968312,0.13769314440916597,0.1396907839915191,0.1457401996525729,0.140271594220489,0.13631857660470578,0.15719917711770992,0.1409250602231094,0.15613463112975293,0.16055928237285438,0.1452012385921798,0.1214085213789082,0.1414319693237209,0.14997845848288507,0.13675246495878704,0.1475157725465356,0.1641436740950286,0.14934066078754857,0.14535035388459594,0.13966269825978572,0.15425981355935153,0.15066677867148093,0.17624624548828577,0.1663216207096581,0.1473143296485435,0.15397980342735182,0.15444449338752322,0.17319460533492143,0.1481085861294038,0.15620307540974412,0.15253322262518695,0.1453322717591296,0.1593811724617454,0.14919011832470075,0.1826260301398874,0.15060375141088492
12.0,2.7946092472414152,2.408608226991438,2.3925856284624163,2.1715783609447934,1.826311928981473,2.1038649997023753,2.5534673129282957,2.3383657550313086,2.1637058495477506,2.7318977932128026,2.851804035881554,2.9056756266929002,2.407873985864633,2.2635847961133106,2.464564218969365,2.7961518030745474,2.669308570624422,2.3985627712448645,2.344272187802843,2.5691749872623064,2.356354421875093,2.7716162877859074,2.7229174263782374,2.7609831149600166,3.383126054015894,2.9341143511405288,2.5670938202178712,2.9626404176759586,2.5871402837949162,3.0778752842060233,2.7802704519669565,3.2380467079109954,2.93701084129872,2.4996128890528673,2.5594403392202207,2.48123975076781,2.8887144907637965,3.087514934411679,2.8525611433987814,2.81444846398936,2.747400190681795,3.2222938076721284,2.7789928260312133,2.825493839016634,2.6234941981258446,3.0555885964449,2.8296677530873118,2.7486687719562926,2.947236874651826,2.76916679992435,2.869638971048824,2.5811817240393506,2.730015853853449,2.1030743323232977,1.8628294301549666,2.322022172728977,2.4376074539117965,2.1968082550575185,2.815152056508249,2.9958871658770327,2.9308583314681718,2.3304762512965116,2.387376089908882,2.2372971540062236,2.170882062216763,2.4370451817095162,2.666824116456792,2.4472315719700353,2.4204586532670236,2.3903780747559646,2.4739937821216245,2.739071009920368,2.6797098486638857,2.7843616458239637,2.826626669375145,3.144208625476787,2.6568768963927805,3.010331825833226,2.756788321480674,3.2406133635867373,2.719933533294894,2.644447515976038,2.588020590734299,2.4846214992845232,2.5141994536408534,2.72791888791561,2.791586459097972,2.9558602555127336,2.5536547190730237,2.7289004115112196,3.037184013876723,3.101416605675968,2.9491527687312367,3.082553627132622,2.853043436364827,2.79250774848178,3.029658559982376,2.7363160433684874,2.9799952906639984,2.842405819675201,0.17877477293312957,0.13994770475127155,0.14780181875197243,0.1348047895916766,0.14918095434154627,0.1340501034480024,0.1480154343147416,0.1307685070433136,0.14697464300410867,0.14758022400208662,0.15489056306047386,0.1514222942737946,0.14062033668171683,0.1404836417569402,0.13206376941065426,0.12759060485174134,0.15973480248429872,0.12594047482702175,0.15356303491139744,0.17196493584197126,0.15086607015487485,0.13466963186088624,0.1465830464733169,0.15380390067907576,0.15855668238024034,0.13053430402092217,0.15576610375332967,0.157072070560643,0.14021199497761552,0.16761352792330766,0.13681451415850274,0.15581359820606183,0.1516914333691469,0.13471301406734215,0.13699109067254386,0.17424471123379034,0.1739215968673786,0.15129963879803118,0.14794584834937116,0.1534399012778817,0.1294896649997418,0.15305723131076052,0.13842809737705566,0.15368771865311595,0.14584031510547824,0.15008302734677093,0.15939162626210177,0.15793925519199828,0.16999051683693747,0.13467917940391133,0.15122661153529748,0.13906783190279937,0.12886061079778452,0.1364355205705193,0.142428657276154,0.1384248671262984,0.13860175966995963,0.14057358155833963,0.14331168565464547,0.1717731117432251,0.16529506643322178,0.14772992853188,0.16656697974891235,0.14865335298542073,0.15435059517007318,0.1370281268852415,0.138938245957271,0.1445589963183761,0.13979265574221675,0.13517497840896128,0.15569326119782417,0.1398107646808583,0.15432639525107547,0.1590832181842661,0.14427743561654385,0.12042569587783776,0.14077431319524547,0.1488339033564933,0.13554354660615303,0.14664164772087915,0.1625918358386225,0.14842153878233147,0.14417904699610248,0.13866592501174607,0.15275641509434545,0.14938564897053186,0.17495688998462694,0.16529593445343685,0.1466953553031962,0.15304943910452076,0.15298626041561214,0.17148160789053216,0.14707595017167777,0.15499075895812603,0.15167558606709802,0.144521059628937,0.15782484975654879,0.1481918385487325,0.18150431657123822,0.1496620033357669
13.0,2.7784522849710287,2.389675253792238,2.3731565207407934,2.1608844999208876,1.8160822689050848,2.0825782494346474,2.53377680868906,2.3190492182826286,2.141284406285213,2.7141212197563696,2.83141469502778,2.8871184113884922,2.3962175962323946,2.2512876034915337,2.447264137091843,2.777631850963497,2.648727893256024,2.374468985711358,2.3195973116795856,2.5407090676313118,2.335512258389443,2.759185259369709,2.713211265523216,2.7390005986305086,3.3688633625453184,2.9160152091258,2.5452662044252747,2.9392451192516598,2.55966494716301,3.060730619148237,2.759628142295194,3.231868536001386,2.9200586775503927,2.4749743563792252,2.537887284521848,2.456476799270711,2.86699934685627,3.0728514880990727,2.828909639072779,2.793041026555717,2.7228015813210225,3.203881674234804,2.7556012766924414,2.79777684841748,2.5948534515493162,3.0316329603961147,2.813641728456527,2.7329229518252838,2.9222328668056843,2.7415486305306542,2.8534488370547644,2.560274794626996,2.7133770039147653,2.0907266552352803,1.848212104651124,2.297174521369416,2.4175785732837234,2.1771407553663353,2.797575163679334,2.9746823886441947,2.912361803132271,2.317563659810155,2.382609911685377,2.225298049699937,2.150616212592001,2.420630235319352,2.645371594999463,2.424204699408145,2.396870275198633,2.3662879416197327,2.44929099872329,2.726026328041445,2.6705888620031804,2.764717056452849,2.806508933898874,3.1284393092298166,2.6304826386871607,2.991797198237669,2.7341099078086137,3.2328406972012105,2.700059144005017,2.619693117010727,2.5603886106830793,2.4612394802236355,2.4905945742995304,2.7097193015510803,2.7731931483804964,2.935380559134057,2.5269042870174308,2.70718426850783,3.020134361628427,3.08562960352667,2.9247562821246973,3.0647744810695547,2.8310060427262314,2.7636069613119676,3.0049925351931983,2.7193033150173918,2.954638273996398,2.8161272696568647,0.17839803005792634,0.13907779229187933,0.14653981664160354,0.13343203223888186,0.14759402796831442,0.13327625434682283,0.14699608302228648,0.12976711913503483,0.14566828418139582,0.1462758785274067,0.15418687256354183,0.15020436954643634,0.13945423273335783,0.13929782978475866,0.13125626885800917,0.1268580173008293,0.15835425374672138,0.12516678054191435,0.15275497573515132,0.17056157832368324,0.14949388017700269,0.13373291624277728,0.14535238868293043,0.15234153649300597,0.1569065056690632,0.12987280407778715,0.1544001790054374,0.15590025619945116,0.1396348776011615,0.16641059764891256,0.13580110234602386,0.15503032389614319,0.15049957732289734,0.13400947146840625,0.13599333841805805,0.17308272135676658,0.17291527228245632,0.14982742527100967,0.14698035761554293,0.15225589655079486,0.12853769872142412,0.15239980017414922,0.13719334654099644,0.15295099867032425,0.14451549536363592,0.14884406608668435,0.1582849920031956,0.15698322958030064,0.16850962265167885,0.13389289950821562,0.15073639882102693,0.13791537933053122,0.1280352416399231,0.1349342045059615,0.14100005694919862,0.13743399321646776,0.13785732738596315,0.1393411570218653,0.14287202532352997,0.1708796593084029,0.16395284893112894,0.14616425755206408,0.16575100291621173,0.14754842811414776,0.15310235133711453,0.1364219417503279,0.13821008875681579,0.14347058403834814,0.13932232410096818,0.13409744238573817,0.154293808764435,0.13874223357130325,0.15264769136446896,0.15770111069954565,0.14339424255294173,0.1195015300575026,0.14012517111520129,0.14774160202250233,0.13442114349831244,0.14579137902721542,0.16114338235495285,0.14754169221268246,0.14304764624627545,0.1376949107803628,0.15134050551147554,0.14815751340752395,0.17376199658439706,0.1643184151546381,0.14608658985289005,0.15216253807118563,0.15161475354008752,0.16989253090285367,0.14610399501975638,0.1538409259744658,0.15084275076737017,0.1437617654525305,0.15634221910293888,0.147228945465774,0.18043264359916103,0.14874456993268484
14.0,2.7633929590719766,2.3720675209920223,2.355015014559878,2.1510948795598224,1.8064674114630883,2.0625888251775724,2.5154478662082975,2.3011465804481714,2.120388046500881,2.6972229147046414,2.812093501981145,2.8695819987561855,2.3851472193315724,2.2398973777384805,2.4311887918210577,2.7604202298563636,2.6295376361125933,2.3521563206408915,2.296623123369621,2.514327520357494,2.316218044162704,2.7472843660113453,2.703866159931489,2.7185409046957703,3.3551714462313145,2.8988160461665218,2.5249581136538213,2.917114641657252,2.5339569427377997,3.0446074692049714,2.7403360303688293,3.226088887277397,2.9042153990141313,2.451995757298006,2.5177235121298223,2.433432896889599,2.8465573714158494,3.0590315273559274,2.806637303820994,2.772977483722763,2.699898638339943,3.186383283449274,2.7336794058245237,2.771811478798557,2.5683337092578498,3.009144474766597,2.798498032854847,2.7180414219487945,2.8987024630267473,2.7158947557632134,2.8383762262820884,2.5408017102297578,2.697907720487073,2.079265331199672,1.8343537457081793,2.2739059608589507,2.398954666991774,2.15881406952289,2.7808380064214386,2.9546426671532218,2.894887169840052,2.305358425826292,2.378076094354698,2.214156214027722,2.131904767720697,2.405372683436215,2.6254073629601082,2.402689811362613,2.3748834699605923,2.3439295770162514,2.426464813170456,2.7135628603758852,2.661813800113092,2.7463436420085823,2.787685668472209,3.1133457279321446,2.6057465638421524,2.9742741422774417,2.712924372052561,3.2256745631081554,2.681502429507835,2.5966390691073427,2.534771069220235,2.4394065090600634,2.4687114091437348,2.692574316362865,2.7559952867292026,2.915981054269762,2.502051443092602,2.6869477935778336,3.0041696878317823,3.0707041456699855,2.9018075482386343,3.0480185482869886,2.8102442567675436,2.7365845391171097,2.9818775674561095,2.7032891421021645,2.930702029457471,2.7915983198023318,0.17803076777990093,0.13824575569145847,0.14536773624274696,0.13216064566120897,0.14612028198779192,0.13252713378164424,0.14603165197331963,0.12883700871891707,0.14444285974994767,0.14507796540883577,0.15353516767066222,0.1490820493770594,0.13838922372967633,0.13822953047831493,0.13052321398469174,0.12614149735934865,0.15708097368434654,0.12444286053477203,0.1520096523159024,0.16925675803642695,0.14823832931660225,0.1328599005058565,0.14421432348314692,0.15098920336693186,0.1553975910282798,0.12923203565490568,0.153109773550392,0.15481928308343632,0.13905697731389655,0.16527397119338894,0.13483988385999568,0.15428286021129095,0.14938372836009658,0.1333448167977423,0.1350466045220451,0.17198345504228812,0.17198780552169102,0.14847960938507032,0.14608055886687554,0.15114872322767872,0.12763844505697833,0.1517520730735966,0.13601888177184152,0.15223508857637869,0.143267385520334,0.14765900479480798,0.15724314862911842,0.15603913420769017,0.16713100742121223,0.13314230330888369,0.1502560003701963,0.13684291446461977,0.12724341876875822,0.1335163317737037,0.13967097700806297,0.13649396987754447,0.1371458243999028,0.13817708106035137,0.14243598083161674,0.17002401673135706,0.16270391185338204,0.14474339908721268,0.1649992973106524,0.14654445380958875,0.1519655729636841,0.13587277219040028,0.1375058151494993,0.1424701638715371,0.13886217863658154,0.13308313796153032,0.1529958155287161,0.13771847979951476,0.15109144910700242,0.15640852896755533,0.1425513574961673,0.11863360315505773,0.1394857855328327,0.1467004794675552,0.13338184273863357,0.144964853903256,0.15979340280461427,0.14670059569722438,0.14195585521186138,0.13675022227936942,0.1500082110414995,0.14698149219200074,0.17265667258870876,0.16338794648450183,0.14548941132450832,0.15131799716436722,0.1503264237356543,0.16842131680010647,0.14519021697541745,0.15275248923339207,0.1500360551329,0.1430525685812565,0.1549308111553683,0.14630120424224352,0.17940995689602068,0.14785200809651278
15.0,2.7493903710069323,2.355739497748609,2.3381171533728033,2.142175646183998,1.7974499827475465,2.0438551467083674,2.498432651860477,2.2846078755218384,2.100965399688118,2.6811754772907874,2.7938069587841636,2.8530338916387277,2.3746438858948125,2.229378365632451,2.4162905583864034,2.744471849800583,2.6116875022435018,2.33156120594893,2.275290690456959,2.489955837126626,2.2984148851985906,2.735895996456628,2.6948689891532873,2.6995484652914588,3.3420306951602394,2.8824896450868045,2.506113992609067,2.89620722292345,2.5099566482847253,3.0294657690963307,2.722350611570763,3.2206910086511336,2.889443396073812,2.430620441529485,2.49890037236784,2.4120470911370866,2.8273481561931733,3.0460251257935376,2.785699580502019,2.754211922938661,2.6786307555637605,3.16977062516385,2.7131765635414955,2.7475416968605764,2.5438606916422355,2.9880702529646017,2.7842039893839274,2.703994028416792,2.876598607422072,2.6921365457596846,2.8243805506780104,2.522712438481353,2.683566658819801,2.0686609159721727,1.8212361777839141,2.252164732729655,2.381687262966012,2.141782909172911,2.764912790358546,2.9357311339035346,2.8784010532389943,2.2938369818370883,2.373762329113436,2.203837211129006,2.1146891139185713,2.3912272565286576,2.6068783002114535,2.3826343557961964,2.354443286472417,2.3232411507718718,2.4054459200414566,2.701661303347438,2.6533715369191055,2.729196016736967,2.770110495195242,3.0989079600776774,2.5826131229326363,2.9577264709818096,2.69318421126849,3.2190906552880585,2.6642151591596677,2.5752247223756655,2.5110988012024538,2.4190690072708216,2.448487649570428,2.676446577688143,2.7399512667438337,2.8976264645849787,2.479028591356368,2.6681369601147757,2.9892523919531704,3.0566081349699132,2.880258469294021,3.0322513571177407,2.7907144134028874,2.7113802708523096,2.960258137691362,2.688238014498551,2.9081438040729295,2.7687603146656685,0.17767460449192035,0.13745070071800158,0.14428143524989942,0.13098666899093592,0.14475507907563592,0.13180326317105184,0.14511999823086516,0.12797545684404923,0.14329523995415047,0.1439815665859992,0.1529338328238134,0.14805133890563724,0.13742123310203158,0.137272884165164,0.12986162694358697,0.12544242618383908,0.1559103287546276,0.12376728507850263,0.15132471966354646,0.16804616753402363,0.14709414758659534,0.13204776925800543,0.14316462822522083,0.14974212890517377,0.15402275211679411,0.12861214017385558,0.15189191506646652,0.15382568816549577,0.1384807824333822,0.16420179204387797,0.13392907646467186,0.15357061380034737,0.14834086067098018,0.13271828336753536,0.13414915134365885,0.1709455284699351,0.17113582613001752,0.14724923979249868,0.14524317831018477,0.15011498040503438,0.12679010077094283,0.15111531921784427,0.13490278389598018,0.15154050324880752,0.1420929025546739,0.14652635903095892,0.156263896735654,0.15510904183253446,0.16584997324564982,0.13242675849825714,0.14978693071658444,0.13584715179206366,0.12648491149922206,0.1321784465314504,0.13843779726028102,0.1356036225813619,0.13646692485251274,0.13707980274504597,0.14200604297897054,0.16920581301616278,0.16154455456227762,0.14345995437132206,0.1643100935026633,0.1456371330525091,0.1509339469288611,0.1353789085089577,0.13682507386781897,0.14155329224111102,0.13841368798679826,0.13212950077335534,0.15179466087171545,0.13673859770467625,0.14965121062928352,0.1552013971846891,0.14174849008297993,0.11781971195044197,0.1388573048167607,0.14570950523223075,0.1324223372261603,0.144162083675599,0.15853739226131078,0.14589778567924555,0.14090336122753064,0.13583232460678973,0.14875589273371329,0.14585671488728064,0.1716364988501318,0.16250353329133468,0.14490514071843516,0.15051486593251245,0.1491180010599654,0.16706234596627334,0.14433235528566726,0.15172432977901038,0.14925661875949725,0.14239174453723893,0.1535883046820415,0.14540837305828092,0.17843535007216768,0.14698490154175442
16.0,2.7364036222385693,2.340645653219846,2.322418980632704,2.1340929461158735,1.7890126088505147,2.0263356338043046,2.4826833320200508,2.269383137497519,2.082965095340296,2.665951506747935,2.7765215674793535,2.8374415928788466,2.3646886266547793,2.219694813951723,2.4025218120173446,2.7297416208436425,2.595127194698091,2.3126200715509224,2.255541080525599,2.4675195096244873,2.282045887500809,2.7250025394514052,2.6862066327388807,2.6819677125532246,3.329421499418392,2.8670087887107565,2.4886782859965844,2.876481101080918,2.4876044415692706,3.0152654535424395,2.705628381283889,3.2156581470347345,2.875705059113381,2.410791758793923,2.4813692155596216,2.392258429525741,2.809331292938912,3.033802357023224,2.7660519119743947,2.736698431651554,2.6589373268177217,3.154015689226821,2.694042099957373,2.724911469304292,2.521360119093284,2.9683574083983615,2.770726921145437,2.6907506173192806,2.8558742440987794,2.6702053706577273,2.8114212221897508,2.505956947015491,2.6703124741623916,2.0588839653084703,1.8088412253360935,2.231899078513564,2.3657278891364983,2.1260019859621377,2.749771721114669,2.9179109213945362,2.8628700749766356,2.282975760334682,2.36965630715814,2.194306605143258,2.09891063750136,2.3781486850651703,2.5897312866261726,2.363985780671682,2.3354947736536227,2.3041608327129315,2.3861650139145625,2.690302353379902,2.6452489463466615,2.713228794883851,2.7537370361680895,3.0851060841603584,2.5610267670335003,2.9421179973799965,2.67484192251238,3.213064667721359,2.648149102316887,2.5553894269254664,2.4893026414864177,2.4001733963328893,2.429860986976631,2.6612987308641345,2.7250194810241477,2.8802815137448423,2.457768135866589,2.65069774151224,2.9753448734590253,3.0433094742905125,2.86006094751182,3.0174384358945696,2.772372847546391,2.6879339454726456,2.940078726819241,2.6741144220823196,2.886920844868512,2.7475545988009786,0.1773310271754824,0.1366918286951876,0.14327708264410316,0.12990630298247405,0.1434940209762541,0.13110510923312277,0.14425921402070266,0.12717992270061548,0.14222251142536307,0.1429820441897882,0.1523813540766691,0.14710845168888526,0.13654632112415074,0.13642231682511002,0.12926871716776164,0.12476204470546884,0.15483790286301216,0.12313867868847814,0.1506979307248339,0.16692577714089749,0.14605633712821103,0.13129395097133384,0.14219941272555556,0.14859578060325904,0.15277529651577365,0.12801328345396987,0.15074386641379967,0.15291624634782042,0.13790852656905217,0.16319231749815047,0.13306704276137127,0.15289311850981882,0.14736819604397638,0.132129129603971,0.1332993867514153,0.1699676089733866,0.1703562286992105,0.14612989590618,0.14446528341439183,0.14915154820238433,0.12599099984744042,0.15049078359276838,0.13384328481055674,0.15086775878956604,0.14098921287267802,0.14544479495916668,0.15534520638206398,0.1541948355126713,0.16466215140206358,0.13174569707770523,0.14933062754305323,0.13492503673473083,0.12575953085245348,0.13091740035356453,0.13729702393146917,0.13476181710800653,0.13582032322421278,0.13604775002758263,0.14158449053661062,0.16842474943654587,0.16047131689481622,0.14230689353782364,0.16368166278920174,0.14482235621768863,0.15000165429439113,0.13493873609234933,0.13616763272714735,0.14071585693500044,0.13797821596883597,0.1312342107786157,0.15068607456945124,0.1358017511640241,0.14832107905255465,0.1540759648901467,0.14098535946281487,0.11705784949673355,0.13824078911391421,0.1447676900299631,0.1315394278915619,0.14338318099779684,0.1573712164933094,0.14513285030468015,0.13988983563264246,0.13494159361687807,0.14758013305394227,0.1447823234192006,0.1706974805192596,0.16166428446530795,0.14433503779029785,0.14975231915030204,0.14798647082116306,0.16581040683826026,0.14352837162849116,0.15075530308615953,0.14850536219428448,0.14177766262234637,0.15231252064439524,0.14455020519450223,0.17750803899632875,0.14614385030485133
17.0,2.7243918142295507,2.3267404565635514,2.307876539792691,2.1268129256778567,1.7811379158640468,2.0099887062426087,2.4681520730615065,2.2554224003690932,2.0663357629507777,2.651523602309242,2.760203830109227,2.8227726053192788,2.355262472344139,2.2108109694746347,2.389834927943316,2.7161844530329824,2.5798064165256918,2.295269347362328,2.2373153611595535,2.446944029536858,2.2670541570730824,2.7145863837414907,2.677865970238487,2.6657430786166993,3.3173242490921053,2.852346259862464,2.472595438521908,2.857894514160347,2.466840700356907,3.00196645726343,2.69012583489111,3.210973549340314,2.862962778516718,2.392453058811617,2.465081392028876,2.3740059595682017,2.7924663734037107,3.0223332946563106,2.7476497410967013,2.7203910973095957,2.640757745927023,3.1390904654864964,2.6762253651862333,2.703864762830421,2.50075771200179,2.949953054476108,2.75803415124106,2.678281034746246,2.8364823171639704,2.6500326005949826,2.799457652764549,2.4904852034658713,2.6581038217642696,2.049905034964237,1.7971507128224977,2.213057239742738,2.3510280734332927,2.1114260115362855,2.7353870043138238,2.9011451621256295,2.8482608567004415,2.272751193811208,2.365745719685336,2.1855299602098968,2.0845107247848143,2.3660916995143086,2.573913202077013,2.346691533951797,2.3179829804237113,2.286626792665769,2.3685527893680742,2.6794667068970606,2.637432902321234,2.6983965906950744,2.73851891349085,3.071920178674106,2.5409319472196623,2.9274125345012934,2.65785000284021,3.2075722943885103,2.6332560283358086,2.537072532866531,2.469313424928825,2.3826660977232574,2.4127691127593374,2.6470934212280355,2.711158322169902,2.863910925414486,2.4382024806810882,2.6345761111637853,2.9624095318157413,3.0307760664957977,2.8411668851130054,3.0035453129502927,2.7551758941121847,2.6661853519331906,2.9212838157600123,2.6608828547292593,2.866990398869935,2.727922516762345,0.1770013977826683,0.13596842253994523,0.14235112164922176,0.12891590099694192,0.142332928653643,0.13043308357833774,0.14344759992563388,0.12644802916871703,0.14122195820559622,0.14207502365458624,0.15187630943463692,0.1462497973451157,0.13576068045326004,0.13567252998467855,0.1287418662614393,0.1241014701670073,0.15385948524038906,0.12255572298540975,0.1501271331720307,0.1658918119839491,0.1451201564795594,0.13059609362970995,0.14131508846282093,0.14754585141711726,0.15164898888413378,0.12743564743694596,0.1496631060017569,0.15208795075856907,0.1373422158762026,0.16224390949919715,0.13225227319079516,0.15225002152199196,0.1464631789612059,0.13157664120186366,0.13249585018253648,0.16904841161236042,0.1696461432058675,0.14511564126169813,0.14374424308638492,0.14825555931903975,0.1252396019718404,0.14987967623292503,0.13283875194282915,0.15021736730322371,0.13995370883868427,0.14441311842657728,0.1544851966656939,0.1532982298869851,0.16356347175565564,0.13109860609946455,0.14888844704439907,0.1340737211377541,0.12506712337907747,0.12973032251144678,0.1362452835176839,0.13396746104107513,0.1352057315515677,0.135079342766123,0.1411734121993979,0.16768058663648186,0.15948095875786703,0.14127753952686717,0.16311231771304663,0.14409619730823248,0.14916333000692003,0.13455072533235182,0.1355333562503666,0.13995405328091223,0.13755702840648523,0.1303951720721071,0.1496661066432783,0.1349071647694803,0.14709566968446044,0.1530287785893103,0.14026169353389467,0.11634618638502968,0.13763721704759413,0.14387408369025356,0.13073002411180998,0.14262834156266344,0.15629107905131143,0.14440542123783354,0.13891493603869387,0.1340783281830854,0.14647772327372344,0.14375747591679594,0.16983600223501374,0.16086939868658706,0.14378029951383364,0.14902963377347636,0.1469290514998217,0.16466066614672673,0.1427764299290416,0.14984424565130644,0.14778302694116296,0.14120878339794812,0.15110141646408515,0.14372645175664253,0.17662734093593252,0.14532946393732066
18.0,2.7133140484425398,2.313978376937585,2.2944458743059117,2.1203017311924017,1.7738085298801956,1.9947727838005302,2.454791041359302,2.2426756981304914,2.0510260320129303,2.6378643632078504,2.744820248716311,2.8089944318027795,2.346346453695543,2.2026910789794716,2.378182281393748,2.7037552564160823,2.5656748707756787,2.2794454632985977,2.220554599942824,2.42815488854953,2.2533827999191165,2.7046299180727096,2.6698338812023845,2.65081899561755,3.3057193342676996,2.8384748413660343,2.4578098948905938,2.840405700192415,2.4476058024130936,2.9895287149793988,2.6757994677753256,3.206620462479996,2.8511789446677427,2.375547691302831,2.4499882520993403,2.3572287287770357,2.7767129893382263,3.0115880123040815,2.730448510727469,2.7052440073609283,2.6240314067168726,3.1249669437911773,2.6596757093420607,2.684345544139712,2.4819791907585618,2.932804304606107,2.746093002772456,2.66655512678769,2.8183757707247423,2.6315496057091146,2.788449254349601,2.4762471754662236,2.64689935687489,2.041694680695183,1.7861464647009069,2.1955874579492423,2.3375393437864704,2.098009697541085,2.721730845579999,2.885396988596204,2.8345400200579407,2.2631397147588244,2.3620182578915903,2.177472840468381,2.0714307620846575,2.3550110303445884,2.5593709264366633,2.3306990635993596,2.301852955702191,2.2705772004567293,2.352539940980267,2.6691350603227217,2.629910278768296,2.6846540184164227,2.724409749263616,3.059330322112846,2.522273114566012,2.9135738953749146,2.642160949307947,3.202589229269981,2.6194877065727984,2.5202133903086184,2.4510619863863345,2.3664935329189296,2.3971497183155352,2.633793294117032,2.6983261827808507,2.8484794232590276,2.420264029857717,2.6197180424629845,2.950408766489739,3.018975814449802,2.8235281843185605,2.9905375166176755,2.7390798880144165,2.646074279189024,2.9038178854339427,2.648507802315136,2.8483097131029225,2.7098054131038545,0.17668696044602866,0.13527983513470002,0.1415002366075361,0.12801195973960114,0.141267823469492,0.12978754372883788,0.1426836410716859,0.1257775486988932,0.14029104398796333,0.14125637653937187,0.15141736016429388,0.14547196962052678,0.13506063163345666,0.1350184894804249,0.12827861411709415,0.12346171141770804,0.15297105905269084,0.12201715840834676,0.1496102657178822,0.16494073131386902,0.14428110526783836,0.12995204247980865,0.14050834040609922,0.14658824598562717,0.15063801513431044,0.12687942407262118,0.14864730939560633,0.1513379942671025,0.1367836554579611,0.1613550270576571,0.13148337126314164,0.15164107112854627,0.14562345417547265,0.13106013286781482,0.1317372002627832,0.1681866966049073,0.16900290876317228,0.14420097962156628,0.14307769212413673,0.14742437318909604,0.12453448217474028,0.14928316453957013,0.13188767457425257,0.14958983363557488,0.13898398779142412,0.14343026485498686,0.15368211836930593,0.1524207919220366,0.16255013485127665,0.13048502054552602,0.1484616623491177,0.13329054065883542,0.12440756596420655,0.12861459271420878,0.13527931521217776,0.13321950387175457,0.1346228771527488,0.1341730028675911,0.14077472657748183,0.16697313452161416,0.1585704414452302,0.14036555058903466,0.16260041204775802,0.14345490871766028,0.14841402470885667,0.1342134231602103,0.13492218711612125,0.13926436081227764,0.1371513006155727,0.1296104942933821,0.14873109999075734,0.13405411746205928,0.145970064049645,0.15205665480701114,0.13957722917186674,0.11568305421140071,0.13704749297542507,0.1430277740640597,0.12999114259111763,0.1418978293586581,0.15529349058942662,0.14371516711909804,0.13797831005191233,0.133242762161075,0.14544565156502792,0.14278135106367054,0.16904878738831314,0.1601181525665971,0.14324206060760167,0.1483461696557747,0.14594317424246764,0.16360863960665895,0.14207487673353325,0.14898998178950562,0.14709019529185244,0.1406836560097844,0.14995308045262087,0.14293686484340154,0.1757926576941988,0.14454235757724918
19.0,2.7031294263402126,2.302313883499767,2.2820830276254505,2.1145255089819286,1.7670070769910158,1.9806462862553014,2.4425524032879036,2.231093064775568,2.036984532020135,2.624946388676905,2.7303373253431125,2.796074575172085,2.3379216014416473,2.1952993892445516,2.367516247598065,2.6924089410404,2.552682260497368,2.26508484927521,2.2051998644594293,2.411077578348275,2.240974922042635,2.6951155311908974,2.662097245180812,2.637139895691428,3.2945871450315076,2.8253673160455697,2.444266099808209,2.8239728972078213,2.4298401255032993,2.977912161410477,2.662605775319432,3.202582133365887,2.840315947950362,2.360019005987849,2.436041146094708,2.3418657846648645,2.762030732493088,3.001536583577879,2.7144036637252738,2.691211249253706,2.6086977030124885,3.111617113989167,2.6443424825389004,2.6662977799328864,2.464950275754393,2.9168582721965675,2.7348707988413135,2.6555427395335913,2.8015075488882024,2.61468775613777,2.7783554388921665,2.4631928306502497,2.6366577347436935,2.0342234582570065,1.77581030542908,2.1794379746651393,2.325213228126083,2.0857077556222663,2.708775450537208,2.8706295333056606,2.8216741866965975,2.2541177556696494,2.3584616129734384,2.1701008100581483,2.0596121357166317,2.3448614080245416,2.546051339577822,2.315955817577107,2.28704974840859,2.2559502259121618,2.3380571633294385,2.6592881100806727,2.622667949613296,2.6719556922937344,2.7113631655864894,3.0473165929704904,2.504994720147434,2.9005658930301355,2.627727258971562,3.1980911663462264,2.6067959063841717,2.5047513493615208,2.434479160715657,2.3516021233968973,2.3829404950422135,2.6213609948683354,2.6864814554567413,2.833951730943587,2.403885187454314,2.6060695088033823,2.939304976947424,3.0078766210165653,2.8070967473494384,2.9783805752295063,2.7240411641672124,2.6275405161952476,2.887625416761313,2.6369537547157123,2.8308360345932018,2.693144632379592,0.1763888492625467,0.13462547970000285,0.14072132340103324,0.12719110991951693,0.14029490940361375,0.12916879523881655,0.14196598596166551,0.12516638965491472,0.13942739555190936,0.14052220330688223,0.15100324295044554,0.14477173487628842,0.13444261855984196,0.13445541335929082,0.12787664613619715,0.1228436830458128,0.15216879063324562,0.12152178499984428,0.14914535411323115,0.16406920980897854,0.1435349093521091,0.1293598197882108,0.1397761012206251,0.1457190674722927,0.14973694780746316,0.12634481095952865,0.14769433210822122,0.15066375215005115,0.13623447469159303,0.1605242199232062,0.13075904075821343,0.15106610597957418,0.14484684646248347,0.1305789497401985,0.13102220379515045,0.16738126741371745,0.16842405036027758,0.14338081376467063,0.1424634994846147,0.14665555250609214,0.12387432150452099,0.14870236807223874,0.1309886517885623,0.14898565366227048,0.1380778332145451,0.14249528988149826,0.15293433919893912,0.15156396090750884,0.161618586404827,0.12990451793956265,0.14805146429397706,0.1325729939510969,0.12378076145207538,0.12756781612935714,0.13439596230236042,0.13251693604425038,0.1340715007483503,0.13332716202474446,0.14039020044703132,0.16630224446183647,0.1577369105254565,0.1395649018276175,0.1621443403746372,0.14289491483237926,0.14774916867330837,0.13392544589994312,0.13433413083463638,0.13864352068119698,0.13676212531202955,0.1288784755277477,0.147877665489127,0.13324193810848273,0.14493976676243345,0.1511566545764184,0.1389317132235258,0.11506693095689481,0.13647245458474552,0.14222788660903307,0.12931990497298287,0.14119196485643556,0.15437524033669311,0.14306178840981237,0.1370795999960608,0.1324350759080013,0.14448109172849077,0.14185315270432935,0.16833286110498377,0.1594098907713587,0.14272139561814734,0.14770135344177074,0.1450264637816444,0.16265016332216747,0.14142222232984777,0.14819133045573524,0.1464273096666037,0.14020091536144397,0.14886572638956544,0.1421812009959666,0.17500346204868472,0.14378315022446406
20.0,2.693797049385223,2.291701445407921,2.2707440432044645,2.109450405368846,1.76071618328857,1.967567633384174,2.4313883252218074,2.220624534298236,2.0241598924657547,2.612742277949534,2.7167215620321614,2.7839805382699128,2.329968946315108,2.1886001470481524,2.3577892017857316,2.6821004169533893,2.540778288740121,2.252123935207613,2.1911922222933686,2.3956375906188776,2.22977362944735,2.6860256118418713,2.6546429417240147,2.624650210973976,3.2839080714698494,2.8129964667251874,2.4319084979803,2.8085543432372293,2.4134840473929744,2.9670767312767814,2.6505012529063356,3.198841808910122,2.830336178748479,2.345810352586947,2.4231914243387123,2.327856174744264,2.7483791946189746,2.9921490820890027,2.6994706429486723,2.6782469104360658,2.5946960286390808,3.099012965928759,2.6301750348907955,2.649665436910692,2.4495966873800827,2.902062070655764,2.7243348625492887,2.6452137190739555,2.78583059576144,2.599378422018594,2.7691356183394444,2.4512721366516814,2.627337610620134,2.0274619234053812,1.7661240594648036,2.164557031422466,2.3140012543822057,2.0744748974255613,2.696493024809447,2.8568059287534022,2.80962997826394,2.245661749035844,2.3550634761274374,2.163379433118627,2.048996231996492,2.335597563022693,2.53390132137321,2.3024092438478183,2.27351840746242,2.242684038858412,2.325035150993894,2.64990655259468,2.615692788781707,2.660256226572853,2.6993327845595783,3.0358590697409804,2.489041215038838,2.8883523404961977,2.6145014288870354,3.194053799597699,2.5951323971262896,2.4906257601350044,2.419495782773465,2.337938290634148,2.370079134336402,2.609759168819151,2.675582532797353,2.8202925721333187,2.388998357528716,2.593576483578571,2.929060562655215,2.9974463890601144,2.791824476426621,2.967040017118598,2.7100160574847156,2.610523851906906,2.8726508906623756,2.626185201806771,2.814526610366501,2.6778815191436403,0.17610809644435732,0.13400482187549986,0.14001146307015042,0.12645010697849224,0.13941055632870383,0.1285770946550617,0.14129342764391425,0.12461258322082268,0.13862878736635645,0.1398688162707874,0.15063276279411822,0.14414602099485394,0.1339032039061456,0.13397875916074017,0.12753378144270597,0.1222482184254713,0.1514490192527456,0.12106846245580412,0.1487305069580724,0.16327412059415108,0.14287750644072456,0.12881760648141186,0.1391155276293891,0.14493460499534186,0.14894071279266347,0.12583200839771247,0.14680219351959004,0.15006276583601838,0.13569615132475019,0.15975012323185397,0.13007807466274074,0.15052504566024313,0.1441313422854063,0.1301324685611393,0.13034972594792368,0.16663096931889634,0.16790725820582822,0.14265040688804637,0.1418997399457005,0.14594684190140111,0.12325789861089681,0.1481383553331221,0.1301403818351399,0.14840531378639296,0.1372331977783479,0.1416073606904931,0.1522403311968852,0.15072906755421686,0.16076549394583806,0.12935671434480628,0.14765896397232295,0.13191872353493753,0.12318663495521183,0.12658780051140692,0.13359216289739614,0.13185878723381822,0.1335513548912831,0.13254026747641073,0.14002146545521804,0.1656678033974866,0.15697768016263391,0.13886986617019498,0.16174253736392313,0.14241280476029344,0.14716453785900047,0.13368547319681032,0.13376924313951338,0.1380885140134866,0.13639052075329222,0.12819758661107794,0.14710265929745459,0.13247000259375594,0.14400066523100571,0.15032605936633253,0.13832490407801024,0.11449642802911339,0.13591288064701054,0.14147358443760985,0.12871353442583797,0.14051111561331028,0.1535333696287957,0.14244501340457946,0.13621844827451882,0.13165540725507358,0.1435813924936783,0.14097211450840821,0.16768551661320905,0.158744017782308,0.1422193221466483,0.1470946651322438,0.1441767206688503,0.161781366125397,0.14081712276400268,0.1474471119473825,0.14579469123253894,0.13975927915687053,0.1478376882422472,0.14145922479835676,0.1742592869071165,0.14305246466629576
21.0,2.6852760190402534,2.282095531819892,2.260384964496063,2.1050425666756145,1.7549184748649012,1.9554952449643925,2.421250973535447,2.211220140692379,2.0125007428431614,2.6012246302589057,2.7039394608259477,2.7726798239390367,2.322469519048581,2.1825575991685975,2.348953519186158,2.672784594202507,2.5299126585532883,2.2404991510112513,2.178472741028665,2.3817604170471207,2.219722028136973,2.6773425487714757,2.6474578503822492,2.6132943736008385,3.273662503669051,2.801335076228981,2.420681534112412,2.7941082763113374,2.3984779458476146,2.9569823592984315,2.6394423959189273,3.1953827360248024,2.8212020274460023,2.332865080820413,2.411390437155064,2.315138946527846,2.735717967466525,2.983395581448765,2.6856048912562254,2.6663050783561824,2.5819657774218814,3.087126489458274,2.617122716511768,2.634392481773849,2.4358441460264517,2.8883628133919266,2.714452516998056,2.6355379114987567,2.771297855451556,2.5855529734892575,2.760749204638679,2.440435061104221,2.6188976397536217,2.021380631896006,1.7570695512658507,2.1508928697532954,2.303854950484901,2.064265834596706,2.6848557740207384,2.843889307438823,2.798374016407479,2.2377481273495436,2.351811538550133,2.157274273789283,2.0395244372399493,2.327174225807582,2.5228677516955273,2.290006790374247,2.2612039817831486,2.2307168091217964,2.3134045985518887,2.6409710842885223,2.6089716701989873,2.6495102354995743,2.688272228282971,3.0249378309182147,2.4743570503151027,2.8768970508023566,2.602435956110339,3.1904528230048603,2.584448948155491,2.477775972738847,2.406042687416451,2.325448456107677,2.358503327595061,2.598950461306686,2.665587807402411,2.8074666704933358,2.375535944138767,2.5821849401821027,2.919637923079524,2.9876530214444905,2.7776632737710787,2.9564813706177038,2.6969609028810453,2.5949640752791154,2.8588387880574224,2.6161666334640903,2.799338687448522,2.663957417950092,0.17584564066929845,0.13341737325627548,0.13936789830881352,0.1257858220143219,0.13861128434616185,0.12801265310950016,0.14066488693607196,0.12411427094953013,0.13789312732913686,0.1392927228840687,0.15030478655920768,0.14359190670231067,0.13343906452370818,0.1335842107983998,0.12724796198982552,0.12167608175268495,0.15080824736122006,0.12065610960439983,0.1483639114323321,0.16255251974347015,0.1423050322035511,0.12832372553042304,0.13852397873473973,0.1442313216183254,0.14824455750140544,0.12534121756753455,0.14596906186562766,0.1495327276677591,0.13517003424440008,0.15903145291097925,0.12943934563758056,0.1500178824591999,0.14347507314663654,0.12972009866336878,0.12971872149259758,0.16593468834396652,0.16745036933476015,0.14200534653585298,0.1413846687820907,0.14529614857416742,0.1226840821359167,0.147592142144081,0.12934165272752055,0.1478492913643602,0.13644818801192765,0.14076574798311522,0.1515986599741314,0.14991735210533538,0.15998772539166398,0.12884126145290573,0.14728519658698944,0.1313254982584398,0.12262513073775962,0.12567253527637376,0.1328649403057311,0.1312441241071761,0.13306220264329993,0.13181078616993028,0.13967003345210718,0.1650697295038838,0.15629021874405064,0.13827499510384683,0.16139347685782923,0.1420053244409516,0.14665622206189474,0.1334922428190894,0.13322761965837318,0.13759654134455465,0.13603743896450043,0.12756645674903982,0.1464031621146636,0.1317377320816093,0.14314899214453078,0.1495623484431645,0.1377565736621625,0.11397027874654961,0.13536949878759302,0.14076406866361427,0.12816935142233768,0.13985568887068694,0.15276514740395541,0.14186459522191197,0.135394503089042,0.1309038618644696,0.1427440673382624,0.1401375045459684,0.16710428468268387,0.15811999100609933,0.14173680488624413,0.14652562689280516,0.14339190473164076,0.16099864302551764,0.14025836286380672,0.14675615437852393,0.14519255763577762,0.13935754484064955,0.14686741502427028,0.14077071252492188,0.17355971669216438,0.14235092860576612
22.0,2.6775254367679793,2.2734506118935305,2.2509618349533764,2.1012681392246333,1.7495965778120737,1.9443875407731879,2.412092514603303,2.2028299179519006,2.001955712645734,2.59036604483815,2.6919575237670252,2.7621399350221694,2.3154043503747235,2.177135992384195,2.34096157502881,2.6644163828352476,2.5200350729862175,2.230146926601616,2.1669824882493063,2.3693715493187675,2.210763224115203,2.669048730725516,2.640528850705739,2.6030168157076568,3.2638308317154237,2.7903559273810474,2.410529652910113,2.780592934460824,2.3847621986326697,2.9475889801955395,2.629385699740118,3.192188161622079,2.812875884426848,2.3211265404085064,2.400589534867465,2.30365314752822,2.7240066427864087,2.975246155268478,2.672761851506487,2.6553398404621857,2.5704463431860924,3.0759296744259905,2.605134877515844,2.6204228812231043,2.423618372084282,2.8757076138132986,2.7051910852892953,2.626485162898004,2.7578622720656636,2.5731427806874017,2.7531556097370804,2.430631571641568,2.6112964773936156,2.0159501394845636,1.7486286052899944,2.138393731189667,2.2947258443642258,2.055035278781418,2.673835903795076,2.8318428018613386,2.787872922774678,2.2303533231028956,2.34869349143808,2.151750896209551,2.031138137762777,2.3195461268477295,2.512897510417491,2.278695905119181,2.25005152029034,2.219986706528695,2.303096200581758,2.632462401586031,2.602491467790617,2.63967233331974,2.6781351188567943,3.01453295499615,2.4608866770511484,2.8661638369778752,2.591483337697452,3.1872639305481627,2.574697328828108,2.4661413372828154,2.394050709501293,2.314079041294477,2.348150766215217,2.5888975176681317,2.6564556718716923,2.795438749688788,2.3634303513423323,2.5718408520075444,2.9109994576867373,2.978464421033695,2.7645650416037744,2.9466701640596518,2.6848320352703587,2.580800975266925,2.846133589866705,2.6068625395634304,2.7852295128650075,2.6513136733530422,0.1756023354990203,0.13286268616710786,0.13878801254233097,0.12519523300233587,0.13789374918324324,0.127475640378899,0.14007939745451528,0.1236696930095352,0.13721844360705274,0.1387906095081738,0.15001823708870882,0.14310661130180954,0.13304698682424557,0.13326766523085293,0.1270172424715466,0.12112797914287618,0.15024313125172825,0.12028370345281754,0.14804382903037375,0.1619016320677051,0.14181380689461007,0.12787662693504867,0.1379989961256733,0.14360584287554146,0.14764402057806622,0.12487263959710261,0.1451932402379057,0.14907146662877882,0.1346573648668057,0.1583670016690975,0.1288417978318818,0.14954467420421325,0.1428763004343015,0.12934128282382423,0.12912822696010212,0.16529135043132373,0.16705135117849276,0.1414415109612298,0.14091669911419194,0.1447015246852679,0.12215182382125725,0.1470646912858974,0.12859133392206407,0.14731805583151053,0.13572105040218724,0.1399698185338018,0.15100797545954792,0.14912998141594846,0.1592823293600965,0.1283578445156296,0.14693112623205634,0.13079119725077146,0.12209620958439163,0.12482017237104133,0.13221139333840043,0.13067204777565006,0.13260381645531064,0.1311372076576306,0.13933731060269233,0.16450796912277924,0.15567213569946098,0.13777509945218447,0.16109567083888301,0.14166936836113053,0.14622059512283508,0.13334454616777847,0.13270938749052383,0.13716500322571962,0.13570377393576627,0.12698386035954776,0.1457764601789447,0.13104459216158337,0.1423812906617781,0.14886317765606744,0.13722650973584413,0.1134873280754903,0.13484299315558354,0.14009857892489805,0.12768476890961397,0.1392261257933751,0.15206804756365278,0.14132030961083397,0.13460742429675346,0.13018052292916343,0.1419667847796586,0.13934862966842274,0.166586905846161,0.15753731499238532,0.1412747602046671,0.14599379374208124,0.14267011968527835,0.160298629902816,0.13974484034723672,0.14611729984542554,0.14462103973819576,0.13899458646731813,0.14595346579259258,0.14011545575465986,0.172904380548896,0.14167917663296425
23.0,2.67050440403106,2.2657211547866405,2.2424306980295357,2.098093269338365,1.744733118222138,1.9342029405878047,2.4038651147998458,2.1954039000706653,1.9924734313668204,2.5801391209204105,2.680742252897887,2.752328374362059,2.3087544710262087,2.1722995734732367,2.333765744543101,2.6569506928990414,2.5110952350882467,2.2210036918941456,2.156662531539299,2.358396479119602,2.2028403233857827,2.661126546449829,2.6338428222447683,2.593761969430105,3.25439344569532,2.7800318030055116,2.401397299078946,2.7679665557163835,2.372277183513607,2.9388565286882384,2.620287659752798,3.18924133261404,2.805320140074908,2.310538081071519,2.390740067799645,2.2933378252579555,2.713204812329261,2.9676708771594624,2.66089696655801,2.6453052842022307,2.5600771197569223,3.0653945106802336,2.594160868017062,2.6077006019591686,2.4128450859443835,2.8640435853281123,2.6965178905246723,2.6180253193616796,2.745476789710859,2.5620792137506947,2.7463142455818783,2.4218116358974564,2.604492778789547,2.0111410019267555,1.7407830459950089,2.127007857263657,2.2865654639502573,2.046737941625433,2.663405619756459,2.820629544520323,2.7780933190130717,2.2234537687880405,2.3456970259878194,2.146774864518868,2.023778719880673,2.3126679966116512,2.503937477411782,2.2684240360453822,2.2400060719034642,2.210431900905413,2.2940406516617577,2.624361200910969,2.596239055482045,2.6306971342791687,2.668875078381113,3.0046245204686883,2.448574546321832,2.856116512051994,2.581596070704349,3.184462816208075,2.565829308500497,2.4556612038766965,2.3834506838846865,2.3037764676715353,2.338959141593845,2.5795629832406903,2.648144518804948,2.7841735333847737,2.352613983197226,2.5624901924484678,2.9031075659432983,2.9698484906917875,2.752481682145689,2.9375719257771897,2.673585789566761,2.5679743408254367,2.8344797770105052,2.598237409980575,2.772156333641686,2.6398916299065527,0.17537895776174806,0.13234034948899687,0.1382693113222901,0.124675416399399,0.13725472864490312,0.12696618928224765,0.13953609222950927,0.12327717716917966,0.13660287253784867,0.13835932577235147,0.1497720878232244,0.1426874848115731,0.13272386216202162,0.13302521908371157,0.12683978096079163,0.12060456886058778,0.14975047210723488,0.11995027791772739,0.14776859136371245,0.16131883801647467,0.14140032249607723,0.12747487416302977,0.1375382856148679,0.14305494580844344,0.14713490319930586,0.12442647532299826,0.14447315353723944,0.14867693498754403,0.13415929713222513,0.15775563543412188,0.1282844398838463,0.1491055380514344,0.14233340159914495,0.12899549802623916,0.12857735359978856,0.16469992078816523,0.16670828683704697,0.14095503782007038,0.1404943816258244,0.14416115134307037,0.12166015225173815,0.14655691312932295,0.127888368943831,0.14681207034285454,0.13505015874828544,0.13921902828671454,0.15046700390955237,0.14836806498929483,0.15864651705091712,0.12790618091276992,0.14659765130582517,0.13031379527833564,0.12159984658497092,0.1240290087973039,0.1316286867706903,0.1301416911153303,0.13217597722393012,0.13051804601459577,0.13902461041533226,0.16398249471585552,0.1551211694070465,0.13736523041973417,0.16084766835391454,0.141401971068681,0.14585428713583845,0.13324122435988392,0.13221469837686384,0.1367914820497893,0.13539036970585996,0.12644870504575387,0.1452200278196958,0.13039009265774582,0.14169438219423447,0.14822635962595213,0.13673451838739215,0.11304652345445676,0.13433401190159416,0.13947639399238337,0.1272572870449371,0.1386228970614338,0.151439728097892,0.14081195343466715,0.1338568892386311,0.1294854601957974,0.14124735909820094,0.13860483962266884,0.16613130513861782,0.15699553655895382,0.14083406106302127,0.14549874581333178,0.14200959884327125,0.15967817954613164,0.13927555106424452,0.1455294102264129,0.14408019729292026,0.13866935152968016,0.14509450478418157,0.13949326489143804,0.172292947038579,0.14103785275468475
24.0,2.6641720222921528,2.2588616296570723,2.234747597177636,2.0954841033392175,1.7403107221871525,1.9248998641854855,2.396520940499548,2.188892121042601,1.9840025284998066,2.5705164577388513,2.6702601502610475,2.7432126448014404,2.302500911735674,2.168012589214021,2.327318402958472,2.6503424344413524,2.503042847908729,2.2130058768043077,2.147453938482664,2.348760698135421,2.195896431952421,2.6535583846902417,2.62738664454956,2.5854742669038133,3.2453307356950494,2.770335485926451,2.3932289173244716,2.7561873781086885,2.3609632782559147,2.930744939496629,2.612104771339885,3.186525495912825,2.798497184774114,2.3010430525297236,2.3817933862753224,2.284132027229692,2.703272067845745,2.9606398207330185,2.649965679269367,2.6361554970244674,2.5507975009595913,3.0554929880692807,2.584150038129463,2.596169610682805,2.403450007997556,2.853317841344622,2.6884002558058664,2.6101282269797847,2.7340943524942234,2.5522936428167635,2.7401845241203078,2.413925221505586,2.598445199190877,2.006923774978277,1.7335146978386708,2.1166834895073077,2.279325337173049,2.039328534774476,2.653537127528908,2.810212667915192,2.769001826770139,2.21702589689712,2.3428098333959047,2.142311742856684,2.0173875699093986,2.3064945655678826,2.495934532551145,2.2591386311156096,2.231012685542067,2.201990562078321,2.286168646370187,2.616648178687117,2.5902013071987584,2.622539252623685,2.66044572895605,2.9951926058297476,2.437365109202087,2.8467188890539763,2.572726652186985,3.182025173965044,2.557796656528976,2.4462749226302654,2.3741734454233008,2.294487156715847,2.3308661451279495,2.570909503361558,2.6406127408019304,2.773635745246432,2.343019243761287,2.5540789348984414,2.8959246473155975,2.961773133282789,2.741365097617779,2.9291521841031303,2.663178500684409,2.556423960909718,2.8238218304090896,2.5902557345912824,2.7600763968042568,2.6296326321647405,0.17517621582147325,0.13184998538057263,0.13780940579940937,0.12422353919625052,0.13669111010684037,0.12648440031513047,0.13903419171374065,0.12293512854404627,0.136044647553379,0.13799586960588012,0.14956535786474806,0.14233199849982497,0.13246668223263333,0.13285315535903072,0.1267138302055302,0.12010647074949252,0.14932720740088348,0.11965492233556639,0.14753659607974123,0.1608016615502839,0.14106123038996474,0.12711713190432053,0.13713970046550564,0.14257554849071938,0.14671324199110788,0.12400292558486514,0.14380733632638207,0.14834719581761585,0.13367691611437055,0.1571962901335576,0.12776633896791573,0.1487006451249715,0.14184485752160636,0.12868225616675685,0.12806528103984574,0.16415940334437348,0.1664193618270209,0.14054229509120117,0.14011638638080415,0.14367332402436042,0.12120816716503176,0.14606966703864002,0.12723176884584922,0.14633179378158542,0.1344340026273262,0.13851291594855294,0.1499745409624954,0.14763266998177899,0.15807764554813442,0.1274860191860565,0.14628561032193338,0.12989134941886799,0.12113602928082833,0.12329747066321138,0.13111404215308056,0.12965221609631167,0.13177847350800248,0.1299518410234754,0.13873316580794856,0.16349330363563166,0.15463517609131186,0.13704066108182608,0.16064805445219688,0.14120029864786424,0.14555415858991286,0.13318116477709993,0.1317437231968325,0.13647372511220954,0.13509802827147524,0.1259600206069147,0.14473151139630067,0.12977378792058789,0.1410853366593706,0.14764984531224493,0.13628042664964476,0.11264690656341352,0.13384317439146629,0.13889683240136547,0.12688448764837518,0.13804649957623444,0.15087801187590338,0.14033934371407125,0.13314259841382584,0.12881873830711435,0.14058374145560018,0.13790553085149623,0.16573556911420445,0.15649424065806583,0.1404155421081677,0.14504008193355544,0.14140869188080443,0.1591343390997643,0.13884957539694476,0.1449913725782614,0.14357003352639008,0.13838085777255182,0.1442892966937117,0.1389039725450091,0.17172512004186652,0.14042761325883787
25.0,2.658487393013937,2.2528265056626706,2.227868575850834,2.0934067875496143,1.7363120157991687,1.9164367313434818,2.390012158076869,2.1832446148615903,1.9764916335380613,2.5614706545266017,2.660477717899034,2.7347602491830623,2.2966247032357785,2.164239286384857,2.321571925504357,2.6445465175096508,2.495827614497003,2.2060899112475654,2.139297776663412,2.3403896980520056,2.189874655818812,2.6463266341925835,2.621147197170374,2.5780981402644354,3.2366230918009298,2.761239758967974,2.385968952352251,2.7452136396684206,2.3507608606250296,2.923214147340837,2.604793529884248,3.184023898430556,2.79236940890834,2.2925848045033925,2.373700840618202,2.2759748009559995,2.6941680010865103,2.954123059600466,2.639923432499122,2.627844566377044,2.5425468806193092,3.046197096441458,2.5750517379670654,2.585773874094728,2.395358858634601,2.843477495271071,2.680805504234544,2.602763731842286,2.723667904522886,2.5437174380232794,2.7347258572995807,2.406922296099672,2.5931123938470235,2.00326901439481,1.7268053852787506,2.10736886945268,2.2729569919626673,2.032761769874284,2.6442026327364156,2.8005553045453553,2.760565067693395,2.211046139922272,2.340019604858885,2.1383270953624454,2.0119060741646844,2.300980564184969,2.4888355557082575,2.250787138292633,2.223016410125636,2.194600859873754,2.2794108792853587,2.6093040313382807,2.58436509686619,2.615153302599111,2.652800692681687,2.9862172895732666,2.4272028167667945,2.837934781013052,2.5648275792013786,3.179926697799526,2.5505511422699203,2.43792184365329,2.3661498289738474,2.286157529904418,2.3238094682145167,2.562899723367944,2.6338187304623997,2.7637901089389247,2.334578537092379,2.5465530527510314,2.8894131012700552,2.954206251670728,2.731167190241034,2.921376467370263,2.653566503537434,2.546089624474871,2.814104230982745,2.5828820032713318,2.7489469493784573,2.620478024681665,0.17499475767589526,0.1313912467618788,0.1374059980609659,0.12383685146744322,0.1361998790297692,0.12603034644378436,0.13857299301770856,0.12264202012210677,0.1355420890822394,0.13769737300256915,0.14939710743761803,0.14203773580832582,0.13227253450560456,0.13274793034404675,0.12663772952293206,0.11963427492836022,0.14897040262620326,0.11939677983177002,0.14734630293030154,0.16034775885982383,0.14079332955944543,0.12680215500932665,0.13680122598210018,0.14216470002103493,0.14637528357116117,0.12360219192484859,0.14319442153019163,0.14808041135647698,0.133211255273653,0.15668796873390084,0.1272866157659512,0.14833021591317092,0.14140924094970841,0.1284011047296717,0.12759125156043616,0.16366884028053266,0.1661828521115782,0.14019985411461955,0.13978148650006186,0.14323643928939356,0.12079503426669817,0.1456037633719189,0.12662060640457995,0.14587768301891502,0.13387117684999736,0.13785109703832713,0.14952944555718772,0.14692483520460767,0.15757320241368922,0.12709713840078263,0.14599578793834117,0.1295219869740712,0.12070475613147338,0.1226240986434018,0.13066472912327742,0.129202811234853,0.1314111008966912,0.12943715883375378,0.13846414032019652,0.16304041754388218,0.15421211962816408,0.13679686845676625,0.1604954491856979,0.1410616402918762,0.14531727636856218,0.13316329799351947,0.13129664757023757,0.13620962889920835,0.13482751728038983,0.12551694899653623,0.14430871447893026,0.12919527746174486,0.14055144506999392,0.1471317069255815,0.13586408517364984,0.1122876059147263,0.13337107810107862,0.13835925306049618,0.12656402850145282,0.13749745408426658,0.15038086900622308,0.13990231712987974,0.13246428090635234,0.12818042447256064,0.13997401137653404,0.1372501499524082,0.16539792492600125,0.15603304684737015,0.14002000481466284,0.14461741430758587,0.14086585261127613,0.15866432895849242,0.13846606582414395,0.1445021041060162,0.14309050862075876,0.13812819001356633,0.14353670209377442,0.13834743674026215,0.17120063564465735,0.1398491297405926
26.0,2.653409617659091,2.2475702519612515,2.221749677502239,2.0918274682920073,1.7327196251502424,1.9087719618390135,2.384290933906289,2.178411415521519,1.969889375974945,2.552974310516794,2.6513614578543643,2.72693869034966,2.2911068762591986,2.160943911764052,2.3164786874102066,2.639517852151399,2.4893992379024263,2.200192225139356,2.1321351136655338,2.333208970555121,2.184718100988679,2.6394136837026854,2.615111359657454,2.571578021647608,3.228250904099303,2.752717404954193,2.3795618488678243,2.735003578426277,2.341610308386438,2.9162240869409883,2.5983104307688127,3.1817197870793374,2.786899202861526,2.2851066867128047,2.366413781152009,2.2688051939494724,2.6858522038022006,2.9480906673731146,2.6307256691058063,2.6203265797081103,2.535264652561303,3.0374788256450573,2.5668153176439032,2.5764573588956834,2.3884973582463176,2.8344696605156976,2.6737009589123772,2.595901680039209,2.7141503899039274,2.5362819695078955,2.7298976570669238,2.400752827313439,2.588453018007433,2.000147275932034,1.7206369327730278,2.0990122386318357,2.2674119562491666,2.0269923585705745,2.635374341002995,2.7916205869101898,2.752749663430342,2.205490930355643,2.3373140315732988,2.1347864861755834,2.0072756189622862,2.29608072293141,2.48258742675584,2.2433170055392426,2.2159622945736843,2.1882009641180504,2.273698044985529,2.602309455288228,2.578717298409832,2.6084938984512753,2.645893591658159,2.9776786501931696,2.418032120090847,2.8297280009585046,2.557851348803451,3.1781430816919767,2.5440445350796383,2.430541317055555,2.3593106693929946,2.2787340087142165,2.317726802250571,2.555496288597061,2.627720880386097,2.7546013481273266,2.32722426724835,2.5398585193997976,2.8835353272730724,2.9471157487196398,2.721839862236411,2.9142103039113576,2.644706133039948,2.536911120475951,2.805271459651702,2.5760807058965,2.7387252383900123,2.612369152011428,0.17483517884247277,0.13096381544985833,0.13705686814359533,0.12351267945325653,0.1357781084690848,0.12560407800050497,0.13815186022939313,0.12239638407267091,0.13509359538996268,0.13746108855667094,0.14926643370616835,0.14180238365602646,0.13213859770657685,0.13270616080927727,0.12660989723949076,0.11918854981590751,0.14867724333816618,0.11917504561381204,0.14719623001236257,0.15995490782932764,0.1405935553177597,0.12652877849075003,0.13652096535231187,0.14181957096357825,0.14611746070643838,0.12322447758860125,0.14263312993538368,0.14787483216988648,0.13276331239625686,0.15622973847557275,0.12684444025525382,0.1479945163370393,0.14102520590629677,0.1281516274546009,0.127154564902027,0.1632273115977245,0.16599711324774727,0.13992446463801056,0.13948854348984713,0.14284898266533655,0.1204199804980793,0.14515996593895922,0.12605401096883215,0.14545019533450645,0.13336037180401938,0.13723325835923392,0.1491306345654467,0.146245584159414,0.15713079146055717,0.1267393477247533,0.1457289210668162,0.12920389454652093,0.12030603527106343,0.12200753474214951,0.13027805733500233,0.12879268925775422,0.13107366152573238,0.1289725922677942,0.13821863856817815,0.16262388233767847,0.15385006218228311,0.1366295162617546,0.16038850671009758,0.14098340008309915,0.1451408915251788,0.13318659501416194,0.1308736683789821,0.13599722457612612,0.13457957748196978,0.1251187351412703,0.14394958414536885,0.1286542068220874,0.1400901943225333,0.1466701221502536,0.13548537091083418,0.11196783016041884,0.1329183051527898,0.13786305580877048,0.1262936375987311,0.13697630355627255,0.14994640067462037,0.13950072990260898,0.1318216994956491,0.1275705954842774,0.13941636856492148,0.13663819678082323,0.16511672127800975,0.15561160625414444,0.13964822258389697,0.14423036413212226,0.140379627739656,0.15826552312616893,0.138124235641341,0.14406055669429424,0.14264155211009608,0.13791049698734034,0.14283567299884797,0.1378235439319002,0.17071925982244093,0.13930309215848094
27.0,2.64889779769026,2.243047337710663,2.216346945584971,2.0907122918888144,1.729516176332431,1.9018639754493536,2.3793094343622747,2.1743425570162818,1.9641443853038385,2.54500002494259,2.642877872169545,2.719715471143971,2.285928461538577,2.158090712129911,2.311991063905445,2.6352113484140527,2.483707421174333,2.1952492483951747,2.1259070170730583,2.327144007330549,2.1803698734657306,2.6328019219663603,2.609266011561042,2.5658583431890105,3.220194562676466,2.7447412067092056,2.373952051576763,2.7255154324129345,2.3334519993056064,2.9097346930171963,2.592611969376466,3.1795964087713027,2.7820489570175653,2.278552048878245,2.359883558200444,2.262562253722733,2.6782842677434804,2.9425127176623036,2.622327831947995,2.613555624465837,2.5288902106107782,3.0293101655283796,2.559390127274021,2.568164031786387,2.3827912272235077,2.826241450486738,2.667053942941043,2.589511917660521,2.7054947527444755,2.529918607408246,2.7256593353695604,2.395366782780579,2.5844257269215487,1.9975291153456642,1.7149911647792757,2.091561838576811,2.2626417579626232,2.0219750125090887,2.627024457952634,2.783371647509114,2.7455222356284645,2.20033670068937,2.3346808047357075,2.131655479435539,2.0034375906179225,2.291749772275761,2.477137025566606,2.2366756808181685,2.209795387805724,2.182729044637558,2.268960838049018,2.595645146960768,2.5732447857551164,2.6025156544259964,2.6396780479855404,2.9695567661833557,2.409797470249159,2.822062361919559,2.5517504580492107,3.1766500196228677,2.5382286043144893,2.4240726929468255,2.3535868015374235,2.2721630146222687,2.3125558386330844,2.548661844386079,2.62227758317281,2.746034186476809,2.3208888382869977,2.5339413082383095,2.8782537247910764,2.9404695272935553,2.7133350158248875,2.907619222059231,2.6365537241061223,2.528828237868042,2.7972679973362817,2.56981633234255,2.72936851086464,2.6052473587081173,0.17469803000598275,0.13056740085399396,0.13675986255490186,0.12324841919480725,0.1354229495489613,0.1252056276374654,0.137770215697754,0.12219680383865078,0.13469763431543474,0.1372843767919188,0.14917246691512137,0.14162372411463395,0.13206213736238748,0.13272461156623885,0.12662882363210495,0.1187698495446667,0.14844502748889807,0.11898896524100375,0.14708495019356624,0.15962099815778366,0.14045896855901607,0.12629590848076588,0.1362971266383455,0.14153744421756387,0.14593637006082713,0.12286998874628637,0.142122260446193,0.14772878709243067,0.1323340642694929,0.15582072825498772,0.12643902821939712,0.14769385441458063,0.14069147797970538,0.12793344501155357,0.12675457354135405,0.16283393471159405,0.16586057051254535,0.13971303176144276,0.13923649403782068,0.14250951758713526,0.12008228971231165,0.14473899480901603,0.12553116389195948,0.14504979092801779,0.13290036459930188,0.13665915286278615,0.1487770780148921,0.14559593714989894,0.156748119608717,0.12641248613865416,0.1454857049602034,0.12893530821144758,0.11993988353240827,0.12144651026217883,0.12995136908619903,0.1284210850470861,0.13076596374120783,0.12855676091400972,0.13799771602790065,0.1622437684690874,0.15354715561155344,0.13653443842439797,0.16032591451702505,0.14096308906891397,0.14502241874904015,0.13325006477112025,0.1304749910558319,0.13583466463640156,0.13435492992022866,0.12476471853987761,0.14365219828482975,0.12815026858862685,0.13969924404933032,0.14626335963704415,0.13514418976561157,0.11168686202595966,0.1324854284679181,0.13740768190213676,0.12607110743787414,0.1364836121868638,0.149572824373997,0.13913445797997415,0.13121465540167296,0.12698934410163637,0.13890912502986438,0.13606922719327222,0.16489041108242367,0.15522959894349683,0.13930094573421614,0.14387855799678714,0.13994864655785746,0.15793543103402452,0.13782334881598582,0.1436657209961944,0.14222307421858116,0.1377269882239229,0.14218524857396958,0.13733221180915725,0.17028078677491998,0.1387902118225071
28.0,2.6449110345701263,2.2392122320687258,2.211616423552173,2.09002740466246,1.72668429543779,1.8956711919517144,2.375019825819292,2.1709880733397755,1.9592052910181035,2.537520397037126,2.634993462887104,2.713058094408738,2.2810704898065746,2.1556439342607248,2.3080614302195235,2.631581916345081,2.4787018673620778,2.191197410930443,2.120554554469983,2.3221203000640753,2.176773079253711,2.6264737377294387,2.6035980324314085,2.5608835370242713,3.2124344576187855,2.737283947057114,2.3690840051846065,2.716707439659068,2.3262263111480057,2.9037059002895718,2.587654641090122,3.177637010418568,2.7777810617603578,2.2728642407199797,2.354061522087248,2.2571850277883727,2.671423784660997,2.9373592840793026,2.614685363884266,2.607485788098335,2.523362948592952,3.0216631059397177,2.5527255169714267,2.5608378594676036,2.3781661859569834,2.818739978592442,2.6608317794222027,2.583564290796223,2.697653937151591,2.524558721862012,2.7219703041547136,2.3907141301348274,2.5809891758388006,1.9953850883913833,1.7098499057552663,2.0849659108196827,2.25859792503311,2.017664443335549,2.6191251892093574,2.775771618841508,2.738849405935285,2.1955598834156147,2.332107615542673,2.128899639281775,2.0003333754473327,2.2879424426865285,2.4724312320132458,2.2308106120922084,2.204460738741277,2.178123271258613,2.265129953054106,2.5892918027796865,2.5679344328275566,2.5971731847690993,2.6341076837639426,2.9618317160377963,2.4024433183165885,2.8149016769254875,2.5464774039946154,3.1754232055726397,2.533055119330817,2.4184553214368774,2.34890906026382,2.266390969105523,2.3082342687590622,2.542359036072216,2.617447231422257,2.7380533476524938,2.315504654266208,2.5287473926601316,2.873530693290467,2.9342354902565098,2.7056045532274284,2.9015687501466463,2.6290656116500553,2.521780765606246,2.7900383249567122,2.5640533724852577,2.7208340138280636,2.599053989325812,0.1745838244125702,0.13020173915730354,0.13651288415830415,0.1230415307321505,0.13513162286560718,0.12483501530856525,0.13742753218000037,0.12204190700677058,0.13435273586330193,0.13716469429045172,0.14911436682431087,0.14149962644856307,0.13204050141900345,0.1328001834372977,0.12669306433138725,0.118378720821218,0.14827115804359345,0.11883783291416639,0.14701108772759,0.15934402206674225,0.14038674552196567,0.12610251404782757,0.13612801082718334,0.14131570629778684,0.14582875149522226,0.12253893587034617,0.14166068105681898,0.14764067391858302,0.13192448014878988,0.15546012611763105,0.12606963839897842,0.1474285774524728,0.140406845425438,0.12774621569630334,0.12639067837633136,0.16248786406188837,0.1657717098929957,0.13956259467071466,0.13902433811757448,0.14221667529892112,0.11978129872083829,0.14434152938668945,0.12505129448820854,0.14467693546979954,0.13249001094218701,0.13612859488067783,0.14846779480104708,0.1449769225126124,0.15642298474166447,0.12611642221355707,0.14526679920273897,0.12871450471850476,0.11960632572301348,0.12093983489168685,0.12968203269948814,0.12808725391516534,0.13048782191129288,0.128188311118585,0.13780238822441152,0.16190017156702077,0.15330163358270404,0.13650762339718048,0.16030639282072712,0.14099831770062055,0.14495941743519916,0.13335275183657394,0.13010082751505453,0.13572021066340004,0.1341542828636254,0.12445432556878658,0.1434147538150308,0.12768320349568543,0.13937640540619223,0.14590976572494724,0.1348404791895764,0.11144405279482991,0.13207301752239484,0.1369926144198917,0.1258942894133148,0.13601996490204843,0.14925846044682423,0.13880339747651435,0.13064299262983925,0.12643678483138687,0.13845069749947542,0.13554285543270966,0.16471753567783481,0.15488673162008257,0.13897890633739077,0.14356162495684363,0.13957161154735634,0.15767168079879504,0.13756271094924813,0.14331663008156093,0.14183497617976393,0.13757693096731297,0.14158455098876904,0.1368733918806767,0.1698850377932351,0.13831122424413828
29.0,2.641408429761368,2.236019404193291,2.2075141548569497,2.0897389529353996,1.7242066085583727,1.8901520311233586,2.3713742746517954,2.1682979984858948,1.9550207226111151,2.530508026033548,2.6276747320495564,2.7069340629866963,2.2765139917958477,2.153567824934809,2.3046421615818575,2.628584465991936,2.474332279515016,2.187973142660642,2.116018793440305,2.318063340441481,2.173870824356298,2.620411519737755,2.5980943018187754,2.5565980352890407,3.2049509790125454,2.730318408822019,2.364902154396903,2.7085378381953715,2.319873621679083,2.8980976434782453,2.5833949412926533,3.1758248389332504,2.774057907473827,2.2679866119582903,2.3488990231360996,2.2526125636589733,2.6652303463053975,2.932600440235444,2.6077537077731434,2.602071158053776,2.5186222603330397,3.01450963672739,2.5467708368501594,2.5544228086400307,2.3745479548375306,2.8119123582410417,2.655001791457544,2.5780286455363077,2.690580887232405,2.5201336830068364,2.718789975369625,2.3867448370098856,2.5781020200086533,1.9936857508248822,1.7051949801587774,2.0791726968925013,2.255231985390672,2.014015362695679,2.611648740397166,2.7687836334067977,2.7326977959982894,2.1911369110265033,2.329582155190706,2.1264845298537174,1.9979043597662653,2.28461346463226,2.4684169259684734,2.2256692473241233,2.1999033962998378,2.1743218138075506,2.2621360845790766,2.583230119168758,2.562773113552571,2.5924211037264224,2.6291361210934556,2.954483578250367,2.3959141153680705,2.8082097590055386,2.541984683695649,3.1744383335217567,2.5284758494849537,2.4136285526354873,2.3452082804288867,2.2613642936410185,2.3046997840254937,2.5365505089926894,2.613188217734216,2.730623555319487,2.3110041192438113,2.524222746058833,2.869328632237665,2.928381540472519,2.698600376665007,2.8960244165064077,2.6221981305859083,2.5157084926456217,2.7835269234332856,2.5587563162004066,2.713078994306009,2.593730388418607,0.17449304500482665,0.12986659292260913,0.13631388329496086,0.12288953286541711,0.13490141078099516,0.12449225325923613,0.13712332577132574,0.12193035894679642,0.1340574856136954,0.13709958261563485,0.1490913194140652,0.1414280395127295,0.13207111593844587,0.13292990167433638,0.12680123415400957,0.11801570928743092,0.14815313586311155,0.11872098982019802,0.14697331505785113,0.1591220655366297,0.14037416805498507,0.12594761978988936,0.13601200085874068,0.14115183900919048,0.14579146887228658,0.12223153522233013,0.14124732050626146,0.14760895082205433,0.1315355340740635,0.15514717683599313,0.12573557020894652,0.1471990697034537,0.1401701510182844,0.1275896361550411,0.12606232476920012,0.1621882907357297,0.16572906984622102,0.13947030705109045,0.13885112826347648,0.14196914563230284,0.11951639367935217,0.1439682116965958,0.12461367646383413,0.14433210265324234,0.13212823767762796,0.13564145570541772,0.14820184880760748,0.1443895870086121,0.1561532644942504,0.12585105391048781,0.14507283355127243,0.12853979366279386,0.11930539414300644,0.12048638683061165,0.129467436680963,0.12779047024393123,0.13023905638632272,0.12786591596110428,0.13763363939522597,0.1615932132892257,0.15311180435131166,0.1365451993022043,0.1603286941159543,0.14108678868500982,0.1449495742718229,0.13349373432222883,0.12975139462365645,0.13565222215238654,0.13397833847250554,0.12418706242895051,0.14323555573261987,0.12725280156186536,0.13911962167533592,0.1456077523489849,0.13457421069600203,0.1112388172806693,0.13168164370456498,0.13661737858755119,0.12576108835924468,0.13558596728009958,0.14900171986758542,0.13850746532067032,0.13010660189229792,0.12591305913295875,0.13803960010388566,0.13505875616224136,0.16459671048544477,0.15458273560931096,0.138682822874715,0.14327919418579518,0.13924728985336618,0.15747200388757523,0.13734166130920938,0.14301236265000886,0.14147715958393545,0.13745964713513115,0.14103278141729736,0.13644707183367,0.16953186056810737,0.13786689180118922
30.0,2.6383490847266353,2.2334233232421745,2.2039961829524346,2.0898130830300268,1.7220657417862284,1.885264912741519,2.368324947234276,2.1662223664485225,1.951539309576239,2.523935511165006,2.6208881816994123,2.7013108797205914,2.2722399982390717,2.15182663093046,2.3016856332219007,2.6261739074020958,2.470548360682481,2.1855128735012204,2.1122408015680563,2.314898620148551,2.1716062147772126,2.614597656737144,2.5927416992734074,2.552946270118973,3.197724516944101,2.723817374828041,2.3613509439192177,2.7009648660525336,2.314334308664328,2.892869857303339,2.5797893653669917,3.1741431412274825,2.7708418845418645,2.263862512313461,2.3443474116707557,2.248783908847163,2.659663544427345,2.928206259742047,2.6014883064732133,2.597265821780311,2.514607539656232,3.007821747739686,2.5414754370242614,2.5488628460044325,2.3718622542559507,2.8057057028407923,2.6495313021487177,2.572874827970755,2.6842285470940035,2.516574860980363,2.7160777609615097,2.3834088710394647,2.5757229146805294,1.992401658401844,1.7010082124475847,2.0741304383273187,2.252495466965388,2.010982482235211,2.6045673171400607,2.7623708237043556,2.727034027464973,2.1870442160141783,2.3270921148763923,2.1243757152908187,1.996091929890448,2.281717568581462,2.4650409873050037,2.2211990344766797,2.1960684094009317,2.171262842110729,2.2599099272022234,2.5774407925517853,2.5577477018556403,2.588214025543765,2.624716982074187,2.947492431315021,2.390154312478471,2.801950421188964,2.538224794208293,3.173671097450687,2.5244425641332375,2.409531736652446,2.3424152968892975,2.257029409705717,2.3018900758293857,2.5311989084846807,2.6094589347084387,2.723709533142953,2.3073196372776508,2.520313341827984,2.865609941099058,2.922875580805633,2.6922743883586056,2.8909517494712866,2.615907615827797,2.51055120794125,2.7776782736862704,2.553889653363754,2.7060606993242096,2.58921790054058,0.17442615130037012,0.12956175107698462,0.13616085003452782,0.12278999847087986,0.13472965056585742,0.12417735101268704,0.13685714955299075,0.12186085720838369,0.1338105189124853,0.1370866580119213,0.14910253384160727,0.14140698450285077,0.13215148087672562,0.13311090484879565,0.1269520013357529,0.11768136543483201,0.14808855284007091,0.1186378225599222,0.1469703498027328,0.15895330002514274,0.1404186143680086,0.1258302991328201,0.13594755156011518,0.1410434114992084,0.14582149230980126,0.12194801041426799,0.14088116058596914,0.1476321284844803,0.13116821609379833,0.15488117955440675,0.12543616195742632,0.14700575043405187,0.13998028460471065,0.12746344214433145,0.12576899890440282,0.16193444210865446,0.16573123375471616,0.1394334190749736,0.1387159598968947,0.14176566859017764,0.11928700678813961,0.1436196498363089,0.12421762478229252,0.14401577672320134,0.13181403594803712,0.13519765950640236,0.14797834537099339,0.1438350054147208,0.1559369059148038,0.12561630837414156,0.1449044135936485,0.12840951056827823,0.1190371283390321,0.12008510388516487,0.1293049846597094,0.12753002650931808,0.1300194936066525,0.1275882752761197,0.13749243068917574,0.16132304234944683,0.15297604416788987,0.1366434199172338,0.1603916029181081,0.14122629028224348,0.1449906872601061,0.13367212194331443,0.12942691313256977,0.13562914633758744,0.1338277992100092,0.12396250867742595,0.1431130069295199,0.12685890322735102,0.1389269505743051,0.14535578609075406,0.134345392279664,0.11107062923505194,0.13131188528520282,0.1362815420179278,0.12566945726945744,0.13518224580584226,0.14880109319980125,0.13824660007455544,0.12960542409064518,0.12541834007997163,0.13767443731164045,0.13461666615616696,0.16452661200042235,0.15431736507826838,0.1384134047009774,0.14303089313632097,0.13897450559344618,0.1573342211454632,0.13715956589575498,0.14275204581629225,0.14114953480639708,0.13737451031635436,0.14052921618393946,0.13605327766429978,0.16922112886946789,0.13745800619009488
31.0,2.6356921009286065,2.231378458373231,2.2010185512917437,2.0902159412687933,1.7202443212134213,1.8809682565834267,2.365824009941187,2.1647112112215536,1.9487096814068494,2.5177754516646385,2.614600313879199,2.696156047453149,2.2682295398688677,2.150384599025989,2.2991442203690826,2.6243051506230097,2.467299813913827,2.1837530333676503,2.109161646437226,2.3125516308710488,2.1699223565201904,2.6090145374734073,2.587527104345554,2.549872673649701,3.190735461499757,2.7177536278992602,2.3583748184571074,2.693946761261232,2.309548749869191,2.8879824764849515,2.576794408696008,3.1725751642133626,2.768095383348398,2.2604352915057606,2.3403580380149025,2.2456381108655146,2.654682970777498,2.9241468162104107,2.5958446028430204,2.5930238667260808,2.5112581803877814,3.001571428824927,2.536788667607778,2.544101938261524,2.370034804603065,2.800067125799938,2.6443876345974098,2.568072684189581,2.6785498608434932,2.513813625920247,2.713793072877581,2.3806561998572837,2.573810515103867,1.9915033668779671,1.6972714270794598,2.069787376656201,2.2503398976873124,2.0085205135998847,2.5978531250620494,2.756496322233599,2.7218247219828555,2.1832582308707855,2.3246251857962736,2.1225387597324996,1.9948374721356263,2.2792094850026725,2.46225029589554,2.217347421512641,2.1929008269640566,2.1688845259944927,2.2583821755018407,2.571904519352542,2.552845071662242,2.5845065644669756,2.6208038888062464,2.9408383537256637,2.385108360722699,2.7960874765050088,2.5351502325885025,3.17309719133986,2.52090703263204,2.4061042235975023,2.3404609445017432,2.2533327387766184,2.2997428355677108,2.526266879885405,2.6062177749446813,2.7172760047880007,2.3043836124255583,2.516965153361137,2.8623370193410884,2.9176855141198668,2.68657849052917,2.8863162773740867,2.6101504022898667,2.5062487004482303,2.7724368566359363,2.549417873851054,2.699736375908376,2.5854578702458175,0.17438358602304635,0.12928702923880853,0.13605180746303,0.12274055035724665,0.13461372834916094,0.12389032034832935,0.13662858791038082,0.12183212666250516,0.13361051580743116,0.13712360185572506,0.14914723963228727,0.14143454805426856,0.13227916594064235,0.13334043422311262,0.12714408214110648,0.11737625012188276,0.14807508527522498,0.11858776168216918,0.14700095191101814,0.15883597463164884,0.1405175502549833,0.12574966827396608,0.13593318042251973,0.1409880726724067,0.14591588181993134,0.12168859402135515,0.1405612290755073,0.14770876291750049,0.13082354245456343,0.15466148548971762,0.12517078950823415,0.14684907235291292,0.13983617631459447,0.1273674093298195,0.125510224424207,0.1617255815122305,0.1657768230188082,0.1394492608593089,0.1386179626019816,0.14160502667601385,0.11909261328731789,0.1432964215731166,0.12386249293066262,0.143728454964805,0.13154645492624512,0.13479717957370177,0.14779642804039522,0.1433142893491868,0.15577191595589443,0.12541214170822348,0.14476212620561188,0.1283220108302938,0.11880157509159828,0.11973497546703465,0.12919209108966634,0.12730523269948324,0.12982896635647503,0.12735411576194497,0.13737970795507037,0.16108983567972354,0.15289279127982358,0.1367986515009195,0.16049393569155151,0.14141469006974772,0.14508065108444113,0.13388705423245176,0.12912760700500803,0.1356495089686945,0.13370337400577284,0.12378031129599683,0.1430455987190193,0.1265014004666912,0.13879654817255987,0.14515237832833902,0.13415407073233787,0.11093901714901518,0.13096433202023056,0.13598471487617178,0.12561739220469195,0.1348094483905247,0.14865514066930968,0.13802076290032605,0.12913945335190347,0.12495283650985914,0.13735389710643037,0.1342163856588081,0.16450596603417916,0.15409039546900954,0.1381713563171219,0.14281634615542352,0.1387521329618257,0.15725623013320636,0.1370158114941202,0.14253485747667996,0.14085202857353185,0.13732094280041893,0.1400732030556444,0.13569207557817475,0.16895274254730744,0.137085390654705
32.0,2.6333965798299444,2.229839278744273,2.1985373033280102,2.0909136739741165,1.718724972932004,1.8772204824263437,2.3638236291470136,2.1637145667988973,1.946480467596312,2.5120004467655845,2.608777630631411,2.6914370690271268,2.2644636474179203,2.1492059759996853,2.296970298252847,2.622933105702136,2.4645363422583753,2.182630052175386,2.106722395631819,2.3109478642947714,2.1687623555889193,2.6036445506923855,2.5824373965854512,2.547321678016896,3.1839642027658566,2.7120999508597956,2.355918222716133,2.6874417618521416,2.3054573230591453,2.8833954357432208,2.5743665666626274,3.1711041548030274,2.765780794277316,2.257648299255467,2.3368822524922783,2.243114217226652,2.6502482171064825,2.9203921832518698,2.5907780397411275,2.5892993803392423,2.508513576352874,2.9957306698313997,2.532659878714693,2.5400840521120434,2.3689913262696582,2.7949437405267155,2.6395381119053023,2.5635920602827666,2.673497772587975,2.511781347964141,2.71189532306508,2.3784367910970583,2.572323476528121,1.990961432008942,1.6939664485121775,2.066091753411198,2.2487168054865223,2.0065841684354133,2.5914783697871266,2.751123261493917,2.7170365011994297,2.1797553880884686,2.3221690591468707,2.1209392273182495,1.9940823728175254,2.2770439443644306,2.4599917316127797,2.214061856394783,2.1903456979087146,2.1671250352851787,2.2574835240562137,2.5666019959948265,2.5480520968978326,2.581253334741862,2.6173504633897067,2.9345014239762324,2.3807207111756585,2.7905847379829387,2.5327134958922675,3.1726923091697508,2.5178210243376684,2.403285363580452,2.339276058122881,2.2502207023307155,2.2981957546375016,2.5217170685320416,2.6034231310426925,2.7112876939197497,2.3021284487453775,2.5141241540518733,2.8594722664301453,2.9127792432792625,2.6814645853976993,2.882083528547605,2.6048828248862503,2.5027407591216164,2.7677471532025435,2.545305467538131,2.6940632710842283,2.5823916420884148,0.1743657815014922,0.12904227036214314,0.13598480593141574,0.12273885764232466,0.1345510738306403,0.1236311802743746,0.1364372514870342,0.121842915373484,0.1334561966979421,0.13720815182356644,0.149224684092424,0.14150887568670587,0.1324518065172545,0.1336158236024387,0.12737623582881727,0.11710093974186477,0.14811048748062247,0.1185702803425414,0.14706392097237528,0.1587684086807001,0.14066852076852138,0.12570488072101949,0.13596745916527847,0.14098354395264853,0.146071772266577,0.12145352923239593,0.1402865932861151,0.14783744896498943,0.13050256481225006,0.15448749568258952,0.12493886533591557,0.14672952035498457,0.13973679039960213,0.12730135412481608,0.1252855593110836,0.16156100794109685,0.16586449074336962,0.13951522729109628,0.1385562922644795,0.14148603791885733,0.1189327287325399,0.14299907807390813,0.12354767056157658,0.14347065014517493,0.13132459608781044,0.1344400348872624,0.1476552755977752,0.1428285953622555,0.15565635275880366,0.12523853873369464,0.144646544800205,0.12827566446731106,0.11859878863609762,0.11943503544054704,0.1291261776775901,0.12711541612567182,0.12966731416028626,0.1271621911996946,0.13729640916850502,0.16089379970099818,0.15286054050638062,0.1370073604444902,0.1606345409673407,0.14164992917962965,0.1452174437537916,0.13413769889469726,0.12885370309473693,0.13571190598173768,0.1336057841841366,0.12364017925791042,0.14303190202556557,0.1261802378610035,0.13872665432848957,0.14499607644274717,0.13400033384889276,0.11084356041548389,0.13063958941638001,0.13572654997784295,0.12560292738264356,0.13446824509963276,0.14856248330237906,0.13782993865463086,0.12870873961502527,0.12451679669402325,0.1370767443936272,0.13385777942259058,0.1645335371404295,0.15390162212766645,0.13795738146305458,0.1426351735147555,0.1385790900892883,0.15723599371493963,0.13690980067177647,0.1423600282653194,0.14058459072647278,0.13729841262795955,0.1396641576807073,0.13536357366114216,0.1687266278200878,0.13674990199517223
33.0,2.6314216228933187,2.2287602535131636,2.1965084825143437,2.091872427468441,1.7174903230340286,1.8739800100475037,2.3622759712262065,2.163182467174426,1.9448002976379974,2.5065830957010053,2.6033866339986034,2.6871214472852554,2.260923351618876,2.148255008629866,2.29511624210261,2.6220126826869423,2.462207648765519,2.1820803598398832,2.1048641167358597,2.310012812105488,2.1680693179871393,2.5984700851399283,2.577459455543363,2.5452377153562002,3.1773911308287,2.706829126533748,2.353925601401825,2.6814081058559744,2.3020004059996677,2.8790686697982695,2.5724623346497233,3.1697133599085974,2.7638605077125367,2.2554448852828637,2.333871405426582,2.241151275443155,2.6463188751649787,2.916912434477712,2.5862440600260963,2.586046450067946,2.5063131213767385,2.9902714606073952,2.529038420459085,2.5367531542567283,2.3686575396465352,2.7902826604293582,2.634950057174042,2.5594028023402853,2.6690252264345586,2.5104093972497075,2.7103439234712154,2.3767006123924914,2.57122045420271,1.9907464095504623,1.6910751012035115,2.0629918101243616,2.247577718293057,2.0051281583875467,2.5854152569393136,2.7462147739847147,2.712635986762185,2.1765121201593614,2.3197114261247633,2.1195426821874745,1.9937680182519084,2.275175677135248,2.458212174329453,2.21128978708587,2.1883480711544467,2.1659225398091144,2.257144667443639,2.561513918902426,2.543355651487863,2.5784089506142567,2.6143103279247057,2.9284617205606405,2.3769358149122173,2.7854060186519862,2.5308670811755505,3.1724321449208257,2.515136308606474,2.4010145067110598,2.3387914726094445,2.247639721845005,2.2971865244357472,2.5175121197618116,2.6010333956022276,2.7057093242033448,2.300486550294961,2.511736317293748,2.8569780818326467,2.908124671147853,2.676884575185139,2.8782190313245937,2.6000612185310676,2.499967172916504,2.7635536443063726,2.541516924300725,2.6889986318775043,2.579960560622449,0.17437316585463333,0.1288273456824283,0.1359579182025647,0.12278263262641403,0.1345391557132621,0.12339996200215383,0.13628277275370884,0.12189199118728367,0.1333463186686936,0.13733809373737438,0.14933412993307751,0.14162816559375255,0.13266709966604198,0.13393448965569296,0.12764725995572768,0.11685603108720576,0.14819258559565962,0.118584893101579,0.14715809366439656,0.15874898470589274,0.1408691423267852,0.1256951223854459,0.1360490060384671,0.1410276123786558,0.14628635956909902,0.1212430715328351,0.140056354196474,0.14801681447454162,0.13020637851933506,0.15435865879936594,0.12473983792832083,0.14664761054126862,0.13968111967286717,0.12726513456777705,0.1250945929913435,0.16144005581568535,0.16599291598916763,0.13962876412229974,0.13853012400062464,0.14140754955362322,0.11880690654134426,0.14272814776936865,0.12327258149150454,0.14324289290744677,0.13114760799506375,0.13412628701439594,0.14755409931397068,0.14237913231790067,0.15558831770686082,0.12509551274349368,0.14455823437434923,0.12826885163543122,0.1184288311200229,0.11918435576752093,0.1291046704858906,0.12695992161590094,0.1295343838172687,0.12701128278968796,0.13724347153971445,0.16073517168692233,0.15287783837088306,0.13726610172872727,0.16081229964746938,0.1419300170065315,0.14539911443896095,0.13442325030012678,0.12860543114058767,0.13581499601053312,0.1335357691700867,0.12354187856211696,0.14307055920128572,0.12589541362096737,0.1387155795700612,0.14488545603905215,0.13388431252290334,0.1107838858277724,0.13033828269906989,0.13550674283194156,0.12562413043185222,0.134159329039907,0.14852179508384658,0.1376741370992051,0.12831339076968634,0.12411051156120559,0.13684181462835027,0.13354077743758855,0.164608119173425,0.15375085912221925,0.13777218705108402,0.1424869908302663,0.13845433361746062,0.15727152983050285,0.13684094767197924,0.1422268431093769,0.14034720024411496,0.13730643065095408,0.13930156017438672,0.13506792332142578,0.1685427378315509,0.13645243237315183
34.0,2.62972633158141,2.228095851837704,2.194888132303898,2.093058348074177,1.7165229976115497,1.8712052592241484,2.361133202553262,2.163064946342047,1.9436178010252754,2.5014959977040383,2.598393826023256,2.683176685070271,2.2575896832044013,2.1474959436948198,2.2935344271478373,2.6214987916248975,2.4602634364845697,2.1820403862766073,2.103527877333344,2.309671965988985,2.167786349718534,2.5934735295618156,2.572580160769512,2.5435652178032515,3.170996635774625,2.7019139377451946,2.3523413992197444,2.6758040313033797,2.2991183764562244,2.874962113370186,2.571038208040232,3.168386026442184,2.7622969140379565,2.253768399308231,2.331276847141537,2.2396883330276167,2.6428545367036147,2.9136776434992586,2.582198106556483,2.583219163360341,2.5045962092845864,2.98516579100125,2.525873642954959,2.5340532113963232,2.3689591651244992,2.786030998916119,2.6305907935053305,2.555474756452157,2.6650851664903157,2.5096291439145904,2.709098286043235,2.3753976313773038,2.5704601033770977,1.990828855258218,1.6885792096112457,2.0604357883277458,2.2468741640370067,2.0041071951019886,2.579635992142595,2.741733992205391,2.7085898003186397,2.1735048595756257,2.3172399779264983,2.1183146884796185,1.9938357947544907,2.2735594137836563,2.4568585039182396,2.2089786615486746,2.186852995620741,2.165215209392669,2.257296300242422,2.5566209844991232,2.5387426093578087,2.575928026329984,2.611637104511307,2.9226993219728237,2.373698123007302,2.780515131541428,2.529563485494338,3.172292392573528,2.5128046547947998,2.3992310030991137,2.3389380228180787,2.2455362187964854,2.2966528363594203,2.5136146789119134,2.5990069612230617,2.7005056193039203,2.299390321132141,2.5097476164803476,2.854816865015006,2.903689700589663,2.672790362112465,2.8746883140378703,2.5956419181384756,2.4978677307879775,2.759800810867696,2.5380167340146027,2.6844997053139004,2.578105970402014,0.17440616898788372,0.12864215595583278,0.135969235447783,0.1228696281363147,0.13457547781377263,0.12319671393476768,0.13616480218339455,0.12197813902181007,0.13327967248004552,0.13751125404167852,0.14947485309627134,0.14179066277715915,0.13292280016037222,0.1342939226863685,0.12795598600357833,0.11664214595443577,0.1483192716016778,0.1186311548738612,0.1472823413147493,0.15877614182242314,0.14111709523121724,0.1257196071976901,0.13617647882243095,0.14111812401943216,0.14655688807796494,0.12105749042246551,0.1398696411692033,0.14824551512927675,0.12993613004006244,0.1542744689889333,0.1245731914977491,0.14660388947780356,0.1396681805312623,0.12725865123571223,0.12493694363962114,0.16136209481981745,0.1661607985709118,0.13978735523860764,0.13853864581535139,0.14136843232458837,0.1187147358045339,0.14248414036395352,0.12303668204231755,0.1430457341222561,0.13101468157190613,0.13385603734317694,0.1474921404273804,0.1419671680890075,0.1555659482323143,0.12498310527812775,0.14449775636659526,0.1282999588624969,0.11829177330083762,0.11898204090566426,0.12912499764699167,0.12683811207445161,0.12943003006764964,0.12690019959872104,0.13722183834053756,0.16061422121621377,0.15294327878034167,0.137571508158283,0.16102612548898346,0.14225302637369894,0.14562377243449837,0.1347429281145511,0.12838302405549762,0.1359574936865418,0.13349409198699136,0.12348522771208757,0.14316027644032606,0.12564698055836349,0.1387616933518247,0.1448191141419868,0.13380618273424352,0.11075966439647954,0.1300610605299745,0.135325031643369,0.12567909777827277,0.13388341736488862,0.14853179609670347,0.13755339422136684,0.12795357435303237,0.1237343175069226,0.13664800765872817,0.13326537536545302,0.1647285269406618,0.15363793824990774,0.13761648696814593,0.14237140885694116,0.1383768539460036,0.15736090238263936,0.13680867515677264,0.1421346423912499,0.1401398705884183,0.13734454758803638,0.13898495185169454,0.13480532050472765,0.16840105346947157,0.13619391094070368
35.0,2.6282698073568604,2.2278005428757557,2.1936322961497687,2.094437582113771,1.7158056227566194,1.8688546497335163,2.3603474895026064,2.163312038295641,1.9428816072515172,2.4967117520078146,2.593765708747902,2.679570285224918,2.254443672907153,2.1468930279728635,2.292177228617946,2.6213463425634482,2.4586534084648926,2.18244656140101,2.102654745008285,2.3098508176310455,2.1678565567868398,2.5886372727039118,2.5677863918141717,2.5422486174937124,3.1647611076899675,2.697327167318287,2.351110060875476,2.670587776225067,2.296751612194267,2.8710357011791214,2.57005068221702,3.167105401315905,2.7610524036375033,2.252562191051823,2.329049927960847,2.238664437492663,2.6398147934730694,2.9106578839278305,2.578595622190837,2.580771607664568,2.5033022339016258,2.980385650861229,2.52311489631636,2.531928190231539,2.3698219230943476,2.782135869395236,2.62642764400081,2.551777768708351,2.661630536862376,2.5093719580964486,2.70811782272834,2.3744778156852004,2.5700010793007055,1.991179324887892,1.6864605981931404,2.05837192955342,2.2465576706484223,2.003475990224495,2.5741127810210074,2.7376440486553566,2.7048645635162787,2.1707100388293945,2.3147424057486083,2.117220810334122,1.9942270886410125,2.272149884778193,2.455877600251859,2.20707592774595,2.1858055202271256,2.164941213862169,2.2578691170308245,2.5519038892087074,2.534199844433147,2.5737651761348586,2.609284415249656,2.917194306706697,2.3709520865358034,2.7758758896805045,2.5287552059045986,3.1722487461083135,2.510777832259003,2.397874202854369,2.3396465436054914,2.2438566146621413,2.2965323818055414,2.5099873913195396,2.5973022205049356,2.695641302886588,2.298772165314762,2.50810402500521,2.8529510154436313,2.899442234468717,2.6691338484006826,2.8714569050202288,2.591581258622593,2.4963822216911122,2.7564331338067714,2.5347693865555505,2.680523738419175,2.576769215981192,0.17446522842750428,0.1284866329922188,0.13601686405629404,0.12299763531252954,0.13465757581166762,0.12302150668738235,0.13608300503384044,0.12210015884552582,0.13325508019107726,0.13772549286340346,0.1496461407770849,0.14199465352716062,0.13321671656192258,0.13469167782599742,0.12830127531523747,0.11645993553249208,0.14848849752030147,0.11870866003682837,0.1474355675543539,0.158848369482864,0.1414101165724985,0.1257775732182206,0.1363485684885374,0.14125297769654158,0.1468806390461481,0.12089707117623276,0.1397256072404584,0.1485222299325543,0.1296930235426318,0.1542344638030537,0.12443844596764524,0.14659893366105026,0.13969700854753464,0.12728184818867808,0.12481225566851573,0.1613265298348472,0.16636685439416485,0.13998851100997556,0.1385810529397937,0.14136757538745054,0.11865583936074522,0.14226755101211438,0.12283945971870996,0.1428797472067201,0.13092504585463302,0.13362942466364977,0.14746866784083906,0.14159403558482436,0.15558741137034607,0.12490138595583652,0.14446567334825025,0.1283673759622104,0.11818769549069906,0.1188272229221782,0.12918458761658952,0.1267493693843246,0.1293541163841943,0.1268277791003009,0.13723246548426787,0.1605312517182546,0.1530554992484371,0.13792028034012535,0.16127496575802241,0.14261708913725385,0.1458895771782315,0.13509597607248258,0.12818671849899438,0.1361381636767409,0.13348154456044636,0.1234700936231517,0.14329981676920606,0.12543504700952393,0.13886341362935592,0.1447956633278792,0.13376616743430766,0.11077060847336757,0.12980859852900037,0.13518119729162748,0.12576595012259342,0.13364125236596117,0.14859124661037154,0.13746777366305782,0.1276295188135107,0.12338859882186819,0.13649428177958953,0.13303163469145132,0.16489358892466666,0.1535627082422343,0.13749100578141338,0.1422880336547737,0.138345671111698,0.15750221316653557,0.13681241175256575,0.14208282272548622,0.13996265443547368,0.1374123510591674,0.13871393210773783,0.1345760066843161,0.16830158445107413,0.1359753053301109
36.0,2.6270111516823658,2.2278287957851464,2.192697017505084,2.0959762759096536,1.7153208245613167,1.8668866013528564,2.35987099844874,2.1638737770291097,1.9425403458100916,2.492202957845499,2.5894687842150725,2.676269750591932,2.2514663514597832,2.1464105082422984,2.2909970217423843,2.6215102455500743,2.4573272677558204,2.1832353151285555,2.1021857873446805,2.310474858717456,2.1682230451957594,2.583943703312021,2.5630650282275838,2.54123234656323,3.15866493666104,2.6930415980770874,2.350176031074529,2.665717578651711,2.2948404909792797,2.867249367945179,2.5694562525629956,3.1658547314418937,2.7600893668950777,2.2517696102339477,2.327141998208251,2.23801863635087,2.6371592372239747,2.9078232293747326,2.5753920497877405,2.578657870428785,2.5023705890530823,2.975903030035649,2.520711530657311,2.5303220574631133,2.371171533946887,2.778544385274947,2.6224279317621844,2.548281685198874,2.658614281657821,2.509569209932931,2.7073619454737665,2.373891132949898,2.569802037222986,1.9917683741951888,1.684701091406978,2.056748475333441,2.246579766057371,2.0031892554007684,2.5688178291985264,2.733908075834,2.70142689800262,2.1681040904127946,2.312206400787654,2.116226611890448,1.9948832862272354,2.270901820587372,2.455216343203031,2.205529033640492,2.1851506938930823,2.165038723043962,2.2587938123871427,2.547343329454972,2.529714230639325,2.5718750142747173,2.6072058822398123,2.9119267532561817,2.3686421565725833,2.771452106098462,2.528394739462309,3.1722768995056434,2.5090076103553907,2.3968834560866163,2.340847869828368,2.242547330918954,2.2967628521710943,2.506592902321898,2.595877566047587,2.6910810986164955,2.298564486900679,2.5067515162619185,2.851342932584922,2.8953501756490523,2.665866936270707,2.868490332604429,2.587835574897565,2.4954504345810005,2.753395094043892,2.5317393717993353,2.6770279782190403,2.5758916419140685,0.17455079502383578,0.1283607414885681,0.1360989232330841,0.12316448181209426,0.13478301460008413,0.12287443816094835,0.13603705874869626,0.12225686433162385,0.1332713933941085,0.13797869760206014,0.14984728963667227,0.1422384602509924,0.13354670730925736,0.13512536661672236,0.1286820153280421,0.11631008461574631,0.14869826978025225,0.11881704170566033,0.14761670603512866,0.15896420161589916,0.14174599350108794,0.1258682792242505,0.1365639934911387,0.141430119000696,0.14725492011937125,0.120762116662035,0.13962342497852478,0.1488456573392935,0.1294783267142533,0.15423822219220024,0.12433515720792246,0.14663334915999474,0.1397666546249979,0.1273347139386988,0.12472019739210746,0.1613328009940882,0.16660981133187164,0.14022975763463943,0.13865654280772186,0.14140388179194815,0.11862987213577787,0.14207886468914255,0.12268043221935858,0.14274553042506677,0.13087796420996264,0.1334466231124293,0.14748297604035224,0.14126113812658353,0.15565089806222826,0.12485045239878362,0.14446255357746204,0.1284694935924222,0.11811668875581721,0.11871905728986056,0.1292808678867631,0.12669309562535544,0.1293065158814918,0.12679288778066275,0.13727632788840452,0.1604866021249624,0.15321317766269404,0.13830917736886453,0.16155780204097556,0.14302039220212895,0.14619472926577545,0.13548166089937055,0.12801675573157792,0.13635581541087285,0.13349895284233657,0.12349638794824778,0.14348799359754597,0.12525977771903954,0.13901919769935792,0.14481372675766224,0.13376453833735474,0.11081646917627848,0.12958160266150454,0.13507506330471375,0.12588282795726063,0.13343360262337672,0.14869894209032378,0.13741736826121742,0.1273415143540416,0.12307378977211524,0.13637964799296282,0.13283968260930518,0.165102141059197,0.15352503418144092,0.13739648238723312,0.1422364671314853,0.13835983125989354,0.15769359476764985,0.13685159035262234,0.14207083735729487,0.1398156478556751,0.13750946258264962,0.13848815544596785,0.13438026962844074,0.1682443706896667,0.13579762305037615
37.0,2.6259094660205795,2.228135079723705,2.1920383398229895,2.097640575784236,1.7150512291176654,1.8652595338594062,2.359655895766113,2.1647001965363435,1.9425426461943662,2.4879422144502152,2.5854695544672426,2.6732425840140643,2.2486387495949507,2.1460126312814225,2.2899461817505657,2.621945410632213,2.4562347174067103,2.184343077374699,2.1020620719265506,2.3114695809339727,2.1688289209490192,2.5793752101319907,2.5584029495599943,2.540460837147437,3.152688512774172,2.6890300128457088,2.349483754522494,2.661151676613993,2.2933253905767153,2.8635630483884773,2.5692114144610696,3.1646172637322647,2.7593701941945676,2.2513340065748646,2.3255044082074465,2.237689977114853,2.6348474597070015,2.905143753451292,2.5725428322057318,2.576832039101132,2.5017406685641568,2.9716899183728285,2.5186128960918475,2.5291787797917817,2.372933718072902,2.775203659963499,2.6185589798910964,2.5449563520137044,2.6559893449837695,2.510152269561692,2.7067900662267466,2.3735875508051234,2.5698216323933862,1.9925665589357868,1.6832825137105363,2.0555136671998473,2.24689197819393,2.003201702276552,2.5637233422991605,2.730489206240703,2.698243425425139,2.1656634468179847,2.3096196542401746,2.1152976572880298,1.9957457738288646,2.2697699516797347,2.4548216126444315,2.204285427195035,2.1848335655381415,2.165445906764388,2.260001080889692,2.542920001661706,2.5252726419018012,2.5702121549953687,2.6053551275819022,2.90687674011521,2.366712784192592,2.7672075938245704,2.5284345832234356,3.1723525467459948,2.507445758440346,2.3961981129056302,2.342472836343381,2.2415547890439376,2.297281938853072,2.5033938572561896,2.594691390450816,2.6867897301587678,2.2986996899477052,2.5056360636440402,2.8499550159053104,2.8913814269947093,2.6629415279435547,2.8657541251232894,2.5843612018775195,2.4950121584126967,2.750631172499314,2.5288911796217315,2.6739696717392,2.575414592754741,0.1746633385569927,0.12826448117596612,0.13621354337179403,0.1233680304003278,0.1349493862061834,0.12275563869538896,0.13602665099681338,0.12244708217635653,0.1333274920428537,0.13826877699627016,0.15007760420267985,0.14252043665247469,0.13391067679983393,0.1355926489439798,0.1290971160926824,0.11619331568183133,0.14894664373691888,0.11895597117830112,0.14782471818367052,0.15912221115206143,0.1421225568378367,0.12599100175678796,0.13682149466586715,0.14164753459050244,0.14767705576846418,0.12065294923414722,0.13956228291042685,0.14921451202827077,0.12929337584118206,0.15428536259202608,0.12426291749819848,0.14670777140811447,0.13987618171240787,0.12741728243469436,0.12466045885617995,0.16138038388289158,0.16688840564840335,0.14050862739239847,0.13876431063917313,0.14147626453292533,0.11863651975128121,0.14191856079196258,0.12255914678463457,0.1426437091885292,0.13087273101704094,0.13330784049931216,0.1475343832464249,0.14096995418483124,0.1557546182174551,0.12483043030285122,0.14448897545251765,0.1286047014258729,0.11807885637974123,0.1186567193384723,0.1294112640762349,0.1266687145776086,0.1292871123356205,0.12679442177618344,0.13735442564703396,0.16048064864935285,0.1534150296010583,0.13873500817883486,0.16187365119753244,0.14346117391778657,0.14653746240179094,0.13589927139244565,0.12787338275811172,0.1366092984511544,0.1335471817685681,0.12356406381693251,0.14372366481881127,0.12512139469650863,0.1392275342596223,0.14487193407929863,0.13380161762901957,0.11089703411380814,0.1293808125563934,0.13500649584911814,0.12602788706475634,0.1332612641993632,0.14885370910673348,0.1374023017057599,0.12708991336958836,0.12279037636368599,0.13630316447245827,0.1326897116546052,0.16535302155440124,0.15352479714725087,0.1373336736475968,0.14221630797606213,0.1384184036713344,0.1579332043536092,0.13692564713302474,0.1420981961887498,0.13969899400550242,0.1376355345165501,0.13830732865459533,0.13421844394770546,0.1682294839656581,0.1356619128433838
38.0,2.624923851834179,2.2286738638492603,2.1916123065565887,2.099396628059959,1.714979462517728,1.8639318670304061,2.359654347829217,2.165741330811238,1.942837137897714,2.4839021210551238,2.581734521546975,2.670456288334032,2.2459418980453134,2.1456636438685583,2.288977083871965,2.6226067478573554,2.4553254604669026,2.185706278054902,2.102224666337902,2.31276047596639,2.1696172900503257,2.5749141819096355,2.5537870353616485,2.539878521382003,3.1468122261156672,2.685265194448259,2.3489776759249006,2.6568483081426018,2.2921466887520587,2.859936677229148,2.569272663294119,3.163376245099138,2.758857275919906,2.2511987297948526,2.324088508282146,2.2376175072971995,2.6328390526727836,2.902589529768787,2.570003412303373,2.575248201129784,2.5013518662600736,2.9677183057210414,2.516768342734003,2.528442323918305,2.3750341958632326,2.7720608068691415,2.614788111489235,2.5417716152428462,2.653708670947316,2.5110525071203864,2.7063615969344887,2.3735170368845693,2.5700185200613297,1.9935444348653906,1.6821866895615836,2.0546157466847155,2.247445834988128,2.0034680424975786,2.5588015259469348,2.7273505723748968,2.695280767431366,2.1633645405371142,2.3069698573027426,2.1143995106662987,1.9967559377616513,2.268709008523798,2.4546402884487972,2.2032925563723746,2.1847991840818044,2.1661009348497884,2.2614216171167367,2.5386146022526948,2.520861952146067,2.5687312125426502,2.6036857733760006,2.9020243457777006,2.36510842047068,2.763106165888075,2.5288272342439653,3.1724513818097884,2.5060440458701723,2.395757523421182,2.3444522780072257,2.240825410514078,2.2980273332484917,2.5003529014596255,2.593702086314345,2.682731921178509,2.2991101785137142,2.504703640545131,2.848749664871196,2.8875038913696986,2.6603095256401668,2.863213810909575,2.581114474476587,2.495007182141295,2.7480858500933123,2.5261892998985,2.6713060660054,2.575279413057284,0.17480335328110616,0.1281978892988621,0.13635886520031795,0.12360617790664356,0.1351543082535856,0.12266527633239435,0.13605147837665016,0.12266965207188288,0.13342228385985733,0.1385936556117543,0.15033639545474722,0.14283896326599124,0.13430657144332342,0.1360912252758331,0.12954550706631765,0.11611039287305734,0.14923171832847307,0.11912515755260494,0.1480585909602821,0.15932100494388282,0.14253767499950332,0.1261450326166309,0.13711983071406014,0.14190324676154067,0.14814437858818807,0.120569912724892,0.139541382518336,0.1496275223100409,0.12913958019145344,0.15437554111818025,0.12422135620470164,0.1468228651209452,0.1400246620811488,0.1275296340532699,0.12463274983183922,0.16146878991093003,0.16720137898476484,0.14082264972744277,0.13890354560729712,0.1415836431629943,0.11867549741009241,0.1417871180113302,0.12247517988827898,0.1425749383750221,0.13090866881544644,0.13321331703681896,0.1476222298148523,0.1407220414901521,0.1558967965519819,0.12484147370302506,0.1445455319066461,0.12877138690620962,0.11807431560133202,0.11863940133944913,0.12957319931419892,0.12667567347800282,0.1292958013071282,0.12683130750256863,0.1374677900367263,0.16051380671768134,0.153659806206922,0.13919462352099057,0.16222156643845081,0.1439377208176437,0.1469160362342767,0.13634811767129706,0.12775685377527465,0.13689749845922167,0.13362714006286738,0.12367311298644128,0.14400572745511242,0.12502017806303842,0.13948693664800368,0.1449689181724526,0.1338777796052599,0.11101212541236317,0.12920700482408168,0.1349754037585308,0.1261992939328594,0.13312506186326822,0.149054402124521,0.13742273032428373,0.12687513049662635,0.1225388978235179,0.13626393122881256,0.13258197910373745,0.16564506677328572,0.15356189411662324,0.13730335806156077,0.14222715300508032,0.138520478311024,0.15821921828714294,0.13703402124197453,0.14216446543792646,0.1396128863917854,0.13779024692591318,0.13817120813120445,0.13409091142531512,0.1682570299325839,0.13556926605854044
39.0,2.624013410585825,2.2293996173196504,2.191374961159003,2.1012105790592686,1.7150881508535696,1.862862020643099,2.3598185210124987,2.166947213847679,1.9433724504135013,2.4800552768933586,2.5782301874967657,2.6678783663945937,2.243356827543527,2.1453277927819707,2.288042103335984,2.623449167272943,2.454549199985747,2.1872613470846294,2.102614638162733,2.314273035500499,2.170531258503392,2.5705430073907904,2.54920416518281,2.5394298314025634,3.1410164667718976,2.6817199257088564,2.3486022399873168,2.6527657112682186,2.2912447632707633,2.856330189187297,2.5695964944450767,3.162114922454629,2.7585130024549893,2.251307129614184,2.322845648756079,2.237740274410505,2.631093607871984,2.9001306319385685,2.567729232939236,2.5738604439628596,2.5011435759660396,2.9639601819286012,2.5151272206978037,2.5280566565433897,2.3773986877086415,2.7690629394001087,2.6110826496582575,2.538697320976283,2.6517252036555456,2.5122012927466506,2.7060359495442214,2.3736295588219622,2.570351355476258,1.9946725577396829,1.6813954434179006,2.0540029553200836,2.2481928643700733,2.0039429877095745,2.5540245857658297,2.7244553067359667,2.692505545668789,2.161183804062306,2.3042447011718767,2.1134977361647294,1.9978551643413445,2.2676737215880975,2.4546192504888285,2.2024978691352644,2.1849925984436096,2.166941977126506,2.2629861156465805,2.5344078276517186,2.5164690352975705,2.5673868011623773,2.6021514417222327,2.8973496487375803,2.3637735164817637,2.759111635318213,2.5295251895798625,3.1725490986774925,2.504754242001238,2.395501037743046,2.346717029676575,2.240305616806357,2.298936726754331,2.4974326802693825,2.592868046237926,2.6788723953408926,2.2997283566565265,2.503900220358775,2.847689278948985,2.8836854716380778,2.6579228315815304,2.8608349182960913,2.578051727608909,2.495375294721879,2.7457036077461363,2.523598222505426,2.668994408043353,2.575427447375792,0.17497136344531128,0.12816104345029167,0.1365330397074792,0.1238768545222978,0.13539542294530454,0.12260356222182685,0.136111245819128,0.12292342732619052,0.13355470431262126,0.13895126869615024,0.15062297959379786,0.14319244334838216,0.13473237566325655,0.13661882916195267,0.13002613416848624,0.11606212591880505,0.14955163085174972,0.11932434751553644,0.14831733459095858,0.15955921909031492,0.14298924821350972,0.12632967680118984,0.1374577742573523,0.14219530827419297,0.14865422138883938,0.12051337456045873,0.13955993580995102,0.15008342816503914,0.12901842573287858,0.15450844988919177,0.12421014066323889,0.14697932431740438,0.1402111751709873,0.12767189658351216,0.12463679797285922,0.16159756688393667,0.16754747592306737,0.141169343085903,0.13907342757146102,0.14172494096467855,0.11874654906786963,0.14168501952223622,0.1224281372847026,0.14253990469146197,0.13098512592608075,0.13316332449512608,0.1477458769090706,0.14051904052750136,0.15607566922647675,0.1248837654890276,0.14463283479200367,0.12896793456716318,0.11810319963962676,0.11866631020727365,0.1297640938358224,0.12671344499790596,0.12933249136104527,0.126902502232863,0.13761748937736012,0.1605865330875839,0.15394629263497653,0.13968490852191268,0.16260063850940396,0.14444836466302685,0.14732873002275493,0.1368275306105821,0.1276674319454826,0.13721933371682735,0.13373978489755944,0.12382356340654468,0.14433311284368397,0.12495646690759991,0.13979593722369443,0.14510331271369847,0.13399345225688056,0.11116159805137268,0.1290609964449779,0.13498173862522192,0.12639522101837442,0.133025850346858,0.1492999011616096,0.13747884500494542,0.126697642293985,0.1223199478279195,0.1362610849735868,0.13251680615638267,0.16597710816831648,0.15363623814225938,0.13730633952115984,0.14226859895113592,0.1386651638705518,0.15854982748958762,0.13717615512678002,0.1422692669352541,0.13955757176677117,0.13797330435659508,0.13807959735523617,0.13399810113338556,0.16832715049512673,0.13552081810900463
40.0,2.62313724373818,2.23026680929273,2.191282347083362,2.1030485751045638,1.7153599202172396,1.8620084144747302,2.360100581690451,2.168267879639563,1.9440972132351018,2.4763742811980802,2.5749230543591333,2.6654763210384855,2.240864568822273,2.1449693247999884,2.287093615372087,2.6244275789264364,2.453855639012585,2.188944714379341,2.103173054985063,2.3159327512220553,2.171513932311933,2.5662440753212796,2.544641218573699,2.5390591993447806,3.1352816248291426,2.678366989451586,2.3483018914152933,2.6488621240215213,2.290559991898305,2.852703518983032,2.5701394032968143,3.1608165427108643,2.758299764183712,2.251602555753155,2.3217271799529553,2.237997325967385,2.6295707170552536,2.897737133571926,2.565675736971849,2.5726228550485226,2.5010551915072843,2.9603875368438244,2.513638880097283,2.5279657443677706,2.3799529139999414,2.7661571709646435,2.607409917499855,2.535703315304011,2.6499918872155805,2.5135299965781757,2.7057725360031855,2.37387508425102,2.5707787938876248,1.9959214833143566,1.680890599737253,2.0536235346380085,2.2490845942698034,2.004581249558265,2.5493647273798743,2.7217665418233157,2.6898843817848967,2.159097669885723,2.3014318770441493,2.112557897922735,1.9989848398836647,2.266618821341155,2.4547053786372257,2.2018488134464755,2.1853588575430316,2.1679072034208837,2.2646252710575028,2.530280374282583,2.5120807652817754,2.566133535100382,2.6007057547207,2.8928327274887695,2.362652523300738,2.7551878151442555,2.5304809462871063,3.172621391329595,2.5035281161898717,2.3953680059809828,2.349197926208137,2.2399418293977766,2.2999478107675975,2.494595839022687,2.5921476628213274,2.6751758763110107,2.3004866284339975,2.5031717764785193,2.8467362576051105,2.879894070663863,2.6557333479886225,2.858582975615618,2.5751292961886096,2.4960562851095327,2.7434289263780935,2.5210824373182734,2.666991944878786,2.575800040264346,0.17516792883136048,0.128154064791051,0.13673422886971318,0.12417802342150547,0.13567039655238974,0.12257075620933372,0.13620566672772977,0.12320727612530281,0.13372371715189668,0.13933955734730802,0.15093667699468047,0.1435792991321726,0.13518610782361096,0.13717321994260778,0.1305379570878774,0.11604937403475044,0.14990455184041213,0.11955332530234031,0.14859998023833162,0.1598355146768422,0.14347520299598995,0.1265442508767378,0.1378341084502718,0.14252179742883328,0.1492039100098064,0.1204837280293141,0.13961716346908987,0.15058097990600733,0.1289314782127838,0.1546838154984683,0.1242289772674607,0.147177872425329,0.14043480601446645,0.12784424619224863,0.12467234714050311,0.16176629980232268,0.16792544215159588,0.14154620743868263,0.13927312436609038,0.14189908268426807,0.11884944690272159,0.1416127585439424,0.12241765442746197,0.14253932910342773,0.13110147455625737,0.1331581658055733,0.1479047054705074,0.14036267742313452,0.15628948131477186,0.12495751822672212,0.14475151930520838,0.1291927258983836,0.11816566001925144,0.11873666580592003,0.12998136471175814,0.12678152941068047,0.1293971053787925,0.12700699457979028,0.1378046347671272,0.16069932818920482,0.15427330708319914,0.1402027757825136,0.16300999696128232,0.14499147975044985,0.1477738370959148,0.13733686146805818,0.12760539152656902,0.13757375215870293,0.13388612642031533,0.1240154772019621,0.14470478236544734,0.12493066017611777,0.140153082857666,0.14527375054705602,0.1341491188162511,0.11134533851482994,0.12894364829906174,0.1350254949789629,0.12661384178798699,0.13296451563636125,0.14958911030643554,0.13757087327070527,0.12655798657593822,0.1221341755081701,0.13629379417722481,0.13249457692057623,0.16634797029232032,0.1537477588376638,0.1373434512023652,0.14234024472957418,0.13885158628112335,0.15892323348847104,0.1373514954686259,0.14241227706022103,0.13953335270870404,0.13818443249609377,0.13803234450747412,0.1339404893387614,0.16844002660136287,0.13551775007522823
41.0,2.6222544527539218,2.2312299089263106,2.1912905077827984,2.104876762518292,1.7157773967007974,1.8613294683025459,2.3604526962375245,2.1696533621807808,1.9449600558558784,2.47283173320241,2.571779624176586,2.6632176551084425,2.238446152614156,2.144552486700923,2.286083995209699,2.6254968928653097,2.4531944805967654,2.1906928098544767,2.103840984388897,2.3176651148168674,2.172508417479668,2.5619997744469054,2.54008507508459,2.5387110573442904,3.1295880903737525,2.6751791685005406,2.348021074914379,2.6450957844332104,2.290032752400139,2.8490166013365035,2.5708578852322463,3.159464352779968,2.758179951490019,2.2520283579320246,2.320684452196498,2.23832770948043,2.628229971973247,2.8953791082801907,2.5637983672598277,2.571489521834921,2.501026106709002,2.956972360314988,2.512252671046483,2.5281135540921884,2.3826225951279527,2.7632906149709853,2.603737238115691,2.532759444316023,2.6484616657345113,2.5149699887525725,2.705530768258594,2.374203580805432,2.571259490544846,1.997261767345105,1.6806539829774223,2.05342572617057,2.250072552617387,2.0053375396893687,2.5447941564130514,2.7192474101363384,2.6873838974272184,2.157082570499478,2.2985190761160856,2.1115455600797572,2.000086350704363,2.265499038251509,2.4548455527666984,2.201292837268782,2.185843010299594,2.1689347835592767,2.2662697779278185,2.5262129385690577,2.507684016024153,2.564926028602495,2.59930233447147,2.888453660525189,2.3616898920024902,2.751298518395457,2.531647001421662,3.1726439537465128,2.502317437792417,2.395297778244811,2.3518258024585834,2.2396804697653394,2.3009982766852737,2.491805023056724,2.5914993286643186,2.6716070877540137,2.301317397903958,2.502464282297941,2.8458530003059543,2.8760975913110802,2.653692977082388,2.856423511200935,2.57230351512984,2.4969899422593307,2.7412062869094105,2.5186064342128307,2.665255923537414,2.5763385362770315,0.17539365034895119,0.12817712168439355,0.13696060720720582,0.12450768069170516,0.13597691940110782,0.12256717264599241,0.13633446389916326,0.12352008343610917,0.1339283155099467,0.13975646394403335,0.15127681134239504,0.14399796844321075,0.13566581605698474,0.13775217561624317,0.13107994682725685,0.11607304983297947,0.1502886800270075,0.119811912821569,0.14890557757609804,0.16014857394335075,0.14399348686710037,0.1267880817830239,0.1382476241420746,0.14288081337709263,0.1497907567879813,0.12048139473340992,0.1397122935945124,0.15111893745820462,0.12888038561886533,0.15490139765699945,0.124277612768599,0.1474192624539331,0.14069464425356623,0.12804690835452343,0.12473915590283108,0.1619746119136979,0.16833402325392222,0.14195071742603968,0.13950178964067128,0.1421049928336611,0.11898399109629186,0.141570844324916,0.12244339727796083,0.14257396935812142,0.1312571094042009,0.1331981751358489,0.14809811551682867,0.1402547662319735,0.15653648513854046,0.12506297533989427,0.14490224851068756,0.1294441397476868,0.11826186921147287,0.11884969985374129,0.13022242564053055,0.12687945692088679,0.12948958195832375,0.12714380483810023,0.13803038570904674,0.1608527387298484,0.15463970042885677,0.14074515897540255,0.16344881148683152,0.14556548044001857,0.14824966005913814,0.13787548172144293,0.1275710203929944,0.13795972887818866,0.13406723215346136,0.12424894907725395,0.1451197237181026,0.12494321761825719,0.1405569315024296,0.14547886285226497,0.13434531928385135,0.11156326376900437,0.12885586890508002,0.13510671057869064,0.1268533254633663,0.13294197631658558,0.14992095708990927,0.1376990815194547,0.1264567614190704,0.12198228626086086,0.13636125431640256,0.1325157372199315,0.16675646990217027,0.15389640319763526,0.13741555964147603,0.1424416942261551,0.13907888768133983,0.1593376450880609,0.13755949470229137,0.14259322532012364,0.13954058993780938,0.138423374701301,0.1380293402349399,0.13391859920196147,0.16859588149558835,0.13556129052231033
42.0,2.621324139095728,2.2322433853782444,2.1913554867104263,2.106661287622887,1.7163232063962908,1.8607836019037767,2.3608270310281845,2.1710536954652295,1.9459096077692135,2.4694002321395097,2.568766398991657,2.6610698714471996,2.2360826096518815,2.1440415252630527,2.284965618078231,2.6266120191370224,2.45251542778765,2.1924420634255184,2.1045594939582353,2.3193956179706925,2.1734578200103027,2.557792493513538,2.535522614265718,2.5383298375367636,3.1239162534920393,2.6721292456798453,2.3477042351901365,2.6414249305339497,2.2896034225417456,2.845229370967804,2.571708435634261,3.158041599574049,2.7581159547577805,2.2525278858710913,2.3196688158103975,2.238670472462236,2.627030964376602,2.8930266296746567,2.5620525666616736,2.5704145317702087,2.50099571539642,2.9536866421904113,2.510917943659422,2.528444052417374,2.3853334514834423,2.760410384827383,2.6000319346074328,2.5298355541023065,2.647087483319437,2.5164526394075133,2.7052700582576703,2.3745650161189307,2.571752100697397,1.9986639655876082,1.6806674175961864,2.053357771449798,2.25110826734288,2.006166569748649,2.540285078489373,2.7168610441744385,2.684970714243218,2.1551149383957595,2.2954939895842563,2.1104262867752555,2.001101083119172,2.264269102787674,2.4549866527499593,2.2007773885649353,2.1863901056328157,2.169962887367991,2.267850330835789,2.522186216934947,2.503265661450161,2.5637188959145196,2.597894803074688,2.884192526340775,2.360830073661929,2.7474075581010533,2.532975852039514,3.172592479908722,2.5010739761652228,2.3952297046442586,2.3545314932845995,2.239467959386026,2.3020258159043765,2.4890228777086993,2.590881436366621,2.6681307533350163,2.3021530691242615,2.5017237112106048,2.8450019065179504,2.87226393644377,2.651753621083813,2.8543220533848532,2.569530719346717,2.4981160551263466,2.7389801702604095,2.516134703064854,2.6637435910449687,2.576984279967941,0.17564917573050584,0.12823043378061563,0.13721036420947708,0.12486385556380174,0.1363127063599514,0.12259318646352295,0.13649737127158598,0.12386075355178419,0.13416752356125733,0.14019992779162155,0.151642708952657,0.1444469016851718,0.13616957397139923,0.13835348581323983,0.13165108347282947,0.11613412327497402,0.15070223736933086,0.12009996993979444,0.14923319223012715,0.16049709689161962,0.14454206327766964,0.1270605060692966,0.13869711758202788,0.14327047165797752,0.1504120546185671,0.12050682725332766,0.1398445610365456,0.15169607024995607,0.1288668800322704,0.1551609880280278,0.12435583579984945,0.14770427721814425,0.14098978376559812,0.12828015873232812,0.12483699621860446,0.16222216604531084,0.1687719641466091,0.14238031606689075,0.1397585612519347,0.14234159457035897,0.1191500099412372,0.14155980861102416,0.12250506352652371,0.14264462262729904,0.1314514467814783,0.13328371845902434,0.14832552580054015,0.14019721063201018,0.1568149395096459,0.12520041270429322,0.14508571802107584,0.12972055325635726,0.11839202360743106,0.11900465542497168,0.13048468674137018,0.1270067901310585,0.12960987690058073,0.12731198514436362,0.1382959556445448,0.16104736060514963,0.15504435648870082,0.14130900690236628,0.16391629330347463,0.14616881886278216,0.14875450671739618,0.13844278312747785,0.12756462299049134,0.1383762640688445,0.13428423126952804,0.12452410514951302,0.14557694773753344,0.12499466081813558,0.14100604981454812,0.14571727911199586,0.1345826519527779,0.11181532057708206,0.12879861843379195,0.13522546684174275,0.1271118313972232,0.13295918499132806,0.1502943927111477,0.1378637774453822,0.1263946238642028,0.12186504238777801,0.13646268330387046,0.13258079324272326,0.1672014161772244,0.15408213678317081,0.1375235690459246,0.14257255965434218,0.13934622583147685,0.15979127560855566,0.13779961310642377,0.14281189257070998,0.13957970441137316,0.13868988837261834,0.13807051555866384,0.13393300027293042,0.16879498448101757,0.13565271759643047
43.0,2.620305404226256,2.2332617078063377,2.19143332731937,2.108368296740769,1.7169799753957806,1.8603292350556666,2.361175752436906,2.1724189134868013,1.9468944984684646,2.466052377242523,2.565849880846854,2.6590004728975143,2.2337549706680937,2.1434006872647013,2.2836908592071747,2.6277278677890257,2.4517681836345666,2.1941289050079305,2.105269651277098,2.3210497523693165,2.17430524590755,2.5536046212669703,2.5309407156673376,2.5378599720578117,3.118246504270334,2.669190003813593,2.347295816948104,2.637807800354455,2.2892123800885886,2.84130176259707,2.5726475498857773,3.1565315300052337,2.7580701643709156,2.2530444892906076,2.3186316211184024,2.2389646624254067,2.625933286015998,2.890649771366648,2.560393778035972,2.5693519723025298,2.500903411394738,2.950502372318386,2.509584048050137,2.528901206044066,2.388011203457245,2.757463593942079,2.5962613300767554,2.5269014907528575,2.6458222840774557,2.517909318680655,2.704949817947631,2.37490935782522,2.572215279594703,2.000098633797571,1.6809127280513116,2.053367912007762,2.25214326637637,2.007023051381797,2.53580969923285,2.7145705764370187,2.682611453880427,2.1531712060666663,2.292344308645203,2.109165642148662,2.001970423443838,2.262883745418188,2.4550755584597037,2.200249915297727,2.186945192462202,2.1709296846734207,2.2692976243597105,2.5181809058040296,2.4988125754852697,2.5624667512823,2.5964367826304233,2.8800294034294365,2.3600175193539332,2.7434787472902973,2.5344199951966364,3.1724426637966725,2.49974950066462,2.3951031352891348,2.357245833542878,2.239250719736826,2.302968119821877,2.4862120483158194,2.5902523785280205,2.664711596719162,2.302926046152736,2.500896036610078,2.8441453757075,2.8683610089259615,2.649867182213862,2.8522441305001425,2.566767243753387,2.4993744126656647,2.7366950573513154,2.5136317337501217,2.6624121944271706,2.577678615891157,0.17593520536716617,0.1283142765878412,0.13748170768107362,0.12524461093898911,0.13667549783706662,0.1226492395606942,0.13669413655023277,0.12422821328590027,0.13444039875314615,0.1406678809389501,0.15203369827789062,0.14492455919252595,0.136695476213463,0.1389749448232152,0.1322503541731255,0.11623362569698255,0.15114346411996255,0.12041739491769961,0.14958190304823687,0.16087979834322905,0.14511890672159655,0.12736086956282297,0.1391813886649523,0.14368889994760511,0.1510650715513489,0.12056051205852625,0.14001320734248154,0.1523111577049941,0.12889277887450667,0.1554624092736184,0.12446347864551544,0.14803372960208697,0.14131932291849084,0.1285443239828622,0.12496565231889102,0.16250866624074972,0.16923800919022644,0.1428324089829694,0.14004256021459113,0.14260780916961527,0.11934736029125585,0.1415802126575736,0.12260238425065269,0.14275212829689105,0.13168392427453762,0.13341519463687793,0.14858637386205634,0.14019200503083198,0.15712310992669376,0.1253701407013117,0.14530266089582097,0.13002034333175133,0.11855634684151206,0.11920078705062599,0.13076555429579167,0.1271631266276636,0.12975796478228485,0.12751061941494424,0.13860261740796823,0.1612838421610537,0.15548619292560803,0.1418912779770708,0.1644116965625821,0.14679998276585274,0.14928668668433112,0.13903817801599094,0.12758652377188207,0.13882238136843655,0.1345383187432595,0.12484110221392451,0.14607548577198132,0.12508557433549428,0.14149901180686744,0.1459876278892113,0.13486177494926446,0.11210148516166667,0.12877291305341904,0.13538188943426768,0.12738750300753496,0.1330171298132417,0.1507083931204892,0.13806531265736138,0.12637228833334463,0.12178326358651562,0.13659731709181258,0.13269031005198548,0.16768161207727225,0.1543049452988297,0.13766842588576134,0.14273246553655772,0.13965277397451817,0.16028234064780994,0.1380713214598286,0.1430681088761965,0.13965117923388834,0.13898374115330644,0.13815583992064076,0.13398430778713474,0.16903765524334688,0.13579336146223556
44.0,2.619157349608172,2.2342393453684526,2.191480073062768,2.1099639361943656,1.717730329791313,1.8599247875354652,2.3614510268381586,2.173699050239395,1.9478633574470043,2.4627607677445793,2.562996571784697,2.6569769623021013,2.2314442663954512,2.1425942194841636,2.2822120938259136,2.6287993488687955,2.4509024511868662,2.1956897645171303,2.1059125239294745,2.322553009698534,2.1749938011751353,2.5494185464530608,2.526326258839692,2.537245893043123,3.1125592327949545,2.6663342257258824,2.346740264893864,2.634202631925374,2.2888000028061284,2.8371937109444,2.573631723369664,3.1549173909856414,2.7580049707133454,2.253521517910857,2.3175242184442038,2.2391493268825364,2.624896528642067,2.888218606967483,2.5587774442412745,2.5682559308800412,2.500688588529192,2.947391540547229,2.5082003343326544,2.529428981672996,2.3905815714401424,2.7543973557233103,2.5923927476253295,2.5239271003576658,2.644619012115684,2.5192713967096427,2.704529459275724,2.3751865735580306,2.5726076824861956,2.0015363277306784,1.6813717388005798,2.053404389376519,2.253129077647899,2.0078616962345666,2.5313402242674785,2.712339139423465,2.6802727379863347,2.151227806004365,2.2890577244954717,2.107729190339434,2.0026357579940908,2.2612976966115688,2.455059149768662,2.1996578654299097,2.187453319707255,2.1717733453018755,2.270542353077904,2.514177701600077,2.4943116320549334,2.5611242089516426,2.5948818952387867,2.8759443702851066,2.3591966801534014,2.7394758989924743,2.5359319279490125,3.1721701993908344,2.4982957806469654,2.3948574202891924,2.359899658090079,2.2389751722947424,2.303762879834788,2.4833351802152834,2.589570547748261,2.661314341571578,2.3035687330472396,2.499927231889925,2.8432458073410105,2.8643567116216855,2.6479855626935254,2.8501552708796005,2.56396942326398,2.5007048038323765,2.7342954291024277,2.511062016144403,2.6612189807097497,2.57836288860077,0.176252498327053,0.12842898656629662,0.13777286806887906,0.12564804421515505,0.13706306130881235,0.12273584754781691,0.13692452476234485,0.12462141582598157,0.13474603461899592,0.1411582441293858,0.1524491095999126,0.14542940895247836,0.1372416338665468,0.13961434462367325,0.13287675131116075,0.11637265393439708,0.15161061391585526,0.12076412498702774,0.1499507991595132,0.1612954054567664,0.14572199800892421,0.1276885274730858,0.13969923971604659,0.14413423401127196,0.15174704587194926,0.12064297269289681,0.1402174813230435,0.15296299032678493,0.12895998553895674,0.15580551433065387,0.12460041928188882,0.1484084628514008,0.14168236547871071,0.12883978247576103,0.12512491980238066,0.16283385972285774,0.16973090299771673,0.14330435909586559,0.14035289022220163,0.14290255610663574,0.11957592837078154,0.14163265484708337,0.12273512603748256,0.14289737092939264,0.13195400096845092,0.13359303703539602,0.1488801165120648,0.1402412350874252,0.15745926977708385,0.12557250677239723,0.14555385281986008,0.1303418886697772,0.11875509348424058,0.11943736142596911,0.13106243039880072,0.1273481016750713,0.1299338406171645,0.12773882302761974,0.1389517086142137,0.16156288785093348,0.1559641628258323,0.1424889351029308,0.1649343197662552,0.1474574934560661,0.14984450865395535,0.13966109983073113,0.12763707116734715,0.13929712657554605,0.13483075937624805,0.12520012744645556,0.14661438761350093,0.12521660698309825,0.1420343985114399,0.14628853843719158,0.1351834078065464,0.11242176322547902,0.1287798296568709,0.1355761490442185,0.12767846119842022,0.13311683616516598,0.1511619609676246,0.13830408551017237,0.12639052477906904,0.12173782730843162,0.13676440543717364,0.13284490997441936,0.16819585686696195,0.1545648365885888,0.13785112380794542,0.14292105336902594,0.13999772115343453,0.16080905632914588,0.13837410427053737,0.14336175100311965,0.13975556140880183,0.1393047069322268,0.1382853193648867,0.13407318176514496,0.16932426878654347,0.13598460713733895
45.0,2.6178390767041377,2.235130767222415,2.1914517673937226,2.111414352306117,1.718556895674952,1.8595286791204046,2.3616050206064085,2.1748441397168854,1.948764814198208,2.4594980028788345,2.560172973847693,2.6549668425037156,2.2291315275665946,2.1415863686997327,2.280481697163916,2.629781372423783,2.4498679334938944,2.1970610718686325,2.1064291794993943,2.323830881644113,2.1754665918167606,2.5452166578175963,2.521666123333033,2.536432032628322,3.1068348291522363,2.663534694240825,2.345982023732946,2.6305676632774135,2.2883066684598368,2.8328651507299227,2.574617451468842,3.153182429427393,2.757882764168961,2.2539023214521308,2.31629795811153,2.239163513346227,2.62388028400547,2.88570321008845,2.557159008136143,2.567080494950878,2.500290640624971,2.944326136725227,2.5067161526210042,2.5299713460048903,2.392970275822937,2.7511587835793185,2.5883935103548437,2.5208822290067268,2.6434306115412043,2.5204702436321362,2.7039683941891437,2.3753466309510483,2.5728879646213176,2.002947603142623,1.6820262743017567,2.053415445088119,2.2540172290875518,2.0086372159526684,2.5268488592172793,2.7101298656332005,2.6779211882084404,2.149261170700977,2.285621928331622,2.1060824954869974,2.0030384730856676,2.259465686836363,2.454884306549506,2.1989486869242505,2.1878595362874997,2.1724320390796947,2.2715152115686266,2.5101573007469207,2.4897497050846202,2.55964588316838,2.5931837629998875,2.8719175054017003,2.358312007135236,2.7353628262368095,2.5374641473525896,3.1717507806716476,2.496664585468578,2.394431909754219,2.362423801782919,2.2385877385367667,2.3043477873401135,2.480354918744287,2.5887943366270973,2.6579037115573727,2.3040135338656125,2.498763270443719,2.8422656008848963,2.860218947394968,2.646060664743748,2.8480210028560107,2.5610935927926186,2.5020470175815532,2.7317257664340104,2.508390040123473,2.6601211969184155,2.578978442650861,0.17660187859530768,0.12857496678331842,0.13808210384363195,0.1260722884229801,0.13747319341114866,0.12285360689651709,0.1371883227945874,0.12503934526240576,0.13508356419244447,0.14166892285434093,0.15288827491056386,0.14595992469508146,0.13780616966369333,0.1402694678588687,0.13352927085214936,0.11655237456836122,0.15210194886234096,0.12114013705552422,0.15033897678302233,0.16174265571044646,0.14634931967522138,0.1280428449371221,0.14024947481585776,0.14460461384646153,0.15245518162497887,0.12075477326379429,0.14045664025353985,0.15365037136360557,0.12907048938553867,0.15619018593021636,0.12476658372349914,0.14882935088667262,0.14207802219807691,0.1291669648967967,0.12531460496328056,0.1631975392016403,0.17024939196264127,0.14379348176369858,0.14068863775495685,0.14322475377078747,0.1198356309621617,0.14171777897495055,0.12290309359915791,0.14308128342366347,0.1322611582571118,0.1338177156870124,0.14920623077777825,0.14034707764992507,0.1578217026003477,0.12580789850719074,0.14584011762357443,0.1306835723489209,0.11898855312545191,0.11971365873590324,0.13137271249504748,0.127561391015083,0.13013752160990502,0.1279957422184871,0.1393446369899176,0.16188526233086412,0.15647725697280418,0.14309894092217068,0.16548350717385224,0.14813990380581601,0.15042627831736213,0.14031100392727497,0.127716642147707,0.1397995667136897,0.13516289168568874,0.12560139854667393,0.14719271999066308,0.1253884732641389,0.1426107986387926,0.14661864317739853,0.13554833308798028,0.11277619033920835,0.12882051100928193,0.1358084623550453,0.12798279719799818,0.13325936854356069,0.15165412842719384,0.1385805441639977,0.1264501565797402,0.12172966899501061,0.13696320781444268,0.13304527088362417,0.1687429498354194,0.15486184307307843,0.1380727089099321,0.1431379870347145,0.1403802730041112,0.1613696380099545,0.13870746359722608,0.14369273953872697,0.13989346344710166,0.13965256162727904,0.13845899484589094,0.1342003259181076,0.16965526103115286,0.1362278977718833
46.0,2.616309686976836,2.235890442526055,2.1913044537653694,2.1126856913984455,1.7194422991387501,1.859099329587737,2.361589900116139,2.1758042159131885,1.9495474982154328,2.4562366818784342,2.5573455890783783,2.6529376163451017,2.2267977849142055,2.140341381689736,2.278452044450614,2.630628848501457,2.4486143336049926,2.198179256977852,2.106760685570845,2.3248088598918244,2.1756667238361502,2.5409813441064424,2.516947188697603,2.5353628229490606,3.101053683428492,2.6607641921825183,2.344965538170916,2.626861132441251,2.287672754815184,2.8282760166737617,2.5755612295662207,3.1513098922425993,2.7576659351216857,2.25413024963469,2.314904190444112,2.2389462693290825,2.622844143856855,2.883073654340882,2.555493912579138,2.565779751963215,2.499648961507306,2.9412781507006915,2.5050808530292326,2.5304722657404914,2.3951030369964443,2.7476949909183475,2.584230941366952,2.517736722790021,2.642210026461124,2.5214372295857728,2.7032260346351555,2.3753394976379965,2.573014781249511,2.0043030157890946,1.6828581590126284,2.053349320674619,2.2547592486253634,2.0093043221818485,2.5223078097062483,2.7079058875656004,2.675523426194253,2.1472477326486774,2.282024611350183,2.1041911217308114,2.0031199550343066,2.25734244656108,2.4544979086749725,2.198069827743526,2.1881088911224293,2.1728439358332405,2.272146894410188,2.5061003996683224,2.4851136684998174,2.5579863881783553,2.591296008013817,2.8679288872731568,2.357307951374342,2.731103342052544,2.538969150463365,3.1711601016195807,2.494807684485818,2.393765953793985,2.3647490994780687,2.238034839939871,2.3046605337348383,2.477233909240036,2.5878821377642813,2.654444430341706,2.3041928526656763,2.497350125665011,2.8411671558055733,2.855915619109845,2.644044390585524,2.845806854762153,2.5580960872534564,2.503340842868279,2.7289305502663255,2.5055802955630897,2.6590760900789214,2.579466622595525,0.17698424157295573,0.12875269316511287,0.13840770801960084,0.1265155136895863,0.13790372263740597,0.12300320254111136,0.13748534496665693,0.1254810218141874,0.13545216404672972,0.14219780348601418,0.15335052798134413,0.14651458434918677,0.1383872129961623,0.14093808071936148,0.13420691084742692,0.11677402831388035,0.1526157345828412,0.12154544852451993,0.1507455357448015,0.1622202953526045,0.1469988515037786,0.12842319801399643,0.14083089966776172,0.14509818000527502,0.1531866445443625,0.1208965222594948,0.1407299517247328,0.15437211904150872,0.12922636506335278,0.1566163363695199,0.12496194871478554,0.14929729863307123,0.14250541310874582,0.12952635471348548,0.12553452437351256,0.16359954554190986,0.17079222652748566,0.14429704033382088,0.14104887279639472,0.14357332083808355,0.1201264169885795,0.14183628326426498,0.12310613291106585,0.14330485039445467,0.13260490126447552,0.1340897400100605,0.14956421534642195,0.14051180010683664,0.1582087054727703,0.12607674728840382,0.1461623332030565,0.1310437850274387,0.11925705486986599,0.12002897461358039,0.131693792791509,0.12780271377995298,0.1303690490093231,0.12828055317339537,0.1397828856568337,0.16225179503332743,0.15702450684506858,0.143718253419442,0.1660586501819331,0.14884579628845812,0.1510302969131813,0.14098736863635597,0.12782564744428263,0.14032878942332752,0.13553613164343523,0.1260451643220405,0.14780956562532852,0.12560195499008134,0.1432268102246618,0.14697658109448433,0.1359573980731678,0.11316483270325621,0.12889617134071513,0.13607909323368353,0.12829856474588722,0.13344583270298863,0.15218396091893882,0.13889518988688745,0.12655205818848844,0.12175978219700986,0.13719298945806604,0.1332921243898469,0.16932169524105248,0.15519602464672566,0.13833428540175147,0.14338295903339424,0.14079965305392755,0.16196229943851823,0.13907092349695008,0.14406103562002617,0.14006556483463312,0.1400270787257981,0.13867694065589636,0.1343664863603753,0.17003113512279563,0.13652473841028326
47.0,2.614528281888936,2.236472840437214,2.190994175630839,2.113744099793776,1.7203691662747596,1.8585951587146934,2.361357831741795,2.1765293128221797,1.950160038992069,2.45294940397652,2.554480919519252,2.6508567866689767,2.224424069170929,2.1388235052324585,2.2760755109154367,2.6312966871492662,2.4470913545695363,2.198980749760275,2.1068481097278493,2.3254124361274733,2.1755373032370153,2.536694994065402,2.51215633448366,2.5339826961409955,3.095196185710072,2.65799550237507,2.343635252913319,2.623041277447565,2.2868386396376383,2.8233862434960373,2.576419553044682,3.1492830263433946,2.757316873955397,2.25414865217882,2.313294265765626,2.238436642343693,2.6217476999468787,2.8803000133360936,2.5537376004288252,2.564307789365172,2.498702945001428,2.9382195723219167,2.5032437856713705,2.530875707580532,2.3969055753514614,2.743953091148642,2.5798723637633234,2.5144604277975504,2.640910200982548,2.522103724708226,2.7022617925609587,2.375115141252608,2.5729467876202197,2.0055731214257864,1.683849217390957,2.053154257668078,2.255306664191416,2.009817726567828,2.5176892813583724,2.7056303377200783,2.6730460735912667,2.145163924339579,2.278253464747729,2.102020633210294,2.0028215901557496,2.2548827062542522,2.4538468360177563,2.1969687358505046,2.1881464331315894,2.172947205388846,2.272368096180858,2.50198769478806,2.48039039622596,2.5561003382273495,2.589172252380679,2.863958594393376,2.3561289639455922,2.7266612594689574,2.5403994343373073,3.1703738562150905,2.4926768470550202,2.3927989025182645,2.3668063860322213,2.237262897981076,2.3046388104159554,2.473934797039734,2.5867923437595888,2.6509012215896894,2.304039093505294,2.495633770947381,2.8399128715694446,2.8514146296303435,2.6418886424398176,2.8434783549308396,2.5549332415606165,2.504526068647624,2.7258542615196424,2.502597272339052,2.658040907216953,2.5797687729888352,0.17740056086810355,0.12896272137880033,0.13874801590799593,0.12697592905607005,0.1383525126987724,0.12318541597568121,0.13781543969448007,0.12594550777925992,0.1358510589895577,0.14274274947473298,0.15383520462271577,0.14709186886014666,0.13898289469973585,0.14161792567483375,0.13490867007343846,0.11703893456411558,0.15315023520183554,0.1219801182011193,0.15116957566111297,0.16272707831792216,0.14766856613814114,0.12882897513926062,0.14144232201146723,0.1456130700845956,0.15393855836552395,0.1210688767155289,0.14103669616002487,0.15512706935043397,0.12942977111089987,0.15708390753949328,0.12518654481341296,0.14981324236438268,0.14296367055864373,0.1299184884758098,0.12578450474381958,0.16403977080040488,0.17135816420891997,0.14481224209867607,0.1414326501865238,0.1439471783328548,0.12044826951115123,0.14198893016882483,0.12334413490350504,0.14356911179066645,0.13298476090093678,0.1344096620910996,0.1499535925370294,0.1407377591453834,0.15861859357717958,0.12637953250443096,0.14652143789588998,0.13142092878616565,0.11956097226851461,0.12038262275133865,0.13202305755655047,0.12807183553890458,0.13062849006953342,0.12859246080226386,0.1402680183741059,0.16266338525533405,0.15760498836746648,0.1443438218720222,0.1666591886629888,0.14957378101530303,0.15165486040725776,0.1416896965984835,0.1279645374936655,0.14088390266852316,0.13595197624557023,0.1265317057130374,0.14846402285459087,0.12585790309459396,0.14388104326166964,0.14736100211350062,0.1364115165178966,0.11358778828702436,0.12900810239234767,0.1363883541406152,0.12862377156570967,0.13367737812852343,0.15275056174450613,0.13924858061374112,0.12669715253657995,0.12182921857291125,0.137453017512991,0.13358625394400733,0.16993090851232653,0.15556747204770507,0.13863702167670017,0.1436556976019743,0.14125510456735146,0.16258525236096522,0.13946403514928926,0.1444666372541429,0.14027261334444668,0.14042802455696607,0.13893926296036355,0.13457245012895214,0.17045246849420265,0.13687670025859072
48.0,2.6124539629030945,2.236832430113725,2.1904769764432483,2.1145557238145494,1.7213201231750448,1.8579745862785222,2.360860981857865,2.1769694644377533,1.9505510660214682,2.4496087684062435,2.5515454672128475,2.6486918563181057,2.2219914110694217,2.1369969861062157,2.273304471787828,2.6317397984146935,2.445248699436841,2.1994019801313507,2.106632519554415,2.325567102036825,2.1750214360230613,2.5323399964403075,2.5072804402414612,2.5322360843397718,3.0892427260832664,2.655201407642592,2.3419356126657283,2.61906633632705,2.2857447006926654,2.8181557659168677,2.5771489172871354,3.147085078641898,2.756797971054044,2.253900878804799,2.311419534399816,2.237573679902662,2.620550544026185,2.877352360685389,2.551845514543745,2.562618694604913,2.497391984932508,2.935122391437211,2.5011543006614283,2.5311256382257445,2.398303611278759,2.7398801976784553,2.575285100645641,2.511023190119299,2.6394840792125707,2.5224010991371384,2.7010350799137726,2.3746235294285767,2.5726426389828907,2.006728475808386,1.6849812738945258,2.052778497600551,2.255611003715791,2.010132140756333,2.5129654797976864,2.703266348596028,2.67045575204698,2.1429861782658404,2.2742961797207797,2.0995365940649164,2.0020847647657436,2.2520411963844182,2.45287796845058,2.1955928592079337,2.187917211234436,2.172680017572848,2.272109511458952,2.4977998825299403,2.4755667621885227,2.5539423475612324,2.5867661182005617,2.859986705256314,2.3547194959239066,2.7220003915152966,2.541707496030397,3.169367738438632,2.490223842532526,2.3914701060368424,2.368526496302053,2.2362183341373556,2.304220308780473,2.4704202274805787,2.585483347212748,2.647238808966451,2.3034846604422987,2.4935601796843847,2.838465147642936,2.8466838818205,2.6395453225275824,2.8410010316948338,2.5515613906282426,2.5055424838746854,2.7224413811142334,2.4994054603271048,2.6569728953582494,2.579826238384892,0.17785189540827834,0.12920569437437254,0.1391014142116235,0.12745178468449947,0.1388174666176328,0.1234011338871817,0.1381784972952241,0.12643191424334901,0.1362795274502737,0.14330159760647654,0.1543416431331372,0.14769026136318134,0.13959134160215625,0.14230671401528314,0.13563354678256484,0.11734849610026364,0.15370370822422966,0.12244424728405755,0.15161019174511914,0.1632617656015971,0.14835642476361519,0.1292595790534447,0.14208255258689503,0.1461474153721334,0.1547080015046395,0.12127254674445509,0.14137617001735475,0.1559140793664886,0.12968294776653733,0.15759287120375345,0.12544045991736794,0.15037815006310842,0.14345194302266728,0.13034395592285292,0.12606438309134843,0.1645181616360222,0.17194597339250706,0.1453362346538776,0.14183901164451235,0.1443452524145589,0.12080120815850096,0.14217655701970625,0.1236170397374536,0.143875166766918,0.1334002965776037,0.13477808053025703,0.1503739108282412,0.14102739890600835,0.15904970602525498,0.12671678632639258,0.14691843736199944,0.13181342167125587,0.11990072871077903,0.1207739381867337,0.13235788633578086,0.1283685715121754,0.1309159401301669,0.12893069719543343,0.14080168474417054,0.1631210077910342,0.15821782644599297,0.14497258314866365,0.1672846122502012,0.1503224937517084,0.15229825930422328,0.14241751637264546,0.1281338091802239,0.1414640347523371,0.13641200688607885,0.12706133725619956,0.14915520581660072,0.12615723965283102,0.14457212332069255,0.14777057254192993,0.13691167049495886,0.11404518834536684,0.12915767990473973,0.13673660776254964,0.1289563700610902,0.13395520091049212,0.15335307766824052,0.13964133477381624,0.1268864081827544,0.12193908775407807,0.13774255726780793,0.13392849285814984,0.17056942373546202,0.15597631070660123,0.13898215679972192,0.1439559748020331,0.14174589299216522,0.16323670659670456,0.13988638272504336,0.14490957520427475,0.14051542616246443,0.14085515326993286,0.13924609842867572,0.13481904350730298,0.1709199207179561,0.13728542546425268
49.0,2.6100458314819934,2.2369236807134163,2.1897088996557086,2.115086709783196,1.7222777959316513,1.8571960320564702,2.360051516838803,2.1770747047538177,1.950669208797002,2.4461873744007336,2.548505734201658,2.646410328135212,2.2194808413423495,2.1348260710893054,2.2700913022972165,2.6319130923451826,2.443036071256267,2.1993793780065394,2.106054982634523,2.3251983493056603,2.1740622281980153,2.527898739976992,2.5023063855212264,2.5300674196810418,3.0831736946344193,2.652354690809161,2.339811062133676,2.614894547110379,2.284331315745728,2.8125445186563462,2.577705817676478,3.144699296050204,2.756071616801504,2.2533302792328955,2.3092313466703924,2.23629642951859,2.6192122678454526,2.874200770000085,2.549773097782467,2.5606665551305987,2.4956554751257958,2.9319585978948757,2.49876174811346,2.531166024376865,2.399222865169191,2.7354234239159916,2.570436475115577,2.507394855845264,2.637884605258304,2.5222607230101706,2.699505308640824,2.3738146297996128,2.5720609905869494,2.007739634692588,1.686236152981114,2.0521702820041035,2.2556237951285274,2.0102022763931,2.508108610648173,2.70077705269285,2.66771908320889,2.1406909269196013,2.2701404474659137,2.0967045684341072,2.000850865179996,2.248772647420091,2.451538185846128,2.1938896457786052,2.1873662743505164,2.1719805422115908,2.2713018348227396,2.4935176593177433,2.470629640312974,2.5514670304258016,2.5840312275735884,2.8559932983558727,2.353023998384155,2.7170845512208,2.5428458325985903,3.168117442270662,2.4874004402746803,2.3897189144594737,2.369840265144266,2.2348475698857113,2.303342720225373,2.466652845899774,2.5839135407235347,2.643421916137135,2.3024619575345464,2.491075325269603,2.836786383492432,2.841691278544344,2.63696633306981,2.838340413386946,2.5479368693704663,2.506329877504532,2.7186363899703934,2.495969349403055,2.655829301528532,2.5795803633377687,0.1783393968967173,0.12948235061074803,0.1394663515804222,0.1279413745000302,0.13929653163878575,0.12365135735943097,0.1385744589841354,0.1269394085883375,0.13673690760278553,0.1438721543277062,0.15486918493705337,0.14830824670403603,0.1402106708163064,0.1430021181586562,0.13638053754007476,0.11770420397033435,0.15427439926912354,0.12293798039912404,0.1520664701934248,0.16382312507682276,0.1490603728375863,0.129714429222139,0.14275040665332764,0.1466993376363242,0.1554920041019373,0.1215083004362549,0.14174768969627602,0.15673203109070927,0.12998821390313992,0.15814322951605483,0.1257238432936073,0.15099302180221694,0.1439693997280267,0.13080339986354172,0.12637400724434636,0.1650347230894347,0.17255443790356068,0.14586610267095726,0.14226698850015576,0.14476647793115863,0.12118529200666242,0.14240008756539752,0.12392484169455789,0.14422417781737304,0.13385109959904223,0.13519564484352622,0.15082474796526704,0.14138324851665796,0.15950041300257253,0.12708909902937826,0.147354412011542,0.13221970300417313,0.12027680330307997,0.12120228129014068,0.13269565113848714,0.1286927900028138,0.1312315248290446,0.12929451977385426,0.14138562538503746,0.16362571913123214,0.15886220031784126,0.1456014583706783,0.16793446155751954,0.1510905938961714,0.1529587791012989,0.14317038431808796,0.12833401345343512,0.14206833464327098,0.13691789250094544,0.12763440897952005,0.14988224519592516,0.1265009601072993,0.1452986961748553,0.14820398167882448,0.1374589123183534,0.11453719930676975,0.12934637051353695,0.1371242688595804,0.12929424717723068,0.13428054710315773,0.15399070547478313,0.14007413539680477,0.12712083618906556,0.12209055705348537,0.1380608684405401,0.13431972223765704,0.1712361024593123,0.15642270507126876,0.13937100740934008,0.14428361565488826,0.1422713090733335,0.1639148706194398,0.14033759008786936,0.14538990840828608,0.1407948907740576,0.14130820148985557,0.13959761294464987,0.13510713014839848,0.17143424217887282,0.13775263239511526
50.0,2.6072629890882904,2.236701061394125,2.188645988721367,2.1153032040221333,1.7232248106366375,1.8562179158257688,2.358881603059091,2.1767950677642425,1.9504630968120507,2.4426578211931496,2.545328222528224,2.6439797049630385,2.2168733907223643,2.1322750069600094,2.2663883776730436,2.6317714789882136,2.440403173077155,2.1988493733013135,2.1050565665522334,2.324231669619765,2.172602785765575,2.5233536134212837,2.4972210498732252,2.52742113430045,3.0769694814498543,2.6494281346988986,2.337206046022729,2.6104841478282403,2.2825388625623084,2.806512436434621,2.578046749595609,3.1421089254804797,2.7551002015816906,2.2523802031833973,2.306681052901075,2.2345439387040735,2.617692463155298,2.8708153148914866,2.547475793003556,2.55840545839035,2.4934328094064866,2.92870018154321,2.4960154781414814,2.5309408327346126,2.3995890574135177,2.7305298832695364,2.5652938102747935,2.5035452710654518,2.636064723226835,2.5216139664649586,2.6976318906893457,2.372638409999437,2.5711604976818454,2.0085771538340915,1.687595679108482,2.0512778524107693,2.2552965663596933,2.0099828451238606,2.5030908795338473,2.6981255825099466,2.6648026887245106,2.138254602793003,2.265773959179653,2.0934901204573086,1.9990612777142753,2.245031789829803,2.4497743680771222,2.1918065435252783,2.186438671399342,2.1707869491314282,2.26987576085053,2.48912172157526,2.4655659045247837,2.5486290010668893,2.5809212025998343,2.851958452185965,2.350986922401257,2.7118775516147253,2.5437669410978723,3.166598661691646,2.4841584096378186,2.3874846778959706,2.370678527415535,2.233097026703146,2.3019437361476784,2.4625952976345227,2.582041316891691,2.639415266766862,2.3009033888398633,2.4881251810965925,2.8348389785843713,2.836404722665912,2.634103576287464,2.835462028339943,2.5440160127014,2.5068280384922494,2.714383769008355,2.492253429442642,2.654567372753533,2.5789724924015687,0.17886431762798483,0.12979353298295512,0.1398413507598011,0.12844303932488904,0.13978770505969101,0.12393721167544891,0.13900332710980487,0.12746722284807235,0.13722260427458421,0.1444521921577527,0.15541717540998806,0.1489443112959307,0.14083898376498663,0.14370176368637952,0.13714863611845388,0.11810764253317654,0.15486053661013022,0.12346150665658517,0.15253748310840112,0.1644099317327238,0.14977833584970993,0.1301929647690179,0.14344470606899648,0.14726694604790486,0.1562875454391819,0.12177696912754318,0.1421505961730787,0.15757983578125265,0.13034796298029194,0.15873501575335855,0.12603691017153978,0.15165889015861825,0.1445152361351421,0.13129751579691237,0.12671323671785012,0.16558952271953814,0.17318236235327375,0.14639886511229025,0.1427156051798111,0.1452098027864493,0.12160062292632512,0.1426605444482645,0.1242675947102686,0.14461737517377674,0.13433679725206232,0.13566306040909087,0.15130571466339196,0.14180791898436168,0.15996912430861351,0.12749712481762154,0.147830525012144,0.13263823954055634,0.1206897372615384,0.12166704248421703,0.1330337156752929,0.129044416115224,0.1315754024631614,0.12968320915981196,0.14202167706984115,0.16417866424275956,0.159537349748838,0.14622734996198852,0.16860832932652947,0.15187676241363296,0.15363470140285881,0.1439478867435306,0.12856576390114355,0.14269597262425057,0.1374713924411113,0.12825130872178114,0.1506442895202243,0.12689013569176247,0.14605943344814504,0.14865994971541824,0.13805436654798373,0.11506402502165623,0.12957573899072136,0.13755180630845196,0.12963521337445116,0.13465471665593126,0.1546626995419401,0.14054773450510868,0.12740148669065263,0.12228485098287506,0.13840720148226424,0.13476086881251811,0.17192984384579335,0.15690686339543633,0.13980497501339206,0.14463850840763737,0.1428306727163705,0.1646179527023593,0.14081732844007178,0.14590771888893672,0.14111196553556019,0.14178688262254793,0.1399940003787522,0.1354376089886427,0.1719962835844991,0.13828012138113674
51.0,2.6040737460160326,2.2361291800599905,2.1872531548140715,2.1151791463605676,1.7241456758855254,1.8550072340096455,2.3573143681871307,2.1760917558691943,1.9498929529857685,2.4389960973893476,2.5419838274408577,2.64137282231012,2.2141516372221535,2.1293160788257266,2.2621611641524666,2.631279147017387,2.43731138449842,2.1977630120541223,2.1035912866470783,2.3226105034109468,2.170600017817689,2.5186895808377887,2.492012591049788,2.5242551087534384,3.070615275168572,2.6463992752503724,2.334078952124163,2.6058035384293787,2.280321134065342,2.8000299609267087,2.5781368584664026,3.1392999542658955,2.75385491746477,2.251006000328782,2.3037315496899904,2.2322694129180447,2.615957026221802,2.8671721407301454,2.544918074887481,2.555799512478451,2.4906779550835667,2.9253243484083717,2.4928771440067785,2.5304066809920047,2.3993464874960346,2.7251598640521144,2.559832346294548,2.499449846552214,2.633985437089859,2.5204073587675424,2.6953837668030074,2.371055702549721,2.5699088204800304,2.0092174773243228,1.6890427066882896,2.0500604502905495,2.2545912465044347,2.0094383285055613,2.4978886748778204,2.695280469443035,2.6616799266415527,2.1356569081259775,2.261185732153637,2.0898671679484675,1.9966728875042674,2.2407859757789748,2.447545990829093,2.1893029299862405,2.1850912138812117,2.1690516607675194,2.267779341630913,2.484595890997699,2.4603641502239335,2.5453934694799294,2.57740000715197,2.8478653145282293,2.3485655456701964,2.7063523235142344,2.5444341693753825,3.164791669841861,2.4804608194223747,2.384720749060689,2.3709891498595312,2.2309259498848557,2.2999768047643343,2.458218697532643,2.579831940056593,2.6351922735090865,2.298757192155746,2.4846687931579354,2.832593680285366,2.8307996300146,2.630920186732466,2.8323390983624357,2.5397658670208347,2.506990838978605,2.709641611578573,2.4882294567143104,2.6531500186004644,2.5779552206573744,0.17942752530727263,0.1301393451824068,0.14022505196648496,0.12895526448832992,0.1402890407327662,0.12425927742620275,0.1394649470885931,0.12801458052561684,0.13773566575770496,0.14503995859576274,0.15598509782088138,0.14959722355166635,0.141474783310457,0.14440393711368352,0.13793692884259257,0.11855973044309928,0.15546078648092065,0.12401494334373195,0.15302265020177805,0.1650213059659893,0.15050871940615101,0.1306948057248295,0.14416473919585104,0.14784888392974857,0.15709220554885037,0.12207926884231306,0.14258505915491848,0.15845652279819955,0.13076384595856574,0.15936806094117503,0.1263801126339935,0.15237621645728525,0.14508860981667177,0.1318268349437024,0.12708228552781783,0.166182276720562,0.17382928110798374,0.1469322524220372,0.14318379094513617,0.14567437889765933,0.12204729927172199,0.1429588624419699,0.12464572082755764,0.14505596422001854,0.13485760906990188,0.13618108119558675,0.15181640234621696,0.14230320331154386,0.1604550227815608,0.127941503795725,0.14834728770052505,0.13306738498169254,0.12113954216998936,0.12216687690648084,0.13336975356530165,0.12942261991813733,0.1319473682914086,0.1300957483627497,0.1427108763702439,0.1647807675942194,0.160242482670455,0.14684810771286885,0.1693058267888066,0.15267990600380182,0.15432451729404914,0.14474947389901496,0.12882938092454418,0.14334620101618792,0.13807350147285416,0.12891182061457881,0.15144043094113863,0.12732547947195338,0.14685326666993745,0.1491372848983492,0.13869846851315756,0.11562556930582629,0.12984714634683628,0.13801967090326292,0.12997851302572017,0.13507874434746217,0.15536823603666938,0.14106238339056976,0.12772948644514961,0.12252322126937791,0.1387815635443289,0.13525231730972334,0.17265017624356951,0.15742900379983218,0.1402849745818378,0.1450205052426041,0.14342294069305223,0.1653443463075436,0.14132491611360454,0.1464631698056676,0.14146750502075864,0.14229121353585064,0.140435521905041,0.13581141220028853,0.17260631984744013,0.13886903166933898
52.0,2.600483247884766,2.2352131996003046,2.1855307799906605,2.1147196506547856,1.725032430287734,1.8535652896152386,2.3553567850670976,2.174970645093821,1.9489653739405108,2.4351917490861408,2.538461017011145,2.638583846348172,2.21130434797452,2.1259537251100022,2.2574274920034956,2.630437399610966,2.433768791317186,2.19612980479556,2.1016649492809485,2.320350086095197,2.1680660457991463,2.5139019075663303,2.486674279611613,2.5205810172746554,3.0641154586402557,2.643264660859924,2.3304439405721533,2.6008617665347327,2.2776855838077497,2.793109561627181,2.577975889866683,3.1362693314240473,2.752342163265874,2.2492110201503235,2.300391918733062,2.2294826894048265,2.6139970713726637,2.8632716799234563,2.5421005454024104,2.5528529080736035,2.4874031734010438,2.921829169227906,2.48935761155956,2.529570790811037,2.3985137712749,2.7193263541959967,2.5540589916242777,2.495106251807517,2.631639990277425,2.518648065697429,2.6927679929112776,2.369070799523997,2.5683096390460225,2.009660602597729,1.690564209947654,2.0485213168650693,2.253511369318239,2.0085722877400505,2.492495116299604,2.692231840473024,2.6583511006085883,2.1328906241496624,2.2563700880597466,2.0858430434195494,1.993704574965517,2.236053044220556,2.444862913038887,2.186385901001786,2.183327763619639,2.166784109990324,2.26503005929377,2.479936490366001,2.4550198587085945,2.541768028658876,2.5734729721927336,2.843709310315074,2.345768452366404,2.7005182688880494,2.544854268442896,3.16269505650092,2.4763159362050815,2.3814364910865646,2.370788126767981,2.2283448799989163,2.2974584015721904,2.4535280384844738,2.577278161516081,2.6307611049706243,2.2960349402383478,2.480717497842233,2.830054627562961,2.8248814682813617,2.6274242282805926,2.8289756191662416,2.535196324671007,2.5068284838471184,2.704422460752154,2.483898253057101,2.651562798802556,2.5765261452943586,0.18002799094379196,0.13051654197640694,0.1406162745904994,0.12947692579286812,0.1407986208986678,0.12461550234434121,0.1399583104327646,0.12858042653501467,0.13827346196412635,0.1456357341808536,0.15657297852514349,0.1502668794613168,0.14211824197986794,0.14510974051986247,0.1387448833329382,0.11905839783475355,0.1560756418772316,0.12459797259468441,0.15352284698275373,0.16565773226965638,0.15125192700253795,0.13122023093252141,0.14491164659803696,0.14844599238266173,0.15790614691362012,0.12241524181224557,0.14305450665980862,0.1593614897492313,0.13123429318286856,0.1600412860343644,0.12675463599794984,0.1531430628697565,0.14568842638476112,0.13239106320649305,0.12748277092467097,0.16681107737251802,0.17449757938459387,0.14746707360224795,0.1436701118938058,0.1461601254881318,0.12252526141239266,0.14329528894441568,0.12506093185379924,0.1455408341386982,0.13541602310976075,0.1367504790613912,0.15235621155604787,0.14286735891283955,0.1609602515656884,0.12842260424992902,0.14890230767520554,0.13350493547949446,0.12162388814063077,0.12269738443417712,0.13370270470908818,0.12982332849483483,0.13234565242107718,0.1305298516080215,0.14345071430577294,0.16543176608274088,0.16097645703000177,0.14746543546094984,0.17002645543201603,0.15349975465234736,0.15502755661532444,0.14557393777884015,0.1291237842513591,0.14401851948367145,0.13872183884272754,0.1296131783771324,0.15226947187191414,0.12780601040913214,0.14768007874543115,0.14963502948250226,0.13938863697761908,0.11622039822732834,0.13016080363632448,0.13852806308345492,0.1303294583111962,0.13555242672154785,0.1561059652457068,0.1416160856079467,0.12810616696267677,0.12280685444022328,0.13918706024409763,0.1357921297008977,0.17339900733785868,0.1579892398337843,0.14080967337715636,0.14542908565439633,0.14404551142916378,0.16609318382701788,0.141858077915676,0.1470566952052454,0.14186171694664015,0.14282252913867127,0.14092263263967325,0.13622950782200524,0.17326195713863882,0.13951757077343735
53.0,2.59650584914541,2.233968421650691,2.1834881140287052,2.113937624267851,1.725878994956128,1.8519019622956672,2.353026787837113,2.1734487798695583,1.947698549724422,2.4312377117530435,2.5347526525164654,2.6356122759146796,2.2083218373922913,2.1222004225654767,2.252218282501884,2.629256818573339,2.4297951558801483,2.193973878179228,2.0992963085712506,2.3174836018345384,2.1650267942429493,2.5089884342655204,2.481200664321514,2.516423982518519,3.057479213267284,2.640025593038405,2.3263291145866174,2.5956780416833203,2.2746530804999283,2.785774214985536,2.5775722394132425,3.133016746393571,2.75057713948637,2.247010612081484,2.2966827880005765,2.2262077633550135,2.611810017450999,2.8591204366380687,2.5390328383384113,2.5495798565006043,2.4836352990866937,2.9182179309172036,2.485480049797326,2.5284530348460006,2.3971281037017653,2.7130555165382493,2.5479885717830575,2.4905177210156904,2.6290296860842064,2.5163584121624853,2.6898011537400506,2.366698857883709,2.566375638407299,2.0099124154244863,1.6921481930675821,2.0466746932939106,2.252070869721658,2.0073980539404186,2.4869075062177872,2.6889752214771763,2.654823250674386,2.1299518018429864,2.2513226746649577,2.0814334330570325,1.9901907193335147,2.230863455804391,2.4417475894561975,2.1830744819877315,2.181163945018918,2.1640079822791347,2.2616627534792744,2.4751429677324968,2.4495302327514588,2.5377708673472843,2.569155770457457,2.839488933766581,2.34261705328541,2.6943939074927976,2.5450448401033445,3.1603119906082817,2.4717433260067763,2.3776552697111297,2.3701084843195748,2.2253771814316283,2.294420758888071,2.4485367828909697,2.5743796043075875,2.6261386187465607,2.292764039583428,2.4762957041371103,2.827234307284905,2.8186632181224955,2.623634997138538,2.8253832799389835,2.530327989479815,2.5063652611669975,2.698752472030327,2.4792679067027468,2.649796935634516,2.574694114028673,0.18066419469249553,0.13092097871091551,0.14101384981174983,0.13000692927630578,0.1413144879572661,0.12500312625646365,0.14048220788538784,0.12916361276600533,0.1388329061726903,0.14624033918763443,0.1571809989780965,0.1509534710020081,0.14276993949079925,0.14582096885643622,0.13957206098359748,0.11960081445932147,0.15670606072336202,0.12521017107086505,0.15403932507472992,0.16632005563593733,0.15200886405089295,0.1317697082192778,0.14568707113509338,0.149059693692051,0.1587301918589369,0.12278479150970019,0.14356328293961026,0.16029424003007306,0.13175688522682963,0.1607533955761983,0.12716189464355687,0.1539568735444385,0.14631353395432048,0.13298971038234142,0.12791673461288317,0.16747360785341764,0.17519039771762177,0.14800493264975936,0.14417305877984418,0.14666717443588762,0.12303442833139153,0.14366996581726327,0.12551534114474325,0.14607284543294224,0.13601517485530165,0.13737208774347762,0.15292451186351197,0.14349775141532517,0.16148775569596013,0.12894075708943847,0.1494924603657865,0.13394855074358245,0.12213985522868218,0.12325339308829777,0.13403181236926792,0.13024158812299635,0.1327680932370098,0.13098289028322624,0.14423775528491178,0.16613111104255254,0.1617380281112235,0.14808198999434344,0.170769663908714,0.1543362054173288,0.1557433381375429,0.14641988161921202,0.1294475500357382,0.14471246722136577,0.13941314557282977,0.13035196352651654,0.15313013891620028,0.12833031087717434,0.14854002658083557,0.1501523016749463,0.140121492403499,0.11684672399690514,0.1305166557473032,0.1390771363623686,0.1306950155758479,0.13607527789546967,0.15687440135123784,0.14220626693890684,0.12853295733035652,0.12313695408484808,0.13962765542158595,0.1363777614996107,0.1741788811028551,0.1585876971390258,0.14137717050991772,0.14586365922977038,0.1446953970656692,0.16686378425894802,0.14241412838390755,0.14768882116245766,0.1422946573708731,0.14338253021293212,0.14145587420978295,0.13669290780982193,0.17396011062164546,0.14022320962815815
54.0,2.592155904248881,2.2324101478467058,2.1811344067057674,2.1128459745628096,1.7266792910035964,1.8500271317040513,2.350342310635276,2.171543204627802,1.946110670385643,2.427126920859582,2.5308515952341932,2.6324576098471706,2.205194419888318,2.1180686479448094,2.2465644569233603,2.62774798570893,2.425410240534012,2.1913193588587085,2.096504118635465,2.3140442347909884,2.161508187682125,2.503947001593944,2.4755862939422846,2.5118091271394745,3.0507157204520143,2.636683373296646,2.321762577387447,2.590271573414147,2.2712444928522775,2.7780468974512464,2.5769343027228775,3.129541888613143,2.74857504662767,2.2444201255557434,2.292624785462861,2.2224686299592618,2.6093932832999123,2.85472491504063,2.535724587485574,2.545994569084262,2.4794011668683003,2.9144939203916933,2.4812676277175,2.5270732857511504,2.395226679728259,2.706373513915966,2.5416359122899115,2.48568748836108,2.6261558278048014,2.5135607230705994,2.6864998340152466,2.363955034590362,2.5641195035914297,2.009978801574797,1.6937826602290815,2.044534820736636,2.2502836826352386,2.0059289582197453,2.481123147050995,2.685506138332727,2.651103416887761,2.1268364921848533,2.246039139736208,2.0766540230473796,1.9861656998437653,2.2252476711803237,2.438222474830696,2.1793876983598923,2.1786153824833674,2.160746963113229,2.2577122638275955,2.470214771149551,2.4438924751252085,2.5334201742886986,2.564464074681436,2.8352026791028573,2.3391327592227205,2.6879977590851136,2.5450234861596663,3.157645641103394,2.466762554848267,2.3734004506719226,2.368983248693022,2.22204621856929,2.290896109028797,2.4432583931531022,2.571135891468569,2.6213416724320493,2.28897189668679,2.4714278210302036,2.8241452063189274,2.8121578601943256,2.6195717895130413,2.8215737698682735,2.525181465275145,2.5056254590074563,2.692657800914385,2.4743465058829317,2.6478436513710806,2.5724679745765093,0.18133459297727456,0.13134842771411503,0.14141655329431005,0.13054408590284597,0.14183461064948563,0.12541932100004086,0.14103544160264786,0.12976295255485326,0.13941085609243023,0.14685463334735088,0.15780936601489276,0.15165720925585394,0.14343044673269975,0.14653940478732028,0.1404180234660997,0.12018413419370216,0.15735301560260714,0.12585112113185343,0.15457335576544895,0.16700914598570937,0.1527804424400837,0.13234373710680775,0.14649270544025647,0.14969145318904387,0.1595651761726505,0.12318786386254,0.1441158623067556,0.1612542957042505,0.13232915940986623,0.16150311160536054,0.12760336678088888,0.15481506637963074,0.1469627831631784,0.13362230436755976,0.12838631751112517,0.16816754686781996,0.17591092868166833,0.14854746184054526,0.14469113904756647,0.14719568253493734,0.12357474211963128,0.14408311925665584,0.12601116398708206,0.1466529278525468,0.1366583022410774,0.13804681508581595,0.15352069516772926,0.14419174728174716,0.162040551019577,0.12949633306845632,0.15011460831314172,0.13439588053961515,0.12268451014065246,0.1238297085014824,0.13435629042862113,0.13067234804855363,0.13321252288398952,0.1314521981269734,0.1450685115276201,0.16687826591194693,0.16252592709327932,0.14870041394553696,0.17153486877040217,0.15518910571304712,0.15647135044033272,0.14728587729327322,0.12979925706495238,0.14542755371561192,0.14014412025974965,0.1311247322232721,0.15402115209123493,0.1288969498147267,0.1494333084991117,0.15068823352624486,0.14089359923084685,0.11750273567967341,0.13091467723149053,0.1396670663288267,0.13108234358748924,0.13664684060904808,0.15767204680191843,0.14283033097724507,0.12901135383322193,0.12351477175333699,0.14010742384367428,0.1370066425449171,0.1749923867226664,0.15922455280005307,0.1419855556434146,0.14632365846838372,0.14536960753230746,0.1676554621773217,0.14299035944293595,0.14836011740134067,0.14276640676179211,0.14397297584574814,0.14203584283732598,0.13720267366808817,0.17469765999752637,0.14098341579811896
55.0,2.5874477676460943,2.230553679823991,2.1784789077994104,2.111457608902725,1.7274272395430217,1.8479506774935073,2.347321287599711,2.1692709637999896,1.9442199259723225,2.4228523118752667,2.526750706441723,2.6291193469831304,2.2019124098754035,2.113570878000593,2.2404969365436562,2.62592148282215,2.420633807625461,2.1881903734875925,2.0933071335909963,2.310065169126587,2.157536150649673,2.49877545021022,2.4698257172366977,2.506761573791947,3.043834161596808,2.6332393031454586,2.3167724321945573,2.5846615712662047,2.2674806895752098,2.7699505854738153,2.5760704754123895,3.125844447521416,2.746351085191135,2.2414549100065853,2.288238539090249,2.2182892844082187,2.6067442877625098,2.8500916192977677,2.5321854266339727,2.5421112571493922,2.474727611473613,2.910660424566755,2.476743514317611,2.5254514161807595,2.3928466943060207,2.6993065091661803,2.535015838663876,2.4806187880280164,2.623019718733894,2.51027732332965,2.6828806184627454,2.3608544866054357,2.561553919625901,2.0098656468188483,1.6954556156131377,2.0421159403528013,2.248163742979546,2.004178331691101,2.4751393412178437,2.681820116916909,2.6471986392974753,2.1235407461542226,2.2405151310404756,2.0715204995770655,1.9816638957317663,2.2192361509981984,2.434310023912077,2.1753445755340866,2.175697700417284,2.1570247379719074,2.2532134299789104,2.465151348669514,2.4381037886025627,2.528734138226707,2.5594135575999872,2.8308490405440176,2.3353369809738758,2.681348343421613,2.5448078084147876,3.154699176925697,2.46139318875039,2.368695399706464,2.3674454460670105,2.2183753557982087,2.2869166843111963,2.43770633167182,2.5675466460364675,2.61638712362223,2.2846859180442087,2.466138257509122,2.820799811532819,2.805378375153163,2.615253901610796,2.817558778141754,2.519777355884882,2.5046333654377,2.6861646029055595,2.4691421388293966,2.6456941682869632,2.5698565746540156,0.18203760197140686,0.13179455562332265,0.1418230774509172,0.1310870912461896,0.1423568584811293,0.12586116574962852,0.14161681227135864,0.13037720086349971,0.1400040928860942,0.14747952154882635,0.15845831334996202,0.15237832621047065,0.14410033193932778,0.14726682567989904,0.14128233558861666,0.12080548363400473,0.15801750168640197,0.12652040731042177,0.15512623800286973,0.16772589873538962,0.15356758699299844,0.13294284857739685,0.14733029277981646,0.1503427862060858,0.16041195099871416,0.12362444680478875,0.14471685288434438,0.16224119569932668,0.13294861393524335,0.16228917411998517,0.12808059652213394,0.15571502466866388,0.14763501861898395,0.13428839132749987,0.12889376907034492,0.1688905598821349,0.17666241395994647,0.149096326974252,0.1452228745361603,0.14774582903883784,0.12414616371014428,0.1445350518459456,0.1265507164079524,0.147282081286204,0.1373487463254997,0.1387756410988579,0.15414417359509142,0.14494671635676795,0.16262171408727003,0.13008973795101048,0.15076558479227198,0.1348445452887131,0.123254889900444,0.12442109470427008,0.13467530949845455,0.13111043791164861,0.13367675686760103,0.13193506107256434,0.14593942714340216,0.16767269330666465,0.16333884670535725,0.1493233365427308,0.1723214467422913,0.15605824765079387,0.15721104626302781,0.1481704587490265,0.13017747305860533,0.1461632529064689,0.14091140698611582,0.131928001932827,0.1549412197211481,0.1295044760544742,0.15036015756499144,0.15124195852448696,0.14170145406962187,0.1181865947301386,0.1313548650245564,0.14029804758354475,0.13149883056168965,0.13726667511950918,0.1584973775922512,0.1434856470330138,0.1295429281164342,0.12394160888508336,0.14063056280373273,0.13767617760612558,0.17584214747530402,0.15990003521812385,0.14263289603545332,0.1468085247662275,0.14606513920527797,0.16846752051915617,0.14358402460899272,0.14907121080996488,0.14327707489148372,0.14459570233882427,0.14266319546778755,0.13775992059785686,0.1754714288582124,0.14179564453630825
56.0,2.5823957937879864,2.2284143192181394,2.175530867087224,2.109785434650642,1.7281167616872755,1.8456824793171596,2.3439816528685435,2.1666491018175202,1.942044506532604,2.4184068202696354,2.522442847416452,2.625596986160066,2.1984661217663946,2.108719589485486,2.234046642638527,2.6237878917174,2.4154856195011827,2.1846110487194785,2.089724107555305,2.305579589003327,2.153136607678605,2.4934716207729473,2.4639134829675764,2.50130644513037,3.036843718104038,2.629694684095701,2.3113867822278595,2.5788672447785266,2.2633825393791054,2.761508255502705,2.57498915309858,3.121924112557048,2.7439204556781585,2.2381303148674756,2.283544676853031,2.213693721892475,2.603860449681907,2.845227053576119,2.52842498957369,2.537944132020804,2.469641467630437,2.9067207303578013,2.4719308785950815,2.5236072987891074,2.3900253423867173,2.6918806651260114,2.528143176424,2.4753148542008536,2.6196226621661163,2.506530537847507,2.6789600918084937,2.3574123708904042,2.5586915715382306,2.009578836926823,1.6971550634007666,2.0394322933019877,2.245724985675146,2.0021595054675716,2.468953391136944,2.6779126831069755,2.643115957952329,2.120060614729998,2.2347462963447153,2.0660485488325624,1.9767196862330152,2.2128593559078493,2.4300326914500037,2.1709641389261187,2.1724265232249684,2.152864992334449,2.2482010915734247,2.4599521483447275,2.432161375956172,2.523730947904841,2.554019891948422,2.82642651231014,2.331251129334399,2.6744641802589566,2.544415408671663,3.15147576701463,2.455654793733984,2.363563482552304,2.365528102620262,2.214387957504646,2.2825147170520683,2.4318940608480744,2.5636114910487207,2.6112918299122096,2.2799335101514915,2.460451422561495,2.8172106097942944,2.798337743655315,2.610700629638555,2.813349993947049,2.5141362651368944,2.5034132685269475,2.679299033505126,2.4636628937738285,2.6433397086568924,2.5668687619773736,0.18277158204641897,0.13225490158563438,0.1422320055782465,0.1316345077274504,0.14287897779677186,0.12632562372559722,0.14222510690666046,0.13100503603510943,0.14060930126304005,0.1481159586162565,0.15912810261118412,0.1531170759625313,0.1447801661138826,0.14800500958302618,0.142164568043864,0.12146195095657727,0.15870054403565817,0.12721761256992073,0.15569930588813405,0.1684712350570977,0.15437124115970383,0.13356760444045457,0.14820162668399114,0.15101526415124147,0.16127138446440295,0.12409456973498678,0.14537099812242354,0.16325449379797802,0.133612712089762,0.16311034085494122,0.12859519624995866,0.1566540893330308,0.14832907064068662,0.1349875351634855,0.1294414545432815,0.16964029045284273,0.17744814079053103,0.14965323225591873,0.14576679888967636,0.14831781323798435,0.12474866833392256,0.14502613483572216,0.1271364123180879,0.14796137590067068,0.13808995027966572,0.1395596153311965,0.15479437727311426,0.14576003382124858,0.16323437213339467,0.13072140769075646,0.1514421785087366,0.13529211727188745,0.12384798659318165,0.125022254881398,0.13498798370666132,0.1315505446913891,0.13415858417465215,0.132428707130882,0.1468468629325469,0.16851384248933993,0.164175427706419,0.14995337425078717,0.17312872739390053,0.15694336251996757,0.1579618372669553,0.14907211549696703,0.1305807425041987,0.14691899758644958,0.14171158349862673,0.1327582387636709,0.15588903358060918,0.13015141166163519,0.15132083453248027,0.1518126002593456,0.14254147439104736,0.11889643070308893,0.13183723201485514,0.14097029047114037,0.1319521239267357,0.1379343486133434,0.15934882912831433,0.14416953844875585,0.1301293338969974,0.12441881796861502,0.14120140094537223,0.13838374636723633,0.17673081013216926,0.16061442326807682,0.14331722413926992,0.14731769561144406,0.14677896343666827,0.169299244199941,0.14419232405210083,0.14982279719905522,0.1438268044531024,0.14525264001898827,0.143338654488709,0.13836582055040195,0.1762781648396726,0.14265733041108003
57.0,2.5770143371254752,2.2260073676647427,2.172299534346764,2.1078423591696436,1.7287417785492392,1.8432324168281213,2.3403413405798883,2.1636946631118157,1.9396026021146349,2.413783381512214,2.5179208794357373,2.6218900262154774,2.1948458699741398,2.1035272591521137,2.2272444964836944,2.62135779419907,2.4099854385078934,2.1806055112079696,2.085773794645808,2.300620678583252,2.148335483301928,2.4880333539407324,2.457844139897704,2.49546886380919,3.0297535713760855,2.6260508176581645,2.305633730707239,2.5729078034900774,2.25897091097437,2.7527428839874304,2.5736987313982356,3.1177805731587016,2.741298358590118,2.2344616895718934,2.278563826721544,2.208705937602694,2.6007391879012123,2.8401377220423294,2.5244529100948014,2.5335074050233044,2.4641695700665363,2.902678124680218,2.4668528895473854,2.521560806230463,2.386799818921952,2.684122144632495,2.521032751089324,2.469778921063904,2.6159659613961206,2.502342691532058,2.674754838778371,2.3536438444067413,2.5555451443559476,2.0091242576689154,1.6988690077729551,2.036498120743747,2.2429813456425873,1.9998858106622381,2.4625625992269042,2.6737793627801603,2.6388624129010942,2.116392148891114,2.2287282834158932,2.0602538570003177,1.9713674505830021,2.206147746559117,2.425412932194172,2.166265413951827,2.168817475310746,2.148291411680138,2.2427100882512936,2.454616618227565,2.426062439958769,2.5184287920666746,2.5482987504620476,2.8219335886213317,2.3268966150998187,2.6673637893537356,2.5438638887332186,3.147978580309667,2.4495669358198526,2.3580280649469794,2.363264244531471,2.2101073880749373,2.277722439568253,2.4258350430828473,2.5593300495427918,2.6060726488971033,2.274742079504405,2.4543917251749376,2.8133900879711327,2.791048946357121,2.6059312698030017,2.808959106471785,2.508278796859094,2.5019894563444045,2.672087248214342,2.4579168589479337,2.640771494755572,2.563513384262745,0.1835348232213177,0.13272485627415395,0.14264178785922083,0.13218474940577069,0.14339856943230217,0.1268095203169808,0.14285908735746056,0.13164504309281105,0.1412230505984256,0.14876495311981613,0.15981902391648128,0.15387373533125967,0.14547052773070915,0.14875574019277418,0.1430643000669214,0.12215057501989039,0.15940320428084986,0.1279423143257914,0.15629393566962974,0.16924610186496727,0.15519237194363886,0.13421859628239277,0.14910854929158576,0.15171051965888951,0.16214436295930043,0.12459830289790501,0.14608317597533418,0.16429375639167018,0.13431888654582713,0.16396538635795627,0.12914884930683082,0.1576295516679955,0.1490437472671795,0.13571931624096653,0.13003186007327944,0.17041435163150387,0.17827143780916727,0.15021992475104057,0.1463214546439825,0.14891185209269625,0.12538224071812573,0.14555680059978934,0.1277707588528748,0.14869195155366643,0.13888545662692495,0.1403998535511648,0.15547075201426439,0.14662908156108834,0.1638816931771039,0.1313918036621698,0.15214111936876332,0.13573610232943065,0.12446073312179738,0.1256278120625684,0.13529335798529155,0.1319871889371804,0.13465575791354809,0.13293029618914895,0.14778708190038353,0.1694011372913979,0.1650342462003267,0.15059313133462418,0.1739559861485077,0.1578441153674034,0.15872308924574902,0.14998928617012067,0.131007576122253,0.14769417401943372,0.14254114962141418,0.1336118454354729,0.15686326427569994,0.13083624532946048,0.1523156203295368,0.15239926214533064,0.143409987692833,0.11963033716824113,0.1323618016091763,0.1416840176538477,0.13245015238773689,0.13864942510284134,0.16022478260500017,0.1448792712906392,0.13077231225046496,0.12494780300919743,0.14182440424124776,0.13912670281349013,0.1776610349222714,0.1613680447295407,0.14403652578612755,0.14785059304138998,0.14750801481555836,0.17014989447026244,0.14481239043037708,0.15061565131506405,0.14441577346019507,0.1459458279045308,0.14406301100748622,0.13902160419260579,0.17711452055765306,0.1435658795728787
58.0,2.571317752109469,2.2233481267994217,2.1687941593556066,2.105641289822758,1.7292962112417976,1.8406103696795106,2.336418284871847,2.160424692114287,1.9369124027665516,2.4089749310725113,2.513177663776979,2.6179979659868873,2.1910419689114424,2.098006363753102,2.2201214193549013,2.6186417720715913,2.4041530269922657,2.176197887606639,2.0814749489799484,2.295221622028372,2.1431587020526557,2.482458490372184,2.45161223678987,2.4892739524828102,3.022572902815282,2.6223090053436913,2.299541380852615,2.5668024569398966,2.254266673071404,2.7436774473774603,2.5722076059281553,3.1134135187650567,2.7384999944284107,2.2304643835533127,2.2733166166661123,2.2033499267295116,2.5973779212635395,2.8348301288630395,2.5202788219873793,2.528815287481702,2.45833875350968,2.8985358944494135,2.461532716172005,2.519331811159098,2.3832073188634033,2.676057110522712,2.513699388178878,2.464014222801519,2.6120509197185307,2.497736109291186,2.6702814440982863,2.3495640641159294,2.5521273231065655,2.0085077948153045,1.700585452910713,2.0333276638376456,2.2399467578024272,1.997370578388174,2.455964267906333,2.669415681813704,2.634445044192562,2.1125313996164783,2.222456740020976,2.054152110266819,1.965641568017243,2.19913178360186,2.4204732008942433,2.161267426027003,2.1648861810788884,2.1433276814882736,2.2367752596527146,2.4491442063703546,2.4198041833830253,2.5128458594557554,2.5422658058761725,2.817368763697688,2.3222948490656545,2.660065690462607,2.5431708504023893,3.144210785750229,2.4431491810288417,2.352112512628005,2.360686897979338,2.20555701189536,2.272572084176566,2.4195427407770715,2.5547019445561245,2.600746438172068,2.269139032598743,2.4479835743370764,2.8093507329310654,2.783524963914873,2.6009651183108686,2.8043978049035783,2.5022255548793457,2.5003862169592623,2.6645554025344707,2.4519121225834337,2.6379807488577423,2.559799289226312,0.184325531660329,0.13319964166488138,0.1430507192740684,0.13273606936342278,0.143913067923381,0.1273095226653864,0.14351747956059713,0.13229569857988735,0.14184177706134327,0.14942757019069533,0.16053139600092953,0.1546486038842779,0.14617200672972602,0.14952081079815582,0.14398112200465651,0.12286833468857976,0.16012658666686977,0.1286940802091512,0.15691155222835107,0.17005147154153738,0.1560319740509378,0.13489644396792735,0.15005294832878965,0.15243025076065847,0.1630317919901074,0.12513575667307453,0.14685839561939318,0.16535855994658036,0.135064543762016,0.164853100323282,0.1297433130039164,0.15863864653637458,0.14977782651474364,0.136483329331599,0.13066759544754794,0.17121031741776727,0.1791356702929966,0.15079819835746058,0.14688538996633502,0.14952817795584886,0.12604687005284956,0.1461275351785128,0.12845634975004078,0.1494750164732011,0.13973890264809125,0.14129753371207562,0.1561727569264183,0.14755124892662416,0.1645668762970305,0.13210140794743946,0.1528590653395339,0.13617392198381198,0.12508998993470236,0.1262322897304099,0.13559039574374707,0.13241470008621323,0.13516598649610614,0.13343690964084925,0.148756235487464,0.1703339645449537,0.16591380180852952,0.1512452004033146,0.17480243757424793,0.15876009963748533,0.15949411783803902,0.15092035217731486,0.13145644210362015,0.14848811677486226,0.14339651585938692,0.1344851498302811,0.15786255684539807,0.13155742586992408,0.15334480799258238,0.15300101824731258,0.14430322111356092,0.12038636785075899,0.1329286034248493,0.14243946056021808,0.13300113975071332,0.13941145580941094,0.16112355182930416,0.1456120433880608,0.131473695448082,0.12553001934150831,0.14250417902588405,0.13990237403392566,0.17863548612558042,0.16216127396081767,0.14478872895951672,0.14840661343937123,0.14824917905113455,0.17101870397228428,0.14544127546687846,0.1514506350865982,0.1450441964342381,0.14667742612833945,0.14483712662911258,0.13972856177513587,0.17797703531441117,0.14451866271191915
59.0,2.565320393190897,2.220451898257747,2.16502399189132,2.1031951339730623,1.7297739808778227,1.837826217524451,2.3322304198825345,2.1568562332563714,1.9339920985365104,2.4039744044200595,2.508206061717559,2.613920304311764,2.1870447329911475,2.0921693800410956,2.2127083325278942,2.615650407139362,2.3980081473010073,2.171412304569095,2.076846324675161,2.2894156035007223,2.1376321884638245,2.4767448707259034,2.4452123224068782,2.482746833805693,3.015310893824031,2.618470548663121,2.2931378358838836,2.5605704146669805,2.2492906943806084,2.7343349221222795,2.570524172305125,3.1088226388147255,2.735540563694404,2.226153746245201,2.267823674657045,2.1976496844635434,2.593774068611999,2.8293107782048774,2.5159123590415216,2.523881990720814,2.4521758526876454,2.8942973265808014,2.45599352746641,2.516940186229304,2.379285037162693,2.667711725633737,2.5061579132117098,2.4580239935980415,2.60787884042802,2.4927331160327686,2.665556492494147,2.345188186979461,2.548450792817602,2.0077353341361874,1.702292402995042,2.029935163743275,2.2366351570752325,1.9946271397584678,2.4491556995938533,2.664817166084856,2.6298708918755174,2.108474417885038,2.2159273139269033,2.047758994818541,1.959576417771221,2.191841927685897,2.415235952299915,2.1559892005674826,2.1606482649337337,2.137997487238143,2.230431445417845,2.4435343608254594,2.4133838090016346,2.507000338815641,2.5359367309261094,2.8127305317593123,2.3174672420274423,2.6525884033421816,2.5423538954821177,3.1401755522757773,2.4364210953817538,2.345840191332938,2.357829089142575,2.2007601933522003,2.2670958831938286,2.413030616331709,2.5497267991261525,2.5953300553321954,2.263151775930296,2.441251379035541,2.805105031541849,2.7757787769848963,2.5958214713688785,2.7996777784300493,2.495997143025532,2.4986278384407585,2.656729651966767,2.44565677291204,2.634958693238116,2.555735324584228,0.18514181728854087,0.133674291536806,0.14345691951479686,0.13328654977896315,0.14441972230424227,0.12782212078304073,0.144198963599957,0.13295535697682884,0.14246176676954184,0.15010493332748331,0.16126556590247806,0.1554420033715444,0.14688520780751455,0.15030202718493235,0.1449146377755734,0.12361213837579184,0.16087184342830205,0.12947246354914024,0.1575536350280565,0.17088834139825,0.15689107324388007,0.13560179364129696,0.15103675261526736,0.1531762240086478,0.16393459654063364,0.1257070807158064,0.1477017915643021,0.1664484881093278,0.13584706843797384,0.165772285113463,0.13038042191131616,0.15967854596512815,0.15053004887810098,0.13727918071220022,0.13135139432976206,0.17202571422377572,0.1800442347871331,0.15138989724534502,0.14745715503086967,0.15016703642889348,0.12674254475692026,0.14673887077520426,0.12919585656990745,0.1503118451531549,0.14065401383417808,0.1422538911394274,0.15689986194269503,0.14852393282083134,0.16529314215004315,0.13285071865101514,0.15359259044863707,0.1366028959687554,0.12573253272160329,0.12683009236870915,0.13587796689007525,0.13282719070876994,0.13568692541841537,0.13394553981463525,0.14975035053998062,0.17131166308221224,0.1668125067336885,0.15191216301264154,0.17566722889723402,0.15969083184000268,0.16027418481399916,0.15186363146576756,0.13192575931950334,0.1493001037847116,0.14427399214114017,0.1353743940929777,0.1588855265660656,0.13231335582377912,0.1544086939576381,0.15361690530714722,0.1452172914804976,0.1211625330123147,0.13353767021787905,0.14323685572498276,0.13361360989015067,0.14021997007701612,0.16204337043722644,0.14636497371555218,0.13223540925976568,0.12616697277605174,0.143245471946445,0.14070805844360318,0.1796568233614686,0.16299452875608392,0.14557169316394933,0.1489851187824483,0.14899928041230176,0.17190487250504785,0.14607593730342766,0.15232870404228063,0.14571232433343434,0.14744972595874076,0.14566193363877988,0.14048804286990696,0.17886211757907897,0.14551300874163237
60.0,2.559036614820673,2.2173339836753563,2.160998281731469,2.1005167989836013,1.7301690085702,1.8348898400160665,2.3277956797500865,2.153006330969479,1.9308598794726473,2.3987747370243593,2.5029989345348707,2.6096565400276295,2.182844476626083,2.08602878476872,2.205036157278396,2.6123942812067864,2.3915705617807976,2.1662728887489346,2.0719066758488984,2.2832358071623187,2.1317818670683955,2.4708903356604885,2.438638945511521,2.475912630432259,3.007976725804659,2.6145367491272635,2.2864511990209726,2.554230886210335,2.244063843612379,2.724738284671387,2.5686568261459586,3.104007622746402,2.7324352668895013,2.2215451270810487,2.2621056286646564,2.191629205995444,2.5899250487896954,2.8235861742344905,2.5113631550472975,2.518721726065443,2.445707702328203,2.889965707989775,2.450258492428066,2.51440580409534,2.3750701687714617,2.659112152802649,2.4984231517068487,2.451811467637815,2.6034510268192195,2.4873560366646763,2.6605965686918687,2.3405313699587853,2.544528238516581,2.0068127614017564,1.7039778622069321,2.0263348616201604,2.2330604783815406,1.991668825886188,2.4421341967080608,2.6599793414708546,2.625146995998754,2.1042172546757008,2.209135652900655,2.0410901968419473,1.9532063790804375,2.1843086394610904,2.4097236411608653,2.1504497629890706,2.1561193512795636,2.13232451440901,2.223713485186885,2.437786529645252,2.406798519587303,2.5009104188899083,2.5293271983471644,2.808017387026307,2.3124352047806975,2.6449504477491006,2.541430625775339,3.1358760488257484,2.429402244899427,2.339234466799292,2.3547238441998597,2.1957402968317696,2.261326068936859,2.4063121321477348,2.5444042362903345,2.5898403579726423,2.256807715994851,2.434219548257933,2.800665470671249,2.7678233662234972,2.5905196251837284,2.7948107162388545,2.4896141651255634,2.4967386088580916,2.6486361520125015,2.43915889816547,2.6316965501714162,2.5513303380526673,0.1859816826220126,0.13414363269098334,0.14385831506019464,0.13383409484395428,0.14491557859881846,0.12834361031702057,0.14490216464398684,0.13362223877466742,0.1430791400340069,0.15079822519584388,0.16202190821352735,0.15625427655371354,0.1476107529915613,0.15110120945533165,0.14586446717207058,0.12437881382190251,0.1616401794400963,0.13027699855202687,0.15822172348358957,0.1717577328429991,0.15777072886789364,0.1363353151507694,0.15206192595771892,0.15395027647308332,0.16485372087138547,0.12631246285255446,0.14861861497478357,0.16756312835354725,0.13666382794324508,0.16672175236995196,0.13106209134272526,0.1607463531268007,0.1512991100873711,0.1381064843551255,0.1320861117485165,0.17285801231046224,0.181000553065144,0.15199691872521692,0.14803529802462173,0.15082868440333216,0.1274692470759962,0.14739137801613852,0.1299920175235464,0.15120377536224902,0.14163459522163424,0.14327021283083155,0.15765154523307545,0.14954453700872608,0.16606372382056422,0.13364024518088433,0.15433817402183414,0.1370202252188362,0.1263850411302145,0.12741548603900818,0.13615483625202335,0.13321852957658595,0.1362161697508034,0.1344530792382782,0.15076531707528776,0.17233351335836677,0.16772867575805886,0.1525965904172394,0.17654943367256531,0.1606357462168927,0.16106249502395564,0.1528173724012497,0.1324138927723479,0.15012935164404534,0.14516977665557027,0.1362757242741958,0.159930754942938,0.1331023851954581,0.15550756860488313,0.15424591612856864,0.1461481957927956,0.12195679607808395,0.1341890361365429,0.14407644101444733,0.13429638219128956,0.14107446690787792,0.16298237946878524,0.14713509214134335,0.13305947356741774,0.12686021800923594,0.14405316665690154,0.14154102341687885,0.18072769362571967,0.16386826629391452,0.1463831993905645,0.14958542948858553,0.14975506871724167,0.17280756356349544,0.14671322873921935,0.15325091178692124,0.14642044312023886,0.14826515719191483,0.1465384334505822,0.14130145490955254,0.17976602826780066,0.1465461992301107
61.0,2.5524807714497215,2.214009684687805,2.1567262786536294,2.0976191922174343,1.7304752154318017,1.8318111168074702,2.3231319986125984,2.1488920296850065,1.9275339356231136,2.3933688643549864,2.4975491435062764,2.605206171972001,2.178431514229086,2.0795970546886062,2.1971358148821505,2.608883976078278,2.3848600327783456,2.1608037667997357,2.066674756618571,2.2767154171751796,2.125633662399433,2.464892725834556,2.4318866548665916,2.4687964650169203,3.000579580159571,2.6105089082469677,2.2795095734837685,2.5478030811089565,2.238606989477119,2.714910511474253,2.5666139630674434,3.0989681599987366,2.729199304515072,2.216653875494304,2.2561831066592632,2.185312486515829,2.585828280639752,2.817662821118505,2.5066408437947936,2.5133487048404106,2.4389611371591347,2.885544325591736,2.4443507800544224,2.5117485374114663,2.3705999086413536,2.650284554866502,2.4905099291833404,2.44537987910514,2.5987687821867738,2.4816271960947858,2.6554182574173617,2.3356087700153982,2.5403723452310043,2.0057459623821834,1.705629834727395,2.022540998627909,2.229236656641929,1.988508967884417,2.4348970616675754,2.6548977338489284,2.6202803966110544,2.0997559609674212,2.202077404709183,2.0341614025234946,1.9465658311803946,2.1765623795772693,2.4039587222267755,2.1446681387075808,2.151315064520692,2.1263324484801824,2.2166562186000043,2.431900160882035,2.4000455179127163,2.4945942884221024,2.522452880874641,2.8032278237187724,2.3072201481209587,2.6371703434399927,2.5404186430849847,3.1313154443396116,2.4221121956026854,2.3323187047646226,2.351404189329934,2.190520686720359,2.255294873722462,2.3994007506260853,2.5387338790861165,2.584294203688515,2.2501342592881945,2.4269124909918998,2.7960445371869898,2.7596717122869987,2.5850788759621617,2.789808307517576,2.4830972250073033,2.49474281628047,2.6403010581729163,2.4324265865754184,2.6281855419323628,2.5465931773478165,0.18684301294293,0.13460226693516358,0.1442526236427597,0.13437642675359665,0.14539746418656888,0.12887007712560472,0.1456256448542993,0.13429442033605307,0.1436898368144422,0.15150868743820944,0.1628008239035155,0.1570857853985512,0.1483492834607227,0.15192019269445314,0.14683024792568491,0.1251650981569523,0.16243285606718852,0.1311071951590219,0.15891742167660453,0.17266069020531272,0.1586720355071219,0.13709769878851713,0.15313045925198282,0.15475431652842278,0.16579012769817106,0.1269521275822768,0.1496142219704606,0.16870206803695686,0.13751217660742304,0.16770031858139794,0.13179032088616816,0.16183909672435673,0.15208365415521594,0.13896485713729909,0.1328747185712276,0.17370461715843855,0.1820080653350055,0.15262121551418603,0.14861836079376425,0.15151338834569436,0.12822694754731115,0.14808565772007734,0.13084762362554708,0.1521522041002933,0.14268452038384677,0.14434783069899154,0.15842729042279755,0.15061047048569395,0.1668818581006245,0.1344705034023258,0.15509219132784272,0.13742297546534116,0.12704408863098537,0.12798257916616956,0.13641965255408559,0.13358231351592267,0.13675124751722303,0.1349563098594904,0.15179687693793306,0.17339872775082957,0.16866051723003675,0.1533010445703748,0.1774480455426164,0.16159418938317494,0.16185819411368588,0.15377974776299105,0.13291915163441273,0.1509750111903075,0.14607994475099148,0.13718518055101908,0.16099678587697536,0.13392280529465592,0.15664170593898197,0.1548869945389276,0.1470918021690851,0.12276707050390342,0.13488273636914005,0.14495845170490115,0.1350585567758211,0.14197440726940405,0.16393861528691595,0.14791932960855453,0.1339480010508441,0.12761135615760996,0.14493227703904096,0.14239850230845197,0.18185072410294287,0.1647829780469582,0.14722094068770594,0.15020681905264527,0.15051320594110834,0.17372590177849837,0.1473498865459682,0.15421841236009182,0.14716887080640084,0.14912629261539428,0.1474676931311541,0.1421702604179193,0.1806848648835154,0.14761546359355568
62.0,2.545667217528962,2.2104943029307487,2.1522172324353512,2.094515221037635,1.7306865225755201,1.8285999275517744,2.3182573106081956,2.144530373834375,1.9240324570360472,2.3877497218814105,2.4918495499091877,2.60056869898237,2.1737961602129907,2.0728866665534054,2.1890382266149,2.605130073558236,2.377896322640348,2.155029065375104,2.0611693211016386,2.269887617701324,2.1192134989899123,2.4587498819067033,2.424949999234888,2.4614234602141547,2.993128638291103,2.6063883275330424,2.272341062492175,2.5413062089018728,2.232941000685224,2.7048745789803745,2.5644039786863804,3.0937039400103967,2.7258478770725096,2.2114953409184652,2.250076736611197,2.178723521215345,2.581481183005257,2.811547223023578,2.501755059074063,2.5077771383705127,2.4319629919082133,2.8810364663020662,2.438293559342981,2.508988258831975,2.3659114517240125,2.6412550946623856,2.4824330711602256,2.4387324621844018,2.5938334098253257,2.4755689192309913,2.65003814339652,2.3304355441107867,2.5359957979884,2.004540822847681,1.7072363247374276,2.018567815926054,2.225177626776941,1.9851608968662409,2.4274415968910175,2.649567869096335,2.6152781337611937,2.095086587739084,2.1947482171194608,2.026988298049665,1.939689153306594,2.1686336086842832,2.397963650247312,2.138663353138821,2.1462510290614327,2.120044974930947,2.2092944852973884,2.4258747025881924,2.3931220067505508,2.48807013615579,2.515329451243853,2.7983603360568017,2.301843482843732,2.62926661017148,2.53933554921399,3.1264969077567932,2.4145705135123703,2.325116270966454,2.3479031507114625,2.1851247274042604,2.249034529867472,2.3923099341677445,2.532715350550937,2.5787084500749455,2.243158812306109,2.419354616225042,2.7912547179568463,2.7513367958317234,2.57951851991088,2.7846822414538726,2.476466926498642,2.4926647487770994,2.6317505259492653,2.4254679263735976,2.6244168907956666,2.541532690185822,0.1877235679922473,0.13504455395098142,0.14463734142772805,0.13491108509205538,0.14586197432130474,0.1293973839039455,0.146367896379536,0.13496982573691416,0.14428960357833456,0.15223761952457404,0.16360273871381967,0.157936908602618,0.14910146054484652,0.15276082637982907,0.1478116374194893,0.12596762833100975,0.16325119411393363,0.13196253357131932,0.15964240231926252,0.17359827914616438,0.159596123706031,0.13788965120007568,0.15424436056938415,0.15559032333537653,0.16674479669428108,0.12762633397872958,0.15069405861185733,0.1698648897021443,0.13838945973074052,0.1687067994440263,0.1325671977576612,0.16295372584418047,0.15288226677513164,0.13985391298865416,0.1337202926377126,0.1745628607437227,0.18307022255428024,0.15326479738246793,0.14920487415870343,0.15222142288736573,0.12901559936427445,0.14882233184868504,0.13176550183171892,0.1531585822614208,0.14380771777729964,0.14548811351450586,0.1592265834974602,0.1517191446782585,0.16775077731230234,0.13534201053655853,0.15585090588959047,0.13780806169770127,0.12770613375173315,0.12852530383690738,0.13667093822934992,0.13391183808757545,0.13728961423376151,0.1354518924504541,0.15284061349287054,0.17450644158245576,0.16960612510091344,0.15402807946950245,0.17836197200375126,0.16256541492164084,0.16266036712728008,0.15474884883613363,0.1334397903115326,0.15183616341213857,0.14700043789084416,0.13809868811906478,0.1620821220027368,0.13477284263768502,0.1578113522684307,0.15553903221114695,0.14804384132535292,0.12359121686472631,0.13561880823361686,0.1458831163492872,0.13590948883115306,0.14291920738632308,0.16490999785209007,0.14871450886852428,0.13490319361505837,0.12842203119667503,0.14588793668849806,0.14327769082153455,0.1830285157406305,0.16573918347842626,0.14808251335787595,0.1508485107065896,0.15127025260153487,0.17465897145441248,0.14798252214704063,0.15523246022579149,0.14795795275219525,0.15003584916061116,0.1484508397454163,0.14309597276661642,0.18161454662012702,0.14871797506232237
63.0,2.538610307509312,2.2068031400397414,2.147480392854251,2.091217792807239,1.73079685111422,1.82526615190211,2.3131895498750024,2.1399384078490384,1.9203736337595954,2.3819102450731857,2.485893015020975,2.5957436198962145,2.1689287289906134,2.0659100971157165,2.180774313752377,2.6011431554510684,2.370699193713478,2.1489729111286393,2.0554091234155316,2.262785592902778,2.1125473013728433,2.452459644535538,2.4178235273792112,2.4538187386783643,2.9856330816016405,2.60217630849633,2.2649737692661094,2.5347594791280543,2.2270867459470995,2.6946534636392325,2.562035268619569,3.088214652220029,2.72239618506318,2.2060848727870024,2.243807146490768,2.171886305284608,2.5768811747293467,2.8052458841163443,2.4967154346752163,2.5020212379805455,2.4247401013032164,2.8764454170361944,2.4321099992911943,2.5061448410111224,2.3610419929710815,2.6320499350273576,2.4742074031565418,2.4318724510599083,2.5886462130295342,2.4692035309811575,2.644472811355256,2.3250268492064214,2.5314112818162986,2.0032032285684136,1.7087853364180252,2.0144295546741864,2.2208973237071614,1.9816379439447287,2.4197651047969844,2.6439852730903093,2.6101472474979728,2.090205185969644,2.187143737898435,2.019586569606938,1.932610724694523,2.1605527874319614,2.3917608799721704,2.1324544316986365,2.1409428693060706,2.1134857792405755,2.2016631249192087,2.4197096028160656,2.386025188873517,2.481356150834518,2.507972582190136,2.7934134182604953,2.2963266197445606,2.62125776770019,2.5381989459652985,3.1214236080167423,2.4067967646492856,2.3176505311423243,2.344253754523179,2.179575783269785,2.2425772696887227,2.385053145173657,2.526348273722246,2.5730999547270543,2.2359087815443854,2.411570332944984,2.7863084998485568,2.742831597513962,2.573857853236608,2.7794442072353642,2.4697438734274573,2.490528694417197,2.623010710842849,2.41829100579174,2.6203818190360684,2.536157724282863,0.18862097540291312,0.13546459525312496,0.14500973333060163,0.1354354300420895,0.1463054611957409,0.12992115918727276,0.1471273355723265,0.1356462208533904,0.14487398184352007,0.15298637668911916,0.16442810112017675,0.15880803837484692,0.14986796579906117,0.15362497238880451,0.14880831389015148,0.12678293204136923,0.16409657574979772,0.1328424584400825,0.16039840983277862,0.17457158455483687,0.16054415967368174,0.13871189027298725,0.15540564295162385,0.15646034492114927,0.16771872226619358,0.12833537272554926,0.15186364220932327,0.1710511654128755,0.13929301715006384,0.16974000281144674,0.13339489966650508,0.16408710539838547,0.15369346916326085,0.14077325589490639,0.13462600616460643,0.1754299927017655,0.18419047766282498,0.15392973217624545,0.14979335294955096,0.1529530697806774,0.12983513267048055,0.1496020332257619,0.13274849475892841,0.15422440767918744,0.14500815405234113,0.14669245721896904,0.1600489092217804,0.15286796917675435,0.16867370179354063,0.1362552796441096,0.15661046383496008,0.13817223388792504,0.12836751302084715,0.1290373980730676,0.136907080487789,0.1342000672322011,0.13782864898560956,0.13593635654874442,0.15389194256518024,0.17565570490886298,0.1705634720813276,0.15478024293853096,0.17929002809284336,0.1635485779154764,0.16346803813455812,0.15572267956696703,0.13397401307292506,0.15271181575550366,0.14792705269653858,0.1390120489251223,0.16318522120345205,0.13565065282782762,0.15901671372338347,0.15620086769738814,0.14899989869624886,0.12442704013053245,0.13639729373594905,0.14685065232973754,0.13685875141272316,0.1439082333048634,0.16589431939590257,0.14951733595201616,0.13592733612384642,0.1292939249945434,0.1469253843562112,0.14417574266218713,0.1842636375170648,0.16673742230080435,0.14896540882364356,0.15150967638979124,0.15202265419067337,0.17560581647678355,0.14860761405633688,0.15629440755328872,0.14878805493105332,0.15099668527450236,0.1494890522006608,0.1440801502285285,0.18255080059269713,0.14985084743211421
64.0,2.531324395841699,2.202951497650413,2.142525009687843,2.0877398148893103,1.730800122160792,1.8218196695115907,2.307946650551111,2.135133176160373,1.9165756558419063,2.3758433693998215,2.479672400119018,2.590730433551085,2.163819534974805,2.058679823128203,2.1723749975703357,2.596933803561194,2.3632884083444474,2.142659430713921,2.0494129176776683,2.2554425269415823,2.105660994081263,2.446019854379675,2.4105017880623585,2.446007423063976,2.97810209149354,2.5978741526476394,2.2574357970254657,2.5281821013265486,2.2210650939731376,2.6842701419003205,2.5595162284837896,3.082499986066298,2.7188594289884875,2.200437820533379,2.237394964268301,2.164824833914278,2.5720256746551056,2.7987653085634228,2.4915316043883253,2.4960952149953504,2.4173193000719233,2.871774464709516,2.4258232688965364,2.5032381566031887,2.3560287273341918,2.6226952387985114,2.46584775069133,2.42480307991601,2.5832084950940306,2.4625533562531703,2.638738846019475,2.3193978422637684,2.52663148174219,2.0017390653145783,1.7102648739501984,2.0101404560318548,2.2164096823531034,1.9779534402329715,2.4118648878040947,2.6381454717080945,2.604894777870158,2.0851078066380224,2.1792596148130854,2.0119719033817653,1.9253649245796942,2.152350376470163,2.3853728661510374,2.126060399802812,2.13540620965892,2.1066785468883746,2.1937969771056496,2.4134043096180307,2.3787522670543,2.474470521201855,2.5003979464487447,2.78838556454995,2.290690969618963,2.6131623357827585,2.5370264351418275,3.116098714058917,2.398810515034264,2.309944851029775,2.3404890269437564,2.1738972187032117,2.235955325503007,2.377643846044786,2.5196322716374913,2.56748557523997,2.228411573498803,2.403584050139374,2.7812183697298782,2.7341690979900446,2.5681161721460346,2.774105894049665,2.462948669621653,2.4883589412699663,2.614107768354882,2.410903913061525,2.616071548928284,2.5304771273551094,0.18953272615701516,0.13585621956681318,0.14536682702599013,0.13594664997829847,0.14672402608058494,0.13043678917284782,0.14790229859296228,0.13632121004195544,0.14543829878871709,0.1537563670098232,0.16527737984898339,0.15969957639377133,0.1506495000031609,0.1545145014092572,0.14981997691529983,0.1276074193381156,0.164970445261285,0.13374637273092524,0.16118726236874856,0.17558170781005883,0.161517343863077,0.1395651387631963,0.15661630958182965,0.15736649475622358,0.16871291055846463,0.12907956194722234,0.1531285385115082,0.17226044987180356,0.14022018617547952,0.1707987199915753,0.1342756967803585,0.16523601234433294,0.15451571247220072,0.1417224716643639,0.13559510896278046,0.1763031713824573,0.18537227547956384,0.15461814622885076,0.15038229084027707,0.15370861727881294,0.1306854488060468,0.15042539352226453,0.13379943651663234,0.15535121613404218,0.14628981383942447,0.1479622731810817,0.16089374683814914,0.1540543456156161,0.1696538331755414,0.13721081350195238,0.1573668907977355,0.13851206454036188,0.12902443609772593,0.12951238973749787,0.13712632422761817,0.1344396021322276,0.1383656525523316,0.13640609143509685,0.1549461049101169,0.17684547509934664,0.1715304039927993,0.15556007892283394,0.18023092989410322,0.1645427294081679,0.1642801710359932,0.15669915072566118,0.13451998290375905,0.15360089891346454,0.14885543015614147,0.13992093450333185,0.16430449332339242,0.1365543142951445,0.16025794242324784,0.15687128809694978,0.14995540737084503,0.12527228707913138,0.13721824360388007,0.14786126095081017,0.13791608617859302,0.14494079709563637,0.16688923357419208,0.15032439264359113,0.13702278689207462,0.13022875053209418,0.14804994498689636,0.14508976439562102,0.18555862126873043,0.16777824501619198,0.14986700623462737,0.15218943837025717,0.15276672804976177,0.17656544194517795,0.14922150259433065,0.15740569834758159,0.14965955480268883,0.15201179394754522,0.1505835501857757,0.1451243880257259,0.18348914942491876,0.15101113262062102
65.0,2.5238238369770283,2.198954677398341,2.1373603327137425,2.0840941946468976,1.730690256828113,1.818270360033336,2.302546546774656,2.1301317231998103,1.9126567133311194,2.3695420303308405,2.4731805664807167,2.585528638784445,2.15845889257839,2.051208321343488,2.163871199344481,2.592512599693006,2.355683728879941,2.136112750784555,2.0431994580055264,2.247891603979737,2.098580501648167,2.439428352097698,2.4029793300471187,2.4380146360254424,2.9705448493691833,2.593483161497819,2.2497552489901538,2.52159328503633,2.214896913473739,2.67374759021311,2.5568552538958564,3.0765596309878767,2.715252809349813,2.1945695335910713,2.2308608179141176,2.157563102294966,2.5669121016256584,2.7921120005314775,2.486213202003448,2.4900132807397166,2.4097274229420864,2.8670268962374172,2.419456537156464,2.5002880782624506,2.350908849764992,2.613217168812894,2.457368939283623,2.417527582937039,2.5775215593134626,2.455640719954898,2.6328528321150944,2.3135636802443225,2.52166908279361,2.0001542188563612,1.711662941514937,2.0057147611586252,2.2117286376353698,1.9741207168440376,2.4037382483309555,2.63204399082692,2.5995277649265502,2.0797905007231283,2.171091495630348,2.0041599855606176,1.9179861321975904,2.1440568364487236,2.3788220635335757,2.1195002828671616,2.1296566745242993,2.099646963353629,2.185730881496897,2.4069582710464044,2.371300444065601,2.4674314360013607,2.4926212167550283,2.7832752691452884,2.2849579432624716,2.6049988341758143,2.5358356185465465,3.1105253948227634,2.390631330688134,2.302022596366327,2.3366419941519263,2.1681123980908437,2.229200929627169,2.3700954991820793,2.5125669673341244,2.561882169208823,2.220694594665166,2.395420176795816,2.7759968144685603,2.725362277916304,2.5623127728459316,2.768678991084412,2.4561019189091042,2.48617977740462,2.6050678539866543,2.4033147364146843,2.611477302747011,2.5244997471187367,0.1904561724204676,0.13621297009395392,0.14570541134992515,0.13644177415591172,0.14711351522772823,0.13093941293880326,0.1486910385909073,0.13699223585564294,0.14597766043976343,0.1545490476986239,0.16615106092175425,0.1606119288210789,0.15144678088378122,0.15543128750340365,0.15084634693023213,0.12843737515011255,0.16587430845130108,0.13467363128690082,0.1620108525570085,0.17662976325739116,0.16251690829056345,0.1404501163612436,0.15787833593901765,0.15831094672301882,0.16972837564958693,0.12985924142596786,0.15449433424415315,0.17349227201612988,0.14116830369783814,0.1718817151067609,0.13521195226754493,0.16639713294620964,0.15534737294576703,0.14270111836398708,0.13663090693819516,0.1771794548243942,0.1866190409437128,0.15533222418978063,0.1509701550904326,0.1544883599885034,0.13156641451921058,0.15129302890872476,0.1349211241111673,0.15654056980206987,0.1476566754160791,0.14929897386181465,0.16176056474323688,0.15527565922454448,0.17069434858490073,0.1382090976559055,0.15811609204180405,0.1388239388223999,0.12967298373289665,0.12994358296833508,0.1373267675645532,0.13462264967212645,0.13889784824233975,0.13685733881859785,0.15599816058380422,0.17807461022646778,0.17250463539345165,0.15637013035010788,0.1811832877553191,0.16554681078621142,0.16509567171380846,0.15767607399818598,0.13507583536424872,0.15450226420601604,0.14978104513796808,0.1408208802905941,0.16543829711527103,0.13748182173315399,0.16153512107347948,0.1575490338538058,0.15090564208246682,0.12612464377719004,0.1380817227831785,0.14891512188108133,0.139091341646547,0.14601615514687866,0.16789224522403637,0.15113213031757508,0.13819196427168615,0.1312282427968142,0.1492670059486152,0.14601680939437725,0.18691595686510137,0.16886220139692942,0.15078456592588804,0.1528868739159292,0.15349865122793033,0.17753681797333293,0.14982038753380345,0.1585678588744284,0.15057282936855998,0.15308429074129434,0.15173557971633184,0.14623030798805475,0.18442490050780855,0.1521958190636752
66.0,2.516122985366248,2.194827980919155,2.1319956117094803,2.0802938394430774,1.73046117622906,1.8146281031204663,2.2970071726837404,2.124951093398756,1.9086349962753872,2.362999163335766,2.4664103753834303,2.580137734433828,2.1528371162141973,2.0435080685141993,2.155293840350576,2.587890125650916,2.3479049176666473,2.1293569979941345,2.036787498516517,2.240166008179268,2.091331748606563,2.4326829783482284,2.395250702096279,2.4298655002171863,2.9629705366309183,2.589004636557706,2.241960228380097,2.5150122397964165,2.208603073159313,2.6631087850270903,2.55406074047257,3.0703932764234,2.7115915266485238,2.188495361393568,2.224225335398513,2.1501251056173256,2.561537874484124,2.785292464187127,2.4807698613106974,2.4837896465384657,2.4019913046415025,2.86220599853531,2.4130329730684634,2.497314478643177,2.3457195552151386,2.603641887907584,2.448785794452472,2.4100491943073235,2.57158670898249,2.4484879469942418,2.626831354368,2.307539520109563,2.516536769998075,1.9984545749639604,1.712967543293254,2.001166711214076,2.206868124474488,1.9701531048910108,2.3953824887961708,2.6256763563240493,2.594053248715946,2.0742493192039153,2.162635028117217,1.9961665023299742,1.9105087267837249,2.1357026280174796,2.3721309268694744,2.1127931063075307,2.123709888306499,2.092414714115608,2.1774996777331124,2.4003709351535583,2.363666922680104,2.4602570839765927,2.4846580658442847,2.778081026266574,2.279148951470592,2.5967857826359806,2.5346440979823748,3.104706819247715,2.3822787776317105,2.2939071328895206,2.3327456823263764,2.1622446858189748,2.2223463143780116,2.3624215669864905,2.505151983849583,2.556306594228741,2.212785251539251,2.387103121901938,2.7706563209323587,2.7164241179490145,2.5564669515429683,2.7631751875272146,2.4492242251177,2.4840154908903633,2.5959171232394076,2.3955315640829142,2.606590302767003,2.5182344312899057,0.19138852818916016,0.13652809431206364,0.1460220399719999,0.13691769138363827,0.14746952041520617,0.13142392179993748,0.14949172468368602,0.13765658234571887,0.14648694808218965,0.15536592067702082,0.16704964418628326,0.1615455002213775,0.15226053929718963,0.15637720051356205,0.15188716346274997,0.1292689530415135,0.16680973047619302,0.13562353413115855,0.16287114671491235,0.1777168737303684,0.16354411243007502,0.1413675298401386,0.15919364848170955,0.159295928369597,0.17076613490710368,0.1306747647195708,0.15596660438378007,0.17474612473694393,0.14213470725873528,0.17298771219096726,0.13620612077740915,0.16756706142994277,0.15618674802789417,0.14370871532658866,0.13773673527717087,0.17805579170899102,0.18793416531306542,0.15607420831938423,0.15155538133737131,0.15529259923016897,0.13247785614238353,0.15220552268161708,0.13611628382018812,0.15779404251896392,0.14911268155407292,0.15070395524330785,0.1626488137675224,0.15652926747484938,0.17179839590595494,0.13925059240719614,0.15885385666799196,0.13910404825383849,0.13030910938715365,0.13032404832078456,0.13750636096503643,0.13474099102697049,0.139422386267515,0.13728618809149215,0.15704298568299113,0.17934186325995052,0.17348374655767876,0.1572129425790294,0.18214559909160327,0.16655964808780813,0.1659133917130763,0.15865115590432644,0.13563969837413176,0.1554146816779784,0.15069919642106272,0.1417072819285624,0.1665849374819113,0.1384310790236087,0.1628482457368193,0.15823280725208122,0.15184571457115184,0.1269817330419896,0.13898781736522614,0.15001238670055445,0.14039439873491627,0.1471335090869752,0.16890070089965778,0.15193686560051803,0.1394373285488288,0.1322941467315241,0.15058198800476533,0.14695387074056543,0.1883380874314264,0.16998982650168973,0.15171522388484837,0.153601023475346,0.15421445003060524,0.17851888618844772,0.15040032947588491,0.15978248370235498,0.15152823991570114,0.15421739606718998,0.15294639470697044,0.14739954535275215,0.18535313733905456,0.15340183100477825
67.0,2.5082361954602375,2.190586709848441,2.126440096452662,2.076351656640883,1.7301068014765175,1.810902778426102,2.291346462416498,2.119608331188656,1.90452869472285,2.356207703884136,2.459354688104577,2.5745572193367154,2.1469445202950537,2.0355915413929737,2.146673841864352,2.5830769632393373,2.3399717370512882,2.122416298996239,2.030195793328073,2.232298923702201,2.0839406594894725,2.425781573789869,2.3873104529726494,2.421585138293653,2.9553883346810994,2.584439879338085,2.234078838415152,2.508458175145818,2.202204441740241,2.6523767027917704,2.5511410838306965,3.0640006118115433,2.707890781386031,2.1822306533743387,2.2175091446918183,2.142534839071978,2.5559004120735933,2.7783132036970266,2.475211216100116,2.477438523716389,2.3941377798979393,2.8573150585186053,2.406575745629986,2.4943372303996503,2.340498038636248,2.593995558919656,2.440113141716902,2.4023711482112162,2.5654052473957356,2.441117362279062,2.620690997504118,2.301340518820964,2.5112472283831124,1.9966460194075555,1.714166683466137,1.9965105473577665,2.201842077791031,1.966063935486974,2.3867949116183658,2.619038094076716,2.5884782692870907,2.068480313059278,2.153885860040621,1.9880071398763,1.902967087573584,2.127318211826276,2.3653219109084342,2.1059578955397034,2.1175814754098274,2.08500548465362,2.1691382054545008,2.3936417499918337,2.355848905670504,2.4529656538711073,2.4765241664518474,2.772801330133942,2.2732854050388873,2.5885417009199005,2.5334694752522444,3.0986461562732237,2.3737724218858447,2.285621826336892,2.3288331176458015,2.156317446273895,2.215423712072358,2.3546355118590085,2.4973869442213292,2.5507757078948394,2.2047109506168407,2.3786572944453317,2.765209375989013,2.707367598744522,2.550598004443881,2.7576061725657137,2.442336192075313,2.48189036979641,2.5866817316144157,2.387562484297945,2.601401771262969,2.5116900275847898,0.1923268732699207,0.1367945371557281,0.1463130414136207,0.13737117576931318,0.1477873852290197,0.13188496372737663,0.15030244298065798,0.13831138261445614,0.14696081871326044,0.1562085275146849,0.16797363927331646,0.16250068620267022,0.15309151354483125,0.157354095935308,0.15294218171790327,0.13009817058362175,0.16777833187798985,0.1365953195702833,0.16377018220053635,0.178844164920338,0.1646002374848821,0.14231806086603932,0.16056409934773885,0.16032371234011072,0.17182720347717373,0.13152648862211067,0.1575508734722891,0.1760214523188386,0.1431167348730095,0.17411537965733606,0.13726074410357403,0.16874230047701208,0.15703205368565873,0.14474473062971638,0.13891592565727895,0.17892901239431533,0.1893209898663776,0.1568463973147715,0.1521363686188317,0.15612164391894418,0.13341955371403774,0.15316340408278462,0.1373875318840463,0.15911320113086974,0.15066170474935792,0.1521785752665197,0.1635579186066124,0.15781248514372517,0.17296909023768503,0.14033572347672296,0.15957586697054604,0.1393483891822714,0.13092864554654965,0.13064661812614026,0.1376629112015056,0.13478595107376115,0.13993635267421817,0.13768857522617176,0.1580752720308021,0.1806458770346205,0.17446518188584934,0.158091067418376,0.1831162406454103,0.16757994625066078,0.1667321336508358,0.1596219914132804,0.13620971897876794,0.15633683906575407,0.15160499754014373,0.14257539420921075,0.16774266309697367,0.13939989139321826,0.16419720648983804,0.15892128524762747,0.15277057072562827,0.12784111177805163,0.1399366428974656,0.15115317126036015,0.14183508355579616,0.1482920099601848,0.16991178042012256,0.1527347784436772,0.14076135825959724,0.13342820151779475,0.15200031054670646,0.14789787291624226,0.189827404225792,0.17116162375927793,0.15265598743862768,0.15433090288596227,0.15490999214256154,0.17951056954948763,0.1509572559162433,0.16105121655722704,0.15252611289255014,0.1554144108868951,0.15421723390539663,0.1486337321490981,0.18626871345958432,0.15462602875724152
68.0,2.5001778217099515,2.186246165821796,2.1207030367208275,2.0722805536033904,1.729621053683355,1.8071042656033554,2.285582350111027,2.11412048100089,1.9003559987216483,2.349160587445449,2.4520063659215108,2.5687865923306155,2.140771419233817,2.0274712167324456,2.1380421251615482,2.578083694262674,2.3319039493805307,2.115314780444474,2.023443096557635,2.224323534710551,2.076433158829906,2.418721979081213,2.379153131439017,2.413198672909248,2.947807424922125,2.5797901913498267,2.226139182315277,2.501950300623531,2.195721887926947,2.641574319956608,2.548104679587068,3.057381326590964,2.70416577406368,2.1757907589668446,2.210732873764376,2.134816297849543,2.5499971332371816,2.7711807232278094,2.4695469001618124,2.4709741235983174,2.3861936834391684,2.8523573631026804,2.400108023838515,2.491376206186123,2.335281494979963,2.5843043446862,2.4313658065959505,2.3944966788330673,2.55897847784786,2.4335512907172414,2.614448346249347,2.2949818333400094,2.5058131429762183,1.994734437957335,1.7152483662145988,1.9917605107492653,2.1966644325055467,1.9618665397450004,2.377972819216148,2.6121247299621384,2.5828098666888137,2.0624795332681676,2.1448396391675413,1.9796975843860691,1.8953955938026756,2.118934048524968,2.3584174704000915,2.0990136759795153,2.1112870602385887,2.0774429604469327,2.160681304301219,2.386770163613596,2.3478435958094943,2.445575334428451,2.46823519131298,2.7674346749674528,2.2673887147628604,2.5802851087841936,2.5323293521590813,3.092346574838755,2.3651318294713355,2.2771900424459854,2.3249373262889352,2.1503540438419035,2.208465355027038,2.3467507962005585,2.4892714714867794,2.545306367802266,2.196499098393729,2.3701071034136603,2.7596684665062896,2.6982057009591274,2.5447252277554036,2.7519836353875307,2.4354584236098464,2.4798287021919827,2.5773878346129244,2.3794155852914645,2.595902930509628,2.5048753837195443,0.19326816121614582,0.13700493866948277,0.14657453671343243,0.13779892084835632,0.1480622184241191,0.13231695396873627,0.15112119992449627,0.1389536314076437,0.14739371052718347,0.1570784438046291,0.1689235608935973,0.16347786455583993,0.15394044142455177,0.15836380182139753,0.1540111670888621,0.1309209068067374,0.16878178253595374,0.13758815718197426,0.16471006253857082,0.1800127583807958,0.16568657880677942,0.14330235099616043,0.16199143650696712,0.1613966058728673,0.17291258789095823,0.13241475934398828,0.15925257021840283,0.17731763515359744,0.1441117234024339,0.1752633117342876,0.13837844316966882,0.1699192641020393,0.1578814232538887,0.14580856694867536,0.14017176678525547,0.17979582017489967,0.19078278659862066,0.15765114474743322,0.15271147484452516,0.1569758119504885,0.1343912350055862,0.1541671224615921,0.1387373288347048,0.16049958211268645,0.15230750596183873,0.15372412742378128,0.16448726687912288,0.15912256502136266,0.17420951167361476,0.14146487108519065,0.16027771423353954,0.13955276754439186,0.13152731599280343,0.1309038889560433,0.13779409159508943,0.13474836949740304,0.14043678404090296,0.1380602866103427,0.15908953050186359,0.1819851799278815,0.17544624981046933,0.1590070676523116,0.18409346006580754,0.1686062833252309,0.1675506585637675,0.1605860571039156,0.13678409828327906,0.15726734180737995,0.1524933688405269,0.1434203334860573,0.16890966451917902,0.14038595650059196,0.16558176564423552,0.1596131373360472,0.1536749900075255,0.12870026806684573,0.14092835401186046,0.1523375465128274,0.1434230676679076,0.14949076635552616,0.1709224897265685,0.15352191331731208,0.14216651993980317,0.13463212038586128,0.15352735058824116,0.1488456620899421,0.19138624067845592,0.17237804459498976,0.15360373243508854,0.1550755201818644,0.15558098240236357,0.18051078618481467,0.15148697312805287,0.1623757250614468,0.15356671630905266,0.1566786849419825,0.15554929244530946,0.14993447653167608,0.18716624962014677,0.15586521004825635
69.0,2.491962218566301,2.1818216504748293,2.1147936822915736,2.0680934376936473,1.728997853962464,1.8032424443053485,2.2797327699054386,2.1085045872669035,1.8961350983199337,2.3418507494892538,2.4443582701116293,2.5628253522530358,2.1343081274432834,2.0191595712852424,2.1294296115179074,2.5729209005253284,2.323721317001074,2.1080765689924434,2.0165481623226404,2.216273025366354,2.0688351711608557,2.4115020348808827,2.3707732862581823,2.404731226718428,2.9402369887563546,2.575056874103751,2.2181693633003494,2.495507825768566,2.1891762804298067,2.630724612971095,2.544959923358471,3.050535110200332,2.7004317051828957,2.1691910276045756,2.2039171505864767,2.126993477140682,2.5438254568180114,2.763901526946095,2.4637865472858573,2.464410657509049,2.3781858499929722,2.8473361992029553,2.3936529766915196,2.488451278656892,2.3301071191979386,2.5745944080442498,2.4225586146086795,2.386429020357177,2.552307703633503,2.425812057216666,2.608119985329597,2.288478620628155,2.500247198804922,1.992725716383494,1.7162005957196331,1.986930842548135,2.191349123538598,1.9575742487781738,2.3689135140081365,2.6049317898575977,2.577055080969871,2.056243030809494,2.135492013264932,1.971253522045751,1.8878286247064953,2.1105805987633635,2.351440060094163,2.0919794730427808,2.1048422671970837,2.069750826974846,2.152163813913461,2.379755624071184,2.3396481958697843,2.438104314392207,2.4598068131630284,2.7619795549872466,2.2614802914380254,2.57203452598548,2.5312413305058508,3.0858112438837346,2.3563765664090237,2.268635146954322,2.3210913344344446,2.1443778429093143,2.2015034755588516,2.338780882412122,2.4808051886834064,2.5399154315461168,2.188177101365706,2.3614769577945336,2.754046079351929,2.688951405249158,2.5388679176842186,2.746319265180287,2.4286115235491708,2.4778547761462577,2.5680615877362136,2.371098955295193,2.5900850027817026,2.497799347410366,0.19420923193778072,0.137151637493897,0.14680246628684976,0.13819758364163984,0.14828891598232877,0.13271409323308575,0.15194592824256584,0.1395802036595511,0.14777985462210957,0.1579772730350905,0.16989992336196233,0.16447738463727202,0.15480804955140764,0.15940810222473228,0.15509388712071717,0.13173290227885742,0.16982179322919153,0.13860114079613434,0.1656929498958442,0.18122376293838185,0.16680443620133065,0.14432098334226764,0.16347726876936286,0.16251693825670793,0.17402327877754295,0.1333398947377176,0.16107697460483658,0.17863397125210348,0.14511700530151447,0.17643000644391152,0.1395619053964682,0.17109428355881842,0.1587329081540793,0.1468995456932215,0.14150745755732122,0.18065278296719234,0.19232273535369332,0.1584908572021035,0.15327901297442836,0.1578554320360297,0.13539256938554897,0.15521701589238376,0.14016792679609907,0.16195466256656874,0.15405368595406638,0.1553418085768343,0.16543619522047637,0.16045667340106584,0.17552270452039964,0.14263835719549323,0.1609549224863885,0.13971281169972552,0.13210075551723177,0.13108823350252363,0.1378974602637198,0.13461857464644453,0.14092068934450477,0.1383969693429549,0.16008009880030766,0.18335818213762778,0.1764241242475097,0.15996352195390864,0.18507536667029245,0.16963710469776128,0.1683676954148761,0.16154070369568696,0.1373611358495779,0.15820471429405897,0.15335903124777336,0.14423708454860765,0.17008407294812047,0.1413868541123962,0.16700153318826177,0.16030704920522737,0.15455358776068287,0.1295566178773631,0.14196315529071227,0.15356552742899668,0.14516775625968653,0.15072885724632692,0.17192965541782224,0.15429418437191897,0.14365523026370844,0.1359075650798979,0.15516839503066845,0.14979399478694078,0.1930168650034459,0.17363946402972452,0.15455520225668895,0.15583389761390773,0.15622296350120704,0.18151846801350074,0.15198518515637205,0.16375766832048863,0.1546502310207301,0.15801357658971601,0.15694368721988267,0.1513033373598113,0.1880401349315522,0.15711611258745553
70.0,2.483603740480199,2.177328465443142,2.10872128294244,2.0638032162747186,1.7282311234267118,1.7993271941852085,2.273815655937872,2.1027776944181107,1.8918841835658498,2.334271125485049,2.4364032619523166,2.5566729979414755,2.127544959336317,2.0106690818039996,2.120867222209158,2.567599163831691,2.315443602259613,2.100725791293722,2.009529744740533,2.2081805798316267,2.0611726210153574,2.404119581847463,2.362165466192936,2.396207922375618,2.9326862075861255,2.570241229110667,2.2101974845902874,2.489149960119929,2.182588487959226,2.6198505582847167,2.541715210761679,3.043461652078281,2.6967037752450342,2.162446808720991,2.1970826031284383,2.119090372136012,2.537382801659183,2.756482119018548,2.457939791262334,2.4577623367733956,2.3701411142871156,2.8422548537348247,2.3872337731864586,2.485582320466212,2.3250121062418105,2.564891911830907,2.4137063912741175,2.3781714069679123,2.5453942280473085,2.4179219866852013,2.6017224994707813,2.2818460376469107,2.494562080896742,1.9906257404562144,1.7170113761622408,1.9820357839139364,2.1859100858107445,1.9532003936995703,2.3596142984129367,2.5974547996402957,2.571220952179067,2.0497668566621887,2.12583863009975,1.9626906390418029,1.8803005595205375,2.102288323191351,2.344412134740311,2.0848743121452995,2.0982627206896263,2.0619527697166435,2.1436205739313965,2.3725975794169587,2.331259908624039,2.430570782505921,2.4512547047372744,2.756434464413398,2.2555815458599353,2.5638084722804013,2.530223012095464,3.07904333234762,2.347526198719726,2.259980505599449,2.3173281682610405,2.1384122078624026,2.194570305984647,2.3307392328946506,2.471987718848647,2.5346197567215385,2.1797723660285424,2.3527912665755593,2.7483547013936787,2.6796176922709196,2.5330453704370597,2.74062475113162,2.421816095721163,2.475992879728475,2.558729146485516,2.362620682540834,2.5839392103539147,2.490470766373405,0.1951468298024921,0.13722668185140527,0.14699262778602407,0.13856384043091624,0.14846219378371037,0.13307039504172077,0.15277449580919925,0.14018788001955793,0.14811329431992162,0.1589066399920614,0.17090323420298212,0.16549955471061373,0.15569503941857313,0.16048871664814154,0.15619010041751014,0.1325297624386025,0.17090010447353068,0.13963328160655994,0.16672105443842036,0.18247826427725805,0.16795510183065637,0.14537446035174276,0.1650230250426903,0.16368704613698928,0.1751602426803071,0.13430216187259544,0.16302915674431528,0.17996965407140197,0.14612990359744768,0.17761383969029676,0.14081386647229188,0.17226361701284504,0.15958448087907365,0.14801688935230803,0.14292605218276092,0.18149632568029608,0.19394389681783178,0.15936799220533324,0.15383724819838582,0.15876084587987832,0.13642316142162794,0.1563132733740684,0.14168130916190502,0.16347982468457162,0.15590362833819701,0.1570326800349969,0.1664039717747878,0.16181185943427534,0.17691167804826166,0.14385643068990955,0.16160298195616188,0.13982399540854426,0.1326445387855931,0.13119182464266188,0.13797048833487305,0.13438636137057386,0.14138508057162588,0.13869414972747446,0.16104115462111016,0.18476317239442375,0.17739584761341862,0.1609630300104349,0.1860599212622664,0.1706707173918335,0.1691819529856713,0.1624831477617475,0.13793928491662322,0.159147402584256,0.15419650237519172,0.14502051313502046,0.17126395980716777,0.14240003400102477,0.168455939092682,0.1610017529440503,0.15540082110794623,0.13040750126505726,0.14304131327345584,0.1548370595935912,0.147078165015307,0.15200535032378984,0.17292992140900615,0.15504738554260697,0.14522980951529896,0.13725611408511124,0.15692858574949234,0.15073952472115007,0.19472147070040968,0.17494615165988692,0.15550700907288462,0.15660509951508522,0.15683132306776681,0.18253258494999455,0.15244752137765935,0.16519865623942842,0.15577671625252754,0.15942240333741114,0.15840141525786033,0.15274179328031032,0.18888453287065154,0.1583754180366481
71.0,2.475116741902564,2.172781912362329,2.102495088451025,2.059422796709649,1.7273147831889872,1.7953683948960466,2.267848942346423,2.0969568468859046,1.8876214445075328,2.3264146509023784,2.428134202720959,2.5503290282334374,2.120472229325725,2.0020122250413555,2.1123858785110365,2.562129065986217,2.3070905675028435,2.093286574001909,2.002406597928746,2.2000793822683757,2.0534714329264014,2.3965724606395695,2.353324220006074,2.38765388253525,2.9251642628138343,2.5653445578814194,2.202251649404991,2.482895913216623,2.175979379225612,2.6089751323469805,2.5383789374135177,3.0361606416634817,2.69299718475149,2.155573451749583,2.1902498593605944,2.11113097802617,2.530666586603815,2.748929003611801,2.4520162658813094,2.451043372716167,2.362086311049387,2.837116613613688,2.380873582320797,2.4827892042683573,2.320033651063213,2.55522301888323,2.404823962111292,2.369727072849614,2.538239354383933,2.409903404030726,2.5952724733987957,2.2750992413577316,2.4887704742792054,1.988440395945693,1.7176687117234226,1.9770895760062521,2.1803612542425364,1.9487583056222748,2.3500724748491395,2.5896892851875024,2.5653145203651784,2.043047061805175,2.1158751374389686,1.9540246215607064,1.8728457774802982,2.094087682458734,2.337356149088234,2.0777172187028925,2.0915640451205064,2.05407247415162,2.135086423995209,2.3652954777032686,2.322675936844963,2.422992927513156,2.4425945387710493,2.7507978974660197,2.2497138888240915,2.5556254674255823,2.529291998730871,3.0720460091698643,2.3386002924242715,2.2512494841188855,2.3136808539474383,2.1324805030874736,2.1876980786212203,2.32263931004911,2.4628186850199514,2.5294362009236453,2.1713122988780413,2.344074438744384,2.742606819499309,2.6702175426807333,2.52727688222066,2.734911782429138,2.415092743953738,2.474267301007839,2.549416666362114,2.3539888552601163,2.577456775500976,2.482898488324834,0.19607762813036678,0.13722185003031645,0.14714072702638523,0.13889445627016112,0.1485766331205177,0.13337972407706172,0.1536047177117686,0.14077338048578478,0.148387913688456,0.15986818368315123,0.17193398665697374,0.1665446269470175,0.15660206961865775,0.1616072749528128,0.15729954196850662,0.1333069648824241,0.17201847227504954,0.14068350158089732,0.1677966200707235,0.18377731246984488,0.16913984540607058,0.14646317716324544,0.1666299072645985,0.16490925656398173,0.1763244129803617,0.13530174927887165,0.1651139068254834,0.1813237462014103,0.14714772503347492,0.17881303504773682,0.14213708557907492,0.1734234637955921,0.1604340406612198,0.14915970199727452,0.14443039673048022,0.1823227235973555,0.19564918080951743,0.1602850560155647,0.15438439644293292,0.15969241052776428,0.13748254408473562,0.1574558898284767,0.14327912221117267,0.1650763127898933,0.15786043354396048,0.1587976209525621,0.16738977443094513,0.16318501741871977,0.17837940883015185,0.1451192503043426,0.16221739413837555,0.13988167328546441,0.13315422024866808,0.13120667493448013,0.1380106002866765,0.13404097422280536,0.14182701378323648,0.1389472618769953,0.1619667352288085,0.18619831487063568,0.17835833538712612,0.1620082176231885,0.1870449249010608,0.17170528455048675,0.1699921343809002,0.1634104624322109,0.13851721979717313,0.1600937788221727,0.1550000957161993,0.145765385424073,0.17244733737959758,0.14342280169059204,0.16994420213523823,0.16169606456535873,0.156210999229492,0.1312501779430477,0.14416316949198899,0.15615200306291033,0.14916278671346234,0.1533193265846301,0.17391974823524695,0.15577720669052303,0.14689242539487513,0.13867922376045339,0.1588128571433664,0.15167878757448988,0.19650216418621388,0.1762982374393046,0.15645563779936458,0.15738826662947294,0.15740130876268787,0.18355217548172562,0.1528695742130935,0.1667001994211604,0.15694606875552136,0.1609083822492257,0.1599233043199948,0.15425120556965433,0.1896933931197411,0.15963975758918578
72.0,2.466515577284331,2.1681972928679873,2.096124348594883,2.0549650863615074,1.7262427543621668,1.7913759260909794,2.2618505632692205,2.091059089101721,1.8833650711931436,2.3182742612107465,2.419543953694943,2.5437929419664287,2.1130802518243548,1.9932014777499356,2.1040165016992836,2.5565211887932704,2.298681975077472,2.0857830437706126,1.9951974760047133,2.1920026168386486,2.0457575314270273,2.3888585119158146,2.3442440964603914,2.3790942298517583,2.9176803358418275,2.560368161926832,2.1943599609643614,2.4767648945976455,2.1693698229393568,2.598121311607348,2.534959498930776,3.0286317683946096,2.6893271342036553,2.1485863061238013,2.183439547253259,2.1031392900017805,2.5236742304950073,2.741248684892472,2.4460256049328732,2.444267976662172,2.3540482750075373,2.83192476575495,2.374595573092024,2.4800918027176087,2.31520894861381,2.545613892038301,2.3959261526392632,2.3610992521865954,2.5308443859380105,2.401778634161138,2.5887864918395533,2.2682533887221163,2.482885063979799,1.986175568622101,1.7181606065841755,1.9721064599846279,2.174716563754539,1.9442613156593607,2.340285345735396,2.5816307723764447,2.5593428255769877,2.036079697217381,2.1055971830495475,1.945271155788929,1.8654986578212938,2.08600913721537,2.3302945578875978,2.0705272181313825,2.0847618648940616,2.046133625759047,2.1265962037450823,2.357848766982451,2.3138934833052396,2.4153889381574594,2.433841987999658,2.7450683483651854,2.2438987311260368,2.547504031177645,2.5284658922150074,3.0648224432899,2.329618413543481,2.242465448250183,2.3101824176723444,2.126606092970817,2.1809190257854154,2.314494576276431,2.453297710234764,2.5243816217475716,2.162824306409992,2.335350883288619,2.736814920536547,2.6607639371348957,2.521581749241718,2.7291920482604834,2.408462072074765,2.4727023280535443,2.5401503028672607,2.3452115616847236,2.570628920497626,2.475091360980837,0.1969982610457245,0.13712868271527626,0.14724244428594024,0.1391863704455058,0.1486267415936278,0.1336358475663952,0.1544343717802424,0.1413334073290958,0.1485974770339406,0.16086354970820843,0.17299265086698593,0.16761277978501007,0.15752973361878594,0.1627652871982647,0.15842190438963463,0.13405987136249917,0.173178650434858,0.14175062736871039,0.16892190604805113,0.18512190724919256,0.1703598963564165,0.14758739004513333,0.1682988365185198,0.1661858676792198,0.1775166799362969,0.13633873325829052,0.16733565568723183,0.18269514853373564,0.14816775140739788,0.18002562890227497,0.14353431325427657,0.17456998410336944,0.1612794222473639,0.1503269479352574,0.146023056776248,0.18312809716290268,0.19744130936165497,0.16124460130741008,0.15491862455217686,0.16065050063385833,0.13857017137767422,0.158644613309087,0.14496259848695225,0.16674518218571643,0.1599268431360055,0.16063727321451657,0.16839266418065962,0.1645728411423283,0.17992884467138862,0.14642686522147222,0.16279373052322776,0.13988113125911406,0.13362538711692637,0.13112469526085652,0.13801522871214952,0.13357109750450255,0.14224364240156598,0.1391516884541507,0.16285076456336722,0.18766164596350426,0.17930838213977773,0.16310174148556011,0.18802800656470656,0.17273882024571707,0.1707969543659508,0.16431956690856156,0.13909391668501392,0.16104214761927452,0.15576392379220408,0.1464663959827504,0.1736321607672116,0.1444523017050011,0.17146529493647733,0.16238892953323653,0.15697829889037174,0.13208182215145797,0.14532915440528354,0.1575101130998497,0.1514294489210682,0.15466991183798326,0.17489541559745747,0.15647925696367612,0.14864502631870985,0.14017818164136334,0.16082586593635675,0.15260818354404299,0.19836094874070367,0.1776956717489953,0.1573974532841568,0.1581826574575798,0.15792805311443028,0.1845763843320823,0.1532469486733089,0.16826364854106435,0.15815797508272944,0.16247455956782936,0.16150995504784266,0.15583277404692694,0.1904604702953746,0.1609057193926381
73.0,2.457814601076413,2.1635899085957337,2.0896183131515733,2.0504429925933545,1.7250089580591306,1.7873596674231351,2.2558384528443622,2.0851014654969764,1.8791332536708083,2.309842891879688,2.4106253761516387,2.5370642379779578,2.1053593412450375,1.9842493166823698,2.095790013049639,2.550786114057275,2.290237587330166,2.0782393272534057,1.9879211330858764,2.1839834677044494,2.038056841050215,2.3809755763347957,2.3349196443187026,2.3705540869795603,2.91024360807249,2.555313342757732,2.1865505224883064,2.470776113802022,2.1627806878108577,2.587312072515308,2.5314652909302353,3.020874721710305,2.685708824102899,2.1415007212771497,2.1766722947767443,2.0951393032534993,2.5164031521758643,2.733447667027239,2.4399774422070934,2.437450359936222,2.3460538408893674,2.826682597074014,2.368422914497594,2.477509988468228,2.3105751938452164,2.536090694133187,2.3870277883770417,2.3522911791632204,2.5232106260041824,2.3935700019843043,2.5822811395189555,2.2613236367015324,2.476918535026084,1.9838371442556446,1.7184750649255092,1.9671006770086532,2.168989949267305,1.9397227549239069,2.3302502134902876,2.573274787084364,2.553312907863286,2.028860813877726,2.0950004146984345,1.9364459279129378,1.858293579779002,2.078083148111102,2.3232498158880937,2.0633233358465914,2.077871804414565,2.0381599100182255,2.1181847528211954,2.3502568953068823,2.3049097507775826,2.407777003182411,2.425012725158403,2.7392443113310323,2.2381574835612903,2.5394626832932365,2.5277622943508073,3.057375803647178,2.3206001280981976,2.2336517637308657,2.306865885614444,2.1208123418987297,2.174265379794026,2.306318493977601,2.4434244175305326,2.5194728767884436,2.154335795120162,2.326645009195872,2.7309914913731657,2.651269856289743,2.5159792677069444,2.7234772378132655,2.4019446839121246,2.4713222489348112,2.530956211502212,2.3362968900463934,2.5634468676185675,2.467058232057561,0.19790536366971007,0.13693852986558003,0.1472935184744833,0.13943680022037525,0.14860703221666918,0.13383250188436285,0.15526121777139792,0.141864698487211,0.14873568126537887,0.16189438190929298,0.17407966348780787,0.16870409737981482,0.1584785324917269,0.16396410795972122,0.1595568146451038,0.13478374528036444,0.17438236905169685,0.1428333849401108,0.17009916397820574,0.18651298086178142,0.1716164226701541,0.14874717953937536,0.17003039199919956,0.16751912693949328,0.17873787985329848,0.13741303781400857,0.16969838588534483,0.18408256468239398,0.14918722928630032,0.18124943072056937,0.14500825132750153,0.17569932500415836,0.16211840817870443,0.1515174285663557,0.1477062361741071,0.18390840864343203,0.19932277421503253,0.16224922471334566,0.15543805249381393,0.1616355102966089,0.1396854101653665,0.15987888416609716,0.1467324721685643,0.16848723926796877,0.16210515426867525,0.16255197720419223,0.16941155307602793,0.16597176955703366,0.1815629100513819,0.14777919334174644,0.16332770701426014,0.13981765465692153,0.13405372743371177,0.13093777675949259,0.13798188580855858,0.13296485362764876,0.14263228443355933,0.13930281556282487,0.16368708901114912,0.18915107053061825,0.18024266888150736,0.16424629329068552,0.1890066097152195,0.17376918482166923,0.17159515974014233,0.1652072146468358,0.13966874882413743,0.1619907546683997,0.15648190624182873,0.1471182057230807,0.17481633148512618,0.14548549804523375,0.17301790497841205,0.16307947684045,0.15769678612719354,0.13289951682961829,0.14653980208631306,0.1589110174750778,0.153885164477305,0.15605631560311775,0.1758530288131166,0.15714909659700005,0.15048926364812548,0.14175405140751196,0.16297191325064433,0.1535239575491208,0.20029970393178423,0.17913817937586102,0.15832871127318293,0.15898769703314203,0.15840660984474025,0.1856045077501025,0.15357532542531466,0.1698901222399077,0.1594118566360201,0.16412372917279505,0.16316167421711864,0.15748748549888722,0.19117935065435568,0.16216985806173304
74.0,2.4490281677297183,2.1589750611811573,2.08298623189869,2.045869422768214,1.7236073153927594,1.7833294985456232,2.2498305452099787,2.07910102050308,1.8749441819886876,2.3011134783787277,2.4013713313684457,2.530142415105515,2.0972998120005855,1.975168218591305,2.0877373338378433,2.5449344235826312,2.2817771666076356,2.070679551103885,1.9805963232896733,2.1760551190278057,2.030395286328999,2.3729214945551282,2.3253454123437654,2.3620585765731232,2.9028632609081724,2.550181401884953,2.178851437196742,2.464948780368745,2.1562328425505153,2.576570391520363,2.5279047090287072,3.0128891910492355,2.682157454950614,2.134332046643084,2.169968729901367,2.087155012971945,2.5088507704895173,2.7255324541827077,2.433881411494073,2.4306047338631163,2.338129843422654,2.821393394486271,2.362378775534972,2.475063634174501,2.306169581709094,2.5266795880049444,2.3781436948436787,2.3433060879638106,2.515339377877109,2.385299832408098,2.5757730011629225,2.254325142257459,2.470883572445542,1.981431008616507,1.7186000909284198,1.9620864682378758,2.163195345701388,1.935155954528997,2.319964380532435,2.564616855188504,2.5472318072728606,2.021386462765132,2.0840804801525987,1.9275646241192066,1.851264922588922,2.0703401757957747,2.316244377839385,2.0561245972643145,2.0709094880863317,2.0301750124084266,2.1098869108637217,2.3425193107289104,2.295721942034662,2.4001753113315623,2.4161224229826055,2.7333242805836293,2.232511556925369,2.531519943528974,2.527198806941196,3.049709259181163,2.3115650021092358,2.224831796298472,2.3037642839524524,2.115122614257523,2.1677693729638823,2.29812452555356,2.4331984299447043,2.514726823641377,2.145874171504363,2.3179812254537886,2.7251490188769107,2.6417482808015866,2.510488733823074,2.71777904027512,2.3955611832937103,2.4701513517208555,2.5218605477682328,2.327252928576838,2.555901839138537,2.4588079492711827,0.19879562159470376,0.1366426151774875,0.1472898517716942,0.13964336520929882,0.14851212377954118,0.1339634766075208,0.1560830202830408,0.14236409251355633,0.14879622309071727,0.1629623130064054,0.17519541541880615,0.16981854593689405,0.1594488420653552,0.16520489481054512,0.1607038059497616,0.13547377544788483,0.1756313089088014,0.1439303952184423,0.17133060979902875,0.18795137841014906,0.17291050614692655,0.1499424081310078,0.17182474274111117,0.16891120678401203,0.1799887833957159,0.1385243880123693,0.17220553359709256,0.18548446066448576,0.1502033584877046,0.18248197841561756,0.14656150479621094,0.1768076535477114,0.16294874490445974,0.15272975758571303,0.1494816874782681,0.18465946119933282,0.2012957885460395,0.16330156407734725,0.1559407579209123,0.16264785399764758,0.1408275309340956,0.1611577664247403,0.14858888724576325,0.17030297272953607,0.16439712460227385,0.16454169821692446,0.1704451664555165,0.16737792333909482,0.18328451288686035,0.14917599741344822,0.16381527590125572,0.13968661644730287,0.13443511513377737,0.13063790048956642,0.13790825371134688,0.13220981110544466,0.14299050512451275,0.13939610363025862,0.16446952293419978,0.190664357050242,0.1811577714845851,0.16544460278089654,0.18997797787982632,0.17479408105543096,0.17238555291921298,0.16606998013589147,0.1402415964831943,0.1629377978622455,0.15714778393272819,0.14771549140541565,0.17599770305077383,0.1465191517594764,0.17460039150691828,0.16376708193517991,0.15836044499763247,0.1337002472250334,0.14779576549578205,0.16035419015874272,0.15653597682912754,0.1574778775456951,0.17678852988382052,0.1577822783298431,0.15242640271516045,0.1434076093798452,0.16525485928217715,0.15442217711223452,0.20232015971662906,0.18062520724890338,0.15924557371118644,0.15980303331066747,0.15883200330866376,0.1866360466716446,0.1538505389708775,0.17158042286153644,0.16070680739227267,0.1658583399111401,0.16487839900374082,0.15921605428376748,0.19184348782590416,0.16342870652352176
75.0,2.4401706316951977,2.1543680522598727,2.0762373546137933,2.0412572842491943,1.7220317474759264,1.77929529911157,2.243844774504174,2.0730747985514597,1.870816046194918,2.292078956177388,2.3917746806227567,2.52302697218661,2.08889197850386,1.9659706602293627,2.079889385339634,2.5389766991737592,2.273320475256575,2.063127841975672,1.9732418007335348,2.168250754970747,2.022798791796368,2.364694107235392,2.3155159492984136,2.353632821286838,2.8955484757512617,2.544973640819303,2.171290808309551,2.45930210383682,2.1497471558687447,2.5659192450719774,2.5242861488429926,3.004674865850066,2.6786882272481773,2.12709563165508,2.1633494805974594,2.079210414347744,2.501014504279068,2.717509550525533,2.4277471465838567,2.4237453097676767,2.3303031173351405,2.81606044490714,2.356486325201649,2.4727726124906915,2.302029307157067,2.517406736490671,2.3692886975582397,2.3341472127726997,2.5072319448514233,2.3769904503404176,2.569278661497334,2.247273062351374,2.464792861265715,1.9789630474748696,1.718523688773906,1.957078074831861,2.1573466879773626,1.9305742455877102,2.3094251492804525,2.555652502566115,2.541106563854487,2.0136526948585605,2.0728330271790165,1.918642930594206,1.8444470654865743,2.062810680919209,2.309300698491178,2.048950027800373,2.0638905403136665,2.0222026184089543,2.101737517512845,2.334635461300874,2.2863272598491786,2.3926020513484665,2.4071867542075642,2.727306750343092,2.22698236201382,2.523694331641488,2.5267930317891305,3.0418259788312745,2.302532601597401,2.216028911690547,2.3009106388650578,2.1095602744334663,2.1614632376118146,2.289926133405288,2.422619370514725,2.5101603199015092,2.1374668420583602,2.3093839410499664,2.7192999899155312,2.632212191326736,2.505129443796816,2.7121091448336703,2.389332174047397,2.4692139244808713,2.5128894671665796,2.318087765507743,2.547985057332232,2.4503493603378796,0.19966583045022246,0.1362321214532432,0.14722763729349186,0.13980423455318777,0.14833686564619766,0.13402271815438427,0.15689757529743084,0.1428286059430991,0.1487728829466407,0.16406895376060399,0.17634023732523715,0.1709559468351591,0.16044087408076668,0.16648856088581795,0.16186228477334758,0.13612510681430542,0.17692707150838052,0.14504017099696365,0.1726183904509298,0.18943783569850947,0.17424311386509744,0.15117267256280728,0.17368157238054216,0.17036417765788212,0.18127008305432896,0.13967225697563365,0.1748598823722359,0.18689902020078092,0.15121328000019466,0.18372048906881044,0.1481965261303655,0.17789119761228234,0.1637681629309371,0.15396233479090105,0.15135061522792537,0.18537690097203266,0.20336223305390072,0.16440429511836704,0.1564247833653627,0.163687966044435,0.14199569715554441,0.1624798723575776,0.15053130008020885,0.17219247622906741,0.16680386874569006,0.16660594383094504,0.17149199941534218,0.16878703234282336,0.18509655227439892,0.1506168594179894,0.164252736825601,0.13948358782746956,0.1347657135937609,0.13021727940789232,0.137792295338521,0.1312930030773527,0.14331621608590878,0.13942717569679333,0.16519190490221633,0.19219913107603992,0.18205016983920472,0.1666994393325002,0.19093913950780847,0.17581105151841286,0.17316701885359892,0.16690424430720344,0.1408129713728179,0.16388144117860812,0.15775514023854456,0.14825300807067981,0.17717408896759998,0.14754979568754595,0.1762107384101558,0.16445143841691873,0.15896321422149884,0.13448089426685514,0.14909783215796776,0.16183892143764458,0.15938680269354372,0.158934121113383,0.17769771391324662,0.1583743994635182,0.15445722312076537,0.1451392729468913,0.16767803132731457,0.15529870811352917,0.20442386451545788,0.1821558661238231,0.16014412889713098,0.16062860098012618,0.15919929235257688,0.18767076754051557,0.15406867226136758,0.17333493981984072,0.1620415245810705,0.16768039240349622,0.16665961269212762,0.16101885511986297,0.192446248481256,0.1646787904063276
76.0,2.4312563474237265,2.1497841834674647,2.069380931074438,2.0366194843992993,1.720276175421522,1.7752669487740862,2.2378990748650756,2.0670398440735287,1.866767036337651,2.2827322607451803,2.3818282851919235,2.5157174080587392,2.080126155167674,1.9566691183491765,2.072277088830756,2.5329235226350444,2.2648872756236784,2.0556083265223237,1.965876319534897,2.1606035596952773,2.0152932819853504,2.3562912550342148,2.3054258039454254,2.345301943775181,2.8883084340040948,2.539691361071638,2.1638967390466664,2.453855293745273,2.143344496475927,2.555381609619647,2.5206180059898804,2.9962314355514357,2.67531634149698,2.119806825746617,2.1568351748353316,2.0713295025715537,2.49289177238762,2.709385460222334,2.4215842812665582,2.41688629897471,2.3226004973546233,2.810687035252007,2.3507687324950735,2.470656796071077,2.298191565140775,2.508298302427431,2.3604776220397263,2.3248177877742364,2.4988896302217727,2.368664180689114,2.5628147052481274,2.2401825539447637,2.4586590865140985,1.9764391466009297,1.7182338626429738,1.9520897379501856,2.151457911015774,1.9259909592131284,2.298629822152949,2.5463772550944266,2.5349442176569594,2.005655561136891,2.061253703544628,1.9096965335243912,1.8378743877074264,2.055525124131278,2.302441232593129,2.04181865287059,2.0568305855008755,2.014266413499093,2.093771412408746,2.3266047950751214,2.276722906993843,2.385075411976676,2.398221391568599,2.7211902148295173,2.221591309622161,2.516004367387402,2.5265625706975254,3.033729131536981,2.29352249258356,2.207266475644612,2.2983379765309944,2.1041486868128687,2.1553792060546293,2.2817367799337256,2.4116868622780383,2.5057902231639653,2.129141213277956,2.300877564972058,2.7134568913567696,2.622674568521501,2.4999206938349063,2.7064792406765434,2.383278260001093,2.4685342552840814,2.5040691251985154,2.308809489070822,2.5396877444744015,2.44169131297381,0.20051296612041344,0.1356983003995366,0.14710351210023306,0.13991829864623273,0.14807649012514648,0.13400445483316253,0.15770274000380755,0.14325552354761822,0.148659627341671,0.16521587999917822,0.1775143825794485,0.17211594660953336,0.161454631162908,0.1678157217753367,0.1630314931909232,0.13673287870662304,0.17827114464038876,0.14616111544722984,0.17396454517175672,0.19097295473698195,0.17561506578326833,0.15243725133394115,0.1755999977059817,0.17187997831436785,0.18258237977167854,0.1408558072391017,0.1776634505983528,0.1883240964826537,0.15221406438532034,0.18496180567053594,0.14991555334503737,0.1789462948384995,0.16457440100675247,0.15521331891092158,0.15331357419427658,0.18605622284590376,0.20552359694841488,0.165560126989648,0.15688814623908368,0.16475629776875028,0.14318895288000663,0.16384328219774705,0.1525583789339316,0.17415536364238127,0.16932574825440433,0.16874367329608136,0.17255026795162734,0.17019435460853727,0.18700192667225457,0.15210115387946863,0.1646368674209899,0.1392044726471804,0.13504209848902837,0.12966853705232678,0.13763238659298604,0.13020095652029454,0.14360779119290057,0.13939192378580464,0.16584816528284502,0.19375286627347887,0.18291625729031696,0.16801361167872295,0.19188689256004654,0.17681747764463648,0.17393855534084632,0.16770617877386837,0.14138415396389462,0.16481983157003866,0.15829743063349724,0.14872566543932839,0.17834327354254365,0.1485737067786429,0.17784650342816044,0.16513263787789179,0.15949903237582394,0.1352382283030166,0.15044694003434664,0.16336428479168832,0.16244127500148992,0.16042481335118122,0.17857625159332427,0.15892116527183817,0.15658190958598844,0.14694902204420152,0.1702441264288578,0.15614918888103407,0.20661214673967904,0.183728866884429,0.1610204169254258,0.16146469200430083,0.15950364931071787,0.1887087699289333,0.1542261685908385,0.17515354104358904,0.16341423307379419,0.16959132666446355,0.1685042529675927,0.1628958485342582,0.1929809685843492,0.16591664512116788
77.0,2.4222996693662506,2.145238756439542,2.0624262110582214,2.031968930581638,1.718334520342414,1.7712543271862993,2.2320113804308006,2.061013201500696,1.8628153424650158,2.2730663275516365,2.371525006353359,2.5082132215594264,2.070992656404855,1.9472760697033773,2.0649313655869217,2.5267854757709225,2.2564973300556317,2.048145131397445,1.9585186338112093,2.153146717363436,2.007904681428949,2.347710778610183,2.2950695250475897,2.3370910666925444,2.881152317069054,2.534335864152784,2.1566973326279735,2.4486275596330698,2.1370457330824677,2.5449804616128566,2.5169086760861625,2.9875585895920365,2.672056998198398,2.1124809783511695,2.150446440585292,2.0635362728339763,2.4844799936582915,2.701166687439777,2.4154024493322375,2.4100419128090262,2.315048818208876,2.8052764524362708,2.3452491664127164,2.4687360575699326,2.294693550611888,2.499380448652284,2.3517252938071946,2.315321047152764,2.490313737282811,2.360343348362086,2.556397717141202,2.233068773999105,2.452494933218217,1.9738651917648677,1.7177186167166143,1.9471356987524115,2.1455429497371727,1.9214194265183226,2.28757570156853,2.5367866386506766,2.528751808729066,1.9973911125790627,2.0493381570164018,1.900741119096248,1.831581268487004,2.048513966081798,2.2956884348949305,2.0347494978907763,2.0497452480522607,2.006390083158128,2.086023435191605,2.318426760104012,2.266906086241329,2.3776135819597544,2.389242007800997,2.714973168263003,2.21635981054591,2.508468570523363,2.5265250254693297,3.025421886237724,2.2845542410885034,2.198567853898197,2.2960793231289247,2.098911215782033,2.1495495106091473,2.2735699275398353,2.400400528272087,2.501633391023859,2.1209246916589284,2.2924865062076645,2.7076322100683816,2.613148393042201,2.4948817801440266,2.700901016991353,2.377420044982644,2.4681366321996885,2.4954256773652954,2.299426187497787,2.53100112283976,2.4328426548951563,0.2013342657749875,0.1350326104450652,0.1469147373326832,0.13998536640289047,0.14772679528783855,0.13390334452729896,0.15849646521738817,0.14364250135453818,0.14845073085210692,0.16640461658819078,0.17871800722564227,0.17329798408401736,0.1624898557221301,0.16918663744358803,0.16421046726219649,0.13729227088085166,0.1796648635503172,0.14729152253065475,0.1753709616379665,0.19255717724497373,0.17702699855294274,0.15373504847039804,0.17757848237109256,0.17346038332917868,0.18392616871502365,0.14207382790049664,0.18061737560302646,0.18975716188761874,0.15320270216500387,0.18620234107107886,0.1517205442569488,0.17996944957133348,0.16536523405709916,0.15648060006941633,0.15537036577735927,0.186692780584751,0.20778091491699968,0.16677179594890387,0.15732885166304766,0.16585331157579583,0.14440620813592236,0.165245462162977,0.15466790425455493,0.17619067897061252,0.17196225840060014,0.17095320096561292,0.17361785580496533,0.17159458847202652,0.1890035417329957,0.15362802109944376,0.16496507313922534,0.13884566600226622,0.13526139968398979,0.12898492672472478,0.13742746948864734,0.12891973105644805,0.14386419842747114,0.13928663287554185,0.16643240537959977,0.19532287228945924,0.183752349806359,0.16938996541732443,0.1928177895443867,0.17781058116128673,0.1746993066944566,0.16847172931737187,0.14195734054120557,0.16575111905134166,0.1587680216967369,0.14912861872488176,0.1795030260090382,0.14958687681395041,0.17950476438884624,0.16581125652890422,0.15996189202619898,0.13596890415657953,0.1518441933700893,0.16492910125872204,0.16570158963443413,0.16195002898232957,0.17941971841299037,0.15941846397088488,0.15879993563967756,0.1488363157322232,0.1729551105296632,0.15696900343027062,0.2088860695429791,0.18534245275652006,0.16187046069713676,0.1623120314670663,0.15974045395670017,0.18975055922941345,0.1543199608464691,0.17703545384246228,0.16482260486612582,0.17159190277680905,0.17041061485243506,0.1648465000536896,0.1934410204399688,0.16713883568308097
78.0,2.4133149519736903,2.140747072811704,2.055382444342692,2.027318530159224,1.7162007033514897,1.7672673140013342,2.2261996253394463,2.055011915264373,1.8589791546251773,2.263074092066284,2.360857705384436,2.5005139115261428,2.061481796628248,1.9378039910446125,2.0578831368838904,2.5205731403857685,2.248170400899139,2.04076238325465,1.9511874976798944,2.145913412137245,2.0006589146601836,2.338950518621921,2.2844416613677154,2.329025312693388,2.8740893063485062,2.528908451573541,2.1497206922733874,2.443638111039253,2.130871734398756,2.534738777501095,2.5131665547486506,2.978656017410493,2.668925397853814,2.105133438902208,2.144203905817675,2.0558547203256814,2.475776586934185,2.6928597363444857,2.409211284570968,2.4032263625954395,2.3076749146256774,2.799831983375348,2.3399507959520474,2.4670302696415196,2.2915724585220185,2.49067933800231,2.3430465383796863,2.3056602250925984,2.481505569329182,2.3520502782672112,2.5500442819024456,2.2259468794758557,2.4463130864056137,1.9712470687368813,1.7169659551758327,1.942230198398103,2.139615739062134,1.9168729786163734,2.276260089945829,2.526876179112117,2.5225363771195948,1.9888554001640104,2.0370820353613,1.8917923734962379,1.8256020870607899,2.0418076674206316,2.289064760146267,2.0277615882767543,2.0426501523721288,1.9985973128653336,2.078528425501579,2.3101008044399065,2.2568740003643164,2.370234750041272,2.3802642756401022,2.708654104863648,2.2113092755805877,2.501105460805973,2.526697997907495,3.0169074118729458,2.275647413133082,2.189956412188868,2.2941677048375793,2.093871225727244,2.144006383592202,2.2654390386245766,2.388759991534333,2.497706681076331,2.1128446836970785,2.2842351737444164,2.7018384329181333,2.6036466455451692,2.490031998930923,2.69538616296575,2.3717781328199807,2.468045343296907,2.486985279168183,2.28994594902037,2.521916414703015,2.4238122338180705,0.20212731930106995,0.13422688604833738,0.14665940636978514,0.1400063878582793,0.1472843605445772,0.1337146453048078,0.15927682929243153,0.1439876814606854,0.14814091829806256,0.1676366171512781,0.17995114655075797,0.17450125522143742,0.1635459733307182,0.17060115044674257,0.16539799267895158,0.13779855731733964,0.18110936800886476,0.148429579608388,0.17683932756786877,0.19419075672190617,0.1784793258312597,0.15506453533238113,0.17961474789759266,0.1751069677718773,0.18530182416647434,0.14332466984122472,0.18372179853757428,0.19119525791309142,0.15417609825309447,0.1874380209947146,0.15361311061745114,0.1809573971354453,0.1661385041968131,0.1577617727319839,0.15751993700435976,0.18728180206217082,0.21013470180644747,0.16804205602699526,0.15774490792212634,0.16697947078371442,0.1456462216759326,0.16668318542632146,0.15685667490170585,0.17829680413619062,0.1747119163146082,0.17323209696896022,0.17469225880784617,0.17298178045491294,0.19110431669898006,0.15519634170264118,0.16523555410470375,0.1384042356159525,0.135421460324941,0.12816059377325534,0.1371772239334923,0.12743496436903556,0.14408514528928396,0.13910812036468465,0.16693898762797943,0.19690627875198083,0.18455469426726967,0.17083137803065654,0.1937281240293707,0.17878742871066305,0.17544860059954892,0.16919659932649578,0.14253579471150896,0.16667348010975463,0.1591602404692707,0.14945737342444823,0.18065111845207463,0.1505849829207818,0.1811820635821099,0.1664884462956752,0.16034590276331512,0.13666945889410448,0.15329087826506607,0.16653190250746022,0.1691683600954305,0.16351021573158106,0.18022363112661635,0.15986245271060073,0.16110994360712794,0.15080000702482851,0.17581211672136693,0.15775325511240523,0.21124637896183407,0.18699432950919212,0.1626903025752737,0.16317185640746032,0.15990540096186595,0.1907971215965579,0.15434761709572659,0.1789791376707604,0.16626367579669957,0.1736820779046837,0.17237625146403251,0.16686969495800172,0.19381989014586679,0.16834197917742472
79.0,2.4043165496969747,2.136324434219551,2.0482588807054265,2.0226811904951303,1.7138686455616334,1.7633157888722901,2.2204817437291466,2.049053029796006,1.8552766628662694,2.2527484897586425,2.3498192435625476,2.4926189767964124,2.0515838902506904,1.9282653591254981,2.051163323997397,2.514297098284014,2.2399262505008903,2.0334842087475162,1.9439016652583982,2.138936828178714,1.9935819062120546,2.3300083157280227,2.273536761668587,2.321129804432131,2.8671285832448135,2.523410424844761,2.142994921202813,2.438906157502806,2.124843369135214,2.524679533733852,2.5094000375941206,2.969523408445479,2.665936740964634,2.0977795568332227,2.1381281985027996,2.0483088402372696,2.466778971058414,2.6844711111030795,2.4030204207728496,2.396453859658744,2.3005056213327917,2.794356914984618,2.3348967901105424,2.4655593049401094,2.2888654838228195,2.4822211333145865,2.334456181276239,2.2958385557781003,2.472466429655522,2.3438072953123466,2.5437709842577934,2.2188320273365267,2.440126231103779,1.9685906632871508,1.7159638822016396,1.9373874780468323,2.1336902139111906,1.912364946620362,2.2646802897034304,2.5166414023559898,2.516304962877309,1.9800444748706592,2.0244809863462865,1.8828659829108323,1.8199712226642868,2.0354366887975988,2.282592663096813,2.0208739494443284,2.03556092286479,1.990911788100018,2.071321222978894,2.3016263761351423,2.2466238521355315,2.3629571049647806,2.3713038678211804,2.7022315188515544,2.206461115521747,2.493933557991883,2.5270990898149193,3.008188877382102,2.266821574738115,2.1814555162541254,2.292636147835649,2.08905208103481,2.138782057320605,2.257357575588902,2.376764875102207,2.4940269509164965,2.1049285958881754,2.2761479765699293,2.696088046773765,2.59418230668669,2.485390646402303,2.6899463677873405,2.366373127340956,2.468284676644943,2.4787740861084413,2.280376861870267,2.512424842338903,2.414608897458744,0.202890169954755,0.13327354160889546,0.14633668056489973,0.1399837001740267,0.14674679634190432,0.13343440787877903,0.1600420719267933,0.14428981656334033,0.14772552659579366,0.1689132380238301,0.18121368783011718,0.17572467656977495,0.1646220316552456,0.17205862240626466,0.1665925595805786,0.13824716720489905,0.18260555588451519,0.14957337250164635,0.17837107888653506,0.19587372991854143,0.1799721956482926,0.1564236930090299,0.18170568496131925,0.17682106899225047,0.18670958347474795,0.1446061822821186,0.18697575551247161,0.19263494851866841,0.15513107311931124,0.18866422875176075,0.15559445721567797,0.1819071740017527,0.16689215367547944,0.15905411026193142,0.15976028795744981,0.187818410299436,0.21258488750823035,0.16937366521164438,0.1581343440493562,0.16813522405835885,0.1469075805917208,0.16815246232498368,0.1591204270046238,0.18047136921135132,0.1775721566049452,0.17557708966305602,0.17577052945023444,0.17434923297910326,0.19330718792953544,0.15680471429982834,0.1654474846382335,0.13787812227536025,0.13552100922650429,0.12719088162177,0.13688225346593777,0.12573191847204307,0.14427123336820027,0.138853886771923,0.1673626354453606,0.19850001486433688,0.18531947526331471,0.1723407512623281,0.19461392005134132,0.17974494068625194,0.17618598780723793,0.16987623424271472,0.14312399547774596,0.16758514446412864,0.15946743485295353,0.149707902433679,0.18178534804712812,0.15156335993706116,0.18287435186559564,0.16716602689909377,0.16064536255691758,0.13733631419363254,0.15478847769021614,0.1681708944083415,0.17284048493498974,0.1651062565766923,0.18098349184911874,0.16024965304147634,0.16350962566927957,0.1528382603696557,0.17881534591562323,0.15849674246723414,0.21369344611906504,0.18868159663306536,0.16347604649081152,0.16404599419274368,0.15999461779044138,0.1918499970190926,0.15430750000938567,0.18098215261789646,0.16773376253788108,0.17586088407112202,0.17439787705939694,0.1689636512623437,0.1941112642556084,0.16952276959558726
80.0,2.3953188169870048,2.1319861422986945,2.0410647699239948,2.0180698189524238,1.711332268085708,1.7594096314523016,2.2148756697380114,2.0431535895269803,1.8517260572364411,2.242082456098223,2.33840248216507,2.484527916207735,2.041289251685003,1.9186726506986687,2.044802848203175,2.507967931270059,2.231784641207578,2.0263347345296356,1.9366798906641531,2.13225014964987,1.9866995806175827,2.320882010587102,2.262349374712996,2.3134296645632175,2.860279329160345,2.51784308547727,2.1365481226361402,2.4344509085627486,2.118981506002218,2.51482570676061,2.505617520239383,2.960160452135668,2.66310622803221,2.0904346815776593,2.132239946610988,2.0409226277593935,2.457484564874099,2.6760073158822366,2.39683949172795,2.389738615323764,2.293567773057996,2.788854534179507,2.3301103178856715,2.464343036119996,2.2866098214659245,2.474031997426169,2.325969048015887,2.2858592733935974,2.463197621556469,2.3356367244054166,2.5375944089331295,2.211739374542577,2.433947052340237,1.965901861185871,1.7147004019750174,1.932621778858154,2.127780309204933,1.9079086616433756,2.2528336032599614,2.506077834259531,2.5100646060510186,1.9709543876779214,2.0115306577383216,1.8739776335265113,1.8147230545329938,2.029431490862564,2.2762945984962504,2.014105606809321,2.02849318393455,1.9833571943414505,2.064436667263688,2.2930029232420805,2.236152844327644,2.355798835473841,2.36237645707958,2.695703904446828,2.201836741164884,2.4869713818377197,2.527745902994561,2.9992694517046337,2.258096291924403,2.173088531831514,2.2915176783018336,2.0844771460910114,2.133908764111177,2.249339000833788,2.3644148020131643,2.4906110581394976,2.0972038347280137,2.2682493236718333,2.69039353850301,2.5847683571230915,2.480977018764883,2.6845933206437502,2.361225632373461,2.4688789203130073,2.4708182536873204,2.2707270142791796,2.5025176280221335,2.4052414935333277,0.2036214220870956,0.13216581244901124,0.14594705026687638,0.13992129279942872,0.14611302794785222,0.13305968703448764,0.1607906256980596,0.14454840076050196,0.14720068440579542,0.1702357046235183,0.18250533881025946,0.17696684850792366,0.16571663665817277,0.1735578714818551,0.16779231916511012,0.13863375195014932,0.18415403417015974,0.15072089317916698,0.17996734610962142,0.19760588883132396,0.18150544569875895,0.15780995869743084,0.18384726888886457,0.17860374549382543,0.18814952998620074,0.1459156549923572,0.19037708177350177,0.19407228107357644,0.15606437403961929,0.18987575515252195,0.15766533243645664,0.18281619148085282,0.16762425805634054,0.16035454250998635,0.1620883948365137,0.1882976509919101,0.21513075533867182,0.17076936527487324,0.1584952286769754,0.16932098315877794,0.1481886763331113,0.16964848783286302,0.16145377362936078,0.18271117100471923,0.18053924207694194,0.1779839758261098,0.17684922539239864,0.17568941749058384,0.19561510775960705,0.1584514384981977,0.16560119836712456,0.13726635258482256,0.13555984004841626,0.12607267930975374,0.13654427721532336,0.12379551719447969,0.1444241151774558,0.1385222707520881,0.16769854017638702,0.20010078439237905,0.18604281991068772,0.1739210008349918,0.1954709262672783,0.18067990550861676,0.17691128408103707,0.17050580847008426,0.14372777097123943,0.16848442506475753,0.15968304537674094,0.14987677228811577,0.182903564129165,0.1525169774476159,0.18457693461829552,0.1678465740649297,0.16085483614419338,0.13796578570109075,0.15633868562355888,0.16984392350584543,0.17671503341988412,0.1667395232221719,0.1816948399347539,0.16057705302907777,0.16599561209689334,0.15494847748747206,0.18196397398400868,0.15919393968934162,0.2162272047608069,0.19040068349086145,0.1642239050002477,0.16493693568121318,0.1600047880577932,0.1929113449662918,0.15419893574629318,0.18304102897086516,0.16922838390088205,0.17812631227503978,0.1764712782113584,0.17112583449775448,0.1943091234882073,0.17067800455719204
81.0,2.386336108294714,2.127747498684723,2.0338093617759645,2.013497322894143,1.7085854920366068,1.7555587213944852,2.2093993375041605,2.037330638888743,1.848345527783829,2.231068926554582,2.326600282469392,2.4762402285976193,2.0305881953440164,1.9090383425167738,2.0388326307769673,2.5015962211483025,2.223765335365899,2.0193380872546,1.9295409280145979,2.1258865607127477,1.9800378624097723,2.311569443857742,2.2508740492637673,2.3059500157410646,2.853550725497459,2.512207734981894,2.130408399793305,2.4302915737580815,2.113307013710183,2.50520027303085,2.5018273983012285,2.9505668379197076,2.6604490595579633,2.0831141625690077,2.1265597781125205,2.03372007808268,2.447890787224344,2.6674748548485736,2.3906781312263443,2.3830948409153003,2.2868882045290846,2.7833281278753974,2.3256145482748884,2.4634013358354387,2.2848426664029833,2.4661380931741523,2.317599964117678,2.2757256121234333,2.453700448326694,2.327560890454249,2.53153114065438,2.2046840780554975,2.4277882351425055,1.9631865482032194,1.7131635186769822,1.9279473419916417,2.1218999598638923,1.9035174547984877,2.2407173330340187,2.495181000699979,2.503822346689498,1.9615811895647393,1.9982266973043539,1.8651430115297254,1.809891961902412,2.0238225342653577,2.2701930210942547,2.0074755857875393,2.0214625599857,1.975957217068928,2.057909597996163,2.2842298938130687,2.225458179713348,2.3487781303120037,2.3534977161505926,2.689069755869548,2.197457563305545,2.480237452100103,2.5286560392493644,2.9901523037800026,2.249491130712799,2.164878824658583,2.2908453224148473,2.0801697852821546,2.1294187362807313,2.2413967767601823,2.351709395304651,2.487475860340438,2.089697806712377,2.2605636240377396,2.684767394973652,2.575417777510701,2.476810412225376,2.6793387107226105,2.3563562517453938,2.469852362370308,2.463143937406087,2.261004494478837,2.4921859940274396,2.395718869758013,0.20432035266513376,0.13089803436390776,0.14549261643191405,0.13982508457986115,0.1453836113877233,0.13258876687768098,0.16152114260233094,0.14476380158609828,0.14656350598174173,0.17160506815060161,0.18382559149420327,0.17822601977995603,0.16682788847432067,0.17509711441730616,0.16899504544913208,0.13895425634400688,0.1857550687983713,0.15187005013671703,0.18162890119695535,0.19938675463201555,0.18307855778157742,0.1592201802927317,0.18603448422002208,0.18045573288519495,0.18962157485119394,0.14724977150197893,0.1939223368586387,0.19550276011263923,0.1569727004214819,0.19106675802053436,0.15982599793386537,0.18368230955156173,0.16833305734561452,0.1616596381727714,0.1645001570737992,0.18871452714738787,0.21777088797726327,0.1722318530132216,0.15882568886431778,0.17053709269931663,0.1494876767268866,0.17116561595688431,0.16385017471422136,0.1850121072355491,0.18360819850789345,0.1804475459357246,0.17792436668080627,0.176993900193008,0.1980310365267708,0.1601345058667158,0.16569836870312216,0.1365692537111568,0.13553898773846368,0.12480480434299822,0.13616631687075212,0.1216103599197592,0.1445466434668114,0.13811259845524118,0.16794247121457576,0.20170503638219062,0.18672080046287418,0.17557504363589402,0.19629461717847937,0.18158900076105247,0.17762461349377598,0.17108021664092268,0.14435440369893154,0.16936975104783683,0.1598006881861152,0.14996127350809516,0.1840037005999983,0.15344042511305028,0.18628442218012153,0.16853349751294122,0.1609692383634971,0.13855410218585976,0.15794341990422167,0.17154844939199543,0.18078715549302893,0.1684119137399961,0.18235331157524995,0.16084221166940751,0.1685633739881362,0.1571272385073172,0.18525607002457686,0.15983898476774136,0.21884708604027595,0.192147295455036,0.1649302504879181,0.16584789701331018,0.15993327337086924,0.1939839956041429,0.1540223856988239,0.18515114477129338,0.170742191579156,0.18047520955914692,0.17859124031623141,0.17335287874251054,0.194407840236609,0.1718046132245482
82.0,2.3773827780710173,2.123623805013243,2.026501906038908,2.0089766096833683,1.7056222385272053,1.7517729383519556,2.2040706811656934,2.0316012223126805,1.8451532645565871,2.219700836597199,2.3144055057528963,2.4677554128035584,2.0194710356405654,1.8993749113324212,2.033283592994506,2.4951925497231597,2.2158880953225384,2.012518393576013,1.922503531427172,2.119879245529356,1.9736226761216398,2.302068456198567,2.239105334083663,2.2987159806201203,2.846951953658535,2.5065056748694494,2.124603855894183,2.4264473626278087,2.1078407609694896,2.495826208994052,2.498038067396461,2.940742255236251,2.6579804360432364,2.0758333492407504,2.121108320977765,2.0267251863977642,2.437995056952239,2.658880232168728,2.384545973058117,2.3765367477581734,2.2804937504737977,2.7777809829877076,2.321432650275685,2.462754076740715,2.2836012135856403,2.4585655833955986,2.3093637551006454,2.265440806151932,2.4439762132608287,2.3196021183667503,2.5255977641474425,2.197681294836745,2.4216624645381004,1.9604506101094061,1.7113412364885285,1.9233784086068608,2.116063100808643,1.8992046571987766,2.2283287814442296,2.483946427554578,2.4975852248415285,1.9519209315100279,1.9845647528113644,1.8563778031069582,1.8055123240080293,2.0186402796558167,2.2643103856405173,2.001002911794814,2.014484675422553,1.9687355417617323,2.0517748548164945,2.2753067359004686,2.214537061065343,2.3419131782228346,2.3446833177695297,2.682327567339832,2.193344992739239,2.473750288535667,2.5298471003822556,2.980840602547628,2.241025657124132,2.1568497604728374,2.290652106353394,2.0761533629945395,2.1253442061461003,2.2335443657690406,2.3386482780141082,2.484638215114449,2.082437918337061,2.2531152866552957,2.6792221030534193,2.566143548505813,2.4729101229905135,2.674194227211546,2.3517855892846278,2.4712292908860554,2.455777292766005,2.2512173907009303,2.4814211626295353,2.38604987384894,0.20498702206456795,0.12946596193578927,0.14497738519539394,0.13970320204559086,0.1445610771586207,0.13202139211840472,0.16223251235828623,0.14493738654560884,0.1458122936327611,0.17302215035898802,0.185173680810403,0.17950005499552066,0.16795332005890082,0.17667391753970388,0.1701981061525318,0.1392049912665701,0.18740853496654855,0.1530186813855938,0.18335610769589994,0.20121555520077541,0.18469061298221795,0.16065058411713262,0.18826126400678825,0.18237739692854227,0.19112543759703823,0.14860457953539374,0.19760675944831296,0.19692133998303682,0.15785274769443142,0.19223073652361425,0.1620762257715345,0.18450390639077022,0.1690169822394895,0.1629655939440207,0.16699037774232062,0.18906404138481545,0.2205031256540234,0.1737637404040977,0.1591239271493949,0.1717837907468054,0.15080249371644858,0.17269737199778842,0.1663019475506951,0.1873691345507064,0.1867727833624752,0.18296153301688228,0.17899140733257513,0.17825328911536237,0.20055792529593966,0.16185160172260385,0.16574217115814596,0.13578865584240996,0.13546088948230772,0.12338840952816356,0.1357528637796573,0.11916068945111363,0.1446430001606273,0.13762531403789363,0.1680908838920566,0.20330893271034925,0.18734943497439338,0.17730578260661806,0.1970802042244615,0.18246882276303014,0.17832645176560907,0.17159407155046502,0.1450126900651448,0.17023970313102813,0.15981424856096194,0.1499595480424375,0.1850838141593519,0.1543279106607807,0.18799068787697662,0.169231100877569,0.16098391948373794,0.13909743752666046,0.15960483327840866,0.1732815264717754,0.18505002239247018,0.17012586622936035,0.18295470686617465,0.16104335958394503,0.1712071487672996,0.15937026630395235,0.18868853081035944,0.16042567899296836,0.2215519530808392,0.1939163759633639,0.1655916694545906,0.1667828624760266,0.15977822486238263,0.19507147830976776,0.1537796120320764,0.1873066197761814,0.17226891654995743,0.18290319640159927,0.18075149778972704,0.17564051910951287,0.1944022755369621,0.17289968453524016
83.0,2.36847318076684,2.119630362919851,2.0191516524903874,2.0045205866831344,1.7024364286703855,1.7480621619778396,2.1989076348607486,2.025982384230223,1.842167457602859,2.2079711216956204,2.301811013292957,2.4590729676630594,2.007928086987486,1.8896948338982635,2.0281866561315347,2.4887674987990467,2.208172683424206,2.005899780147478,1.9155864550193076,2.114261388261722,1.9674799462861894,2.292376888268173,2.2270377779355037,2.291752681854796,2.8404921950459325,2.5007382066507873,2.119162594158696,2.422937484710935,2.1026036164905735,2.4867264910997147,2.4942579231418747,2.9306863935239678,2.655715557989441,2.068607591026348,2.115906203177014,2.0199619478952835,2.4277947929009285,2.650229952009338,2.378452651013348,2.370078547177177,2.274411245619938,2.7722163864318192,2.317587792885512,2.4624211314900837,2.2829226579655284,2.45134063092756,2.301275246483823,2.2550080896634426,2.434026219653512,2.311782733050805,2.5198108641382206,2.190746181847831,2.4155824255545477,1.9576999326745956,1.7092215595906575,1.9189292198633778,2.110283666959734,1.8949835999573188,2.215665250909207,2.472369640700568,2.4913602805559094,1.9419696644927147,1.9705404720263084,1.8476976944446737,1.8016185200853596,2.0139151876837977,2.2586691468847246,1.9947066102469417,2.00757515464942,1.9617158538991586,2.0460672773648536,2.266232897556614,2.2033866911563225,2.33522216794989,2.3359489346716966,2.6754758330777713,2.1895204402615063,2.4675284109010436,2.5313366881961694,2.971337516946985,2.2327194371791994,2.1490247050118443,2.2909710562961587,2.072451243614447,2.1217174060240933,2.225795230261326,2.325231073178988,2.4821149800566755,2.075451576097847,2.2459287205120866,2.6737701496100805,2.5569586507647557,2.4692954472670054,2.669171559298174,2.3475342488190596,2.473033993929466,2.4487444752683363,2.2413737911771765,2.470214356103127,2.3762433535223075,0.20562237835744177,0.12786712419097723,0.14440756438580302,0.13956624409332152,0.14365029440190266,0.13135899474136403,0.16292386889173,0.1450716357721088,0.14494674106702615,0.17448747413097235,0.18654853778587094,0.18078640679559002,0.16908984230760277,0.17828516177755913,0.1713984470702016,0.13938270459433225,0.18911387004207417,0.15416456978819346,0.18514887745744463,0.20309120810745263,0.18634024955182815,0.16209676114534424,0.19052045008822394,0.1843686837551809,0.19266062538791323,0.14997548540610617,0.20142426077048886,0.19832244304566635,0.15870127449164723,0.193360526160014,0.16441533126428157,0.18527993824899117,0.16967467224161475,0.16426823271346702,0.16955278667416798,0.18934124636365568,0.22332454161645005,0.17536750109593885,0.15938823461384286,0.17306115935369143,0.15213074675555824,0.17423651421976677,0.16880032814149087,0.18977625913446913,0.19002549856450113,0.18551859422027206,0.1800452275752201,0.17945721244725585,0.2031986866255684,0.16360012065436005,0.1657374108645275,0.13492806415519848,0.13532951431934706,0.12182739620027724,0.13531000793876508,0.11643028225049017,0.14471878912543018,0.1370620751543143,0.1681410182502312,0.2049083145502713,0.1879246869865869,0.1791160896073788,0.1978226599710798,0.1833159262432494,0.1790176678191974,0.17204171142424593,0.14571293449837341,0.17109305065342337,0.15971798367862425,0.14987070487245435,0.1861421288013251,0.15517327548485446,0.1896888370547903,0.16994461440816871,0.16089474875326576,0.13959195842727734,0.16132532191431778,0.17503979888604773,0.18949480422250212,0.17188433979301773,0.18349506399819196,0.1611794882948749,0.1739198971227654,0.1616724224304951,0.19225703653627732,0.16094750205621627,0.22434003835138167,0.19570209108333023,0.16620501871618779,0.16774659970686834,0.15953867445033587,0.19617801839073165,0.153473825456861,0.18950023542891478,0.17380133837050254,0.18540461210207632,0.18294471704962528,0.17798354138277597,0.19428787022705182,0.1739604947768996
84.0,2.359621670833093,2.11578247404016,2.0117678509079937,2.0001421612565053,1.6990219835790212,1.7444362719252506,2.193928132727426,2.0204911690727942,1.8394062969707812,2.1958727173193746,2.288809666366986,2.4501923920136237,1.9959496637975984,1.880010586966923,2.0235727414637794,2.4823316501803516,2.2006388620175787,1.9995063736225502,1.908808452908441,2.1090661730718514,1.9616355974364332,2.282492580725187,2.2146659295820523,2.2850852420995595,2.834180631062007,2.494906631836717,2.114112717806741,2.419781149546477,2.097616448983791,2.4779240957973285,2.4904953611542613,2.9203989422215084,2.6536696258979577,2.0614522373592727,2.1109740526805916,2.013454357765861,2.417287413913501,2.641530518537053,2.3724077988821217,2.3637344504971343,2.2686675246952572,2.766637625123143,2.314103145101844,2.4624223727378327,2.28284419449429,2.44448939860714,2.293349263786263,2.2444306968423082,2.4238517707993985,2.304125059414277,2.514187025352619,2.183893896050213,2.4095608032193603,1.9549404016689882,1.7067924921643638,1.9146140169207568,2.1045755932377177,1.8908676141871954,2.202724043847555,2.4604461660151897,2.4851545538814244,1.931723439491725,1.956149502716132,1.8391183717293433,1.798244929369888,2.009677718999135,2.2532917595765354,1.988605706559755,2.0007496220705923,1.9549218389604814,2.0408217052814313,2.257007826833869,2.1920042727589713,2.3287232882367377,2.3273102395924155,2.668513047303465,2.186005316667862,2.461590338952852,2.533142404494049,2.9616462159174954,2.2245920368988643,2.141427024013127,2.2918351984218597,2.0690867915281723,2.118570568231535,2.2181628326379808,2.311457403836736,2.4799230127622334,2.068766186490526,2.239028334595767,2.668424021511366,2.5478760649438446,2.465985681261564,2.664282396170135,2.3436228341765633,2.475290759569741,2.442071640414325,2.231481784139294,2.4585567967229656,2.36630815649426,0.2062283481962909,0.1261012143043529,0.14379184730210093,0.13942751406735432,0.14265884481078847,0.1306049025834976,0.16359458135348973,0.14517023107070318,0.14396812778908388,0.17600117782471192,0.18794873692551764,0.18208209417340673,0.17023369975929362,0.17992702720756173,0.17259259429014617,0.13948464639764802,0.19087003138188047,0.15530546028092243,0.18700663746852245,0.20501231093094277,0.1880256257437596,0.16355367708380641,0.1928037807502532,0.18642906740885493,0.194226410977868,0.15135727908728155,0.20536746469608644,0.19970001017948827,0.15951519765642877,0.19444832049889377,0.16684224850331658,0.18600998368836932,0.1703049822477552,0.16556301319441227,0.17218011495128674,0.18954130375276573,0.22623143979891192,0.17704540084570508,0.15961699735992144,0.17436906462746335,0.15346972210786966,0.17577515603113344,0.17133559273800197,0.19222656834667362,0.19335765668546634,0.18811033423851115,0.1810801531620036,0.18059433870211122,0.20595615073731766,0.1653771984316758,0.1656905963046972,0.1339927787863126,0.13515044319339292,0.12012880904686511,0.13484550827200198,0.11340221623567591,0.14478107465135273,0.13642579507840616,0.1680909805334715,0.20649867098187463,0.1884424661514446,0.18100878643844104,0.19851675892268522,0.18412687573500874,0.179699561104581,0.17241721938361992,0.14646685745762095,0.1719287891215983,0.15950663277364718,0.1496949132390599,0.18717708694169016,0.1559700330571822,0.19137119064401892,0.17068019045575883,0.16069819171772753,0.14003389012153952,0.16310753036846515,0.17681951229348375,0.19411069014928248,0.17369075443679047,0.18397074029485763,0.16125041891901393,0.1766932997562117,0.16402774280158886,0.1959560325852103,0.16139764728128472,0.22720888716023355,0.19749784340040158,0.16676748244549722,0.16874463780436996,0.15921459581396524,0.1973084928526225,0.15310980147804878,0.19172339112795175,0.17533128540659199,0.18797249547175343,0.185162521465238,0.180375754568822,0.19406072445894176,0.17498453355579516
85.0,2.3508426027207006,2.112095440009753,2.0043597510692672,1.9958542407665385,1.6953728243659967,1.740905147847306,2.1891501089038417,2.0151446212717983,1.8368879727085115,2.1833985589379674,2.275394326252341,2.44111318469277,1.9835260804837451,1.8703346472910352,2.019472770266995,2.475895585671503,2.193306393449363,1.9933623006548693,1.902188279212015,2.1043267841218034,1.9561155541053918,2.272413374228178,2.2019843377861372,2.2787387840088207,2.828026443109142,2.4890122519380733,2.1094823300582375,2.4169975666734143,2.0929001271595706,2.469441999536369,2.486758777050414,2.909879590767537,2.6518578402701545,2.0543826376730157,2.106332497458823,2.007226411200137,2.406470338833078,2.6327884359184943,2.366421050454499,2.3575186690428467,2.263289422427547,2.7610479859770707,2.31100187592215,2.46277767313823,2.2834030181235723,2.4380380492714018,2.285600632527001,2.2337118618728464,2.413454169993131,2.296651422365045,2.508742832516551,2.177139594405361,2.4036102825600487,1.9521779028627682,1.704042038390662,1.9104470409385705,2.098952814563162,1.8868700310014896,2.189502462677875,2.4481715293756867,2.4789750848668497,1.9211783074859894,1.9413874926478232,1.8306555211474345,1.7954259310971237,2.005958334251661,2.2482006784656443,1.9827192261490516,1.9940237020903917,1.9483771824250062,2.036072978206407,2.247630971784571,2.1803870086459836,2.3224347278269226,2.31878290526699,2.6614377042370294,2.1828210327538504,2.4559545924477355,2.5352818510788167,2.951769868398632,2.216663022303926,2.134080083214224,2.293277558909195,2.0660833711220388,2.11593592508525,2.2106606352999907,2.2973268930247954,2.478079170826231,2.062409156010877,2.2324385378939318,2.6631962056250456,2.538908771699391,2.4630001211809125,2.6595384270150437,2.340071949185014,2.4780238758760853,2.435784943705232,2.221549457818986,2.4464397067637504,2.3562531304809857,0.2068079065761551,0.12417050799935365,0.1431416654189512,0.13930319630046614,0.1415973917996998,0.12976451389806073,0.16424422638123348,0.14523811085635052,0.14287949294740707,0.17756291192537516,0.18937243765568937,0.18338368796121354,0.1713804410932665,0.18159500271288737,0.17377667807792072,0.1395086242088029,0.19267546153537887,0.1564390783263292,0.18892831030615828,0.2069771406680255,0.1897443900751625,0.16501571107898855,0.19510191180164152,0.18855749503616945,0.19582180953144238,0.15274419589737434,0.20942780085002857,0.20104758971994055,0.16029171881997908,0.1954857255186531,0.16935565288679238,0.18669426606096567,0.17090697442915678,0.16684505333025498,0.17486422750455885,0.18965955212596056,0.22921937891318564,0.1787994100997856,0.1598086935490912,0.17570708669113813,0.15481632874365456,0.17730495792098963,0.17389724646314222,0.19471231043619522,0.19675950790902963,0.19072737863967598,0.1820900076297057,0.18165244903108355,0.2088330047616319,0.16717976226754758,0.16560993927822248,0.13298993942491544,0.13493088019702754,0.11830318001323714,0.13436878306613306,0.11005845304858695,0.14483834646734042,0.13572061244423403,0.16793979843607068,0.20807511417002256,0.18889863283394653,0.18298662395628562,0.19915713858983713,0.18489831009815952,0.18037389153294042,0.172714457938328,0.14728739773009328,0.17274617672699502,0.15917553237430915,0.1494334620364226,0.18818740741122417,0.15671143512664396,0.19302928655951718,0.17144485170782206,0.16039137647105284,0.14041960105486578,0.164954351573859,0.17861654569572566,0.19888495561818778,0.1755488829917522,0.1843785000859529,0.16125684015559041,0.17951780110256577,0.16642952010259884,0.19977874108434385,0.1617690814989682,0.23015531051788846,0.19929632164957595,0.16727662941754426,0.16978319901020072,0.15880692667776275,0.19846833707687866,0.15269394988135807,0.1939661070176226,0.17684967443144967,0.190598606947499,0.18739556663467588,0.18280999164290596,0.19371765978188668,0.17596952741251604
86.0,2.3421503308805764,2.108584562464247,1.9969366027517985,1.9916697325763002,1.6914828721441888,1.737478669397131,2.184591497528116,2.0099597852586735,1.834630674864184,2.170541582020943,2.261557854226425,2.4318348445379665,1.9706476514587588,1.8606794916232352,2.0159176638169094,2.469469887076877,2.186195040066252,1.9874916878980047,1.8957446880474678,2.1000764055735535,1.9509457408260706,2.262137109435778,2.1889875513105435,2.2727384302369904,2.8220388125896907,2.4830563684656872,2.105299534133079,2.41460594563078,2.088475519728293,2.4613031787663155,2.483056566447151,2.8991280286007206,2.650295401607431,2.047414141401036,2.1020021654820162,2.0013021033887526,2.395340986502761,2.6240102083203163,2.3605020395205925,2.351445414139129,2.2583037735445806,2.755450755909019,2.3083071543438978,2.4635069053455396,2.2846363238050156,2.432012745757402,2.278044178225064,2.2228548189394117,2.402834720529353,2.289384146810998,2.503494870355928,2.170498433874778,2.397743548604146,1.9494183220261312,1.7009582024505394,1.9064425330763726,2.093429265856624,1.88300418151328,2.1759978098188,2.4355412566593033,2.4728289135609756,1.9103303194544214,1.9262500895883274,1.8223248288854181,1.7931959045025525,2.0027874940912263,2.243418358301729,1.977066194430663,1.987413019113114,1.942105569772,2.0318559357799373,2.2381017804610925,2.168532101590061,2.3163746754640075,2.31038260443072,2.6542482980985453,2.1799889993149852,2.4506396911423187,2.537772629753421,2.9417116433298363,2.2089519594152156,2.127007248352666,2.2953311639368783,2.0634643467823204,2.1138457089020526,2.203302100648281,2.28283916378061,2.476600311843807,2.056407891154691,2.226183739394233,2.6580991888188645,2.5300697516876953,2.460358063231768,2.6549513410205194,2.336902197672318,2.481257630917717,2.429910540642333,2.2115849004479613,2.433854308500219,2.3460871231986435,0.20736511741865135,0.12208030313231148,0.14247138840594742,0.1392124511032542,0.1404800264951387,0.12884542036348612,0.16487253921685432,0.14528148063543384,0.1416857758886013,0.17917171748788163,0.19081731996657125,0.18468730375421052,0.17252490832204756,0.18328392591559853,0.1749464810617889,0.13945304422949412,0.19452806327297795,0.15756314876035765,0.19091231130769018,0.2089836636203282,0.19149366153950148,0.1664767265569849,0.1974044760552101,0.19075233030446848,0.19744555476256276,0.1541300190568995,0.21359565405967187,0.2023584694709964,0.16102848476560908,0.19646385147520837,0.1719541307789149,0.18733364863570817,0.17147989298850516,0.16810916959085115,0.17759631730552428,0.18969158420868984,0.2322832257761324,0.18063109797327745,0.15996187812874235,0.17707444091502936,0.15616705209016482,0.17881739482401734,0.17647428198520707,0.19722502672436565,0.20022043172868623,0.19335950301179175,0.18306820196765466,0.18261857066132733,0.2118317134164745,0.16900460020735805,0.16550526220849004,0.13192847159934235,0.13467957690867347,0.11636478125881776,0.1338908016639732,0.1063791448425053,0.1449003930306681,0.13495177121860796,0.1676874410544039,0.20963236662653675,0.18928901091075076,0.18505225881215867,0.19973838424638948,0.18562702111619273,0.18104289810991145,0.17292712097100685,0.14818839357195937,0.1735447678629551,0.15872073398242473,0.14908877402833595,0.18917215033246576,0.1573905698281528,0.1946539016374262,0.17224638324199013,0.15997214404376706,0.14074570558587537,0.16686891988674254,0.18042646544211308,0.20380307903705835,0.17746269107424673,0.1847156098740261,0.1612003052953052,0.18238270497086337,0.16887043763328813,0.20371720447622765,0.1620546335544055,0.23317535016660415,0.20108959133787171,0.16773047063162927,0.17086907585586936,0.15831754757960304,0.1996633966376542,0.15223432195773837,0.19621708253386802,0.17834659779417927,0.1932734961365409,0.18963367244145957,0.1852781426187228,0.19325625891090017,0.17691346073432415
87.0,2.333559209763656,2.1052651430392406,1.9895076557331481,1.9876015440488304,1.6873460480264817,1.734166716227834,2.1802702327383634,2.004953705464798,1.8326525934859417,2.1572947220377983,2.2472931115666057,2.4223568703867566,1.9573046911354646,1.8510575967161556,2.012938343389254,2.4630651362009086,2.1793245642149266,1.981918662005546,1.8894964335322286,2.096348221589165,1.946152082131483,2.251661627006574,2.1756701189180574,2.267109303438553,2.8162269209060264,2.4770402829303757,2.1015924332511697,2.4126254959575735,2.0843634954003765,2.453530609936669,2.4793971249612383,2.888143945159711,2.648997510411161,2.0405620979768258,2.09800368472049,1.9957054295223362,2.383896775765657,2.615202339909154,2.3546603998704536,2.3455288971107944,2.253737412774136,2.7498492218343835,2.3060421493645618,2.4646299420140503,2.286581306490236,2.42643965090223,2.2706947263995105,2.2118628022263453,2.3919947257027143,2.2823455576600122,2.4984597235966484,2.1639855714199348,2.391973286379153,1.9466675449292572,1.6975289885250011,1.9026147344937385,2.088018882038652,1.8792833968356437,2.16220738768892,2.422550873743281,2.4667230800125797,1.8991755263759622,1.9107329413046037,1.8141419811297708,1.7915892288216841,2.0001956591676775,2.238967253834476,1.971665636820396,1.9809331975430602,1.9361306864807646,2.0282054176422344,2.2284197009157696,2.1564367543638805,2.3105613198915607,2.302125009818923,2.6469433231081108,2.177530627146776,2.4456641547932163,2.5406323423208073,2.9314747096505385,2.2014784142535637,2.1202318851659743,2.2980290396835907,2.0612530828953104,2.1123321519987606,2.1961006910838483,2.2679938391416457,2.475503293410098,2.0507897984177683,2.220288348084277,2.6531454579605693,2.5213719855650907,2.458078803620848,2.6505328273742066,2.334134183466354,2.4850163127638414,2.4244745867268818,2.2015962002579363,2.420791824207072,2.335818982363403,0.20790513723104376,0.11983937071897639,0.14179844739956476,0.13917740075986745,0.13932456806806456,0.1278574606502672,0.16547934281591753,0.1453077700215961,0.14039391048679511,0.18082588725065515,0.19228051484475336,0.18598860162425104,0.17366124779100972,0.18498805753890749,0.17609751149315683,0.13931693493159858,0.1964251866881918,0.15867541407114083,0.1929565647370742,0.211029556544805,0.1932700221625189,0.16793017570556326,0.19970018444635768,0.19301129602852257,0.19909607524213815,0.15550822471742037,0.2178605693205444,0.2036258539730153,0.16172378142994698,0.1973734455849301,0.17463639078944546,0.18792959810251986,0.17202312067754405,0.16934993377704785,0.18036716006817738,0.18963333400146004,0.2354172385766171,0.18254150846544942,0.16007515265867975,0.17846989307699923,0.15751790756973397,0.18030409915116288,0.17905550573268797,0.19975573669291163,0.20372919255355323,0.19599582041176067,0.18400786386093215,0.18347917781760797,0.21495442059150796,0.17084844868723909,0.16538779757451208,0.130818915423461,0.13440665572552885,0.11433174087622074,0.13342386426247735,0.10234153344941704,0.14497806844135835,0.1341253981164603,0.16733479540537205,0.2111647668416207,0.18960941401104786,0.18720822680363894,0.20025514021834404,0.18631004637530327,0.18170930167736526,0.17304880491523317,0.1491841349822116,0.17432444122288873,0.15813912144341105,0.1486643649775196,0.19013078854566406,0.15800049424605336,0.19623509578661866,0.1730931620543154,0.1594390787078068,0.14100918123217093,0.16885459459731259,0.18224460196375375,0.20884890783742677,0.179436125498837,0.18497994184393007,0.16108317895011393,0.18527632390149304,0.17134275592473716,0.20776236123018338,0.1622471143065944,0.2362642577264262,0.20286922957062664,0.1681275186821896,0.17200944830758957,0.15774921787098492,0.20089972232501482,0.15174054140768176,0.1984638179218735,0.17981146521300342,0.19598661578493273,0.19186601525500988,0.1877712222211509,0.19267488020765575,0.17781459418222112
88.0,2.3250835938208483,2.102152483370333,1.9820821597908855,1.983662582547198,1.6829562731257495,1.7309791679925437,2.1762042486727036,2.0001434263216207,1.8309719186219415,2.1436509144580773,2.2325929595502783,2.4126787610766156,1.9434875139267016,1.8414814393224213,2.0105657302597866,2.456691914847991,2.172714728242088,1.9766673496310965,1.8834622697837342,2.093175416330645,1.9417605025546305,2.2409847675992003,2.162026589371494,2.261876526267902,2.8105999494605243,2.4709652968429863,2.0983891306324227,2.4110754271927943,2.080584922886208,2.4461472694969055,2.475788848209488,2.8769270298831677,2.6479793671827516,2.0338418568338406,2.0943576831445614,1.9904603847915094,2.3721351254648866,2.606371334851637,2.3489057652941554,2.339783329282638,2.2496171748439813,2.7442466706685664,2.3042300299816008,2.466166655798017,2.289275161130915,2.4213449275429366,2.2635671025693656,2.200739045917962,2.380935488807852,2.275557979819959,2.4936539769646293,2.157616164002304,2.3863121809126113,1.9439314573423399,1.693742400795051,1.8989778863502356,2.0827355980298163,1.8757210080816586,2.1481284987068694,2.409195906504854,2.460664624270457,1.8877099792295227,1.894831695563617,1.8061226640669497,1.7906402832900128,1.9982132901308598,2.2348698198135506,1.9665365787340658,1.974599861784545,1.9304762180305794,2.0251562634334572,2.218584181200966,2.144098169740157,2.3050128498531315,2.294025794166918,2.639521273485833,2.1754673270447737,2.441046503157075,2.5438785905838834,2.921062236300207,2.1942619528397858,2.113777359391718,2.3014042123280434,2.0594729438473207,2.111427486692206,2.189069869007626,2.2527905421453203,2.4748049731202255,2.0455822842958704,2.2147767729516845,2.6483474999179273,2.5128284539878942,2.456181638554865,2.646294575263723,2.331788510395015,2.4893242094836734,2.4195032374601357,2.1915914454806207,2.4072434761590396,2.325457555691449,0.2084341751625119,0.1174604052856484,0.14114335634406294,0.13922298013739592,0.13815279195792043,0.12681268799196363,0.16606445623616342,0.14532552999027049,0.1390128613324888,0.18252281211576943,0.19375853078809885,0.18728279103712275,0.17478294482517692,0.1867011927242985,0.1772250999149141,0.13909995062795405,0.19836363028771362,0.15977365108289415,0.19505854004764442,0.21311223903117196,0.19506952394472943,0.16936923649398236,0.20197696959672792,0.195331417560546,0.20077147224447095,0.1568721675169008,0.22221150644826965,0.20484308582294344,0.1623767582051581,0.19820506643684538,0.17740150451895165,0.1884841142978082,0.17253611783043937,0.17056174817700095,0.18316742272448697,0.189481174447937,0.23861517807388763,0.18453102183214667,0.16014711830601155,0.1798916725692821,0.1588643966150467,0.1817572725269335,0.1816299223917811,0.20229517131508792,0.2072742524920878,0.19862502512337915,0.18490200553896224,0.1842204626063894,0.2182028328629641,0.17270809507558327,0.1652698708324966,0.12967312514614665,0.13412332542154198,0.11222597148052442,0.13298126627917758,0.09791823849490419,0.14508294512083064,0.13324817262394323,0.16688359344096973,0.2126662997893834,0.18985569105697825,0.18945691126295916,0.20070224948368254,0.18694477558006645,0.18237628671325257,0.17307309963361817,0.15028879086119107,0.17508541965617122,0.15742852531471793,0.14816474067805555,0.19106328471053513,0.15853440166945543,0.19776227861314286,0.1739939219662357,0.15879151514188344,0.141207494155117,0.1709149306465236,0.1840661477505225,0.21400487095167442,0.1814728572316049,0.18517008730411877,0.16090852652156862,0.18818618016729824,0.17383854915568653,0.2119041513322896,0.1623394691631531,0.23941648875299823,0.20462650442014377,0.16846685173196904,0.17321163964095715,0.15710547676159273,0.20218331164282535,0.15122364840044156,0.20069280293618588,0.1812332049474058,0.19872647944697572,0.194081379438886,0.1902794719746009,0.19197264684464382,0.17867148151020992
89.0,2.316737837503071,2.0992618850931213,1.9746693647025872,1.9798657554344543,1.6783074685548667,1.7279259043443793,2.17241147946923,1.9955459922605407,1.82960684032032,2.1296030947512885,2.2174502594548318,2.4028000154450626,1.9291864342452931,1.8319634961946811,2.0088307457042363,2.45036080482253,2.1663852944944426,1.9717618774282555,1.8776609509194337,2.0905911739600107,1.9377969266285306,2.2301043718722178,2.1480515114336156,2.257065221379488,2.805167079655521,2.4648327117143296,2.0957177294967284,2.40997494887544,2.0771606708961867,2.4391761338965168,2.4722401318087015,2.8654769722097617,2.6472561724235533,2.027268767405561,2.091084788724562,1.9855909643869187,2.3600534544435616,2.5975236973144162,2.3432477695817986,2.3342229219794786,2.2459698944818873,2.7386463893269664,2.3028939651924865,2.468136919351734,2.2927550826786818,2.416754738516614,2.2566761322536726,2.189486784198639,2.369658313139418,2.2690437381987305,2.489094215185768,2.1514053685833625,2.380772917232003,1.941215945035564,1.6895864434416832,1.8955462298054204,2.077593348750659,1.8723303463644043,2.1337584452912384,2.3954718808212627,2.4546605863833983,1.8759297289940386,1.8785420001323332,1.798282563883426,1.7903834471430295,1.9968708476305912,2.231148510988649,1.9616980455874895,1.9684286362418666,1.9251658499007316,2.0227433127937875,2.208594669369019,2.1315135504915608,2.2997474540922838,2.2861006302099867,2.631980643451817,2.1738205098044943,2.4368052559905156,2.547528976345623,2.910477392218276,2.187322141194719,2.107667036767393,2.305489708048946,2.058147294024635,2.1111639452991935,2.182223096820584,2.2372288958291064,2.474522208569292,2.0408127552848048,2.209673422984081,2.6437178015586587,2.5044521376124074,2.4546858642405405,2.642248273876679,2.329885782286161,2.494205609146422,2.4150226483433515,2.1815787243477245,2.3932004866308456,2.3150116908989187,0.2089594046505507,0.1149604596638272,0.14052960690976601,0.1393766298289705,0.1369905558030725,0.12572523847033582,0.16662758626000695,0.14534426815521936,0.13755359220038588,0.18425881785474726,0.19524717869420274,0.1885646386578064,0.17588288219497142,0.1884168096125551,0.17832451478368763,0.13880235420346973,0.20033965757372266,0.16085568503310452,0.1972153079114338,0.2152289160978343,0.1968877116740648,0.17078697812000349,0.20422216970543658,0.19770896925588077,0.20246950110717535,0.15821530053708469,0.22663713320662338,0.20600390573367625,0.1629876753447785,0.19894929808679726,0.1802491577160153,0.18899962675524787,0.1730183469407659,0.17173893885534142,0.1859880126733276,0.18923202643456438,0.24187044167778518,0.18659920649738362,0.16017631113633976,0.18133738929166757,0.1602014686239431,0.18317015073197165,0.1841871609627392,0.20483404417045056,0.21084412808155387,0.20123568549419135,0.1857437255667768,0.18482867339372414,0.22157808789409958,0.17458048944627383,0.16516446753212108,0.1285038394530008,0.13384149277264434,0.11007286252785146,0.1325768568744999,0.0930746013817845,0.1452268543967586,0.13232689594977787,0.1663362867441174,0.21413065825253877,0.19002379686145987,0.1918005044657129,0.2010749217835737,0.18752906811417042,0.18304745710503778,0.17299369790414945,0.15151572938824423,0.17582827867177317,0.15658783170413,0.14759522917952192,0.19197017243450076,0.158985820856136,0.19922429706383182,0.1749574576709699,0.15802952113480995,0.1413387238696686,0.17305363271222785,0.18588627279843803,0.21925223188221454,0.18357599136632632,0.18528548185934388,0.16067994316819995,0.1910992521832588,0.17634998349266023,0.2161316466133098,0.1623249617129142,0.2426257112310083,0.20635259562617222,0.16874818645373763,0.17448281544424668,0.15639052471239004,0.203519806204179,0.15069585202474187,0.20288977311919498,0.18260052548856287,0.2014808561031899,0.1962684622604942,0.1927924936541916,0.1911494144114165,0.17948298626088433
90.0,2.308536295261261,2.0966086498432,1.9672785202458196,1.9762239700736577,1.6733935554267314,1.7250168049364631,2.168909859266096,1.9911784477129937,1.828575548629223,2.1151441983869845,2.2018578725576394,2.392720132329584,1.9143917665040768,1.8225162440855518,2.0077643109983256,2.444082387928949,2.160356025318675,1.9672263720506116,1.8721112310567511,2.0886286786392803,1.9342872788861978,2.2190182804842573,2.1337394338672633,2.252700511427733,2.799937492893416,2.4586438290552413,2.093606333064009,2.40934327054454,2.0741116081407167,2.4326401795849835,2.468759371375673,2.8537934615781304,2.6468431266349706,2.0208581791254523,2.0882056294308056,1.9811211634991952,2.347649181544794,2.588665931464126,2.3376960465234533,2.328861886526133,2.2428224064156357,2.7330516647249836,2.3020571239947074,2.4705606053294655,2.297058266085168,2.41269524666033,2.250036640971475,2.178109251252668,2.3581645019920736,2.2628251577041856,2.4847970229859784,2.1453683421245877,2.375368180364894,1.938526893779121,1.6850491206459053,1.8923340060188663,2.072606069121754,1.869124742796967,2.119094529860652,2.381374322569759,2.4487180064001888,1.8638308266484296,1.8618595027777072,1.7906373667656772,1.7908530996162446,1.9961987923167415,2.22782578210945,1.9571690627964868,1.9624351453193356,1.9202232675705184,2.021001405363415,2.1984506134722883,2.1186800993907906,2.294783321352569,2.2783651906834663,2.6243199272261575,2.1726115862214788,2.432958933050164,2.5516011014089304,2.899723346344189,2.180678545339183,2.10192428303058,2.310318553025004,2.0572994978135446,2.1115737601365545,2.175573836923671,2.221308523230433,2.4746718573524564,2.036508617880338,2.2050027071690828,2.639268849750557,2.49625601709496,2.4536107768845974,2.6384056124007222,2.3284466029676967,2.4996847998212934,2.4110589748777986,2.1715661250909517,2.3786540778972194,2.3044902357020156,0.20948882447800207,0.11236134573491044,0.13998341544315077,0.13966781786514,0.13586778965404708,0.12461109193409314,0.167168209156654,0.14537422503455294,0.13602896079154173,0.18602899925842203,0.19674149873172822,0.18982847646761192,0.17695342068228595,0.19012825282306406,0.17939108983886132,0.13842498015162527,0.2023490302220896,0.16191940012107697,0.19942361418824814,0.2173766289921037,0.19871966236865768,0.17217654774603333,0.20642274750639927,0.20013942724550396,0.20418755869381106,0.1595314191749065,0.23112614065560833,0.20710274156481967,0.16355816303947546,0.19959699848403467,0.18317988670664076,0.18947886176525575,0.17346918822418686,0.17287586553031367,0.18882044863403075,0.1888834798894711,0.24517621239085144,0.1887446694945026,0.16016112027311075,0.18280396127711845,0.1615234930231271,0.18453749723164564,0.18671791830004958,0.2073633440785846,0.21442777140508662,0.20381657319448698,0.18652643610700492,0.18529051259608362,0.22508061284011005,0.1764628572200036,0.16508469678186033,0.12732413746115565,0.13357328724788453,0.1079006942111883,0.1322245165484403,0.08776449897129161,0.145421329702399,0.13136797868154226,0.16569587036327357,0.21555133939563662,0.19010989247042698,0.19424095992759166,0.2013689283581498,0.18806137808647444,0.18372676142892996,0.1728045205276545,0.1528767661680142,0.1765539404109364,0.15561708317331546,0.14696175087791724,0.1928526387407617,0.1593488413344091,0.20060954081043678,0.17599227874872955,0.15715385669996332,0.1414016761146237,0.17527448850112773,0.18770025151797276,0.22457137409857686,0.1857477628403872,0.18532654365895077,0.16040132406672444,0.1940022561951555,0.1788696245116551,0.22043319871829453,0.16219738402448136,0.24588482690469995,0.20803884950749982,0.1689719654377043,0.17582963688553252,0.1556091068551874,0.2049141608324345,0.15017019412498575,0.20504002974683122,0.18390223400820252,0.20423699119899014,0.19841622077790771,0.19529940814378816,0.1902057249145629,0.18024830018425797
91.0,2.300493321546322,2.094208079256204,1.9599188761981468,1.9727501338278692,1.6682084548542024,1.7222617494219028,2.1657173222013895,1.9870578371103873,1.8278962335967988,2.100267160834651,2.185808660136089,2.382438610567693,1.899093825115888,1.8131521597476727,2.007397347417811,2.4378672459716366,2.1546466830614825,1.9630849601517573,1.866831864313132,2.08732111453049,1.931257483860641,2.20772433409393,2.119084905435191,2.2488075190670735,2.7949203705765564,2.4523999503765412,2.0920830445541783,2.409199601739086,2.071458603330194,2.426562383011796,2.465354962527197,2.8418761874269505,2.646755430318386,2.0146254414270253,2.0857408332336043,1.9770749773189702,2.3349197256116727,2.579804541467393,2.332260229909197,2.323714434247395,2.240201545373002,2.7274657837780136,2.301742675385704,2.4734575863854666,2.302221906302013,2.409192614811154,2.243663454241794,2.166609681264414,2.3464553586604144,2.256924563244219,2.4807789850911606,2.1395202415874763,2.370110655338753,1.9358701893431949,1.680118436588714,1.8893554561501382,2.067787694063651,1.8661175284924227,2.1041340548337115,2.366898757627577,2.442843924369582,1.8514093231716227,1.844779851266702,1.7832027589001707,1.7920836199451526,1.9962275848391393,2.224924087925632,1.9529686557768697,1.956635013421249,1.91567215651921,2.019965380782512,2.18815146156313,2.105595019210555,2.2901386403775534,2.2708351483226554,2.616537619028954,2.17186196709122,2.4295260540926664,2.5561125675767546,2.8888032676174156,2.174350731294011,2.09657246391877,2.3159237734349065,2.0569529196003535,2.112689163521102,2.1691355517178486,2.2050290473867378,2.4752707770648317,2.032697278578287,2.2007890344943175,2.6350131313613376,2.4882530730918453,2.452975672693736,2.6347782800234674,2.3274915762675192,2.5057860695774963,2.4076383725647332,2.161561735942023,2.3635954722328574,2.293902037816894,0.2100310703193101,0.10968997749734083,0.13953330594937507,0.14012738801335525,0.1348183148130347,0.12348772434168086,0.16768545237097954,0.14542610003215062,0.13445353826533726,0.18782706127671045,0.1982356943983272,0.19106820805242491,0.17798649817011497,0.19182894654188473,0.1804203537664445,0.13796918111511206,0.20438705865338563,0.16296274575448497,0.2016799686679254,0.21955231129228014,0.20056004130793084,0.1735313687930822,0.20856553603797595,0.20261743275018307,0.20592268005688474,0.16081491448429233,0.23566756055889473,0.20813501228207307,0.16409147655712103,0.200139573584386,0.1861952709199945,0.18992468655901756,0.17388785378996388,0.17396704496413154,0.19165722871927904,0.18843392743110493,0.24852561218849537,0.19096491585009098,0.16009969125246232,0.18428756117235598,0.16282424615073182,0.18585609206895884,0.18921438985244213,0.20987462806678675,0.21801495082295497,0.20635701133349227,0.18724410384000353,0.18559358009889296,0.22870998005404578,0.17835280206325985,0.1650431756115215,0.12614681214119647,0.13333052990416583,0.10573974581348293,0.13193759398435953,0.08192350938794149,0.14567698076436894,0.1303768809543216,0.1649656621480339,0.2169217784620137,0.1901104777462626,0.19677993386222023,0.20158081889527002,0.18854088144597284,0.18441838473860309,0.17249985206482163,0.15438139020691727,0.17726365017378773,0.15451756920587126,0.1462705350941691,0.19371260391584805,0.15961835548360734,0.20190606039998046,0.1771062319800521,0.1561659129504424,0.14139597196336698,0.17758127721335806,0.18950359326476426,0.22994210884733232,0.1879892415646187,0.18529482461519167,0.1600765837111613,0.19688195010399953,0.18139075645305863,0.2247965960620926,0.16195128596657174,0.24918600317044592,0.20967705712884957,0.16913946476371566,0.17725788644826673,0.15476642361664159,0.20637030582248247,0.1496601365793875,0.20712881512900239,0.18512760191269712,0.20698184072661582,0.2005142438713804,0.19778903126713934,0.1891427590477006,0.1809669651450769
92.0,2.2926232708091754,2.092075474967686,1.9525996823371525,1.969457154060142,1.6627460879501792,1.719670617453827,2.16285180241323,1.9832012048841348,1.8275870852711864,2.084964917563832,2.169295483467563,2.371954948996902,1.883282924493553,1.8038837199336755,2.007760776238419,2.4317259607550135,2.1492770300695523,1.9593617683852815,1.8618416048060045,2.0867016657956605,1.92873346608487,2.1962203733598273,2.1040824749002263,2.2454113669519358,2.7901248941073074,2.4461023771890766,2.091175967187104,2.409563151998081,2.0692225251750083,2.4209657206264454,2.462035300880058,2.8297248391948697,2.647008283975179,2.0085859037437124,2.0837110281032873,1.9734764010368804,2.3218625054873225,2.570946031490877,2.3269499535291174,2.3187947764680885,2.2381341460817525,2.7218920334014722,2.301973788362961,2.4768477351740255,2.308283198280859,2.4062730058061472,2.2375713975837037,2.1549913084182273,2.3345321864391506,2.2513642797267175,2.4770566862272236,2.1338762239334836,2.365013027181137,1.9332517174979742,1.6747823954511096,1.886624821358799,2.063152158496907,1.863322034563847,2.0888743226290427,2.3520407118719513,2.4370453803404106,1.8386612695425426,1.8272986933662823,1.7759944264733734,1.7941093873652503,1.9969876858476288,2.2224658831868687,1.9491158499444516,1.9510438649519197,1.9115362022261067,2.0196700786912616,2.1776966616938913,2.092255512723524,2.285831599910798,2.263526175862855,2.608632213080299,2.171593063209267,2.4265251388746303,2.561080976652024,2.8777203249773806,2.168358265080009,2.0916349451695146,2.32233839545737,2.057130923771362,2.1145423877696596,2.16292170360408,2.1883900913354926,2.4763358253015286,2.029406143874412,2.1970568139474187,2.6309631332587746,2.480456286259402,2.452799847874699,2.631377965932539,2.327041306013483,2.512533706484249,2.404786996905415,2.1515736451326406,2.34801589191251,2.2832559449597274,0.2105951815496891,0.10697862539431215,0.1392095214690459,0.1407867479262371,0.1338794553662101,0.12237365826624283,0.16817798831018382,0.14551074143621698,0.1328433570598587,0.18964517870432882,0.19972308070500636,0.19227731216945343,0.1789737421462495,0.19351262902598051,0.1814081514575256,0.13743676298635765,0.20644867062972386,0.16398373790019813,0.20398074445315945,0.22175284679979704,0.202403173842699,0.17484533936126417,0.21063750053102,0.20513677112159018,0.2076715476558848,0.16206101864970657,0.24025106269932373,0.20909742930344435,0.16459272826389046,0.20056926560069407,0.1892980515373078,0.1903399394929576,0.17427330957138112,0.17500728315601247,0.1944921679523849,0.18788271021971759,0.2519118480763863,0.19325622916853663,0.15998981883888433,0.18578359021772942,0.1640969179357165,0.18712517612342625,0.19167065333273267,0.21236029040361223,0.2215966033909581,0.2088472202357632,0.1878914904802649,0.18572684337819817,0.23246476930515736,0.18024838704306434,0.16505137056517763,0.124983709010203,0.13312419045495796,0.10362109576201786,0.13172835447602682,0.07545709968757845,0.14600283972108533,0.1293575511296382,0.16414904891248192,0.2182355179384096,0.19002255541762564,0.19941871513950474,0.20170815345794468,0.18896759819142134,0.18512660631626257,0.17207448035423364,0.15603602972791278,0.17795893329201762,0.15329190325497147,0.1455277975946064,0.19455279336458117,0.15979030527728333,0.20310169189321595,0.17830611710508293,0.15506763660803902,0.14132210199807502,0.17997764994519475,0.19129216758493153,0.23534399481857318,0.19030007317631675,0.1851931718276273,0.15970933824736988,0.19972544467469874,0.1839076928344289,0.22920922087734502,0.1615822128955829,0.2525207132849755,0.2112597415060251,0.1692529261222159,0.17877209072819117,0.1538680928067378,0.20789082766471823,0.14917909330189308,0.20914173085740315,0.1862667615327896,0.2097023036925718,0.20255312790950827,0.20025005658783138,0.18796230144407114,0.1816388996047851
93.0,2.2849404975007483,2.0902261386132803,1.9453301884403886,1.9663579381335352,1.6570003758275187,1.7172532886853429,2.160331234039748,1.9796255954656525,1.8276662937005363,2.069230404044042,2.1523112038294485,2.3612686464547075,1.8669493790499063,1.794723401396196,2.0088855187359074,2.4256691140834885,2.1442668286895716,1.95608092340479,1.8571592066528144,2.0868035165967997,1.9267411500918963,2.184504238940552,2.0887266910251387,2.2425371777367715,2.785560244888043,2.439752411003659,2.0909132041827316,2.4104531308605304,2.0674242423855977,2.4158731688784036,2.458808782051079,2.8173391063205573,2.647616888106747,2.002754915509003,2.082136842010141,1.9703494298435607,2.3084749400148654,2.562096905701201,2.321774851173286,2.3141171245130057,2.236647043269666,2.7163337005107504,2.302773631923942,2.4807509243494192,2.3152793369733673,2.4039625824823965,2.231775296516214,2.143257366898408,2.3223962886228775,2.246166632059534,2.4736467111200806,2.1284514461240973,2.3600879809195408,1.9306773640136579,1.6690290014140923,1.8841563428044241,2.0587133973420824,1.8607515921243212,2.0733126356652463,2.3367957111801396,2.4313294143614272,1.8255827167401226,1.8094116768434052,1.7690280556717597,1.7969647811120384,1.998509555992051,2.2204736226428485,1.9456296707150456,1.9456773243156453,1.9078390901704894,2.020150338729838,2.167085661916922,2.0786587827024086,2.2818803886958676,2.2564539460393958,2.600602203600296,2.171826285371144,2.4239747071527016,2.5665239304376892,2.866477687363534,2.1627207127180257,2.0871350925203536,2.329595445271073,2.0578568747128574,2.1171656651990487,2.1569457549833237,2.171391278114149,2.477883859657701,2.0266626202645255,2.1938304545159957,2.6271313423105913,2.472878637253936,2.4531025986341795,2.6282163593155747,2.327116396033492,2.51995199861075,2.4025310034010903,2.1416099408945097,2.3319065592108696,2.2725608048466794,0.21119033197579548,0.10426504048411218,0.13904326741662215,0.14167692746566501,0.1330914097116866,0.12128792650746992,0.1686439538487384,0.14563881926483022,0.1312155953678281,0.19147388734545454,0.20119605505908555,0.19344884469917112,0.17990658957823205,0.19517359774185394,0.18235074629893303,0.13682991499641117,0.20852849847101945,0.16498045512449624,0.2063222834130052,0.22397512551481485,0.20424313155242374,0.1761130188938529,0.21262600419159608,0.2076903724971424,0.20943051634194426,0.1632660240065775,0.24486721044044316,0.2099882755305173,0.16506907490130643,0.20087944168806224,0.192492149602231,0.19072725623921233,0.17462421465615516,0.17599181002507092,0.19732067662061706,0.18723027423218458,0.255328339189784,0.19561358655336306,0.15982883551009547,0.18728668813926952,0.16533414324944984,0.1883468071442822,0.19408297023488685,0.2148137830084593,0.22516513073126565,0.21127863799108693,0.18846437819316345,0.1856811114547722,0.2363424470824592,0.18214818198278554,0.16511894232121635,0.12384509031368576,0.1329638853370062,0.10157514442153394,0.13160749818731898,0.06821843059663005,0.14640572901573345,0.12831191663037553,0.16324921509538062,0.21948640627043522,0.18984382173759412,0.20215814483093228,0.2017497392422509,0.18934250146083884,0.18585562624270321,0.17152383154551873,0.15784342541053656,0.1786415313710469,0.15194408242805288,0.14473939852363252,0.1953767947348676,0.15986191957832788,0.20418418102862698,0.17959732603971904,0.1538614483346223,0.14118143685730383,0.1824669804312932,0.19306231522518108,0.24075665947567895,0.19267828083769423,0.1850258925941907,0.15930257061224457,0.20252050746507005,0.18641605639152545,0.23365819869040919,0.16108693872269358,0.255879783522109,0.21278043742026526,0.16931571456678243,0.1803751694548381,0.15292018122664108,0.20947669465785002,0.14873993617852502,0.21106518312548822,0.18731111202860848,0.21238543904627374,0.2045248311878451,0.20267123489181268,0.18666673456284757,0.18226442944646948
94.0,2.277459356071952,2.0886753718285815,1.9381196442854414,1.9634653934111008,1.650965239599118,1.7150196427695876,2.1581735512190443,1.9763480532863624,1.8281520489329843,2.053056555744814,2.134848682499139,2.3503792017785963,1.8500835031977771,1.7856836808878693,2.010802496185989,2.4197072877614443,2.139635841268254,1.9532665518638648,1.8528034239709956,2.0876598510959443,1.9253064604147334,2.172573771494727,2.0730121025727364,2.240210074075992,2.7812356043211377,2.43335135333112,2.091322858760955,2.4118887478654543,2.066084623672315,2.411307704217174,2.4556838016570346,2.8047186782426667,2.648596443214447,1.9971478261563758,2.081038902924534,1.9677180589296424,2.2947544480373887,2.553263668265016,2.3167445566317855,2.309695689706982,2.2357670716645215,2.7107940720212556,2.304165375066128,2.4851870265659306,2.3232475173311546,2.4022875076769563,2.2262899765583772,2.13141109088932,2.3100489685062673,2.2413539451505637,2.4705656444956303,2.1232610651208175,2.35534820158149,1.928153014660421,1.6628462586586672,1.8819642616465673,2.0544853455197307,1.8584195322869248,2.05744629636094,2.3211592814293605,2.425703066481429,1.8121697157432746,1.791114449465036,1.7623193326817927,1.8006841804210134,2.000823655922249,2.2189697610432546,1.942529143504476,1.9405510159167336,1.9046045058316488,2.0214410005384287,2.1563179102845704,2.064802031919879,2.278303195476291,2.2496341315875763,2.592446084809058,2.172583044372379,2.4218932786834984,2.5724590307366735,2.85507852371534,2.1574576402288708,2.0830962717088197,2.3377279490547562,2.0591541368111543,2.120591228126084,2.151221168256535,2.1540322307601154,2.4799317377284558,2.024494114244383,2.1911343651876725,2.6235302453845692,2.4655331067317596,2.453903221178922,2.625305149360187,2.3277374501554364,2.528065234026207,2.4008965475530375,2.1316787114593594,2.3152586964027027,2.261825465193925,0.21182553692213396,0.10159239377196856,0.13906580424784803,0.14282755421520393,0.13249635827867204,0.12024947130209818,0.16908090932415104,0.14582050246987505,0.12958821084536568,0.19330202002522642,0.202646100593879,0.19457544256419282,0.18077640797199532,0.19680695235466997,0.18324489463660917,0.13615114189756553,0.2106209854656643,0.16595102905987064,0.20870100327689065,0.2262160942803523,0.20607383091143586,0.17732979214613495,0.21451906527856165,0.21027034017710722,0.21119565666424214,0.1644274578178607,0.24950765604487313,0.21080764195686733,0.16552983764913773,0.2010648682189189,0.19578256463769425,0.19108890173431034,0.17493888686764877,0.17691640888341872,0.20013995300700868,0.18647833305034578,0.2587688150666472,0.19803062060764856,0.15961350355475065,0.18879078624752085,0.16652806225456826,0.1895260847433246,0.1964499731087677,0.21722976528035323,0.2287146130966665,0.21364419357647785,0.18895976647550272,0.18544948754143295,0.24033927411272968,0.18405126661380622,0.16525314469091043,0.12273909055068205,0.1328574719954105,0.09962993192768296,0.13158380368699268,0.05996138025388312,0.14688970381656796,0.12723948132130228,0.1622688726323905,0.22066881567868557,0.18957287449390262,0.20499852870816337,0.20170585928092435,0.18966760457811596,0.18660936777852302,0.17084409168227252,0.15980217583901846,0.17931331869447478,0.15047952450512675,0.14391050378260536,0.19618909251739888,0.1598319270843765,0.2051413000188302,0.18098353730336517,0.15255016492912346,0.14097618951520663,0.18505218706856422,0.1948109370561238,0.2461601129755589,0.1951201490143498,0.18479891166277884,0.15885830267863957,0.20525584654223197,0.18891300671050082,0.23813053519534783,0.160463680142342,0.2592534476082372,0.21423394661248035,0.16933249754748636,0.182068141626913,0.15192931253155087,0.21112705168828697,0.14835450926814925,0.21288683659005278,0.18825370787291923,0.21501865597406142,0.20642298074369086,0.2050415412283301,0.18525907530289776,0.18284432107711118
95.0,2.270194200973726,2.0874384762491913,1.9309772996498686,1.9607924272559016,1.6446346003778507,1.7129795593596613,2.156396688089229,1.973385622777683,1.8290625410166872,2.0364363081356536,2.116900780754008,2.3392861138060965,1.832675611349996,1.7767770351613257,2.013542629864403,2.4138510635933064,2.1354038301522724,1.9509427804161101,1.848793010877983,2.0893038534551005,1.9244553215863918,2.1604268116809435,2.056933258305819,2.2384551786240503,2.7771601538089303,2.426900505682293,2.09243303414166,2.4138892125518425,2.0652245377455896,2.407292303092227,2.4526687553147295,2.7918632443998663,2.64996214979967,1.991779985119299,2.080437838816749,1.9656062834857615,2.280698448398027,2.5444528233489456,2.311868703694698,2.305544683374796,2.235521065994098,2.7052764348483738,2.3061721867869682,2.490175914477793,2.3322249343058825,2.4012739442269435,2.221130263229225,2.1194557145753037,2.2974915293839415,2.2369485439076837,2.4678300710797925,2.11832023788509,2.350806374194491,1.9256845552084605,1.6562221713658272,1.880062819044804,2.0504819379504107,1.8563391861647358,2.0412726071347294,2.305126948496884,2.4201733767492017,1.7984183175309343,1.7724026589981319,1.755883943689941,1.8053019645276747,2.003960446288053,2.2179767531377683,1.9398332937285485,1.9356805641594947,1.9018561346888732,2.0235769037572027,2.1453928548492,2.0506824631486666,2.275118208995652,2.2430824052426885,2.58416235092666,2.1738847510084813,2.4202993732236475,2.5789038793519303,2.8435260029722347,2.152588613633391,2.0795418484724446,2.346768932987089,2.0610460744525176,2.1248513088675933,2.1457614058246683,2.1363125723108745,2.4824963171089314,2.0229280323097933,2.1889929549500673,2.6201723293484527,2.4584326753491825,2.455221011715614,2.6226560252539888,2.328925072207183,2.5368977007998446,2.3999097848625124,2.12178804505889,2.2980635257626703,2.251058773717638,0.21250935241309393,0.09900896123436531,0.139307422538784,0.14426580679349185,0.13213730051267072,0.11927650765758183,0.16948584943543538,0.14606516230222624,0.1279795392982539,0.19511670004843282,0.20406383199301276,0.19564933567828333,0.1815746121194001,0.1984088215840226,0.18408788670650136,0.13540320524003077,0.21272051187384186,0.16689362915166708,0.21111350257501968,0.2284727994366749,0.20788914243389173,0.1784920017362636,0.2163055937317487,0.2128680123519781,0.2129628178471596,0.1655441979421574,0.2541652628615301,0.21155760326640335,0.16598653355443807,0.2011219557909806,0.19917514643542328,0.19142661605867553,0.17521530134895086,0.17777753204944108,0.20294906919749156,0.18563003052635527,0.2622273785150568,0.20049963943706053,0.1593399200211864,0.19028920899476673,0.1676704130325546,0.1906712074652753,0.19877271346521724,0.21960416727737955,0.2322409225844481,0.21593851350187576,0.1893760301353436,0.18502777491077357,0.24445025181486543,0.18595718259454294,0.16545832980763572,0.1216713259396163,0.13281078895005652,0.09780936725060764,0.1316639397525744,0.05022197258745377,0.1474556172681738,0.1261370763548259,0.16121001197185997,0.22177786447177877,0.1892094250617249,0.20793954854535926,0.2015784779706558,0.18994601713406875,0.1873912669687782,0.17003230609447542,0.16190650816480295,0.1799762018022449,0.1489050755006292,0.14304527451095386,0.19699507188151033,0.15970073061993847,0.20596095091166502,0.1824664952911095,0.1511369365873357,0.1407093297532557,0.18773553051854866,0.19653555521393032,0.25153504706214663,0.19762020231078736,0.1845199044542965,0.15837730089752847,0.20792136400445255,0.19139739626811356,0.2426132391066202,0.1597122779372401,0.2626314110354495,0.21561655191921503,0.16930943367616513,0.1838499178718508,0.15090284301561246,0.21283910305314552,0.14803318669445778,0.21459605644969743,0.18908960057143223,0.21758987100643998,0.20824310577957278,0.20735032283346733,0.18374306418989406,0.1833798126970806
