,Mean (mm),Mean (mm),Mean (mm),Mean (mm),Mean (mm),Mean (mm),Mean (mm),Mean (mm),Mean (mm),Mean (mm),Mean (mm),Mean (mm),Mean (mm),Mean (mm),Mean (mm),Mean (mm),Mean (mm),Mean (mm),Mean (mm),Mean (mm),Mean (mm),Mean (mm),Mean (mm),Mean (mm),Mean (mm),Mean (mm),Mean (mm),Mean (mm),Mean (mm),Mean (mm),Mean (mm),Mean (mm),Mean (mm),Mean (mm),Mean (mm),Mean (mm),Mean (mm),Mean (mm),Mean (mm),Mean (mm),Mean (mm),Mean (mm),Mean (mm),Mean (mm),Mean (mm),Mean (mm),Mean (mm),Mean (mm),Mean (mm),Mean (mm),Mean (mm),Mean (mm),Mean (mm),Mean (mm),Mean (mm),Mean (mm),Mean (mm),Mean (mm),Mean (mm),Mean (mm),Mean (mm),Mean (mm),Mean (mm),Mean (mm),Mean (mm),Mean (mm),Mean (mm),Mean (mm),Mean (mm),Mean (mm),Mean (mm),Mean (mm),Mean (mm),Mean (mm),Mean (mm),Mean (mm),Mean (mm),Mean (mm),Mean (mm),Mean (mm),Mean (mm),Mean (mm),Mean (mm),Mean (mm),Mean (mm),Mean (mm),Mean (mm),Mean (mm),Mean (mm),Mean (mm),Mean (mm),Mean (mm),Mean (mm),Mean (mm),Mean (mm),Mean (mm),Mean (mm),Mean (mm),Mean (mm),Mean (mm),SD (mm),SD (mm),SD (mm),SD (mm),SD (mm),SD (mm),SD (mm),SD (mm),SD (mm),SD (mm),SD (mm),SD (mm),SD (mm),SD (mm),SD (mm),SD (mm),SD (mm),SD (mm),SD (mm),SD (mm),SD (mm),SD (mm),SD (mm),SD (mm),SD (mm),SD (mm),SD (mm),SD (mm),SD (mm),SD (mm),SD (mm),SD (mm),SD (mm),SD (mm),SD (mm),SD (mm),SD (mm),SD (mm),SD (mm),SD (mm),SD (mm),SD (mm),SD (mm),SD (mm),SD (mm),SD (mm),SD (mm),SD (mm),SD (mm),SD (mm),SD (mm),SD (mm),SD (mm),SD (mm),SD (mm),SD (mm),SD (mm),SD (mm),SD (mm),SD (mm),SD (mm),SD (mm),SD (mm),SD (mm),SD (mm),SD (mm),SD (mm),SD (mm),SD (mm),SD (mm),SD (mm),SD (mm),SD (mm),SD (mm),SD (mm),SD (mm),SD (mm),SD (mm),SD (mm),SD (mm),SD (mm),SD (mm),SD (mm),SD (mm),SD (mm),SD (mm),SD (mm),SD (mm),SD (mm),SD (mm),SD (mm),SD (mm),SD (mm),SD (mm),SD (mm),SD (mm),SD (mm),SD (mm),SD (mm),SD (mm)
,17Networks_LH_VisCent_ExStr_1,17Networks_LH_VisCent_ExStr_2,17Networks_LH_VisCent_Striate_1,17Networks_LH_VisCent_ExStr_3,17Networks_LH_VisPeri_ExStrInf_1,17Networks_LH_VisPeri_StriCal_1,17Networks_LH_VisPeri_ExStrSup_1,17Networks_LH_SomMotA_1,17Networks_LH_SomMotA_2,17Networks_LH_SomMotB_Aud_1,17Networks_LH_SomMotB_S2_1,17Networks_LH_SomMotB_S2_2,17Networks_LH_SomMotB_Cent_1,17Networks_LH_DorsAttnA_TempOcc_1,17Networks_LH_DorsAttnA_ParOcc_1,17Networks_LH_DorsAttnA_SPL_1,17Networks_LH_DorsAttnB_PostC_1,17Networks_LH_DorsAttnB_PostC_2,17Networks_LH_DorsAttnB_PostC_3,17Networks_LH_DorsAttnB_FEF_1,17Networks_LH_SalVentAttnA_ParOper_1,17Networks_LH_SalVentAttnA_Ins_1,17Networks_LH_SalVentAttnA_Ins_2,17Networks_LH_SalVentAttnA_ParMed_1,17Networks_LH_SalVentAttnA_FrMed_1,17Networks_LH_SalVentAttnB_PFCl_1,17Networks_LH_SalVentAttnB_PFCmp_1,17Networks_LH_LimbicB_OFC_1,17Networks_LH_LimbicA_TempPole_1,17Networks_LH_LimbicA_TempPole_2,17Networks_LH_ContA_IPS_1,17Networks_LH_ContA_PFCl_1,17Networks_LH_ContA_PFCl_2,17Networks_LH_ContB_PFClv_1,17Networks_LH_ContC_pCun_1,17Networks_LH_ContC_pCun_2,17Networks_LH_ContC_Cingp_1,17Networks_LH_DefaultA_PFCd_1,17Networks_LH_DefaultA_pCunPCC_1,17Networks_LH_DefaultA_PFCm_1,17Networks_LH_DefaultB_Temp_1,17Networks_LH_DefaultB_Temp_2,17Networks_LH_DefaultB_IPL_1,17Networks_LH_DefaultB_PFCd_1,17Networks_LH_DefaultB_PFCl_1,17Networks_LH_DefaultB_PFCv_1,17Networks_LH_DefaultB_PFCv_2,17Networks_LH_DefaultC_Rsp_1,17Networks_LH_DefaultC_PHC_1,17Networks_LH_TempPar_1,17Networks_RH_VisCent_ExStr_1,17Networks_RH_VisCent_ExStr_2,17Networks_RH_VisCent_ExStr_3,17Networks_RH_VisPeri_StriCal_1,17Networks_RH_VisPeri_ExStrInf_1,17Networks_RH_VisPeri_ExStrSup_1,17Networks_RH_SomMotA_1,17Networks_RH_SomMotA_2,17Networks_RH_SomMotA_3,17Networks_RH_SomMotA_4,17Networks_RH_SomMotB_Aud_1,17Networks_RH_SomMotB_S2_1,17Networks_RH_SomMotB_S2_2,17Networks_RH_SomMotB_Cent_1,17Networks_RH_DorsAttnA_TempOcc_1,17Networks_RH_DorsAttnA_ParOcc_1,17Networks_RH_DorsAttnA_SPL_1,17Networks_RH_DorsAttnB_PostC_1,17Networks_RH_DorsAttnB_PostC_2,17Networks_RH_DorsAttnB_FEF_1,17Networks_RH_SalVentAttnA_ParOper_1,17Networks_RH_SalVentAttnA_Ins_1,17Networks_RH_SalVentAttnA_ParMed_1,17Networks_RH_SalVentAttnA_FrMed_1,17Networks_RH_SalVentAttnB_IPL_1,17Networks_RH_SalVentAttnB_PFCl_1,17Networks_RH_SalVentAttnB_PFCmp_1,17Networks_RH_LimbicB_OFC_1,17Networks_RH_LimbicA_TempPole_1,17Networks_RH_ContA_IPS_1,17Networks_RH_ContA_PFCl_1,17Networks_RH_ContA_PFCl_2,17Networks_RH_ContB_Temp_1,17Networks_RH_ContB_IPL_1,17Networks_RH_ContB_PFCld_1,17Networks_RH_ContB_PFClv_1,17Networks_RH_ContC_Cingp_1,17Networks_RH_ContC_pCun_1,17Networks_RH_DefaultA_IPL_1,17Networks_RH_DefaultA_PFCd_1,17Networks_RH_DefaultA_pCunPCC_1,17Networks_RH_DefaultA_PFCm_1,17Networks_RH_DefaultB_PFCd_1,17Networks_RH_DefaultB_PFCv_1,17Networks_RH_DefaultB_PFCv_2,17Networks_RH_DefaultC_Rsp_1,17Networks_RH_DefaultC_PHC_1,17Networks_RH_TempPar_1,17Networks_RH_TempPar_2,17Networks_RH_TempPar_3,17Networks_LH_VisCent_ExStr_1,17Networks_LH_VisCent_ExStr_2,17Networks_LH_VisCent_Striate_1,17Networks_LH_VisCent_ExStr_3,17Networks_LH_VisPeri_ExStrInf_1,17Networks_LH_VisPeri_StriCal_1,17Networks_LH_VisPeri_ExStrSup_1,17Networks_LH_SomMotA_1,17Networks_LH_SomMotA_2,17Networks_LH_SomMotB_Aud_1,17Networks_LH_SomMotB_S2_1,17Networks_LH_SomMotB_S2_2,17Networks_LH_SomMotB_Cent_1,17Networks_LH_DorsAttnA_TempOcc_1,17Networks_LH_DorsAttnA_ParOcc_1,17Networks_LH_DorsAttnA_SPL_1,17Networks_LH_DorsAttnB_PostC_1,17Networks_LH_DorsAttnB_PostC_2,17Networks_LH_DorsAttnB_PostC_3,17Networks_LH_DorsAttnB_FEF_1,17Networks_LH_SalVentAttnA_ParOper_1,17Networks_LH_SalVentAttnA_Ins_1,17Networks_LH_SalVentAttnA_Ins_2,17Networks_LH_SalVentAttnA_ParMed_1,17Networks_LH_SalVentAttnA_FrMed_1,17Networks_LH_SalVentAttnB_PFCl_1,17Networks_LH_SalVentAttnB_PFCmp_1,17Networks_LH_LimbicB_OFC_1,17Networks_LH_LimbicA_TempPole_1,17Networks_LH_LimbicA_TempPole_2,17Networks_LH_ContA_IPS_1,17Networks_LH_ContA_PFCl_1,17Networks_LH_ContA_PFCl_2,17Networks_LH_ContB_PFClv_1,17Networks_LH_ContC_pCun_1,17Networks_LH_ContC_pCun_2,17Networks_LH_ContC_Cingp_1,17Networks_LH_DefaultA_PFCd_1,17Networks_LH_DefaultA_pCunPCC_1,17Networks_LH_DefaultA_PFCm_1,17Networks_LH_DefaultB_Temp_1,17Networks_LH_DefaultB_Temp_2,17Networks_LH_DefaultB_IPL_1,17Networks_LH_DefaultB_PFCd_1,17Networks_LH_DefaultB_PFCl_1,17Networks_LH_DefaultB_PFCv_1,17Networks_LH_DefaultB_PFCv_2,17Networks_LH_DefaultC_Rsp_1,17Networks_LH_DefaultC_PHC_1,17Networks_LH_TempPar_1,17Networks_RH_VisCent_ExStr_1,17Networks_RH_VisCent_ExStr_2,17Networks_RH_VisCent_ExStr_3,17Networks_RH_VisPeri_StriCal_1,17Networks_RH_VisPeri_ExStrInf_1,17Networks_RH_VisPeri_ExStrSup_1,17Networks_RH_SomMotA_1,17Networks_RH_SomMotA_2,17Networks_RH_SomMotA_3,17Networks_RH_SomMotA_4,17Networks_RH_SomMotB_Aud_1,17Networks_RH_SomMotB_S2_1,17Networks_RH_SomMotB_S2_2,17Networks_RH_SomMotB_Cent_1,17Networks_RH_DorsAttnA_TempOcc_1,17Networks_RH_DorsAttnA_ParOcc_1,17Networks_RH_DorsAttnA_SPL_1,17Networks_RH_DorsAttnB_PostC_1,17Networks_RH_DorsAttnB_PostC_2,17Networks_RH_DorsAttnB_FEF_1,17Networks_RH_SalVentAttnA_ParOper_1,17Networks_RH_SalVentAttnA_Ins_1,17Networks_RH_SalVentAttnA_ParMed_1,17Networks_RH_SalVentAttnA_FrMed_1,17Networks_RH_SalVentAttnB_IPL_1,17Networks_RH_SalVentAttnB_PFCl_1,17Networks_RH_SalVentAttnB_PFCmp_1,17Networks_RH_LimbicB_OFC_1,17Networks_RH_LimbicA_TempPole_1,17Networks_RH_ContA_IPS_1,17Networks_RH_ContA_PFCl_1,17Networks_RH_ContA_PFCl_2,17Networks_RH_ContB_Temp_1,17Networks_RH_ContB_IPL_1,17Networks_RH_ContB_PFCld_1,17Networks_RH_ContB_PFClv_1,17Networks_RH_ContC_Cingp_1,17Networks_RH_ContC_pCun_1,17Networks_RH_DefaultA_IPL_1,17Networks_RH_DefaultA_PFCd_1,17Networks_RH_DefaultA_pCunPCC_1,17Networks_RH_DefaultA_PFCm_1,17Networks_RH_DefaultB_PFCd_1,17Networks_RH_DefaultB_PFCv_1,17Networks_RH_DefaultB_PFCv_2,17Networks_RH_DefaultC_Rsp_1,17Networks_RH_DefaultC_PHC_1,17Networks_RH_TempPar_1,17Networks_RH_TempPar_2,17Networks_RH_TempPar_3
Age (years),,,,,,,,,,,,,,,,,,,,,,,,,,,,,,,,,,,,,,,,,,,,,,,,,,,,,,,,,,,,,,,,,,,,,,,,,,,,,,,,,,,,,,,,,,,,,,,,,,,,,,,,,,,,,,,,,,,,,,,,,,,,,,,,,,,,,,,,,,,,,,,,,,,,,,,,,,,,,,,,,,,,,,,,,,,,,,,,,,,,,,,,,,,,,,,,,,,,,,,,
5.0,2.582436062026627,2.2701042004866507,1.906447971312084,2.5179803268789582,2.5678688890270105,2.275175469944174,2.3627303983250814,2.3944697771940873,2.6428000179698237,2.900120557793092,3.0217241894382236,3.070014833124739,2.510587127873151,2.9668334299162913,2.7367915038311996,2.628099074642276,2.867485381955885,2.5831333465336055,2.565319404545266,2.813779588550844,2.9679656707374593,3.488972921383776,3.0788723758089884,2.833938491299956,3.245292635989836,2.7732557820561725,3.1856062339988998,2.9614940474527485,3.2972895136169167,3.082630811848895,2.7340033616114905,2.7493578652350283,2.874446856427267,2.890535926944014,2.704151770703342,2.8398545267780415,3.0759355072915273,2.890065623888472,3.029787522743385,3.082727084491692,3.207708879240115,3.0552255341697068,2.9878829849376984,3.2848682196753294,2.983404292866574,3.3785772185270173,2.9950914844231438,3.1576840316487305,2.968872612426242,3.009608216281663,2.7774385581144125,2.208600431600587,2.6174788802692364,1.9844268747482217,2.525022808705879,2.3715251656532352,2.431198362182054,2.365385684019906,2.38442241287865,2.6050475349956663,2.9650443875781134,3.174689306974656,3.0953523739287094,2.4489607695002222,2.8827631606049,2.8626247467729042,2.619267199888573,2.6669108525372263,2.7169214081393336,2.7664582196268706,3.0104183322806275,3.264317988913603,2.8913885821824183,3.1840315568915334,2.912776232929864,2.7375044190094515,3.1470807013342563,2.9648592847867943,3.3133200323918928,2.6472582949048213,2.6910285706393915,2.8474004993427298,3.185933670006399,2.8856551654252396,2.896847879848052,2.8451347281557795,2.9707976222345467,2.8045960115137896,2.9367249489635654,2.8927997762143582,3.0821479954891062,3.06411469734721,3.266975791211365,3.2455138380872284,3.0553603493818438,3.1949668203356167,3.039262070074238,3.2211759774405895,3.155957880870781,2.965095694995102,0.14792202580441044,0.14824467724204096,0.16465405215971182,0.139941470205039,0.15957493895829944,0.13986514596623117,0.15872590606047757,0.15293180853113106,0.13904865768970617,0.159587587376104,0.16076627305093125,0.162425632122931,0.15182702589837058,0.13304360727602207,0.15651457320919032,0.13222940702130606,0.1733726111268968,0.16210783907341897,0.1636112947006803,0.15679356276433684,0.16743737760024605,0.1747841829106501,0.13481948421376666,0.14322835913943446,0.17774458825851702,0.1672552130208314,0.16622657218793563,0.1451105276983537,0.1629207281265732,0.1632830007033673,0.14062735128783418,0.1445388022802171,0.14216000866889375,0.1572227734184767,0.18425873087262645,0.18411417159800428,0.18309281407789219,0.16431525325131868,0.14079479929685382,0.1589020045928974,0.16629617421646972,0.15735240253510502,0.13744977031507813,0.15970558007219782,0.16883815676605368,0.1575184381619448,0.1482561792426682,0.18324073286230133,0.18117912393447405,0.16466202259638366,0.14977724016867705,0.15067690189877475,0.14556697675537636,0.15539961600569446,0.14687599992141676,0.1516415083182966,0.17585587592366664,0.16027690414714602,0.166535337539029,0.14209532357530358,0.144423072275474,0.17803032930032173,0.17748253429091534,0.16407751909400756,0.13600745913998383,0.14462912475669737,0.14408143186487576,0.15572513245240938,0.16762709624592326,0.1688912455825794,0.150958870223026,0.12821160993775832,0.14510964280972594,0.15721255943149479,0.1758617660229473,0.16507994989881228,0.17153413015058133,0.14633103850453377,0.15367095263205,0.14298242134909922,0.14590492138038016,0.14813136306937805,0.16613446533519607,0.15602331358234287,0.15928019414696423,0.15282623734527745,0.18622432277160536,0.1507579450701342,0.16079440637442644,0.15483709348062966,0.15606591305105866,0.15074642186145223,0.16971547164757944,0.1644679104503902,0.15786472344365346,0.1896780770710987,0.15459505730230816,0.18619630189544875,0.15532361823334642,0.1720178413695805
6.0,2.552951542453965,2.25213275185098,1.8914282233724444,2.4873674495596787,2.5381957872078145,2.2436431913647077,2.3281949965295134,2.3748227262837944,2.6155932862695335,2.8754288840316344,2.9929198711249687,3.043402078712326,2.49429750963543,2.9378926421068217,2.7062307257678055,2.5897574835003994,2.835763448394309,2.5449035480695312,2.5320485643512356,2.8011786682597672,2.9337674974427097,3.4701657262342125,3.053711299480972,2.7924224066543784,3.2198755372937895,2.7392359428710438,3.1521878546243896,2.9301822242844278,3.287852592947353,3.056863382365605,2.6961590859587017,2.7167176434563736,2.857811767489424,2.8449683213145383,2.665648805747111,2.7947117678486952,3.0441767531325614,2.867425462495715,2.9864976548201465,3.041179814651555,3.1863030950581117,3.0206722463636804,2.9497177380250506,3.249161706122434,2.9602870118789744,3.352984602279567,2.9599939889812528,3.1210472303311656,2.9438870365112093,2.977507965191341,2.745093807340209,2.189223844305048,2.586257961330123,1.9639878681357843,2.487672284300177,2.3412038951083014,2.424461011211925,2.3464214951795532,2.351634546820439,2.5792632801750597,2.9408111032243025,3.1442968495317962,3.0687679864171176,2.4304367852762843,2.8567796920737045,2.8292668358255084,2.5813234421606395,2.631828631318383,2.67714188801444,2.7545482294848145,2.979940725259929,3.243260725851441,2.8518316745496803,3.1574026926677514,2.8823276620687324,2.700102899485475,3.1180519269784948,2.930400643269939,3.300621071411747,2.610920276770234,2.6553030176530044,2.829746817836512,3.160236353656169,2.8473001121001205,2.870220154691057,2.80146505397312,2.942871160847044,2.7626697761624737,2.9031383844663643,2.8678028763339722,3.0419798918386283,3.020379446094841,3.2298978328252157,3.21960699237863,3.023171079579751,3.1584673154875644,3.014112808052865,3.198459445435979,3.120080387408081,2.935282080019142,0.14674556547501416,0.1460261246656569,0.16212483010142512,0.13834852306300427,0.15752897141899527,0.1389374643108092,0.1567462397974369,0.1507393279379427,0.1376318179728155,0.1573783357367235,0.15965547214177875,0.16041129497538906,0.1498283279779525,0.1322504564755559,0.15502742164090969,0.13106909464768032,0.1710862956153458,0.160778459205927,0.16125286398785202,0.15477256411031248,0.16505167396376536,0.17189299229650765,0.13401695796155808,0.14275792532724085,0.1760133312297456,0.16525985064783186,0.1643032687782116,0.14366873140086855,0.16185825480145413,0.16142964809839516,0.13962305239515793,0.14313890644710497,0.14068232546121195,0.15525292256954176,0.18261597104460886,0.18188070524051064,0.18141365670685802,0.1633535933116692,0.1397375681353187,0.15803072589496409,0.16369551692329104,0.15578466455182757,0.13606106036701968,0.15803472526960297,0.16719443709638793,0.1568192770202906,0.14652996437338633,0.1808856387008559,0.18080080701140272,0.1628039311094613,0.14794418381942154,0.14845238604169755,0.1445750403114741,0.15316256427981956,0.145492368971294,0.14989056272928344,0.1745247087592384,0.15832522967432106,0.16428165949333998,0.14103931615305215,0.1440676994127682,0.1768570642961231,0.1753534840164715,0.161269593238103,0.13492993876909148,0.14370747132603673,0.14247573942530975,0.15386178410603502,0.16536277734717816,0.16613806133813108,0.14978712754385856,0.12681062909191032,0.1444338723822813,0.15573325085737597,0.17354991804610662,0.1629587388046786,0.17020084163453406,0.14452719792605725,0.15264144257897297,0.1424918796145696,0.1447756914310315,0.1467148473093318,0.16405660251953902,0.15484259339485773,0.15765964707684088,0.15141133159622086,0.18422833097297517,0.15012127299122036,0.1595620175020562,0.15363986353623466,0.1549955805058062,0.14958380407481522,0.16765959871381667,0.16286686731844127,0.15689797533128538,0.18822684623635783,0.15408396765075255,0.18359146519719824,0.15386289289869212,0.16986076735098762
7.0,2.525110979175436,2.23530251962113,1.8771448954228258,2.45851823319737,2.5101179827574702,2.2136993003551666,2.2955442717585544,2.356332914794081,2.5899446645698925,2.8518072840429007,2.965418186321229,3.018037607072831,2.4787266890005437,2.910575814969051,2.6773663448416114,2.553642003413323,2.8057840137122736,2.508786964330695,2.500723931390133,2.7890306463802355,2.9014811215931666,3.452066575636945,3.029640722439678,2.753091009857212,3.1957604106714275,2.7071245157681902,3.120326629864989,2.900525131181188,3.278931467078554,3.0324681054070157,2.660371295856383,2.685807251718035,2.841830092388619,2.8020416772345107,2.629291557318663,2.752174939476049,3.01397402518614,2.845860668727509,2.9456524905595933,3.0017763988864945,3.1659502811663747,2.987810027621969,2.913672400715591,3.2152925491311164,2.93828079820876,3.328501799745808,2.926720721211996,3.086213424331083,2.920285386728832,2.9470729965646707,2.7145331281451552,2.1709397197720834,2.556781321216687,1.9444350568798123,2.452263160019177,2.3125404568909924,2.4180421827588017,2.3285556259971667,2.320811381305518,2.5549533065817847,2.9176121150734504,3.115327520335017,3.04343914241668,2.412785131109864,2.8322552033074087,2.7977690551871466,2.5455442641810655,2.598626258876515,2.6397241036870556,2.7430760466351383,2.951082233588143,3.2230186482811094,2.8143217922532617,3.132038708874513,2.853534380505902,2.66485925436803,3.0903502784812242,2.897767400277269,3.288698784860901,2.576568489029428,2.6215015622249953,2.812809475577134,3.135887219492715,2.811069959068496,2.8449085133499588,2.760293974382047,2.9164314003274088,2.7231143005370253,2.8714096742875768,2.8440531027590255,3.0039719764733364,2.9789440371318885,3.1947595650492375,3.1949646616210337,2.992563073058611,3.1236878535881183,2.9903651856222915,3.176829137675743,3.0859873311190733,2.9070573402492697,0.14561809164667575,0.14394254129793727,0.15974945054500536,0.13685200648366003,0.15561527875727837,0.13803003651214155,0.15487708713826653,0.14871329457658222,0.13631628016857084,0.1553186340083735,0.15861100846844348,0.15852725148976238,0.14796334675099232,0.1314584482214256,0.1536198245994882,0.12996931168868148,0.16894713885250007,0.1595314285509797,0.15905680991850293,0.15288591842473281,0.16281727049240677,0.1692104535310048,0.1332364934968393,0.14225993150515756,0.17436617130311272,0.16336891114606988,0.1625044386448337,0.1422978484436799,0.16084039808910025,0.1596845747547322,0.1386638377216119,0.14180673983146913,0.1392971168399188,0.1533908058820503,0.18104750052937824,0.17978581290081358,0.17984820957099215,0.16238262825237706,0.13872368792419035,0.1571783094586743,0.1612873276760846,0.1543202615285308,0.13474327953960064,0.15643369038300126,0.16563868147386934,0.1561232749256788,0.14488390259243625,0.178677625721488,0.1804165354137522,0.16105827208078272,0.14622319997738834,0.14634766931481952,0.14361923922549721,0.15105390374872282,0.14416846057044636,0.14821631951230813,0.17327135553007084,0.1565096767461083,0.16220118725725513,0.14005607205543652,0.14368943623492683,0.17572846641702408,0.17335326146284002,0.15866833434785238,0.13388977131614524,0.14281858610971485,0.14095941582267374,0.15212871998170416,0.1632447685482642,0.1635715263661222,0.14865838827865607,0.125489432614564,0.14375747839381578,0.15431410114006722,0.171382623283703,0.16095386149425284,0.1689262415081254,0.14283191812516224,0.1516406365614139,0.14199815594419152,0.14366584217070255,0.14535331455545983,0.16209428417306657,0.1537073922351286,0.15609782662246421,0.15003831547123375,0.18237038195559133,0.14948510711164278,0.15838572865383227,0.15247814258991008,0.15394774186224314,0.14848624612023234,0.16569568943934077,0.16133388909901455,0.15594296383289197,0.18683730553293565,0.15357140427116414,0.1811573623218784,0.15248390990729113,0.16783345745025074
8.0,2.498868841348873,2.2195796501195213,1.8635806135552717,2.4313827117859486,2.4835915191290936,2.185302216692849,2.264726853505573,2.3389645895032687,2.5658065281003593,2.829228357060009,2.9391856370695226,2.9938889210490083,2.4638556967011183,2.8848378585503927,2.6501505274270736,2.5196890642965366,2.7774967809591504,2.4747246629011013,2.471288611665648,2.7773224024625027,2.8710509753245175,3.434655859678318,3.00663342750923,2.715884678673921,3.1729071908428654,2.676865945453149,3.089980797751399,2.8724792635259475,3.270509382922664,3.009407371357037,2.6265833410248107,2.6565780403437342,2.826484219870674,2.761681715094713,2.59501907293061,2.712169533345904,2.9852869152028956,2.82534108867386,2.9071834000993846,2.9644608038972566,3.1466205111762218,2.956594320803149,2.879686366834553,3.1832078621096143,2.9173529749576064,3.305100800774038,2.8952210312294024,3.0531355577555677,2.898026764541783,2.9182573978498016,2.6857064881629285,2.1537186137573854,2.5290004878589736,1.9257502654380945,2.4187436773949473,2.2854895626470517,2.4119295680192363,2.3117536406121855,2.2918943026496112,2.532072344684379,2.895419628749575,3.0877444518837245,3.01933246357492,2.3959822394930956,2.809148349555439,2.7680782847305228,2.511867835776195,2.5672511831743905,2.60459874973543,2.732028545003286,2.9237964793653486,3.203571834696518,2.7788033863680814,3.1079034185411003,2.826348157597706,2.6317111750541193,3.063940479507567,2.866912052864779,3.277528866719789,2.544147980601913,2.589570625832356,2.796569168988349,3.112848666982413,2.7769040564401632,2.820875601161951,2.7215523242392257,2.8914367332754165,2.6858619886952684,2.841484791820783,2.821514945365272,2.9680655939473106,2.9397482594134177,3.161505468803729,3.1715523741472147,2.9634926647325552,3.0905856816629953,2.9679786147297387,3.1562529570239217,3.0536306142247147,2.880376089931273,0.14453735790104702,0.14198862343523125,0.15752098922688582,0.1354475799584844,0.15382604014306742,0.13714350854393173,0.1531132015706005,0.1468457584737355,0.1350972485058055,0.15340126133282184,0.15763022137021052,0.1567676726890661,0.14622696959878342,0.13067049493403857,0.1522868751800375,0.1289284696185469,0.16694855997362698,0.15836368296840792,0.15701549630339465,0.1511259095970276,0.16072725647439942,0.16672486438799644,0.1324774557994289,0.14173936798495507,0.17279990542596854,0.16157713924110131,0.16082413842354845,0.1409943437197855,0.15986517316060117,0.1580419588144877,0.13774885979541862,0.14053899996860192,0.13799897281838028,0.1516306661655238,0.17955135348078297,0.17782231997849815,0.17838995643087052,0.1614062944913865,0.1377515118188625,0.15634480083835411,0.15905945909949026,0.1529519313946619,0.1334931505898669,0.15489951084314257,0.16416649532619224,0.15543103710595582,0.14331430654726562,0.17660858142222421,0.180028856930078,0.15941855094410196,0.1446085236637156,0.14435609101242475,0.14269900816197145,0.14906916369979237,0.14290306581272827,0.1466181307967288,0.17209390965436178,0.15482474812128308,0.16028287402538763,0.13914269927376985,0.14329309880250937,0.17464282796473724,0.17147566127124556,0.15626357812852296,0.13288614892510034,0.14196014996020856,0.13952747198678234,0.15051855890204804,0.16126484953453635,0.16117970993961694,0.1475721008283552,0.12424359555576557,0.14308221312193106,0.15295351771756274,0.169351604744797,0.15905969038770676,0.16770778932407565,0.1412413967575553,0.15066692217693126,0.1415035102844609,0.1425767926216856,0.14404471799210775,0.16024171508966503,0.15261638025178284,0.1545937555541899,0.1487067663441353,0.1806413250318031,0.1488508927789855,0.15726255710951773,0.15135175584786562,0.1529222246425045,0.14745127631971097,0.16382022672709676,0.15986812449542542,0.15500260570778782,0.1855065332523532,0.15305880091157467,0.17888472046177084,0.15118229230942706,0.1659286706465084
9.0,2.474179598132119,2.2049302896685927,1.8507180038618343,2.4059109193192794,2.4585724397758177,2.1584103601549405,2.2356913712639397,2.3226819971896666,2.5431312520903444,2.807664702316117,2.914188725412375,2.970923523483587,2.449665563469806,2.8606336828983507,2.6245354398986533,2.487835096065493,2.7508514531842794,2.4426577113647645,2.4436857111815016,2.76604081605682,2.8424214907724004,3.4179139684446445,2.984662197513712,2.6807437908699803,3.1512758125282145,2.6484046766314955,3.061108596314304,2.846001116701605,3.2625695873917873,2.987643570599569,2.594738571184279,2.628981359657191,2.811756538681433,2.723814155285981,2.562770400095565,2.6746210411440132,2.958075014933494,2.805836568424759,2.87102175357717,2.9291769963845673,3.128283858698934,2.926980568765765,2.8476990302071306,3.152854758466174,2.897470865227193,3.282753595212546,2.865444269147508,3.0217665747117373,2.877070271412721,2.891015256494861,2.6585638550272477,2.137531082016637,2.5028669891870683,1.907915318268403,2.387062077959536,2.2600059240222077,2.4061108581897956,2.2959811031640642,2.264824697168457,2.510575124951367,2.8742058498766814,3.0615107766773306,2.9964145715393298,2.3800045429181136,2.787417786067259,2.740141404328327,2.480232326772375,2.5376508521747785,2.5716965207378957,2.7213925985147425,2.898037084691661,3.1849003635916127,2.745220907969021,3.0849606346967615,2.8007207627004904,2.6005963529407246,3.038787253722643,2.8377870980884117,3.2670870109688868,2.5136038004072065,2.5594566299520696,2.7810065944939826,3.0910830955917,2.744741754324865,2.7980840634642328,2.6851709384013644,2.867845552290823,2.650845244695073,2.8133097104595226,2.800152894028526,2.9342020888146627,2.90273190189452,3.1300800250089265,3.149335658289968,2.935916189515722,3.059118046737939,2.946912507322436,3.136698806344541,3.022962138945968,2.855192943311013,0.14350141257631308,0.14015926702576273,0.15543292700725345,0.13413117138931763,0.1521541522536854,0.13627856299063404,0.1514497174167595,0.14512907030807612,0.13397026179759747,0.1516193538547377,0.15671065573865778,0.1551270362471074,0.14461424286802463,0.12988921365898826,0.15102421233796084,0.12794496069874023,0.1650843150990306,0.15727225246454138,0.1551216782319673,0.149485477289752,0.15877508374499916,0.16442528077088867,0.1317394128310349,0.14120079520175624,0.1713116061491462,0.15987968801218733,0.1592568619868523,0.13975503234466685,0.15893087455016572,0.1564965096693768,0.13687726058649863,0.13933269522146408,0.136782958437679,0.1499672629995454,0.17812568833425063,0.17598359096933291,0.17703299672002737,0.16042821152132059,0.13681962771434564,0.15553038977892508,0.1570006878726097,0.15167319493496673,0.13230766870207952,0.15342948372469917,0.16277394381113838,0.1547433869316074,0.1418178335825312,0.17467103683676308,0.17964020391688637,0.1578788520851342,0.14309485270656677,0.1424715846603917,0.14181384137347813,0.14720397239662794,0.141694933666223,0.14509510177653187,0.17099046662016093,0.15326509059561,0.15851650210016238,0.1382965544656605,0.1428830598400164,0.1735987544725193,0.16971493176168348,0.15404556585064155,0.13191839084055854,0.14113030149652595,0.1381753685424442,0.1490244001813647,0.15941547253595575,0.15895166259086668,0.1465277877437966,0.12306912239327236,0.14240975315819462,0.15165003879794853,0.16744925549026204,0.15727094014455356,0.16654328549484324,0.13975186082016675,0.14971908381615895,0.14101009798211694,0.14150979956712947,0.14278728035981636,0.15849356546687876,0.15156841859472348,0.15314648953837579,0.14741633587336492,0.17903289897494548,0.14822014512212325,0.1561899831975045,0.150260536712622,0.15191908929382125,0.14647654162059215,0.16202988746735977,0.15846868221885035,0.15407953096427648,0.1842320811475801,0.1525477257938482,0.1767648710094991,0.14995402361397742,0.16413972996416473
10.0,2.450997718682998,2.191320584590785,1.8385396924345827,2.382052889791271,2.43501678815076,2.1329821505187345,2.208386454527025,2.3074493846315502,2.521871211769311,2.7870889190443813,2.890393953392294,2.949108917219312,2.4361373200392795,2.8379181980603514,2.600473248630827,2.458016528635645,2.725797733437,2.412527177305692,2.417858335941411,2.755172766713427,2.8155371000724685,3.4018212920222615,2.9636998152772405,2.6476087242108473,3.130826210447603,2.6216851540087687,3.0336682635843744,2.821047186091067,3.255095327398045,2.9671390935185262,2.564780336055049,2.6029685599821066,2.7976294375667066,2.6883647181991015,2.5324845863261034,2.639454954556187,2.9322979161285776,2.787316954070188,2.8370989211306084,2.895868943049167,3.1109103973458696,2.8989242143683804,2.817649784658542,3.1241803516090365,2.878601792119164,3.261432172909639,2.8373397850803523,2.9920594193066803,2.857375008804335,2.8653006599480384,2.633055196371829,2.122347680305527,2.4783323531310297,1.8909120398285097,2.3571666032449947,2.236044252662189,2.4005737444670032,2.2812035777922306,2.239543951177795,2.490416377851274,2.8539429840787798,3.036589627215212,2.974652087957411,2.3648284738770853,2.767022168092285,2.713905293853299,2.450575906995931,2.5097727138404515,2.540948111272708,2.711155081094963,2.8737576716671698,3.1669843134603055,2.713518808130968,3.063174170370726,2.7766039651706067,2.571452479424871,3.0148553247915832,2.8103450330041673,3.257348911588628,2.484880997364809,2.5311059960611484,2.7661024485177768,3.0705529047869806,2.7145224028324195,2.776496545594013,2.6510806517251213,2.8456162499733773,2.617996472594265,2.786830403597395,2.779931438624537,2.902322805629462,2.867834753530268,3.1004277145851367,3.128280042382094,2.9097899823222746,3.029242195838656,2.9271262753476153,3.1181345885016394,2.9939338075038213,2.831462514634301,0.14250855565764983,0.1384495664144141,0.153479122129391,0.13289896672746135,0.15059315329570536,0.13543589067464412,0.14988212149324195,0.1435558857207687,0.13293116618702788,0.1499664000210147,0.15585004148880707,0.15360011079387242,0.14312036909167372,0.12911695409409218,0.14982796068288035,0.12701717653464362,0.1633484739302842,0.15625426616838056,0.1533684836754126,0.14795815553308095,0.15695454620480925,0.16230147969671455,0.1310220929425166,0.14064836336581393,0.16989858343651268,0.15827208973240825,0.15779750574960133,0.13857703939562618,0.15803604571657556,0.15504341231033963,0.1360481796800252,0.1381851117263696,0.13564457651965137,0.14839581911067165,0.17676876948377393,0.17426347841712278,0.17577197825666757,0.1594516934803851,0.13592681874522186,0.15473537267846246,0.15510065047496224,0.15047827085660254,0.13118407532197165,0.15202114731685618,0.16145748916867075,0.1540613070261486,0.1403914469864034,0.1728581070801638,0.1792528814409427,0.15643378445872788,0.14167730730339925,0.14068862647608876,0.14096328242468845,0.145454069774374,0.14054279200821687,0.14364614124116834,0.16995913221695275,0.15182550941337355,0.15689262848092456,0.1375152087137,0.14246329298495944,0.17259510905777628,0.16806573572704608,0.15200494864709943,0.130985924391639,0.14032756145493924,0.13689897590959713,0.14763980613125005,0.15768970097700993,0.15687734565529254,0.14552502722840716,0.12196239989610204,0.14174168807861126,0.15040230775475602,0.16566858863048678,0.15558264566683888,0.16543081819176056,0.13835958702360193,0.14879623203267736,0.14051996134354122,0.14046596376209075,0.14157944445938692,0.15684493070415348,0.15056252786544821,0.15175510524262667,0.14616671830906916,0.1775376483403486,0.1475944084618146,0.15516587596809303,0.14920431900066417,0.15093857089475646,0.14555980100949611,0.16032153328869686,0.15713462774867393,0.15317608393642107,0.18301189287035508,0.15203982263928867,0.17478972451706834,0.1487954295189578,0.16246048178135122
11.0,2.4292776721593623,2.178716681208512,1.8270283053655567,2.359758657195813,2.4128806077070637,2.1089760075614277,2.182760732788203,2.2932309986072648,2.501978782366675,2.7674736064779224,2.8677678230518,2.9284126050989285,2.4232519971421955,2.8166463140838878,2.577916119998078,2.430169791922458,2.702285324766673,2.384274128307885,2.3937495919490837,2.7447051339825688,2.790342235360351,3.3863582204974927,2.9437190636239077,2.6164198564619894,3.111518319321152,2.5966518222905375,3.007618037592312,2.7975739670772075,3.2480698498535547,2.947856330497816,2.5366519853574094,2.578490991642219,2.7840853052723324,2.655259124224863,2.5041006791348193,2.6065967652681934,2.9079152105388157,2.7697520917001555,2.8053462728973426,2.8644806105917784,3.0944702007283085,2.8723807004695727,2.7894780240140213,3.097131754946447,2.8607130787352255,3.2411085237136312,2.810856929141952,2.9639670356474963,2.8389000781792784,2.8410676956574497,2.6091304798303914,2.1081389643797803,2.4553481076209134,1.8747222545761952,2.329005494783399,2.2135592602127008,2.395305918047431,2.26738662863614,2.2159934509933588,2.471550833852627,2.8346032369798673,3.0129441359967872,2.9540116344766663,2.3504304648621286,2.7479201508799767,2.689316833178127,2.422836746273211,2.4835642161341642,2.5122842159181973,2.7013028666694003,2.850911862391984,3.1498037627965307,2.683641537928839,3.042507838592267,2.7539495343643705,2.544217245903513,2.992109416379522,2.784538354668005,3.2482902625594896,2.457924620394239,2.5044651456365776,2.7518374274835575,3.0512204940346592,2.6861853520725814,2.756075692888492,2.6192122990672186,2.8247072189228355,2.5872480764506887,2.7619928446279394,2.7608150690290723,2.8723690889457885,2.834996603275749,3.072493018452621,3.1083510547563598,2.8850703780662883,3.000915375990877,2.908579330752478,3.100528206359236,2.9664975221192353,2.8091394181469695,0.14155730149195572,0.13685481131005195,0.15165378401333546,0.13174739819528922,0.14913715378567857,0.13461616926081893,0.1484062265169374,0.14211916737787092,0.13197609010336486,0.14843623302894285,0.15504627504630006,0.1521819408965312,0.14174070362793376,0.1283558243875816,0.14869467643539783,0.12614352354703856,0.1617353990252031,0.15530695565755012,0.1517493956011046,0.146538017644661,0.1552597604467247,0.16034392161748923,0.13032534964958625,0.1400858351279116,0.16855835320182605,0.1567502281188645,0.15644133705865126,0.13745776358597692,0.15717945179900472,0.15367827795331973,0.13526076132312076,0.1370937840497238,0.13457973140083962,0.14691197269871184,0.17547895220648546,0.17265627729256025,0.17460203654020826,0.1584797641167871,0.13507202993327472,0.15396012236394582,0.15334978119229,0.1493619991534585,0.13011983496636673,0.15067226276197354,0.16021393684610766,0.153385890894613,0.13903238179346364,0.1711634374213429,0.17886905974989686,0.15507843177992073,0.14035139209990785,0.13900218746976792,0.14014691552826977,0.14381531718134516,0.13944536524837967,0.14227000475565024,0.16899802966522645,0.1505009797188006,0.1554025327700291,0.13679641843370718,0.14203741253136748,0.1716309661111009,0.16652311491621988,0.1501327886825672,0.1300882686028344,0.13955076839556516,0.1356945393591785,0.1463587829631112,0.15608115413954157,0.1549475652783922,0.14456343866624632,0.12092015583257856,0.14107951406179534,0.14920905351918762,0.16400318996479543,0.15399014214697612,0.16436871890164845,0.13706091829187286,0.14789774461626043,0.14003502483061592,0.13944623822640143,0.14041983255484544,0.1552912951479182,0.1495978616606618,0.1504186923188787,0.14495762725737618,0.1761488462966338,0.14697522514083894,0.15418842962357773,0.14818293161119464,0.1499810325773784,0.14469892088715594,0.158692202309484,0.15586498248712055,0.15229433030084422,0.18184423578471987,0.1515367640296818,0.1729517443956081,0.14770315907827558,0.16088525785639893
12.0,2.408973927719024,2.1670847258442087,1.816166468746823,2.338978255526797,2.3921199418978327,2.0863503510603,2.158762835540847,2.279991085895073,2.483406339111887,2.7487913638498944,2.846276836433403,2.908802089965145,2.410990625511204,2.7967729410163944,2.5568162203748455,2.404231315841376,2.68026393022263,2.357839631955338,2.37130258520824,2.7346247974145115,2.7667813287717093,3.371505143956658,2.9246927253778288,2.5871175653888754,3.0933120738689874,2.5732491261823407,2.982916156368769,2.775537955042956,3.241476401670453,2.929757671921349,2.5102968688116234,2.5555000049612406,2.7711065305441376,2.6244230937540816,2.4775577260343504,2.5759719649658015,2.884886489914842,2.7531118274046458,2.7756951790150364,2.8349559657131347,3.078933342457569,2.8473054699278726,2.7631231420987636,3.0716560818866263,2.8437720481770263,3.2217546374728103,2.7859450514463604,2.9374423678412964,2.8216045810002157,2.818270451071255,2.586739673036635,2.094875489995043,2.4338657805867907,1.8593277869692262,2.3025269941067847,2.192505658319514,2.3902950701275962,2.2544958198352307,2.194114582930897,2.45393322342396,2.8161588142039538,2.9905374355214462,2.934459832744596,2.336786948365403,2.7300703896797582,2.6663229021755166,2.3969530144305695,2.4589728070186867,2.4856355292526113,2.691822829163546,2.8294532789662026,3.1333387900941805,2.6555335484375235,3.022925452390645,2.732709239638154,2.51882834377369,2.9705142521515877,2.760319560135905,3.2398867578619317,2.432679718415005,2.479480500155345,2.7381922278150848,3.0330482628011466,2.659669952155104,2.736784150684876,2.5894967152843043,2.8050768517389435,2.5585324603221817,2.738743006944738,2.7427682751179145,2.8442822833177397,2.8041572400860413,3.046220417531631,3.089514223745551,2.8617137116619364,2.9740948342203235,2.891231085484283,3.0838475627813735,2.9406051850132022,2.7881782680948364,0.14064634673295268,0.13537048218789174,0.14995144834626722,0.1306731313999817,0.14778077370289827,0.13382004752393803,0.14701814603016097,0.14081218463412123,0.1311014212833474,0.14702302080062662,0.15429740273964723,0.15086783259311215,0.14047075099429748,0.1276077149779435,0.14762129905572918,0.1253224355755217,0.1602397273085589,0.15442765669094052,0.15025823450129916,0.14521962659376894,0.153685147386005,0.158543712253543,0.12964913279689788,0.13951661052410141,0.16728861150384816,0.15531031200300183,0.15518396514512978,0.13639484478216052,0.1563600552664542,0.15239710019387084,0.1345141603856214,0.13605646917987113,0.13358469405341208,0.14551173517485586,0.17425467045950885,0.17115668430053457,0.17351874031031442,0.1575151744114663,0.13425434036219688,0.15320506412892024,0.15173925257882165,0.14831977215900868,0.12911261460801773,0.14938079738517593,0.15904038933582157,0.15271830360775868,0.13773811467645394,0.1695811543851432,0.17849077037134028,0.15380830694843992,0.13911296074146615,0.13740768906771156,0.13936435841903635,0.14228370395086698,0.13840138854720568,0.1409653312011362,0.16810530554307998,0.1492866549766462,0.15403816716092153,0.13613810079568447,0.14160870920853172,0.17070557292658298,0.16508245773692526,0.14842055680653007,0.12922502020323515,0.1387990242679454,0.13455864780230692,0.14517576006222485,0.15458395724572796,0.15315390984819066,0.14364267159031027,0.11993942276675336,0.1404246312849346,0.14806907583273102,0.16244717315739973,0.15248904682551062,0.16335552525872438,0.13585227679607698,0.1470232177475658,0.13955709337101982,0.13845143816604405,0.1393072135292746,0.1538284992820085,0.14867368444501952,0.1491363487322064,0.14378877943517943,0.17486042364462623,0.1463641122203651,0.15325610936943887,0.14719619531807554,0.14904692900160543,0.14389187165079423,0.15713910162066302,0.1546587249841304,0.15143606862184844,0.18072764424026566,0.1510402153739681,0.1712439193627278,0.14667416519499019,0.15940883952226195
13.0,2.39004095451982,2.1563908648202985,1.8059368086704333,2.3196617187781094,2.3726908341762107,2.0650636007925676,2.1363413922783194,2.267693893273291,2.4661062572343635,2.7310147903934534,2.8258874955796265,2.890244874660745,2.399334235878957,2.7782529889053476,2.5371257161356167,2.380137530307879,2.659683252854222,2.333164755832092,2.350460421722594,2.7249186365595053,2.7447988124422036,3.3572424524860778,2.90659358336309,2.5596422287569824,3.0761674088112003,2.5514215103897433,2.959520857944454,2.7548956453711977,3.235298229760836,2.9128055081730233,2.4856583361379765,2.533946950262874,2.75867550212794,2.595782347177548,2.452794774537251,2.5475060453348086,2.8631713460073165,2.737366007273645,2.7480770096213307,2.807238975113996,3.064269896144961,2.8236539656018618,2.738524532737993,3.047700445837842,2.8277460235462484,3.2033425040354877,2.762553502107581,2.9124383599951686,2.805447618729823,2.796863013637609,2.5658327436242883,2.08252781290703,2.4138368999587203,1.8447104614653873,2.2776793427472253,2.1728381586283425,2.385528891904079,2.2424967155289406,2.173848733306136,2.4375182770337975,2.7985819213750376,2.9693326582885913,2.91596330440869,2.323874356879036,2.7134315397410784,2.6448703807181815,2.3728628812943295,2.4359459344568064,2.46093274585427,2.6827018425028397,2.8093355434899334,3.117569473847206,2.629139290731904,3.0043908247950957,2.7128348503482766,2.495223464432363,2.950034555772901,2.7376411464638433,3.2321140914764017,2.409091340346607,2.456098481094457,2.72514754593618,3.0159986105528676,2.6349155531897885,2.718584564320346,2.5618647352330806,2.786683541021482,2.531782028266599,2.7170268639413524,2.725755546766832,2.8180037332993995,2.7752564529162216,3.02155439274245,3.0717350776824874,2.8396763180233555,2.9487378175527237,2.87504095149022,3.0680605606320803,2.916208698406649,2.7685336787237063,0.1397745429391308,0.1339922443596056,0.14836695332180985,0.1296730516472406,0.14651908560814025,0.13304813418783934,0.14571427071008253,0.1396285108306521,0.13030378570796128,0.14572125388501894,0.1536016059500034,0.149653339403501,0.1393061610565713,0.1268743206759556,0.14660510805544194,0.12455238389265241,0.1588563534366463,0.15361380949499504,0.14888914128659503,0.14399799009415168,0.15222541480739443,0.15689256417915873,0.12899346520427807,0.13894375348362437,0.16608721344532004,0.15394885041725873,0.15402131424658946,0.13538613517013473,0.1555769941924825,0.1511962160117546,0.13380754732415925,0.13507112349954611,0.13265606892347576,0.14419145375009165,0.17309442715316678,0.16975976161166523,0.17251804294871412,0.15656042212282315,0.13347294023482953,0.1524706570706365,0.1502609185155109,0.14734747266259277,0.12816026530264127,0.14814490944330777,0.15793420674109213,0.15205975021260767,0.1365063374740947,0.16810582140648142,0.17811990520822754,0.1526193103993482,0.13795818282939543,0.13590096210746022,0.13861525660571017,0.1408553508401471,0.1374096188231144,0.1397306733757116,0.16727913452128892,0.1481778724608453,0.15279210840259014,0.1355383130455774,0.14118018245892233,0.16981831807441167,0.163739469804951,0.1468601266890923,0.12839584177324967,0.13807164849162426,0.1334882054981415,0.1440855678601395,0.1531926964137721,0.1514886903098448,0.14276239754928705,0.11901750628508075,0.1397783441892437,0.1469812343788098,0.16099513738239196,0.15107524219443416,0.1623899499811629,0.13473017390138367,0.1461724257483715,0.13908785326593634,0.1374822520822975,0.13824047668134765,0.15245270990217843,0.1477893531089374,0.1479071788594089,0.14265988410264158,0.17366690368894272,0.14576254466748745,0.15236760546299982,0.14624392135007785,0.1481367783133857,0.1431367249483968,0.15565960030406384,0.15351479387476982,0.15060284521732734,0.17966087259882196,0.15055180783686967,0.1696597348152181,0.1457056845205306,0.15802642369529762
14.0,2.372433221719606,2.1466012444592257,1.7963219512284427,2.3017590809436537,2.3545493279952896,2.0450741765354854,2.1154450324939864,2.2563036675202275,2.450030911963567,2.7141164853417337,2.8065663025329934,2.8727084620284553,2.3882638589781378,2.761041367798202,2.5187967736548504,2.357824865237424,2.6404929957108045,2.3101905675221226,2.3311662074958632,2.7155735309677698,2.7243391185074644,3.3435505361720903,2.889394420403817,2.53393422433177,3.060044258867939,2.531113419618301,2.9373903803500636,2.735603533444833,3.2295185810368463,2.8969622296367556,2.46267973705676,2.513783177870839,2.7467746087695706,2.569262604886082,2.4297508721561463,2.5211244980609897,2.8427293705669,2.722484477397144,2.722423134853886,2.78127360549506,3.0504499354018186,2.8013816303500847,2.7156215897569154,3.025211960208333,2.81260232794456,3.1858441132499555,2.7406316312396597,2.8889079562162205,2.790388292830786,2.7767994708046717,2.5463596592270434,2.0710664888714234,2.3952129936667643,1.830852102522447,2.254410782236767,2.1545114727848977,2.380995074573422,2.2313548798567338,2.155137288434828,2.422260725150664,2.781844764117144,2.9492929367976233,2.8984886711164783,2.3116691228951844,2.6979622563133865,2.624906148678841,2.3505045166908527,2.4144310464112735,2.438106560301455,2.6739267806127565,2.7905122780632707,3.1024758925495357,2.604403215886891,2.9868677688348697,2.6942781358510905,2.473340299276566,2.930635050908606,2.7164556107077864,3.2249479573833533,2.387104535108564,2.4342655099308987,2.712684078270611,3.000033936756211,2.611861505286405,2.701439579132129,2.536247193770235,2.769485679370181,2.50692918434177,2.696790389011356,2.7097413738515974,2.7934747834448608,2.748234030721373,2.998439425005362,3.0549791448999306,2.8189145320646625,2.924801573013796,2.8599683407175474,3.053135102775384,2.893259964520587,2.7501602642794376,0.13894087327541205,0.13271594095010497,0.14689541694418304,0.12874424974440235,0.14534756331032558,0.13230099043433124,0.14449124598605548,0.13856201838440987,0.12958002830343143,0.14452573168973878,0.15295718785198312,0.14853424877575816,0.13824272515023212,0.12615716114154704,0.14564368451358853,0.12383188493733475,0.15758041469176876,0.15286295780136716,0.14763656052712573,0.14286851984128396,0.1508755407580942,0.15538275843203583,0.12835842397126437,0.13837001924256484,0.16495215594092366,0.15266262908115108,0.15294959860633395,0.13442967381446785,0.15482956291278635,0.15007227101758952,0.1331401122640172,0.13413588240957403,0.1317907627283728,0.14294777831844596,0.1719967865105422,0.16846090452771,0.17159623924726855,0.1556177725705764,0.132727112176841,0.15175737986040178,0.1489072599536766,0.1464414184678717,0.12726080577830537,0.14696293409810823,0.15689297317028353,0.15141145067869735,0.13533493393012375,0.16673239858618508,0.17775821806871198,0.151507692093955,0.13688351319608022,0.13447820903259156,0.1378992787980577,0.139526510548073,0.1364688428578351,0.13856452333509922,0.1665177229882539,0.14717015602402989,0.15165751171624528,0.13499523515870712,0.14075456961664887,0.16896870548667592,0.1624901470375418,0.14544376569688985,0.12760045175761614,0.13736813935686137,0.13248040615593412,0.14308341467132502,0.15190237798334827,0.14994488314270968,0.14192230438328385,0.11815195708188385,0.139141863913068,0.145944440963288,0.1596421273885728,0.14974486043603336,0.16147085492423435,0.13369121737873743,0.1453452880951221,0.13862887520587183,0.13653925366334457,0.1372186111212622,0.15116039286520494,0.14694430166691227,0.14673029378772975,0.1415706370235561,0.17256334261501471,0.14517194383464468,0.15152179435178217,0.1453259114337567,0.14725114115089247,0.14243165124179077,0.15425122284738652,0.15243209216896889,0.1497959713329426,0.17864285651352815,0.1500731187190237,0.16819314340680708,0.14479521695217848,0.15673359048610633
15.0,2.3561051984761905,2.1376820110834123,1.7873045225128936,2.285220376017317,2.3376514668082287,2.0263404980662854,2.096022385681214,2.245784655414185,2.435132678528921,2.6980690479278766,2.7882797593360134,2.856160354910985,2.37776052554139,2.7450929877424324,2.501781559307019,2.337229750545458,2.6226428618417086,2.288858134609458,2.3133630485317336,2.70657636018956,2.705346679103158,3.330409785101004,2.8730680193240974,2.5099339298786987,3.0449025587592997,2.5122692985735466,2.916482961616256,2.7176181146467586,3.2241207024105916,2.882190226696443,2.4413044212882284,2.494960038108861,2.735386239214859,2.5447895872704684,2.4083650664036202,2.496752814830113,2.823520155344227,2.7084370838651393,2.6986649248503585,2.7570038235570764,3.037443533839437,2.780443907031115,2.694353706980735,3.0041377384063366,2.7983082844736473,3.169231454964538,2.7201287889566337,2.86680410061155,2.7763857047657425,2.7580339100205706,2.528270387478633,2.060462073643925,2.3779455896410053,1.8177345345981761,2.232669554107448,2.137480312434918,2.376681309332167,2.2210358769580205,2.1379216346326935,2.4081152982430956,2.7659195480542462,2.9303814035479525,2.882002554515425,2.300147678905982,2.6836211946461077,2.606377085930182,2.329816090446471,2.3943755908448576,2.4170876671724515,2.6654845174187622,2.772937104786308,3.0880381246950748,2.581269774977371,2.9703200975392248,2.6769908655029266,2.4531165397032595,2.9122804612238267,2.6967154499237243,3.218364049563252,2.3666643516203933,2.413928008141641,2.7007825212421555,2.9851166408776093,2.590447158554733,2.685311840457416,2.5125749257524563,2.7534416593848126,2.483906332605537,2.6779795555483052,2.6946902462479803,2.7706367783082055,2.7230297624565734,2.976819995240622,3.0392119537306774,2.7993846887000013,2.9022433476292493,2.8459726651134574,3.0390390920753187,2.8717108855759714,2.7330126390078298,0.1381444328066166,0.13153758501578586,0.14553221535637995,0.1278840075538858,0.14426203565911047,0.13157912533986488,0.14334595092155178,0.13760687190458468,0.12892719525669877,0.14343154742885258,0.15236256157417066,0.1475065689475772,0.1372763721596993,0.12545759987638194,0.14473487683590885,0.12315950608137663,0.1564072771365148,0.15217274685403112,0.14649522404566595,0.14182699441287383,0.14963075772684842,0.1540071064238353,0.12774412570298208,0.13779788208817276,0.16388156363674336,0.1514486882583105,0.15196529913211715,0.1335236643209795,0.1541171948444835,0.14902218840365639,0.1325110683222543,0.1332490423014242,0.13098595536521251,0.141777632107778,0.17096036814773308,0.16725581261776176,0.17074992704136702,0.15468928006134391,0.1320162161816715,0.15106572018030703,0.1476713333911799,0.14559831279100405,0.12641240774944235,0.14583337047139192,0.15591446814763243,0.1507746203278446,0.13422195925392685,0.16545620613048445,0.17740732813807006,0.15047001687954276,0.1358856634001428,0.13313596909993064,0.1372161132986101,0.13829356563522702,0.13557788287122766,0.13746533312423578,0.16581931168539818,0.1462592164305141,0.15062806668523596,0.13450715530907714,0.14033437233638474,0.1681563333728292,0.16133075104049802,0.1441641229203656,0.12683861608040484,0.136688141691696,0.13153270910075796,0.14216486291501884,0.15070839175115122,0.14851607596918476,0.14112209247535995,0.11734054640728163,0.13851631234905326,0.1449576540541678,0.15838359593979864,0.14849426892917192,0.1605972294173102,0.13273211620817818,0.14454184252350172,0.13818161894833375,0.1356229141022107,0.13624068981999188,0.14994828806096308,0.1461380286335882,0.14560481328502073,0.14052071796613083,0.17154527501494857,0.14459367019903382,0.1507177059091327,0.14444195899549248,0.1463906054169306,0.1417749174465884,0.15291164285980152,0.1514094925529657,0.14901654179111218,0.17767268115296816,0.14960565793820887,0.16683853515979769,0.14394050497613162,0.15552627229637914
16.0,2.3410113539474295,2.129599311015286,1.778867148615867,2.2699956379929978,2.3219532940681202,2.00882098516222,2.0780220813333994,2.236101103733473,2.4213639321598546,2.6828450773850325,2.7709943680312077,2.840568056151096,2.3678052663013576,2.730362758785487,2.4860322394665992,2.3182886161474294,2.6060825542962847,2.2691085246780967,2.296994050833961,2.6979140037751477,2.6877659263649143,3.3178005893591633,2.857587162948044,2.487581723163245,3.030702243205412,2.4948335919610574,2.896756839773717,2.7008958843598903,3.219087840794186,2.868451889736009,2.4214757385526697,2.477428881300641,2.7244927822096425,2.5222890147215065,2.388576404792289,2.474316487327982,2.805503292089962,2.695193672767634,2.676733749748395,2.734373596000799,3.0252207650691236,2.7607962385034996,2.674660278234696,2.9844248938400826,2.784831216235153,3.1534765190275107,2.7009943253725224,2.8460797372882616,2.7633989559973755,2.7405204187334573,2.511514896012773,2.050685122980208,2.3619862158114864,1.8053395821503604,2.212403899891367,2.1216993892241303,2.372575287376857,2.2115052709722733,2.12214315821549,2.395036726779614,2.750778478810379,2.912561191038953,2.8664715762530637,2.289286457403572,2.670367009988697,2.589230072344908,2.3107357723875257,2.3757270157203316,2.3978067610455587,2.6573619268463244,2.7565636457591576,3.0742362487777553,2.559683419078241,2.954711623937416,2.660924808660134,2.434489877109464,2.8949355103836942,2.678373161167611,3.21233806199655,2.3477158388015997,2.3950323972037126,2.689423571274628,2.9712091223834696,2.5706118631045287,2.670163993633407,2.490778766036429,2.7385098736651283,2.46264587711576,2.6605403369457674,2.6805666538317556,2.7494310624435148,2.699583437076903,2.9566405843684938,3.024399032507513,2.7810431228435077,2.881020388424838,2.833013336625206,3.025740431395915,2.8515133637937735,2.717045417154732,0.13738441191362835,0.13045335102746547,0.14427296217905647,0.12708978352444406,0.14325864504538396,0.1308829936322543,0.1422754783341546,0.13675751961187074,0.12834251780026398,0.14243407214545936,0.15181623961315077,0.14656651621574115,0.13640316455353593,0.1247768618327967,0.14387677031919607,0.12253386973163728,0.15533252280639712,0.15154092060271712,0.14546013487972556,0.14086952543181708,0.1484865375583029,0.15275891241692008,0.12715071500773084,0.13722956295167293,0.1628736773742029,0.15030430194626188,0.15106514155067766,0.13266645530353613,0.15343944726413902,0.14804314112766653,0.13191965429398986,0.1324090446036635,0.13023907300128545,0.14067818561334025,0.16998384254484422,0.16614046389771503,0.1699759732078336,0.15377680945847377,0.1313396776368168,0.15039616715805315,0.14654672209341982,0.14481519992525432,0.12561338275138073,0.14475486967514778,0.15499664231688798,0.15015045482866546,0.13316562215153133,0.16427289109148138,0.17706872496733486,0.14950313295738069,0.13496157533504882,0.13187108640517387,0.13656546516120563,0.13715302423089623,0.13473559995787973,0.1364315315140722,0.16518217749124814,0.14544094957143786,0.14969795515814152,0.13407245769695222,0.13992188057979382,0.16738087720575176,0.16025778657595735,0.14301421483851032,0.12611014111657334,0.1360314198722411,0.1306428172933599,0.14132580514056195,0.14960647769871582,0.14719641585528018,0.14036147260222287,0.11658124444580145,0.13790272740103854,0.14401987511692693,0.15721536858293284,0.14732005668718798,0.15976817218314232,0.13184968328000388,0.14376222320897808,0.1377474392629202,0.13473361454042954,0.1353058574738602,0.14881338631467397,0.14537008668207554,0.14452986897433828,0.1395097909114699,0.17060866420097168,0.1440290194851242,0.1499544958864076,0.14359185125022622,0.14555577569790776,0.1411648845128788,0.15163867702381137,0.1504458433953219,0.148265454441033,0.1767495552415601,0.14915085943176373,0.16559070745023477,0.14313951311743037,0.15440072434700444
17.0,2.3271061572911362,2.122319290577285,1.7709924556293968,2.2560349008645875,2.3074108532281126,1.9924740576005273,2.0613927489438746,2.2272172592563853,2.408677048085832,2.6684171729463375,2.7546766306610904,2.8258990685915415,2.3583791119907156,2.7168055909748356,2.471500980508052,2.300937891958838,2.5907617761238977,2.2508828053120546,2.28200232040623,2.6895733412747664,2.671541292428392,3.3057033390328754,2.842924634099749,2.4668179819508813,3.0174032469263876,2.4787507444863883,2.8781702528531588,2.6853933379671147,3.2144032430997616,2.855709609139347,2.403137038570374,2.461141057769902,2.7140766264997236,2.50168660763002,2.3703239348347496,2.45374100724036,2.7886383725547654,2.6827240901945997,2.6565609796856475,2.713326889526937,3.0137517027022036,2.7423940676257943,2.6564806973439965,2.9660205399178343,2.772138446330771,3.1385512952871824,2.683177590601367,2.826687810353447,2.7513871479883485,2.7242130843914945,2.4960431524631534,2.0417061926359876,2.347286400108285,1.7936490696367635,2.1935620611205464,2.107123414798279,2.3686646999040604,2.202728626038909,2.1077432454989364,2.3829797412287563,2.7363937620095213,2.895795431770041,2.851862357976869,2.279061890880097,2.6581583575905836,2.5734119877957418,2.2932017323403664,2.3584327690004536,2.380194536499065,2.649545882820886,2.741345523081914,3.0610503432915066,2.539588599264408,2.9400061610587165,2.6460317346790663,2.4173980028921656,2.8785649220533327,2.661381241495441,3.2068456886637033,2.330204045571679,2.3775250985940883,2.678587924791786,2.9582737807401767,2.5522949690455907,2.6559586839972993,2.4707895494788206,2.7246487148108827,2.443080221930254,2.6444187065973024,2.667335086478684,2.7297989804048877,2.677834843537441,2.9378456733092677,3.0105059095632236,2.763846169409308,2.861089942426258,2.821049767199997,3.0132070236011974,2.832619301394966,2.702213212965935,0.13666008240871486,0.12945956592472097,0.14311348886264763,0.1263591983928582,0.1423338102026524,0.13021299527203692,0.1412771161333863,0.1360086833498377,0.1278233973284401,0.1415289381335941,0.15131682434644694,0.14571050261319118,0.1356192943630553,0.12411604972723117,0.14306766011077313,0.12195365604787595,0.15435193776237263,0.15096531828443213,0.1445265516365565,0.13999252665332568,0.14743857705871646,0.15163193680863796,0.12657835570112877,0.1366670564611599,0.16192684469187077,0.1492269583529689,0.15024607593285214,0.13185652336106998,0.15279598785764778,0.14713252692002532,0.13136513681563614,0.1316144616543116,0.12954776334777374,0.13964683337943049,0.16906592761916286,0.16511109166533952,0.16927148354411467,0.1528820575004578,0.1306969779247107,0.14974920622579505,0.14552749004312934,0.14408942563462165,0.12486217031843719,0.14372622373182176,0.15413759679901853,0.14954011896220565,0.13216426901447817,0.16317839706225873,0.1767437746159649,0.14860414320825346,0.13410839684083015,0.13068068053237852,0.13594705394388198,0.1361015139358459,0.13394089577115634,0.13546153731536592,0.16460463449582333,0.1447114328920525,0.14886181120610317,0.13368961233591337,0.13951919443025093,0.1666420761261051,0.15926798092498703,0.14198740912556507,0.1254148678006102,0.13539783537226327,0.12980865706376296,0.14056244023603587,0.14859269583462434,0.14598056038739463,0.1396401650615234,0.1158722012492789,0.13730206910562368,0.143130146291899,0.15613361068723183,0.14621902161645434,0.15898287624816254,0.13104083628195487,0.1430066431563287,0.13732759280453077,0.1338716583930941,0.1344133214580658,0.14775290798212812,0.14464007424480071,0.14350460831704492,0.13853750627913353,0.1697498569460481,0.14347922143361153,0.14923142280693258,0.14277537193995993,0.14474726636968582,0.1406000048777363,0.15043027924186725,0.14953997519113824,0.14754342987510274,0.17587278994882427,0.14871007646925435,0.1644448351911671,0.14239040774507916,0.15335349661818287
18.0,2.3143440776651736,2.1158080960918206,1.7636630696455473,2.24328819862597,2.2939801877413224,1.9772581351584535,2.0460830180060263,2.2190973687612288,2.397024401536253,2.654757933844942,2.7392930492681686,2.812120895075044,2.349463093342119,2.704376394357936,2.4581399488058455,2.285114007895115,2.5766302303738646,2.2341220440953222,2.2683309632522706,2.6815412522386564,2.6566172094292524,3.29409842420847,2.8290532156033223,2.4475830840070607,3.004965504642374,2.463965200855075,2.8606814388852237,2.671066970851319,3.2100501562394443,2.84392577529038,2.3862316710615783,2.4460479178403665,2.7041201608309446,2.482908086386788,2.35354670404358,2.434951866253025,2.772884988489252,2.6709981822360387,2.6380779847997697,2.6938076708362177,3.003006420349975,2.725192837256562,2.6397543581338416,2.9488717900478294,2.760197297862175,3.1244277735918646,2.666627934757199,2.8085812639142187,2.740309382201337,2.7090659944428293,2.4818051244635075,2.03349583836693,2.33379767046146,1.7826448215151625,2.176092279327056,2.093707100803074,2.3649372381103126,2.1946715062973747,2.0946632827987774,2.3718990720590383,2.722737603275696,2.880047258240621,2.8381415213343506,2.2694504118277137,2.6469538927012115,2.55886971215538,2.2771521401313293,2.3424402986480204,2.3641816881112563,2.6420232592679493,2.7272363588546744,3.0484604867302383,2.520929766610752,2.9261675219323395,2.6322634129160503,2.4017786084483546,2.863133419897871,2.6456921879631694,3.201862623545172,2.3140740208501653,2.3613525337897627,2.668256278217452,2.946273015414176,2.5354358264876797,2.642658556886301,2.452538110936342,2.711816575421831,2.4251417711068823,2.6295606378964953,2.6549600340645587,2.711681876746394,2.657723770793288,2.920379742983206,2.9974981132306127,2.7477501633115446,2.842409256659256,2.8100413687850603,3.0014067715552137,2.8149806006005194,2.688470640687289,0.1359707859724366,0.1285526999287352,0.1420498260626657,0.1256900212149583,0.14148419291909672,0.12956947645657232,0.1403483298564168,0.13535534747252742,0.12736739171606126,0.1407120220461034,0.15086299950475343,0.14493512399584016,0.1349210790918905,0.12347615913886117,0.14230602718376323,0.12141760452825469,0.15346150086166238,0.15044387057194875,0.1436899732675331,0.13919268568677876,0.1464827842545464,0.15062036043396954,0.12602722423086293,0.13611215715445238,0.161039511947424,0.1482143416083765,0.14950525749046217,0.13109245828650004,0.15218658286972953,0.14628794576093948,0.13084681210731158,0.1308639841769174,0.1289098730631572,0.13868117324701448,0.16820538615480743,0.16416416364447958,0.16863377607467223,0.1520065735677148,0.1300876471478115,0.14912531591621841,0.14460813858019964,0.143418601778761,0.12415732735095786,0.14274635531381777,0.15333556564522813,0.1489447384798166,0.1312163699913477,0.162168936516041,0.1764337266433223,0.14777037913478744,0.1333234592081378,0.12956211963705924,0.13536061191418194,0.13513577432678506,0.13319271281590303,0.13455376979458097,0.16408503450144568,0.14406692035492732,0.14811468316545418,0.1333571664570861,0.13912824397559734,0.1659397222047618,0.15835826497931543,0.141077407084995,0.12475266668197924,0.13478732815558686,0.129028359453192,0.13987125014251198,0.14766339881103885,0.1448636315943892,0.13895789980312137,0.11521172989533499,0.13671522635056946,0.1422875490538069,0.15513479668890456,0.14518815850383607,0.15824061634535694,0.13030259704362823,0.14227538006601811,0.13692324562995897,0.133037283364157,0.13356234525110988,0.146764283050319,0.14394762876396397,0.14252819908070669,0.13760350460584572,0.16896554229758656,0.14294544060459624,0.14854782862569368,0.14199230452174436,0.14396569758120878,0.14007881976560801,0.14928453495228308,0.14869070722109062,0.1468510309960223,0.17504178180401672,0.14828458002371847,0.1633964415074534,0.14169153745192864,0.15238140719972904
19.0,2.302679584227343,2.110031873881336,1.7568616167563658,2.231705565271051,2.281617341060872,1.963131637613223,2.0320415180132345,2.2117056790263,2.3863583677405797,2.6418399593139923,2.724810125894966,2.7992010384443375,2.3410382410882162,2.6930300789822414,2.4459013107344694,2.2707533938717166,2.563637620095563,2.218767308611931,2.255923085375793,2.673804616217084,2.6429381095031257,3.2829662349722817,2.8159456902828706,2.429817407097264,2.9933489510734432,2.450421405772685,2.8442486359006174,2.657873278395432,3.2060118271253306,2.8330627785729927,2.370702985746603,2.432100811835736,2.6946057739491303,2.4658791713826185,2.338183759931408,2.4178745560517756,2.758202731644129,2.6599857949819423,2.621216135228436,2.6757599066293922,2.9929549916237703,2.7091479902543707,2.624420654429456,2.9329257576382948,2.748975093931019,3.111077943789854,2.6512947079540434,2.7917130420776757,2.7301247600990157,2.6950332363356067,2.4687507796475385,2.026024615928757,2.3214715548010703,1.7723086622433442,2.159942796042941,2.081405158884265,2.3613805931921505,2.1872994758871536,2.0828446564307566,2.3617494497389857,2.709782208232909,2.8652798029500666,2.8252756879730256,2.2604284527385343,2.636712270570015,2.5455501252965513,2.2625251655867595,2.3276970526257568,2.349698910460436,2.634780930112951,2.714189775177558,3.0364467575878895,2.5036513721921816,2.913159519587553,2.619571612727426,2.387569385175056,2.848605727582438,2.6312584976267948,3.197364560621418,2.299270813556568,2.3464611242677287,2.6584093279753933,2.93516922587186,2.5199737855405804,2.6302262576376103,2.435955285265651,2.699971848097726,2.4087629287034744,2.6159121042369096,2.643405986465145,2.695021096022131,2.639190007799504,2.9041872743105617,2.9853411718424416,2.7327114394643384,2.8249355781495313,2.799947553327618,2.9903075781219814,2.7985491636313937,2.675772314564606,0.1353159245792718,0.1277293572795401,0.14107818604975483,0.1250801558537085,0.14070666829130696,0.12895273172251415,0.13948674637873482,0.13479274687532491,0.12697220272087995,0.13997942793631804,0.1504535224801276,0.14423714854118894,0.1343049575497888,0.12285809246974594,0.1415905169810718,0.12092451468401809,0.15265737313622443,0.14997459544196837,0.14294612428792366,0.13846693810133853,0.14561526526970636,0.1497187500637293,0.1254975049084796,0.1355664846307116,0.16021021771898145,0.14726431465519824,0.14884002856425949,0.13037295025081813,0.15161108669440834,0.1455071795232985,0.13036400738370738,0.13015641016242321,0.12832342719190468,0.13777898773654076,0.16740102388450637,0.16329636313229073,0.16806035736655325,0.15115177968189436,0.12951125858359883,0.1485249661879116,0.143783565674624,0.14280057471280974,0.12349751853543815,0.1418143082395756,0.15258890090037655,0.14836539447778468,0.13032050670140471,0.16124096551284647,0.17613972169539469,0.14699937719093586,0.13260425646575108,0.1285129957803128,0.1348058825959171,0.1342526484474123,0.13249003367642878,0.13370665666824585,0.1636217670754714,0.14350383624498883,0.14745199778059767,0.1330737372405701,0.13875080747178029,0.16527365208294917,0.1575257559122116,0.14027822515403543,0.1241234337665742,0.13419990131089948,0.1283002430729645,0.13924897733169916,0.14681520700992293,0.14384117274820843,0.13831441733657296,0.11459829158403786,0.13614302397352646,0.1414912035718431,0.15421568146463535,0.14422464765614912,0.15754073838953786,0.12963208959215825,0.1415687650649286,0.13653548112435349,0.13223067300859234,0.13275224381257986,0.1458451325981006,0.1432924213385085,0.14159983403589183,0.13670742122353188,0.16825271412152992,0.1424287787114056,0.14790312256937857,0.14124243564007874,0.1432116934435714,0.13959995634101166,0.1481996555999002,0.14789685424369525,0.14618868211883013,0.17425599893928312,0.14787555949452824,0.16244136915593319,0.14104141419249436,0.15148151705525612
20.0,2.292067146135493,2.1049567702682617,1.7505707230539185,2.2212370347937203,2.2702783566398836,1.9500529847420969,2.019216878458858,2.2050064368299034,2.3766313219282424,2.6296358485866236,2.7111943625840085,2.787107001542186,2.3330855859616655,2.6827215548952466,2.4347372326683496,2.2577924798041256,2.551733648338321,2.204759666445869,2.244721792780497,2.6663503127602843,2.6304484247856696,3.2722871614106164,2.803574840962483,2.4134613289869473,2.9825135209397398,2.4380638039447757,2.82883008193004,2.6457687559823304,3.202271502669565,2.8230830093711092,2.3564943323457017,2.419251090079742,2.6855158546001108,2.4505255830083232,2.3241741500108053,2.4024345683223776,2.7445511937700227,2.64965677452231,2.605906801109266,2.659127563607196,2.983567490134892,2.694214969477766,2.6104189800560538,2.9181295560974965,2.738439157638999,3.098473795729441,2.6371272603059372,2.7760360889509177,2.720792383144033,2.682068897517972,2.4568300856489653,2.019263081077128,2.3102595810571946,1.762622416279068,2.145061852800264,2.0701723006875676,2.3579824563461522,2.1805780989476333,2.072228752710619,2.3524856047371348,2.6974997825051514,2.851456198397811,2.81323147954037,2.251972446104743,2.6273921464464425,2.533400107091937,2.249258978533,2.31415047889646,2.3366768981248813,2.6278057692813612,2.702159394150639,3.0249892343583706,2.487697867083574,2.9009459670536213,2.6079081034695504,2.3747080244692333,2.834946568772173,2.6180326675422645,3.19332719387289,2.285739472610371,2.3327972915049857,2.649027770489391,2.9249248115796553,2.5058481963140573,2.618624431588419,2.420971907323467,2.68907292543833,2.39387609877788,2.6034190790120895,2.6326374335562064,2.6797579827861804,2.622173343511165,2.889212748211634,2.9740006137315307,2.7186863327818367,2.8086261539228254,2.7907277327749025,2.9798773461655306,2.7832768927085745,2.664072848843712,0.13469495262126735,0.12698626704184043,0.14019494616386693,0.12452762802436589,0.13999829817499979,0.12836300688631216,0.13869013877270475,0.13431635441221265,0.12663566436162066,0.13932747044337793,0.15008721736294137,0.1436135056592929,0.13376748561163765,0.12226267184008886,0.1409199204135992,0.12047324599464733,0.15193588769354757,0.14955559388922227,0.14229094046565366,0.13781244369518797,0.14483231179070394,0.14892202524140732,0.12498938659945326,0.13503150748738654,0.1594375872103609,0.14637490326088598,0.14824790173463887,0.12969677872997537,0.15106943276068166,0.1447881735207174,0.1299160820096823,0.12949063498130298,0.12778661051621068,0.13693822728295738,0.1666516880572201,0.16250457188169098,0.1675489014754882,0.1503189895929898,0.12896742452874793,0.14794861794181582,0.1430490277613193,0.1422333970471334,0.12288150769793076,0.14092923866880727,0.15189605985893415,0.14780311980492478,0.12947536138138258,0.16039116052870298,0.1758627994788699,0.14628885728137891,0.13194842634623818,0.12753110234128145,0.13428261957493162,0.13344907363844052,0.13183187946725278,0.1329186401028278,0.1632132592673731,0.1430187680972388,0.14686952644352252,0.13283800563121145,0.13838852797673332,0.164643740579315,0.15676774129146948,0.13958417586827615,0.12352708701131324,0.13363560841375904,0.12762279839172752,0.13869260324116064,0.14604498582721298,0.14290910803348864,0.13770947022654326,0.11403048242141645,0.1355862300646905,0.1407402685529601,0.15337327374930457,0.14332584412632937,0.15688265067103185,0.12902653715510015,0.14088717379280316,0.13616530815030328,0.13145196773920287,0.1319823804868612,0.1449932515058209,0.14267415254886084,0.14071873568621007,0.13584889157650415,0.16760863704972656,0.14193027807499567,0.14729676765358235,0.14052555875079473,0.1424858818730033,0.13916212473433126,0.1471739732540825,0.14715723307755926,0.14555668737486674,0.17351497007492123,0.14748412520273146,0.16157575290201667,0.14043869532356862,0.15065110620221692
21.0,2.282461232547477,2.1005489315750197,1.7447730146302531,2.21183264118786,2.2599192779314823,1.9379805963223131,2.0075577288362676,2.1989638889503644,2.3677956393286803,2.618118200895995,2.6984122613778023,2.7758062872112927,2.3255861586951503,2.673405732144367,2.4245998809819884,2.2461676956077703,2.540868018151487,2.1920401851811633,2.2346701914701206,2.6591652214185233,2.6190925874125237,3.262041593609807,2.79191345046628,2.3984552274415827,2.9724191489613974,2.4268368400768865,2.814384015004146,2.6347098989949327,3.198812429784263,2.813948858068636,2.343549060579164,2.4074501028960777,2.676832791529705,2.4367730416546807,2.311456921794399,2.38855739475061,2.731889966617584,2.6399809669471095,2.592081352579931,2.643854608470348,2.97481398949465,2.6803492177853183,2.5976887288388544,2.904430298833654,2.728556812087775,3.0865873192589612,2.6240749419269,2.7615033486410363,2.712271352799061,2.6701270654380886,2.4459930101014966,2.013181789567741,2.3001132771598956,1.7535679080801163,2.131397691131104,2.0599632378587067,2.354730518768861,2.1744729396182865,2.0627569579540728,2.344062267522019,2.685862531716448,2.8385395770832313,2.8019755176838905,2.244058824418441,2.618952175579941,2.5223665374142574,2.237291748796394,2.3017480254229077,2.3250463456828836,2.6210846506986503,2.691098837874033,3.0140679955356164,2.473013702359848,2.8894906773597824,2.5972246544987487,2.3631322177278973,2.8221206671321895,2.6059671947655763,3.1897262172800502,2.273425046931118,2.3203074569785036,2.640092302183257,2.9155021720039525,2.4929984089179014,2.607815724075955,2.407518811966456,2.6790782000433935,2.3804136853879534,2.5920275356156135,2.622618865213526,2.665833881592642,2.60661356688337,2.8754006456066694,2.9634419672306413,2.7056311781781655,2.7934382310048544,2.7823413190741375,2.970083978549887,2.769115690053039,2.653326857770443,0.1341073704779823,0.12632027410212646,0.13939663331733032,0.1240305729727403,0.13935630751418115,0.1278005026150833,0.13795641228261207,0.13392186791528485,0.12635573217447182,0.13875265829519298,0.14976296861549973,0.14306127531455998,0.13330533191027247,0.12169065099026857,0.1402931569303272,0.12006271730631064,0.15129354007466664,0.14918504558794166,0.14172055499902578,0.13722656473341172,0.14413038909157982,0.14822542656893004,0.12450306057984765,0.13450856594516325,0.15872032743947675,0.1455442810918869,0.1477265439955595,0.12906280296715925,0.15056162557974181,0.14412901973782655,0.12950242846462723,0.12886564257092809,0.1272977506818753,0.13615699508287668,0.1659562663590797,0.16178585448648927,0.16709723118404726,0.1495094268670901,0.12845579324142184,0.14739672345111607,0.1424001040544238,0.1417153023923443,0.12230814998497912,0.14009040694312885,0.1512555941556265,0.14725889709976028,0.12867970728466305,0.15961639719139278,0.17560390695449365,0.14563670322723452,0.13135373282911667,0.12661441334641418,0.13379058550583006,0.13272207202010525,0.13121730775420024,0.1321881810987378,0.16285797508874839,0.14260845899905955,0.14636335350780588,0.13264871103739714,0.13804292862320885,0.16404989591384664,0.15608166450882563,0.13898984861777897,0.12296356336423413,0.13309454317572,0.12699467336015574,0.13819932780330818,0.14534982491350704,0.1420637050353415,0.13714282502190575,0.11350702167018094,0.13504556332916245,0.1400339414030205,0.1526048115066921,0.1424892674701842,0.15626581647003224,0.12848325832708318,0.1402310194243703,0.13581366927283267,0.13070127521009917,0.13125216508401585,0.1442065923296989,0.1420925492706751,0.13988416088711816,0.13502755689569607,0.1670308155224487,0.14145092586841324,0.1467282694476538,0.13984147779170789,0.14178889564055808,0.138764114969436,0.1462059353710464,0.14647066896412553,0.1449552482521997,0.17281827575581984,0.14711131219010687,0.16079599302147488,0.13988216665584133,0.149887651304171
22.0,2.273816312621099,2.096774504124055,1.739451117577427,2.2034424184473744,2.2504961483887937,1.9268728921311,1.9970126986388297,2.193542282165954,2.3598036951713257,2.607259615475248,2.6864303243188736,2.7652663982944232,2.318520990021295,2.6650375207770947,2.415441422049846,2.2358154711981397,2.5309904325844164,2.1805499324017927,2.225711387448358,2.652236221742012,2.6088150295193486,3.2522099216561995,2.780934301618349,2.384739480226643,2.9630257698585063,2.416684958874588,2.8008686731536416,2.6246532028161216,3.19561785538152,2.8056227150494815,2.331810520167265,2.3966492006084885,2.668538973483752,2.4245472677125064,2.2999711227947524,2.376168527022259,2.720178641937458,2.630928218346352,2.5796711597780746,2.6298850079196,2.966664563314375,2.6675061780355764,2.5861692946030552,2.891775099255024,2.71929538037901,3.0753905042266703,2.6120871029309862,2.7480677652551435,2.7045207705267895,2.659161827544082,2.4361895206388455,2.0077512971563154,2.2909841710392227,1.7451269621042607,2.1188985525674764,2.05073268204342,2.351612471656796,2.1689495620385544,2.054370658476901,2.3364341685621635,2.674842661490783,2.826493071505737,2.7914744240511045,2.236664020171789,2.611351013219922,2.5123962961362034,2.226561646203284,2.2904371401678354,2.3147379477127465,2.6146044482902813,2.680961728447859,3.003663119613532,2.459543329095884,2.878757463535299,2.5874730351713615,2.352779656348045,2.8100927463276335,2.595014576352694,3.186537324823362,2.2622725854383026,2.308938042165299,2.6315836194807454,2.9068637066111727,2.4813637734618794,2.5977627804373973,2.3955268340512954,2.6699460645126756,2.368308092591498,2.5816834474410646,2.613314771312863,2.653190136995577,2.5924504668711807,2.862695447415957,2.953630760672576,2.6935023105674762,2.779329056421343,2.77474772417254,2.960895378139108,2.7560174578857204,2.643488955590605,0.13355271931636506,0.12572833045918463,0.13867990954569162,0.1235872238423404,0.1387780632572001,0.12726537846335242,0.13728359138107646,0.1336051970043002,0.12613047326131172,0.1382516782699739,0.14947971530388035,0.14257767775473384,0.1329152734776803,0.12114272625955982,0.1397092594089513,0.11969190581058528,0.15072697902008347,0.14886120457989013,0.1412312851990743,0.13670684598055471,0.14350612459278494,0.14762448552123522,0.12403871931746396,0.13399889310859725,0.15805722303420172,0.14477075579174337,0.14727376193858202,0.12846995378714593,0.15008773383164414,0.14352794155239243,0.1291224731686029,0.1282804975616247,0.12685530295187541,0.13543353335142672,0.16531368608424307,0.1611374440686314,0.16670330123263924,0.14872424193232672,0.12797604673569357,0.14686972747880125,0.14183266325013907,0.14124468275349067,0.12177638477880391,0.13929717002146869,0.15066614038610118,0.14673365812362515,0.1279324001770638,0.15891373073277693,0.1753639066159086,0.1450409450091273,0.1308180501661517,0.12576106456572927,0.133329551281437,0.1320687408989872,0.13064541015515038,0.1315137625904247,0.16255441484124722,0.14226979948861002,0.1459298466379988,0.13250464674749837,0.13771542668106,0.16349205625162216,0.15546511141071023,0.13849009046917884,0.12243281626448038,0.13257683100637763,0.126414660278866,0.13776655015446115,0.14472701915757452,0.14130153995955996,0.13661426449327707,0.11302674127600126,0.1345217003913372,0.13937145858190692,0.15190773915789746,0.14171259198495986,0.15568974784179404,0.12799966259627574,0.13960074728162067,0.13548144894818498,0.12997868003647778,0.13056105285625316,0.1434832502767896,0.14154736231518314,0.13909540525094052,0.13424307001183963,0.16651696563933172,0.14099165888778753,0.14619716672301022,0.13919001081931515,0.14112137426980403,0.1384047938241018,0.1452940997000682,0.1458360016300904,0.14438448016138186,0.17216554143013266,0.14675808494675313,0.16009873005667505,0.13937072659188676,0.14918880466445014
23.0,2.2660868555142226,2.09359963423778,1.734587657987493,2.1960164005661555,2.2419650114649357,1.916688291945724,1.9875304173599233,2.1887058632549907,2.3526078646856132,2.597032691557511,2.6752150534497345,2.7554548376343115,2.3118711106727763,2.6575718308408804,2.4072140222463903,2.226672236490674,2.522050594686451,2.170229975691791,2.2177884867189324,2.645550193281039,2.599560183241795,3.2427725356360835,2.7706101772427996,2.37225446510758,2.954293318351204,2.4075526050434277,2.7882422944091854,2.6155551628288047,3.192671026373483,2.7980669706975547,2.321222060830278,2.3867997335406677,2.6606167892080674,2.4137739815726094,2.2896558005245042,2.3651934568231114,2.7093768114803147,2.6224683748100333,2.5686075928413685,2.617162728655675,2.959089285205352,2.6556412930871036,2.5758000711738944,2.8801110707698356,2.710622185614395,3.0648553404809173,2.6011130934322124,2.7356822829003296,2.697499737789858,2.6491272712841347,2.427369584894734,2.0029421595985077,2.282823790625246,1.737281402809271,2.107512678641471,2.042435344887446,2.348616006206531,2.1639735303478767,2.0470112405948075,2.3295560383260914,2.664412377452168,2.815279814164735,2.781694820289496,2.2297644658569276,2.60454731461587,2.503436263130515,2.2170068405800105,2.2801652710940234,2.3056823987927455,2.608352035981707,2.671701687972165,2.993754685086074,2.447231198366581,2.86871013860941,2.5786050148437494,2.3435880317266773,2.798827530023621,2.5851273093595846,3.18373621048327,2.2522271370514466,2.298635468542359,2.6234824188056898,2.898971814867731,2.4708836400557597,2.588428246009957,2.3849268084346913,2.6616349114459283,2.3574917244463913,2.572332787881991,2.6046896417300016,2.641768093549095,2.5796238324296907,2.85104163455976,2.944532522390124,2.6822560648638896,2.7662558771980077,2.7679063600173452,2.95227944779719,2.7439340984276424,2.6345137565500365,0.13303057693588433,0.1252074868907078,0.13804155859877043,0.12319590076945407,0.13826105559512597,0.1267577572464287,0.1366698078688279,0.13336244984660117,0.12595805705294244,0.13782137972741795,0.14923644582157727,0.14216006364161204,0.13259419135326805,0.12061954670965297,0.13916736064527097,0.11935984571760269,0.15023299760627545,0.14858239504890733,0.14081961968768622,0.13625099637187654,0.14295629692994344,0.14711499584218804,0.12359655597802564,0.13350363484503122,0.1574471324968729,0.1440527560061421,0.14688748789906722,0.12791722660167693,0.14964788438021587,0.1429832797867533,0.12877567721357946,0.12773433822149982,0.12645783644072864,0.13476621081858875,0.1647229134768347,0.16055672909556584,0.16636518328138403,0.14796452807387786,0.12752789922242824,0.14636806890102907,0.14134283252088148,0.1408200682735688,0.12128522926469622,0.13854897446281866,0.15012641199964047,0.14622828411605698,0.1272323707953229,0.15828037799113984,0.17514358474934272,0.14449974261401496,0.13033934829900204,0.12496933623809839,0.1328992953419769,0.13148624332899425,0.13011530979443486,0.13089389155033027,0.16230111436466588,0.14199981924057462,0.1455656291407999,0.13240465592930184,0.13740734654334053,0.1629701873156671,0.15491579802542385,0.13807998727518447,0.12193481353528814,0.13208262217164607,0.12588168381303222,0.13739185056920586,0.14417405122423177,0.1406194654729948,0.13612359007808,0.11258857650254903,0.1340152829461363,0.13875209606135638,0.15127968657057636,0.14099363738700352,0.1551540003638637,0.12757324540526002,0.1389968307525856,0.13516948159316067,0.12928425283190706,0.12990854414481198,0.14282144923070444,0.14103836475708592,0.1383518072687602,0.13349510114109253,0.16606498955503093,0.14055336864227266,0.14570302367821383,0.13857099355066732,0.14048396649781786,0.13808310165280807,0.14443712933440614,0.1452520909922988,0.14384442795854668,0.17155643203127405,0.1464253427702139,0.1594808209209262,0.13890337139770123,0.14855237460304374
24.0,2.2592273303846637,2.090990468238628,1.7301652619525054,2.1895046215380893,2.2342819106130474,1.9073852155434101,1.9790595144929122,2.1844188789957775,2.346160523100979,2.5874100283759476,2.664732950812897,2.746339108073696,2.3056175513822437,2.650963572383201,2.3998698479460945,2.218674421400823,2.513998207506921,2.1610213826351656,2.2108445952855633,2.6390940155858296,2.5912724807155008,3.2337098256358163,2.760913860163745,2.3609405598498796,2.94618172915959,2.3993842232889504,2.776463116801493,2.6073722744158787,3.1899551896722835,2.7912440153967415,2.3117270322884753,2.37785305201634,2.6530486274484812,2.4043789036257817,2.280450002496235,2.355557675838927,2.6994440669967905,2.6145712824281313,2.558822021907436,2.6056317373793063,2.952058228778909,2.64471000579846,2.566520452376568,2.869385326786353,2.7025045508955854,3.054953817869962,2.591102263544605,2.7242998456837064,2.6911673560509537,2.639977484106372,2.4194831705028603,1.9987249326500143,2.2755836638480313,1.7300130546529318,2.0971883108851146,2.035025938036469,2.3457288136146186,2.1595104086856973,2.0406200906235283,2.3233826072823343,2.654543885224611,2.8048629375596055,2.772603328046568,2.2233365939660086,2.598499735017196,2.4954333182698774,2.208565501752916,2.2708798661642606,2.2978103935011864,2.602314287698412,2.663272338547103,2.9843227704471347,2.436021761246835,2.8593125156113874,2.57057236287224,2.3354950352607866,2.7882897418852908,2.5762578908422262,3.181298568240228,2.2432337506900435,2.2893461575866803,2.615769396581838,2.8917888962400315,2.4614973588093267,2.5797747661308175,2.3756495699733087,2.6541031334429044,2.3478969850104665,2.5639215303319727,2.5967079663407096,2.6315090958072807,2.568073452513977,2.840383687958344,2.9361127807160696,2.6718487759815357,2.75417594036058,2.7617766385557667,2.9442040903882,2.7328175138997373,2.626355874894553,0.13254055450234917,0.12475488506075923,0.1374784735578867,0.1228550007316483,0.13780288128424953,0.1262777296498803,0.13611328997792477,0.13318992000183458,0.12583674671988723,0.13745875979408279,0.14903219304894927,0.141805904576693,0.13233906617980826,0.12012172345904323,0.13866668124736048,0.11906562671802354,0.14980852472434783,0.14834700722565866,0.14048220611810336,0.13585687218301915,0.14247782550997729,0.1466929865502717,0.12317676449334194,0.13302386829062432,0.15688898482847755,0.14338881930048497,0.14656576702099444,0.12740367546486564,0.14924225711524658,0.14249347994998546,0.12846153703479798,0.1272263701149429,0.12610402168757687,0.1341535113221239,0.16418295318548953,0.16004124118102436,0.16608105237555137,0.14723133639247246,0.12711109602664747,0.14589218269123538,0.14092696869903815,0.1404401090602369,0.1208337725787871,0.1378453499124815,0.14963519224668584,0.14574360695015043,0.12657861815345542,0.1577137008179276,0.17494365959410646,0.14401137132785669,0.12991567958504613,0.124237637299169,0.1324996031120286,0.13097179901565031,0.12962615875319455,0.13032710034318207,0.16209664426582007,0.14179567870154203,0.14526755421278356,0.1323476281036944,0.1371199317562779,0.1624842808585295,0.15443155929186098,0.13775484524547346,0.1214695356186537,0.1316120862815821,0.12539479005700083,0.1370729736328668,0.1436885754810304,0.14001458103414585,0.1356706244524967,0.112191557530642,0.13352692468139132,0.1381751698197151,0.1507184497126631,0.14033035989089906,0.15465816867174945,0.1272015828989579,0.13841976828384706,0.13487855947542143,0.12861805856069886,0.12929418451870728,0.14221952878785682,0.14056535083161706,0.13765275210530276,0.13278334351765134,0.1656729521798078,0.140136906601808,0.1452454234842476,0.13798428276559294,0.13987733307603561,0.13779804919784827,0.14363378790827125,0.1447178224668434,0.14333508039161125,0.17099064778388218,0.14611392552365535,0.1589393164134703,0.13847918163172143,0.147976307191865
25.0,2.253192206390252,2.0889131524490394,1.7261665555645225,2.183857115357077,2.227402889286252,1.8989220827013982,1.9715486195311587,2.180645576166615,2.340414045646873,2.5783642251636865,2.65495051845089,2.737886712455317,2.299741342882356,2.6451676554515027,2.3933610655234188,2.2117584558440755,2.506782974095204,2.1528652208159076,2.2048228191519526,2.63285456820665,2.583896354076119,3.225002181741697,2.7518181332052754,2.3507381422189995,2.9386509370038016,2.3921242583167257,2.7654893783612304,2.600061032960248,3.1874535921900122,2.7851162395309768,2.30326878426214,2.369760506359217,2.6458168769508172,2.3962877542628327,2.2722927762225407,2.347186675755496,2.690340000237545,2.60720678729064,2.5502458171139564,2.5952360007912363,2.945541467646368,2.6346677590282055,2.5582698320362858,2.859544980712805,2.6949097993242654,3.045657926242143,2.5820039633822,2.7138733977123684,2.685482726772741,2.6316665534589463,2.4124802450969507,1.9950701720665502,2.2692153186376496,1.723303742093013,2.087873690830482,2.0284591731362824,2.3429385850775986,2.1555257611914507,2.0351385948788177,2.317868605899405,2.6452093904321194,2.7952055741897675,2.7641665689698267,2.2173568369911583,2.5931669296733397,2.488334341426981,2.2011757995483414,2.2625283733412958,2.2910526264163438,2.596478077365845,2.6556273022727535,2.9753474541906586,2.4258594688115425,2.8505284075704758,2.5633268486131775,2.328438358347354,2.7784441055777687,2.568358817856605,3.1792000920747165,2.23523747527361,2.2810165307752426,2.6084252492329942,2.8852773501944897,2.453144279832351,2.571764986137215,2.3676259535238593,2.6473091231033754,2.339456278341559,2.556395648184546,2.5893342350207673,2.622354488324215,2.557739116079134,2.8306660885320003,2.928337063983199,2.6622367788345507,2.7430464929347784,2.7563179717350326,2.936637208776129,2.7226196065229895,2.6189699248699694,0.13208229403861274,0.12436775011652101,0.1369876454590566,0.12256298816436503,0.13740122883980704,0.12582535899790157,0.13561235243748565,0.13308407346199574,0.12576489117182682,0.1371609492641417,0.1488660299014073,0.14151278401414455,0.13214697380771062,0.11964983829209969,0.1382065187665173,0.11880839231145068,0.1494506168787097,0.1481534934528022,0.14021583942010846,0.1355224615718131,0.14206776053337947,0.14635469656164918,0.12277954005927605,0.13256061901127128,0.15638177642759793,0.14277758091876522,0.14630674520092068,0.12692840805522887,0.14887108053057166,0.14205708055275842,0.12817958505023772,0.12675586038291645,0.1257926194344393,0.1335940233770747,0.1636928477886641,0.15958864374479598,0.16584917471907537,0.1465256897564247,0.12672541284285063,0.14544250215055468,0.1405816315457212,0.14010355886066328,0.12042117047372165,0.13718590305204467,0.14919132799932353,0.14528041090919538,0.1259702035987582,0.15721119076199327,0.17476478934442988,0.14357420833190696,0.1295451667526839,0.12356449099663197,0.13213026656082746,0.13052267571438628,0.1291771356300295,0.1298119475388683,0.16193960917835312,0.1416546608101923,0.1450326810306898,0.13233249600559593,0.13685435620043665,0.16203435381728673,0.15401033870483946,0.13751017311179145,0.12103697411308874,0.131165407884411,0.12495313655439859,0.13680781264032274,0.14326840316893255,0.13948420557445132,0.13525521416640826,0.11183480189658966,0.1330572179129292,0.13764003632743838,0.15022197287675335,0.13972084365690107,0.1542018826397624,0.1268823264901565,0.13787008125548167,0.13460944038418113,0.1279801642149825,0.12871756526493422,0.1416759322698632,0.14012813530079415,0.1369976750418608,0.1321075187800759,0.16533905996945195,0.1397430894799411,0.14482396293689423,0.1374297595371325,0.13930214973784422,0.13754871440986643,0.1428829349412251,0.14423211185880933,0.14285638346144156,0.1704679210049178,0.1458246196133476,0.15847144018096698,0.1380973097365834,0.14745866931796542
26.0,2.247935952688829,2.0873338331914226,1.7225741649156006,2.179023916017,2.221283990937645,1.8912573131969403,1.9649463619680465,2.1773502015458046,2.3353208075527214,2.5698678811538898,2.6458342584062207,2.730065153621913,2.2942235159057747,2.6401389900932544,2.387639841352835,2.2058607697358776,2.50035459750062,2.1457025578180335,2.1996662643218285,2.6268187306937234,2.5773762354593117,3.216629994040068,2.743295779191485,2.3415875899804064,2.931660876603948,2.385717154832309,2.7552793171190864,2.5935779338448124,3.1851494808387946,2.7796460334841595,2.2957906664715497,2.3624734468930177,2.6389039264609178,2.3894262538745497,2.2651231692160194,2.340005948258616,2.682024202953251,2.6003447354875515,2.542810348598572,2.585919485592189,2.9395090754190147,2.6254699956348957,2.5509876039782795,2.8505371459574307,2.687805254002096,3.0369396554457424,2.57376754305905,2.704355883093412,2.6804049514178847,2.6241485667900224,2.4063107763107197,1.9919484336037847,2.2636702829241573,1.7171352895872902,2.079517060009641,2.0226897618325705,2.3402330117920194,2.1519851520045803,2.030508139676416,2.312968764645865,2.636381098698698,2.786270856554598,2.7563511647067664,2.2118016274245345,2.588507553833748,2.4820862124745693,2.1947759037926424,2.2550582405878807,2.285339792116527,2.5908302789094826,2.648720201249222,2.966808814810564,2.416688772135584,2.842321627515921,2.55682024142289,2.3223556923834097,2.7692553447661887,2.561382587458679,3.1774164759671786,2.228183359721652,2.2735930095850514,2.6014306731829433,2.8793995761975104,2.4457637532346173,2.5643615513663183,2.360786793942992,2.641211273027086,2.3321020084975195,2.549701114833317,2.5825329376459356,2.614245615653972,2.548560612080212,2.8218333172009675,2.921170900524306,2.6533764083370737,2.732824781946336,2.751489771502377,2.9295467058250404,2.713292278518379,2.612310520722141,0.1316554665620804,0.12404338380808831,0.13656615289635532,0.12231838635185482,0.1370538654119874,0.12540068612229358,0.1351653874608195,0.13304153597558482,0.1257409175944679,0.13692519925637475,0.14873706522688052,0.1412783885532149,0.13201508092670403,0.1192044516041752,0.13778623792110714,0.11858733806478947,0.14915645028799246,0.14800036442972064,0.14001745056820294,0.1352458703785843,0.14172327346257693,0.14609655092045903,0.12240507995747578,0.132114876859287,0.15592456819850942,0.14221776333633368,0.14610865787549257,0.12649058147620873,0.14853462795553585,0.14167270239452046,0.12792939029026082,0.1263221325648979,0.12552247048699924,0.13308643062092337,0.1632516773623504,0.15919672142664187,0.16566789658960088,0.14584859578648462,0.12637065521745158,0.14501946129547963,0.14030355899827374,0.13980926037784824,0.12004664044835825,0.13657031197790756,0.14879372429353577,0.14483943494294232,0.12540624553370336,0.1567704549213446,0.17460757995027823,0.14318672047584535,0.12922599201262938,0.12294852178805435,0.13179108388611196,0.13013618123784673,0.12876744330189221,0.1293470183570644,0.1618286470943203,0.14157416291260969,0.14485825260424282,0.13235823276323352,0.13661173451901204,0.16162044800718856,0.15365017880193052,0.13734166498508577,0.12063713058612169,0.1307427829808745,0.12455598318365349,0.1365943951915651,0.14291148869087528,0.13902585238810972,0.1348772322911732,0.11151750766251387,0.1326067398894367,0.13714609299217972,0.14978833238537928,0.13916329257745783,0.1537848040899474,0.12661319735131887,0.13734831258070734,0.13436285505572193,0.12737064583464996,0.12817832412062272,0.14118919568072727,0.13972655320518837,0.13638606455588276,0.13146738204302036,0.1650616416129416,0.13937270446060943,0.14443824804061722,0.1369073322678556,0.1387591102010293,0.13733423929358504,0.1421835213311951,0.14379390982020904,0.1424082527097011,0.16998801371387906,0.14555816404849037,0.15807456913880077,0.13775696878427968,0.14699763303987154
27.0,2.2434130384382405,2.0862186567882266,1.7193707160977858,2.1749550575117675,2.2158812590203927,1.8843493268072695,1.9592013712969436,2.17449700191166,2.33083318404797,2.561893595579677,2.637350672721405,2.7228419344162207,2.289045101185153,2.6358324863559037,2.3826583418088205,2.2009177929916857,2.4946627807725377,2.139474461225558,2.195318036798889,2.6209733825973234,2.5716565570007015,3.2085736526172397,2.7353195809464954,2.3334292808995785,2.925171482680153,2.3801073575412275,2.7457911711057332,2.5878794724524647,3.1830261025307576,2.7747957876401914,2.2892360286369895,2.355943223941464,2.6322921647245883,2.3837201228517406,2.2588802289892826,2.3339409850340425,2.674456266894523,2.593954973108867,2.536446986498936,2.5776261584828934,2.9339311257081944,2.617072158477098,2.544613162027748,2.842308935928468,2.6811582380307537,3.0287709953290567,2.566342352689159,2.6957002459339434,2.675893131449062,2.6173776115477416,2.400924731777867,1.9893302730174152,2.258900084637611,1.7114895215935388,2.072066659954627,2.0176724157710804,2.3375997849544334,2.1488541452645538,2.0266701113320513,2.3086378139902073,2.6280312156483463,2.7780219171535205,2.749123736904886,2.2066473977582626,2.5844802627478596,2.476635811285331,2.189303984312152,2.2484169158668252,2.2806025851800156,2.5853577662547833,2.642504657576596,2.958686930800762,2.4084541222938998,2.8346559884769764,2.551004310657749,2.317184728765907,2.760688183115664,2.5552816967044345,3.1759234138980594,2.2220164529536923,2.2670220154930876,2.594766364855501,2.8741179737155202,2.439295129125886,2.557527107155343,2.355062926087427,2.635767975813786,2.325766579536172,2.5437839036718333,2.5762685640919822,2.6071238223506557,2.540477729472307,2.813829854885532,2.9145798186721628,2.645223999403246,2.7234680544209593,2.747251449805015,2.9229004843989617,2.704787432106847,2.606332276696863,0.13125977077795672,0.12377915815212519,0.13621115257470418,0.12211976959220285,0.13675862517772028,0.12500373428915434,0.1347708566133357,0.13305908072505956,0.1257633244795905,0.13674886865066566,0.1486444400195588,0.14110049960241453,0.13194064074121684,0.11878610974156247,0.13740526179171725,0.11840170985234796,0.14892331327320843,0.1478861856469499,0.1398840958674559,0.13502530908289884,0.14144164791736116,0.14591513861129057,0.12205358461689757,0.13168761057525857,0.15551648281835911,0.14170816656337532,0.14596981962073388,0.12608939878010536,0.1482332143654813,0.1413390387379535,0.1277105590345442,0.125924561892796,0.12529248654756134,0.13262950304942325,0.16285855907269756,0.15886337016672258,0.16553563425471382,0.14520105891718585,0.12604665817189672,0.14462349733459082,0.14008964428969636,0.13955613204755452,0.1197094572955431,0.13599832097822717,0.14844133946854812,0.144421375293182,0.124885914732587,0.1563892028676794,0.17447259268896406,0.14284745311584227,0.12895638725656985,0.12238844342631548,0.13148185932407838,0.1298096561545393,0.12839630695402665,0.12893092488478544,0.16176242880010422,0.1415516889605288,0.14474167530782595,0.13242384934187923,0.1363931318790186,0.16124263023564817,0.15334921242633487,0.13724518397329813,0.1202700156413743,0.13034441630534963,0.12420268382514689,0.13643086994213233,0.1426159169090663,0.13863720609109437,0.13453658104139185,0.11123894722725516,0.1321760587383528,0.13669277854376619,0.14941572169266762,0.1386560223772713,0.15340662393469948,0.12639198092004392,0.13685502589953133,0.13413951433983343,0.1267895948942046,0.12767614616252723,0.14075793757832133,0.1393604599320127,0.1358174650352255,0.13086272660525047,0.16483913044965165,0.13902651430387253,0.14408789038054956,0.13641693951717007,0.13824892910700004,0.13715382678911037,0.1415345849970294,0.14340220587174082,0.14199058446006035,0.169550715902394,0.1453152564809865,0.15774621534673183,0.13745742235417047,0.146591461198957
28.0,2.2395779327963035,2.085533769561879,1.7165388352031392,2.171600573835259,2.21115073698759,1.8781565433096374,1.9542622770112064,2.1720502240424806,2.3269035503620454,2.5544139676742206,2.6294662634389607,2.7161845576809953,2.284187129453154,2.632203054286937,2.3783687332658294,2.196865955526959,2.4896572269602824,2.134121998622492,2.191721242586852,2.6153054034676826,2.5666817508359654,3.2008135475595445,2.727862321294403,2.326203592741965,2.919142689952535,2.3752393111490733,2.736983178351872,2.582922144166115,3.181066704178028,2.7705278923829812,2.2835482204787296,2.3501211878282517,2.6259639804876773,2.379095081585214,2.253503003054914,2.3289172777675753,2.6675957838120397,2.5880073462445763,2.5310871009526856,2.5702999861641107,2.9287776921251956,2.6094296904133603,2.539085900009917,2.8348074640341783,2.674936074511917,3.0211239357404054,2.5596777423865684,2.687859430341067,2.6719063683289312,2.6113077751802254,2.3962720791321104,1.987186246063129,2.2548562517081003,1.7063482625695279,2.0654707321974914,2.013361846597544,2.3350265957613825,2.1460983051107836,2.0235658961614593,2.3048304844009713,2.620131946905068,2.7704218884859144,2.7424509072117136,2.2018705804845102,2.58104371166512,2.4719300177319763,2.184698210933197,2.242551847140859,2.276771700185093,2.5800474133272124,2.6369342933550004,2.9509618806551896,2.401099970361333,2.8274953034829093,2.5458308256740736,2.312863158891889,2.7527073442913386,2.550008642649853,3.17469659984784,2.2166818038892533,2.2612499699763493,2.5884130206744116,2.8693949422149085,2.433677757615939,2.5512242988414897,2.3503851848138226,2.630937624063243,2.3203823955153897,2.53858998809365,2.5705056042346968,2.600930452968353,2.5334302572104983,2.806600182505969,2.908529346759582,2.6377358869471874,2.71493355738439,2.743562418590177,2.91666644736191,2.6970569695093785,2.600989807039976,0.13089493225384158,0.12357250964892087,0.13591987077723233,0.12196575613134653,0.1365133991026377,0.12463451415292155,0.13442728352165723,0.1331336164092161,0.12583067511019558,0.13662941231212755,0.14858732392238375,0.1409769854084268,0.13192098870207503,0.1183953517925363,0.13706306388658163,0.11825080211981004,0.14874859891977887,0.14780957401309974,0.13981294674846348,0.13485908082532605,0.14122027097931772,0.14580719191640984,0.12172525884981793,0.13127978118953298,0.15515670212588462,0.1412476591604596,0.1458886145350602,0.1257241061315124,0.14796719370435643,0.14105484629892068,0.1275227354692446,0.12556257099651744,0.12510164192263037,0.1322220889714986,0.16251264678479957,0.15858658788006666,0.16545086477262158,0.14458409157921726,0.1257532859016703,0.14425505318340678,0.13993691483342266,0.1393431561183084,0.11940894902931354,0.13546973568352788,0.1481331808015911,0.144026888404831,0.12440843019289798,0.15606523456297444,0.17436035149109835,0.14255501991985492,0.12873462527908658,0.12188304814679436,0.13120240308870934,0.1295404672315226,0.1280629724294713,0.12856230617904033,0.16173965744184665,0.14158484206015035,0.14468050000575125,0.1325283922106552,0.13619957314198378,0.16090099274133285,0.15310565470974677,0.1372167466043948,0.11993564822649468,0.1299705192480685,0.12389267873394734,0.13631549445871194,0.14237989135715992,0.13831610151688514,0.13423319434107694,0.11099846170067292,0.13176573903715766,0.1362795733480852,0.14910243780396792,0.1381974530047456,0.15306705967834594,0.12621652148501683,0.13639080525740832,0.13394011610216833,0.1262371240843922,0.12721076478923238,0.14038084982908675,0.13902973154312276,0.13529147913127143,0.13029338825950015,0.16467004847042935,0.1387052622871566,0.1437725041668145,0.13595855261022968,0.13777234482657233,0.1370067376940726,0.14093524667125212,0.1430560319896238,0.14160326605055376,0.16915584434427808,0.14509655915064265,0.15748400931782455,0.13719797551485585,0.14623849424550397
29.0,2.236385104920865,2.085245317834806,1.7140611483237231,2.168910498981382,2.2070484682923635,1.8726373824812723,1.9500777086042205,2.169974114716561,2.3234842817243777,2.547401596670639,2.6221475326014163,2.710060526258955,2.279630631442424,2.6292056039337943,2.3747231820983465,2.1936416872571605,2.4852876391132175,2.1295862375928127,2.188818987689446,2.6098016728550517,2.562396249100733,3.1933300689533235,2.7208967830593216,2.3198509032730446,2.913534433141218,2.371057460361375,2.72881357688818,2.5786624443686588,3.1792545326927044,2.7668047380964524,2.278670591717038,2.3449586888771234,2.6199017624959953,2.375476850465763,2.2489305389255247,2.3248603181449763,2.661402345456445,2.582471700984661,2.5266620620975027,2.5638849353365436,2.9240188482813396,2.6024980343022452,2.534345211750005,2.8279798436827814,2.6691060865472527,3.01397046652808,2.5537230622653055,2.680786380421877,2.668403763520171,2.6058931451356813,2.3923027860071717,1.9854869084966236,2.2514903120656555,1.7016933369730434,2.0596775182703144,2.0097127659576772,2.332501135409433,2.1436831956827294,2.021136880480393,2.3015015063467,2.6126554980928662,2.7634339030511925,2.7362992972747175,2.19744760809539,2.5781565558349753,2.4679157116872013,2.1808967534821524,2.237410482372779,2.273777831710059,2.574886094052234,2.6319627306845175,2.943613742867763,2.3945707674128,2.8208033855629626,2.5412515558282087,2.3093286741583134,2.745277551958352,2.5455159223508783,3.1737117277969507,2.212124461447816,2.256223294511837,2.5823513370634847,2.865192881162103,2.428850988814557,2.5454157717619594,2.3466844049788858,2.6266786103752016,2.3158818604929827,2.534065341492351,2.5652085479498288,2.595606852061142,2.5273579842498766,2.8000887809825405,2.9029850131193387,2.6308684058830245,2.7071785378623328,2.7403820898050846,2.910812497577926,2.690052792946967,2.5962377259972893,0.13056070301590564,0.12342093405275316,0.1356895957090624,0.12185500185742422,0.13631612594693085,0.12429302871771833,0.13413324738584173,0.1332621757664485,0.1259415914681468,0.1365643700980145,0.148564911995404,0.14090579344365073,0.13195353830291148,0.1180327158832219,0.13675916099513372,0.11813395620631051,0.14862979800085113,0.1477691946710536,0.13980128005998993,0.1347455704126473,0.141056624888077,0.1457695672701381,0.12142031321285023,0.13089235428035492,0.15484446460435594,0.14083516993224485,0.1458634873815844,0.12539399053593706,0.14773695665929537,0.14081893699176432,0.12736560237379657,0.12523562596923357,0.12494896602032009,0.13186310762294465,0.16221313068601173,0.15836446566602458,0.16541211758179522,0.14399872454568435,0.12549043150564992,0.1439145799805717,0.13984251276780357,0.13916936789792236,0.11914449315961839,0.13498441857182097,0.14786830055634498,0.14365659406119127,0.12397305547119583,0.15579642920027895,0.17427135001416225,0.14230809355578228,0.12855901196287023,0.12143119687890765,0.13095253144325356,0.12932600164724303,0.12776670493283834,0.12823982834062317,0.16175906823899097,0.1416713174212269,0.1446724046859369,0.13267094120137665,0.136032051512532,0.16059565388320982,0.15291779572818495,0.13725250807960646,0.11963405517330959,0.12962130831680665,0.12362548755076871,0.1362466241257477,0.14220172328730757,0.13806050442601597,0.1339670403123307,0.11079545577689356,0.13137634700665637,0.13590599964561567,0.14884686894165955,0.1377861012958884,0.15276585322010103,0.12608471689975828,0.13595625517736842,0.1337653518641648,0.12571337251890577,0.1267819627475264,0.14005668921335207,0.13873426531782726,0.1348077697589941,0.1297592491809281,0.16455299177826563,0.13840967695646963,0.14349170385906324,0.1355321780230252,0.1373301220852633,0.13689228762716188,0.14038470584349189,0.14275446576247836,0.14124618510305126,0.1688032418534105,0.14490270468380223,0.15728568472673873,0.13697796687463346,0.1459371382376944
30.0,2.233789023969755,2.085319447929442,1.7119202815515817,2.1668348669440047,2.203530496387842,1.8677502640994332,1.9465962955693445,2.1682329207122164,2.320527753364414,2.540829081802098,2.6153609822512665,2.704437342992847,2.2753566378856362,2.6267950453439504,2.3716738546808163,2.191181418097737,2.4815037202806796,2.125808245720559,2.186554378110369,2.6044490703096836,2.5587444839306634,3.186103606884881,2.7143957490653396,2.3143115902582916,2.908306646966305,2.367506249883691,2.7212406047453417,2.575056868442992,3.177572834986932,2.7635887151645018,2.2745464920722096,2.340407077411769,2.6140878994953733,2.3727911498841907,2.245101884113702,2.321695597852046,2.6558355435783936,2.57731788341912,2.5231032400710305,2.5583249727009365,2.9196246677879345,2.5962326330023138,2.5303304910732067,2.821773188282535,2.6636355972384362,3.007282577540383,2.548427662439408,2.674434040283485,2.665344418485435,2.60108780886222,2.3889668200367495,1.9842028160735863,2.248753793640383,1.6975065692618487,2.0546352597051225,2.006679885497204,2.3300110950951125,2.1415743811198324,2.01932445060457,2.2986056102959083,2.6055740748357654,2.757021093348767,2.730635528741404,2.193354913083069,2.575777450506844,2.4645397730237364,2.17783778178534,2.2329402695253253,2.271551674333205,2.5698606823552956,2.627543591665243,2.936622595932409,2.3888109645232127,2.814544047746387,2.5372182704765005,2.306518965962199,2.7383635297818127,2.5417560328635207,3.172944491725874,2.2082894745489017,2.2518884105765262,2.5765620104465072,2.8614741900234995,2.424754172831505,2.540064171253944,2.343891421439299,2.622949327349418,2.3121973785268257,2.5301559372614957,2.560341885113177,2.591094364183122,2.5222006995455053,2.79424013123553,2.8979123460842278,2.6245778911249196,2.7001602428805276,2.7376698753969677,2.905306537911041,2.6837268046405596,2.5920306478146395,0.1302568615198084,0.12332198168744342,0.13551767067697304,0.12178619474429486,0.1361647844067029,0.12397927829452357,0.13388737725843006,0.1334419045608816,0.12609474853647362,0.1365513566315109,0.14857642173106328,0.14088494314745312,0.13203577694519159,0.1176987450296641,0.1364931067648686,0.11805055875236735,0.1485644921495283,0.14776375799528868,0.1398464688453416,0.13468323423407438,0.1409482791130268,0.1457992275545543,0.12113896545694296,0.13052631114642577,0.15457906293986476,0.14046968027019804,0.14589293546872575,0.12509837806760113,0.14754292883309078,0.14063017038003336,0.12723888184370383,0.12494323274797332,0.12483353656505576,0.13155154238843253,0.16195923692796166,0.15819517950553239,0.16541796680314905,0.1434460164818913,0.12525801671752662,0.1436025395802813,0.1398036770561498,0.139033846048818,0.11891551328883658,0.13454228481476616,0.14764579238072345,0.14331107870113757,0.12357909546205895,0.15558073491284236,0.17420605846507986,0.14210539719049992,0.12842787937110506,0.12103181041235635,0.13073206690541087,0.12916366197702717,0.12750678810940977,0.12796218462166187,0.16181942835862306,0.14180889574026256,0.14471517851820032,0.13285060753704508,0.1358915367258189,0.16032675902199467,0.15278399379235913,0.13734874836599312,0.11936527096555004,0.12929700405717015,0.12340070289302411,0.1362227020469173,0.14207982148459183,0.1378684939176829,0.13373812367103144,0.11062939305350175,0.131008455334341,0.13557162171556264,0.14864748339221417,0.1374205738947536,0.15250276891571726,0.1259945134531289,0.13555200104819554,0.13361591318704932,0.1252185103978892,0.1263895731673881,0.13978426984664744,0.13847398047535214,0.13436606175436938,0.12926024137956274,0.164486617404377,0.1381404766769949,0.14324510229942874,0.13513785954103427,0.1369230543805761,0.13680984402946164,0.13988223685492965,0.14249663312542843,0.14091923788177257,0.16849277691929032,0.1447343017117289,0.15714906447292865,0.1367967616606569,0.1456858539710525
31.0,2.2317441591008107,2.0857223061681998,1.710098860978774,2.16532371171704,2.2005528647271513,1.8634536079413457,1.94376666739995,2.166790888807745,2.3179863405115984,2.534669022301731,2.609073114431045,2.699282510725406,2.2713461795154335,2.624926288564866,2.3691729173877447,2.189421577964172,2.478255173512014,2.1227290905897167,2.184870519853334,2.5992344753818344,2.555670887461391,3.1791145514405303,2.708332002136558,2.3095260314631587,2.903419266147919,2.3645301244215853,2.714222499954038,2.5720619117720083,3.176004857972809,2.7608422139710296,2.2711192712645114,2.3364177037559246,2.6085047802316463,2.3709637002312984,2.2419560861320638,2.319348608574551,2.650854969928532,2.572515739637939,2.5203420050109107,2.55356406495803,2.9155652242563113,2.590588929372121,2.5269811318047464,2.816134611241675,2.658491929687129,3.0010322586256137,2.5437408930229144,2.668755354032971,2.662687434687403,2.5968458538079866,2.3862141488545694,1.983304524549717,2.246598224362299,1.6937697838937271,2.0502921980340107,2.0042179168618834,2.3275441660149805,2.13973742556152,2.018069992849753,2.296097526717123,2.5988598827577536,2.751146591878012,2.725426223259283,2.1895689279396744,2.5738650509301793,2.4617490816142595,2.175459465669095,2.229088656561298,2.2700239226328267,2.564958052161893,2.623630498397306,2.929968518343066,2.3837650127674364,2.808681103062438,2.533682738975289,2.304371725700544,2.7319300014268553,2.538681471243737,3.172370585615053,2.2051218921120257,2.248191739647447,2.571025737247257,2.8582012682655233,2.4213266597765677,2.5351321426546662,2.3419370690517347,2.619708167585662,2.309261353674719,2.5268077487946625,2.555870105600504,2.5873343338883563,2.5178981920524732,2.788998714185183,2.8932768739870274,2.6188206775869873,2.693835919464701,2.735385187313035,2.900116471225274,2.6780309068111188,2.5883231867378425,0.12998321296097085,0.12327325329243652,0.13540148806288657,0.1217580500314068,0.13605738629891523,0.1236932654499417,0.13368834705611884,0.13367005104095758,0.12628886897261524,0.13658805181711478,0.14862109030085763,0.14091251901752996,0.13216526187121846,0.11739399259529486,0.13626448595255247,0.11800004021613997,0.14855034726746197,0.14779201675800793,0.13994597358631758,0.13467059102450515,0.14089288278491793,0.14589322577411273,0.12088144204186144,0.13018265895118714,0.15435984164317645,0.14015021711993939,0.14597550125132916,0.12483663253778109,0.14738556926592342,0.14048744679178368,0.12714233605301173,0.12468493377201384,0.12475447346847879,0.13128643458990227,0.16175022729623842,0.15807698240956852,0.16546702419539205,0.14292706273412684,0.12505599162646658,0.1433194070055124,0.13981772704009648,0.13893570383126472,0.11872147601005313,0.13414329845705406,0.14746478800485802,0.14299089889227531,0.1232258935865891,0.15541615930690184,0.17416493017999765,0.14194569673919316,0.12833957969446175,0.12068386145568107,0.13054083858612842,0.12905086193306087,0.1272825235087701,0.12772809560872128,0.16191953695796615,0.14199543703773265,0.1448067072557493,0.1330665320148379,0.13577898282809217,0.16009448155192368,0.1527026693422118,0.13750185912468912,0.11912933773267516,0.12899783036858523,0.12321798447721857,0.13624224988510206,0.1420126827926491,0.137738246443419,0.13354648801945604,0.11049979175392682,0.13066264764669275,0.1352760459707477,0.14850281947648097,0.13709956041733842,0.1522775918681811,0.12594390090849314,0.13517868976283923,0.13349249780988884,0.12475274316076886,0.12603348058064132,0.13956245638026343,0.13824881905052958,0.1339661432008201,0.1287963497088802,0.16446963139419693,0.13789837398501698,0.14303230929959074,0.13477568019071323,0.13655196618042917,0.13675882319639374,0.13942718514408203,0.14228171067974882,0.14062233679707772,0.1682243436695231,0.14459194029011346,0.15707204804571237,0.13665374578361777,0.1454831471957329
32.0,2.230204979471863,2.0864200388735306,1.7085795126973564,2.164327067294381,2.198071616763419,1.8597058337842627,1.9415374535894132,2.165612265781448,2.3158124183953586,2.5288940174026804,2.603250431183279,2.694563532299383,2.2675802870644866,2.623554243643987,2.3671725365935576,2.188298596771899,2.475491701856589,2.1202898397843235,2.1837105189220742,2.594144767621723,2.553119891828583,3.172343292706616,2.7026783250970903,2.305434604653123,2.898832225406188,2.362073528680602,2.7077175005449567,2.569634069738619,3.1745338485624806,2.7585276248999424,2.268332279014226,2.332941918233292,2.603134793450629,2.3699202218978868,2.239432192493194,2.317744841998266,2.64642021625753,2.568035115731113,2.5183097270548154,2.5495461788085487,2.9118105912977543,2.5855223662702227,2.5242365277698497,2.8110112259684428,2.653642406995015,2.9951914996320808,2.5396121041298376,2.6637032657774538,2.6603919135887386,2.593121367421148,2.3839947400943418,1.9827625896806884,2.244975132161508,1.6904648053264402,2.0465965747890014,2.0022815716974103,2.3250880393655944,2.1381378931472623,2.0173148935316605,2.293931986078876,2.5924851274828375,2.745773531138321,2.72063800247585,2.1860660851573583,2.572378012354426,2.459490517331513,2.173699974959776,2.225803091443439,2.2691252711872063,2.560165077397472,2.6201770729807823,2.92363158859363,2.3793773632203874,2.8031783645403614,2.5305967306809216,2.302824644770339,2.725941690558601,2.5362447345474965,3.171965703444945,2.20256676305669,2.245079703201541,2.565723213889552,2.8553365153545793,2.4185077997595186,2.530582331301305,2.3407521826728854,2.6169135236836687,2.307006189994543,2.523966749485392,2.551757699287573,2.584268105730953,2.514390250725872,2.7843090107517967,2.8890441251605297,2.613553100183361,2.688162814640553,2.733487437500528,2.8952102003846716,2.6729170016796475,2.5850699570127356,0.12973958989906123,0.12327239637967947,0.13533848404855614,0.1217693061262238,0.1359919707133104,0.12343499994863463,0.13353487127214647,0.13394395586906838,0.12652271813237895,0.13667219206444875,0.14869817202067684,0.14098666404914373,0.13233961616009676,0.11711902740102209,0.1360729093152901,0.11798187351612849,0.14858510715685289,0.1478527634482507,0.14009733389665815,0.13470621341870093,0.14088815747251265,0.1460486900416607,0.12064797970055656,0.12986243989483565,0.15418619472943235,0.13987584655342908,0.14610976563739242,0.12460815455178058,0.1472653692625492,0.14038970106665682,0.1270757680577637,0.12446030488780564,0.12471093330589911,0.13106687780710866,0.16158539892078358,0.1580081969915529,0.1655579327193816,0.14244300338844534,0.12488433438805423,0.14306567285465643,0.1398820473463549,0.13887408120867892,0.11856188809225374,0.1337874689266633,0.1473244542035027,0.14269658494807963,0.1229128293641828,0.15530076078398214,0.17414840797525466,0.14182779381478228,0.12829248000355004,0.12038636753139834,0.13037868266013447,0.12898502282291238,0.12709323043203594,0.1275363095049203,0.16205822539758385,0.14222887495703992,0.14494495990155856,0.13331788333450825,0.13569533559863822,0.15989902405444933,0.15267229942276497,0.13770833146095882,0.11892630547085645,0.12872401416872492,0.12307705373311172,0.13630385958535493,0.14199888330445296,0.13766802133450246,0.13339221803042678,0.11040622081946862,0.1303395226593562,0.13501892099188034,0.14841147659190296,0.13682182684843178,0.1520901264291418,0.12593090770782442,0.13483699055098364,0.13339581555400912,0.12431631516137576,0.1257136219071156,0.13939015794239154,0.13805874690392525,0.13360786643712888,0.1283676144280877,0.16450077809491362,0.13768407975374825,0.14285293064281218,0.13444576394437854,0.13621771490634366,0.1367386873300736,0.13901896364425018,0.14210892760675894,0.1403554171138332,0.1679978621253052,0.1444761971136317,0.15705260013128336,0.13654832084252447,0.14532755987945653
33.0,2.2291259542407356,2.087378792367848,1.7073448627993804,2.16379496766991,2.1960427959497646,1.8564653614054214,1.939857283631099,2.1646612984116054,2.313958362245123,2.523476666338101,2.5978594345504638,2.690247910557504,2.264039991265449,2.622633820628798,2.3656248786727576,2.1877489044363974,2.4731630083637235,2.1184315608883577,2.183017481320286,2.5891668265796306,2.5510359291678983,3.165770220769466,2.69740750077104,2.301977687593647,2.8945054594612274,2.3600809073662967,2.7016838445487776,2.5677298377257314,3.1731430536680394,2.756607338335167,2.2661288650416154,2.329931071167599,2.5979603278981487,2.369586435274765,2.237469250709696,2.3168097898089886,2.6424908743160267,2.563845857788641,2.5169377763403795,2.546215280953239,2.9083308425236027,2.580988386555194,2.5220360727937083,2.806350145871091,2.6490543522637733,2.989732290408093,2.535990645874224,2.65923071962403,2.6584169566521205,2.589868437149852,2.3822585613897744,1.9825475672222093,2.2438360449680506,1.6875734580177755,2.043496631502165,2.00082556164954,2.3226304063434866,2.1367413480164714,2.0170005389660375,2.292063718849692,2.586422014635019,2.7408650436291233,2.716237488038611,2.18282281722826,2.571274990029026,2.4577109600481797,2.172497479483723,2.2230310221345255,2.268786414574629,2.555468631987515,2.6171369375157667,2.9175918851780396,2.3755924669569626,2.7979996452094182,2.5279120149497336,2.301815414568573,2.7203633208422047,2.5343983198307813,3.1717055391960187,2.2005691363024176,2.242498722715839,2.5606351367971456,2.8528423307570807,2.416236942890133,2.526377382531073,2.3402675971594427,2.6145237882432144,2.3053642915441315,2.521578912727277,2.5479691560501605,2.5818370242649844,2.511616664520769,2.78011550185563,2.8851796279375326,2.6087314938281985,2.683098175433823,2.73193603790668,2.890555628253252,2.66833699146709,2.582225572885124,0.12952585318075613,0.12331710207782776,0.13532613404916022,0.12181872121500875,0.13596659906888842,0.12320450369703505,0.13342570135995993,0.13426104251111026,0.1267950994272405,0.13680156218080985,0.14880693602462242,0.14110557352134456,0.13255652477753918,0.11687443853340117,0.13591800912010787,0.11799557281481023,0.14866658736238955,0.14794482772509746,0.14029816064523074,0.13478872024754038,0.140931890290099,0.14626280980447795,0.12043882704740701,0.12956673946819797,0.15405756345528226,0.1396456679306253,0.1462943419880278,0.12441238090893166,0.1471828514854476,0.1403358969091694,0.12703902263956487,0.12426895247490029,0.12470210435695629,0.13089201270311304,0.16146408404343154,0.15798720844472322,0.16568936068074738,0.1419950306259911,0.12474305093888588,0.14284184566086863,0.1399940740495346,0.13884813774251964,0.11843629394232309,0.13347484787884048,0.14722398999885658,0.14242864468910488,0.12263931634792362,0.155232640628461,0.17415693028852003,0.14175051933660704,0.1282849577610019,0.12013838465830073,0.13024544296462748,0.12896357067574615,0.1269382461530706,0.12738560251856038,0.16223435762351657,0.1425072115223334,0.14512797656491203,0.13360385656820242,0.13564153965599046,0.15974061955762547,0.15269141272526662,0.13796474447403398,0.11875623249428066,0.12847578537277263,0.12297768887880099,0.1364061859269129,0.14203707018132927,0.1376561477657696,0.13327544152164747,0.11034829634559723,0.13003969804342966,0.13479993751283084,0.14837210728184014,0.13658620916321854,0.15194019490265334,0.12595359632293165,0.13452759595819366,0.13332659400757066,0.12390951289854246,0.12542998739957942,0.13926632277975087,0.13790375485425144,0.13329114875975306,0.12797413332020158,0.16457883059175407,0.1374983071946112,0.14270656747505675,0.13414827719984476,0.13592119271766745,0.1367489415994079,0.13865704933303052,0.14197756718452587,0.14011844292577216,0.1678132787306412,0.14438764053015707,0.15708874039635307,0.1364799000228148,0.14521766247481502
34.0,2.228461552565293,2.0885647129735885,1.7063775373769001,2.163677446837528,2.194422445739314,1.8536906105820679,1.9386747870183754,2.163902233476571,2.3123765472903486,2.518389568341133,2.592866626575116,2.6863031483425237,2.2607063228509747,2.6221199295667397,2.364482109999799,2.1877089308731184,2.471218796082775,2.1170953214858423,2.182734513051686,2.584287531805785,2.549363431614945,3.159375725715392,2.6924923119824986,2.2990956580501907,2.8903989030331405,2.3584967051842214,2.6960797699961896,2.5663057111162253,3.1718157202016344,2.7550437446605964,2.264452379066979,2.3273365128825443,2.5929637723200516,2.3698880607527206,2.2360063082941646,2.3164689436924872,2.6390265358546734,2.559917811900503,2.51615752300527,2.5435153380928286,2.9050960515451476,2.576942433085571,2.520319160701554,2.802098484357846,2.6446950885950486,2.984626620801929,2.532825868370091,2.6552906596798005,2.656721665340207,2.5870411504422477,2.380955580374585,1.98263001292996,2.2431324907120014,1.6850775664255098,2.040940609705557,1.9998045983639847,2.3201589581452136,2.1355133543086176,2.0170683154686246,2.290447455498102,2.580642749838301,2.7363842618498055,2.7121913015950643,2.1798155566445283,2.570514639203409,2.4563572896369634,2.1717901490672697,2.2207198965973265,2.268938047373407,2.550855589857469,2.6144637141023725,2.911829486590217,2.3723547750520444,2.793108758098851,2.525580361138063,2.301281726492251,2.7151596159427736,2.53309472414957,3.171565786848722,2.199074060768718,2.240395219667308,2.5557422023938403,2.850681113939435,2.4144534392781782,2.522479941681176,2.340414147368089,2.612497353864046,2.304268062381313,2.519590211913859,2.5444689657640382,2.5799824340445596,2.5095172223922395,2.776362668416946,2.881648910650808,2.6043121934355984,2.6785992488702397,2.7306904004786827,2.8861206576950638,2.6642427783944234,2.5797446486008506,0.1293418931531608,0.1234051024378625,0.13536194881479172,0.12190507056784948,0.13597935102577172,0.12300181570104192,0.13335962276138924,0.13461880806633225,0.12710484999991314,0.13697398788748646,0.14894666413922172,0.14126748913053777,0.13281373066671845,0.11666083989477705,0.13579943526262028,0.11804069245464313,0.14879266920908837,0.1480670739833857,0.1405461284877332,0.1349167695342212,0.14102192732231045,0.1465328232362551,0.1202542462317686,0.12929669384027187,0.15397343411769435,0.13945880863938273,0.14652787080038523,0.12424878430614968,0.1471385692782423,0.14032502182913537,0.1270319871863466,0.12411051077264042,0.12472720217730085,0.13076102233405026,0.16138564986196552,0.15801245791277843,0.1658599964318262,0.14158439539730167,0.12463217473901549,0.14264845420909786,0.14015128199665478,0.13885704621624972,0.11834427333802168,0.13320552638144256,0.14716262409020975,0.14218756735883042,0.12240480041012396,0.15520993584548515,0.17419093713340067,0.14171272776594185,0.12831539705071965,0.11993900177744318,0.13014097172106012,0.12898393397335137,0.12681692649683948,0.12727477935210949,0.1624468307127004,0.14282851234319108,0.14535385743731807,0.13392367177198405,0.1356185452864782,0.159619532895774,0.1527585851838573,0.13826775457824553,0.11861918612170728,0.1282533771659616,0.12291972043391064,0.13654793985216387,0.14212595407136022,0.13770101308849378,0.13319633142250498,0.11032567834443754,0.12976381405454504,0.13461882837119407,0.14838341029327964,0.13639160716741924,0.15182763645135935,0.12601005872348825,0.1342512229317587,0.13328558400488402,0.12353266783544736,0.12518262154509388,0.13918993355888998,0.1377838599266704,0.13301597283297054,0.1276160633719042,0.16470258225415077,0.13734177572314554,0.14259281607098923,0.13388343003671754,0.13566332812427684,0.1367891311933022,0.13834097993434516,0.14188696791551453,0.13991141245860741,0.1676705671488913,0.14432683536848973,0.15717853437911458,0.13644790484054198,0.14515204715113847
35.0,2.2281662436033396,2.0899439470131824,1.7056601625219803,2.16392453879112,2.1931666095851874,1.851340001091437,1.9379385932446185,2.1632993177546256,2.3110193487604587,2.5136053226449118,2.5882385092997575,2.6826967484971713,2.257560312553728,2.621967480505304,2.363696396949145,2.188115105997527,2.4696087680630945,2.116222189160782,2.182804720119985,2.579493762850445,2.5480468313053994,3.153140197630736,2.6879055415555735,2.2967288937882437,2.8864724908420833,2.357265366839949,2.690863514917877,2.5653181852930134,3.1705350950753606,2.7537992342601334,2.2632461708105827,2.3251095937018613,2.588127515462144,2.370750818722579,2.2349824127592055,2.3166477953345503,2.635986792624119,2.556220824156701,2.515900337187118,2.5413903169280374,2.902076291973728,2.573339948719939,2.5190251853186,2.79820335483696,2.6405319390905304,2.979846480661923,2.5300671217315056,2.6518360300518573,2.655265141115668,2.5845935947464755,2.3800357646824812,1.9829804825596402,2.242815997323414,1.682958955007406,2.0388767509312333,1.999173393486486,2.3176613859673334,2.1344194761631314,2.017459609355145,2.289037926492639,2.575119538716709,2.732294318299759,2.7084660647927055,2.1770207358982856,2.570055615127028,2.4553763859705797,2.171516153536773,2.2188171627946107,2.26951086416181,2.546312824932801,2.612111024840715,2.9063244713240954,2.369608738580533,2.7884695162379334,2.5235535386022594,2.3011612719383674,2.7102952995254372,2.5322864445598237,3.171522140383512,2.198026585375091,2.238715615532959,2.5510251071034333,2.8488152643680604,2.413096639033436,2.518852654088811,2.341122668155491,2.610792613145909,2.3036499065639378,2.5179466204387295,2.5412216183049847,2.5786456796237336,2.5080317132953764,2.772994991356034,2.878417501633171,2.600251533919709,2.674623281975504,2.729709937163793,2.8818731915741154,2.6605862646826313,2.577581798405717,0.12918763116783244,0.1235341681729542,0.1354434711610179,0.1220271445243298,0.1360283212157769,0.122826997055111,0.13333545255538445,0.13501481451044373,0.12745083670481572,0.13718732891075808,0.1491166489517974,0.14147069347284724,0.1331090308641707,0.11647887453786832,0.13571685199605202,0.11811682605521447,0.1489612940214491,0.1482183990079436,0.14083896878444266,0.1350890521544722,0.14115616735323605,0.14685600571924748,0.12009451464475722,0.12905349642850733,0.1539333359228395,0.13931441940616887,0.14680901506493876,0.12411687331167434,0.1471331061870979,0.1403560826560159,0.1270545926055055,0.12398463939226023,0.12478546567510691,0.1306731279286494,0.16134949847251126,0.15808243624835816,0.16606854362412507,0.14121241343440705,0.12455176657574688,0.14248604982053484,0.1403511732022086,0.13889998693846445,0.11828543942997592,0.13297963245357475,0.14713961250602156,0.14197382771389602,0.12220875837028865,0.15523081274308984,0.17425087589463947,0.1417132919433998,0.12838218548531882,0.11978733588402511,0.13006513037382247,0.12904354191391895,0.12672864675220952,0.12720267377393607,0.16269457557260109,0.14319090224639672,0.145620752821138,0.1342765727429136,0.13562731502895667,0.1595360621737174,0.15287243612354734,0.1386140855619154,0.11851524360478297,0.12805702655852463,0.1229030271552506,0.13672788252243256,0.14226430210545796,0.13780105247376706,0.13315510763885122,0.11033806782174224,0.12951253697885007,0.13447536844086833,0.14844412458993814,0.13623697855133587,0.15175230621261987,0.12609841192071644,0.1340086139806768,0.13327356491526895,0.1231861588409834,0.12497162392604212,0.1391600032865307,0.13769910671551994,0.13278238682089194,0.12729362202461803,0.16487083936524666,0.13721521472510398,0.14251126797109318,0.1336514772516075,0.13544508746500541,0.1368588383508177,0.1380703507734906,0.14183652427270704,0.13973436276531714,0.16756972933155126,0.1442943476016481,0.15732008541555056,0.1364517626857293,0.14512932195319572
36.0,2.2281944965127156,2.091482640809066,1.705175364326663,2.164486277524596,2.1922313309405106,1.849371952710774,1.9375973318031883,2.1628167980240547,2.3098391418848845,2.5090965284825915,2.583941584766923,2.6793962138641905,2.254582991106355,2.6221313834919235,2.3632199058952836,2.188903859725072,2.4682826273540193,2.1157532314971887,2.183171208528915,2.5747723992638454,2.5470305603749104,3.1470440266018116,2.6836199723143754,2.294817772573262,2.882686157608144,2.356331337039002,2.6859933173445114,2.5647237556389886,3.1692844252013512,2.752836197517703,2.2624535899926994,2.3232016639492694,2.5834339460702576,2.3721004295751116,2.234336611617413,2.3172718364209506,2.6333312363750228,2.552724740647216,2.5160975890236057,2.539784184159617,2.8992416374206202,2.57013637631683,2.5180935404700495,2.7946118707166807,2.63653222685191,2.975363859836337,2.5276637560724486,2.648819774847304,2.6540064854411707,2.5824798575106835,2.3794490819471825,1.9835695318669346,2.24283809273237,1.6811994482212433,2.0372532967112518,1.9988866586627645,2.315125381006367,2.133425277719455,2.0181158069413616,2.2877898623018225,2.5698245868942258,2.728558345478398,2.705028399279035,2.1744147874816915,2.5698565730493,2.454715128921755,2.1716136627185616,2.2172702686891386,2.2704355595181425,2.541827211138979,2.6100324918308755,2.9010569178735808,2.367298808617334,2.784045732655892,2.52178331669866,2.3013917423039225,2.705735095255351,2.531925978117539,3.1715502937808475,2.1973717590410513,2.237406331789784,2.5464645473497023,2.847207181509355,2.4121058922656826,2.515458165091164,2.342323994378368,2.6093679586885834,2.303442228149842,2.516594111695443,2.5381916035487646,2.5777681055566095,2.507099926185254,2.7699569515931475,2.87545092921737,2.5965058501946925,2.6711275217753583,2.728954059909227,2.8777811327544605,2.657319352552668,2.5756916365455838,0.1290630213822016,0.12370210680523801,0.13556827329281268,0.122183747147184,0.13611161676684347,0.12268013598462997,0.1333520377064105,0.13544668031860313,0.12783195238125453,0.1374394725955052,0.14931619206833951,0.1417135048776232,0.1334402726221078,0.1163292188259511,0.13566993528145402,0.11822360577794541,0.1491704575087954,0.14839772969016884,0.14117446288046506,0.13530428613052162,0.14133255588729118,0.14722965934013202,0.11995992669283057,0.12883840369771807,0.15393683893711466,0.1392116701736531,0.14713645628975006,0.12401619258182867,0.14716707565082426,0.14042810161931074,0.12710681426275428,0.12389102100358143,0.1248761536721339,0.1306275851288046,0.16135506693411938,0.15819567815924526,0.16631371701117226,0.14088047061650802,0.12450191446998864,0.14235520861826517,0.14059126622621934,0.13897614268478195,0.11825943701417906,0.13279732897316648,0.1471542364821571,0.14178789031656083,0.1220506969631535,0.15529346126059324,0.17433720699438884,0.1417510985099397,0.12848371175653592,0.11968252783286923,0.1300177905388948,0.12913982313015832,0.12667280289202004,0.12716814924589973,0.16297655778302078,0.14359256130854212,0.1459268541485347,0.1346618259284521,0.13566883004584418,0.1594905403484722,0.15303162496024578,0.1390005193466551,0.11844449330606265,0.1278869752217856,0.12292753238551395,0.13694482005237033,0.14245093145555396,0.13795473981530645,0.13315203882417748,0.11038520416222784,0.12928656245627324,0.13436937456560621,0.14855302429307732,0.1361213331543461,0.15171407463831862,0.12621679353641313,0.1338005383844483,0.13329134975600915,0.12287041428629533,0.12479715004906314,0.13917557180952272,0.13764956886419158,0.13259050425615834,0.12700708800934268,0.16508241481893052,0.13711936726356788,0.14246151049555872,0.13345271917481139,0.13526747629756772,0.13695767935096403,0.1378448117856935,0.14182568707101928,0.13958737387700992,0.16751079687410558,0.14429074887511906,0.15751152752774955,0.1364909051192522,0.14514810585176802
37.0,2.2285007804512844,2.09314694068365,1.7049057688830105,2.1653126970318275,2.1915726532583935,1.8477448852173255,1.9375996321874673,2.1624189210631815,2.308788301893091,2.50483578508731,2.579942355019098,2.67636904728632,2.251755389241522,2.6225665485740732,2.363004803212664,2.1900116219712094,2.467190077004912,2.1156295160790624,2.183777084282172,2.5701103205962665,2.546259050959126,3.1410676027149305,2.6796083870830127,2.29330267217069,2.8789998380514543,2.3556390604869604,2.6814274153068003,2.5644789175370697,3.1680469574917134,2.7521170248171964,2.262017986333614,2.321564073948464,2.5788654528902257,2.3738626137011423,2.234007952381399,2.3182665586374775,2.6310194588580487,2.5493994074620505,2.516680648652363,2.538640906488302,2.896562161497181,2.567287158734818,2.517463619981137,2.7912711454052324,2.632663274980816,2.9711507481735104,2.525565121506989,2.6461948381732467,2.652904799779381,2.5806540261830384,2.3791454998024077,1.984367716607541,2.2431503048689074,1.6797808705248012,2.0360184885776573,1.9988991055385537,2.3125386344588983,2.1324963231170364,2.0189782945429897,2.2866579933941793,2.564730099994871,2.7251394758851157,2.701844926701565,2.171974143886879,2.5698761682196953,2.4543203983631625,2.1720208464389894,2.216026662243689,2.2716428280206835,2.5373856224014664,2.6081817371729565,2.896006904732601,2.3653694362373323,2.779801220381999,2.52022146478359,2.301910828985909,2.701443726797607,2.5319658218786665,3.171625941021184,2.1970546306861176,2.236413789914759,2.5420412195564306,2.8458192648297453,2.411420549084688,2.5122591200254583,2.3439489608933823,2.6081817830917897,2.3035774311968753,2.5154786590775573,2.5353434113711617,2.5772910563972875,2.506661650016959,2.7671930300485603,2.872714721736232,2.5930314771746414,2.6680692152955237,2.728382180662199,2.8738123841001135,2.654393944225503,2.5740287772662325,0.1289680528714064,0.12390676119306629,0.1357339546901702,0.12237369553261676,0.13622735560780347,0.1225613529677399,0.13340825389483907,0.13591207242956277,0.1282471124078121,0.13772832798743925,0.1495446025575979,0.14199427259509825,0.13380534951641657,0.11621258645852574,0.1356583707784119,0.11836070176258973,0.14941820430115002,0.14860402077877968,0.1415504357240673,0.1355612115337662,0.14154907944972386,0.1476511033232987,0.11985079565660232,0.12865274022980452,0.15398355213553824,0.1391497465443008,0.14750889118509897,0.12394632330000983,0.14724112083315405,0.1405401129919478,0.1271886729382352,0.12382935918971716,0.12499854193396813,0.13062368068801566,0.1614018274809797,0.1583507567465352,0.16659423880879412,0.1405900277025618,0.12448273373244831,0.14225653379134265,0.1408690864516642,0.13908469424659295,0.11826594107957387,0.1326588119721691,0.1472058005771269,0.14163021406433116,0.12193015214948195,0.1553960900530243,0.17445040946300847,0.141825043899099,0.12861836379744448,0.1196237387905526,0.12999883505527135,0.12927020477979922,0.1266488130701954,0.12717009957267214,0.16329177856553884,0.14403172125787891,0.14627038593269884,0.13507871949730182,0.13574409630735568,0.15948333694893238,0.1532348484579219,0.13942388740699602,0.11840703613604965,0.1277434706128259,0.12299320081074065,0.1371975988765705,0.14268470344462753,0.13816057984685423,0.13318744406817704,0.11046686282190173,0.12908661874638988,0.13430070551450968,0.14870891452731105,0.13604372743708756,0.15171282707728528,0.1263633573395432,0.1336277934327154,0.13333979014326405,0.1225859138293172,0.12465941215456096,0.13923570285729095,0.1376353506684017,0.13244050366107696,0.12675680178058918,0.16533612287780736,0.1370549937721111,0.1424431276491896,0.1332875022712655,0.13513154075293568,0.13708530144396008,0.13766406467854533,0.14185396347008833,0.13947057247204597,0.16749383268248677,0.1443166209361062,0.15775101920084264,0.13656476687985783,0.14520702465468543
38.0,2.229039564576843,2.0949029929593794,1.7048340022830843,2.166353831306716,2.191146619992001,1.846417218388332,1.93789412389081,2.162069933650304,2.3078192040144785,2.5007956916922174,2.5762073220988446,2.673582751606291,2.2490585376918872,2.6232278857991997,2.363003255275767,2.191374822651421,2.4662808200650996,2.1157921104904025,2.1845654533834757,2.565494406397928,2.5456767351936915,3.135191316056445,2.675843568685562,2.29212397034603,2.8753734668921056,2.3551329818893776,2.677124046835408,2.564540166370129,3.1668059388585945,2.751604106542534,2.2618827095535976,2.3201481740231693,2.5744044246678723,2.3759630914914576,2.233935482563743,2.3195574536698897,2.6290110518238397,2.546214670691203,2.517580886211057,2.5379044506148136,2.8940079378146835,2.5647477388324726,2.5170748176770497,2.7881282923108732,2.6288924065789487,2.967179135521725,2.5237205681491397,2.6439141641367914,2.6519191855929782,2.579070188211682,2.3790749858818616,1.9853455925371417,2.2437041616631253,1.6786850463758498,2.0351205680625104,1.9991654457595778,2.3098888375214655,2.131598176495309,2.019988458475774,2.2855970502382448,2.559808283642639,2.7220008420193107,2.698882268707788,2.1696752376060027,2.5700730558876455,2.454139074167524,2.172675874524384,2.215033791421027,2.2730633642477196,2.5329749326457254,2.6065123829670624,2.891154510395101,2.3637650725154193,2.7756997924454976,2.5188197522134343,2.30265622338132,2.6973859178173627,2.532358472899192,3.1717247760849796,2.1970202492297854,2.2356844113849035,2.537735820147417,2.8446139137956266,2.4109799596002404,2.509218164228886,2.3459284025572282,2.607192478955307,2.3039879197628834,2.514546235978657,2.532641531647931,2.577155876699826,2.5066566737455522,2.7646477076425606,2.8701744075225197,2.5897847497737128,2.665405609561727,2.727953711369942,2.8699348484751104,2.6517619419221172,2.5725478348135113,0.1289027520691312,0.12414600841413673,0.1359381405286386,0.12259581976773506,0.13637366555092684,0.12247080596685393,0.13350300491515782,0.13640869850786191,0.12869525152666306,0.13805182032912675,0.14980119557928973,0.14231137234159846,0.13420219751810958,0.11612973240106159,0.13568185250296372,0.1185278217377164,0.1497026226194425,0.14883625263474573,0.1419647497979752,0.13585858597581618,0.1418037601549715,0.14811766532642087,0.1197674556574527,0.12849790310209225,0.15407312156539865,0.13912784679184,0.1479250290022252,0.12390688382370221,0.14735591457316435,0.1406911602980641,0.12730023578971725,0.12379937646713714,0.1251519206581164,0.13066072962969064,0.16148928790884579,0.1585462784424527,0.1669088356256395,0.14034262444216572,0.12449436722131212,0.14219065787736673,0.14118215718197916,0.13922481656242167,0.11830465563800395,0.13256430934037444,0.1472936310413507,0.14150125699799673,0.12184668877698514,0.15553692234849328,0.1745909864504117,0.1419340308933412,0.12878452752983277,0.11961014731244438,0.130008159132118,0.12943211192566675,0.12665611936400123,0.12720744953342203,0.16363927586402915,0.14450666220968883,0.146649598597758,0.13552656258259746,0.13585415061302578,0.15951485996072465,0.15348083855178976,0.13988106280858617,0.11840298725991774,0.12762676740312856,0.12310003562637435,0.13748510170380854,0.14296451820269096,0.13841710143448818,0.13326169451594605,0.11058285332998978,0.12891347000565556,0.13426926198218647,0.14891062815331566,0.13600325915880668,0.15174846362344702,0.12653626868678391,0.13349120568541478,0.13341978109370237,0.12233318991954718,0.1245586800233879,0.13933948159311524,0.13765658881199896,0.13233262793797512,0.12654316556715617,0.1656307749933093,0.1370228757821648,0.14245570143949676,0.13315621952883452,0.13503836891291476,0.13724137970516492,0.13752786024847635,0.14192091661367862,0.1393841351245539,0.16751893298120538,0.14437256000583162,0.1580367379764614,0.13667278556126822,0.1453047077513448
39.0,2.229765318047238,2.0967169439586733,1.7049426906189227,2.1675597143431653,2.1909092745944143,1.845347372001019,1.938429436406606,2.161734082563725,2.3068842234784945,2.4969488475304544,2.572702988048629,2.6710048296668476,2.246473467190102,2.6240703052147856,2.3631674284590574,2.192929891681145,2.4655045595839518,2.116182082315231,2.1854794218365456,2.56091153621908,2.545228045214259,3.129395556712649,2.6722982999461555,2.291222044864738,2.8717669788502582,2.3547575459517933,2.673041449961015,2.564863997521073,3.1655446162140906,2.751259833077618,2.2619911093729366,2.318905314497097,2.5700332501490215,2.3783275833368736,2.2340582496770534,2.321070013203998,2.627265607023031,2.543140376424634,2.5187296718373173,2.537518783239902,2.891549039984461,2.562473559468323,2.5168665273830153,2.785130424841837,2.6251869447479756,2.963421011729287,2.522079446112944,2.641930696845025,2.6510087443446224,2.5776824310447672,2.3791875078192493,1.9864737154114296,2.2444511910450613,1.6778938002321606,2.034507776697888,1.99964039097157,2.3071636813905934,2.1306964019937387,2.0210876850554746,2.2845617633025386,2.5550313434615326,2.719105576380373,2.696107046945208,2.1674945011312006,2.5704058913025754,2.454118036207557,2.173516916801104,2.214239104183912,2.274627862777563,2.5285820157972236,2.6049780513133,2.886479813354974,2.3624301685265063,2.77170526187564,2.5175299483444946,2.3035656168871608,2.6935263919797445,2.5330564282350863,3.1718224929526975,2.1972136635915755,2.235164617677191,2.5335290455464445,2.843553527873421,2.410723473922097,2.506297943038642,2.3481931542265837,2.606358438878903,2.3046060979056926,2.513742815792293,2.5300504542548636,2.5773039110183262,2.507024786326141,2.762265465295392,2.86779551490903,2.586722002906031,2.6630939515996745,2.727628063979686,2.866116428743484,2.6493752478634844,2.5712034234332384,0.1288671855609893,0.12441775898260111,0.13617848061379115,0.12284896352773639,0.1365486841603876,0.12240869580399626,0.13363522263156105,0.13693429945749377,0.1291753209263538,0.13840788591519468,0.15008529119531394,0.14266320220584824,0.13462879100503952,0.11608145675601228,0.13574008218583686,0.11872471080536244,0.15002183906324965,0.1490934289587284,0.14241529933802288,0.1361951806718704,0.1420946505313319,0.14862667352512163,0.11971026375790579,0.12837536560694834,0.1542052286450742,0.13914517944482266,0.14838358951991004,0.12389753053208764,0.14751215943214893,0.14088029409064523,0.12744161731099116,0.1238008124721329,0.12533559241194375,0.13073807287212125,0.16161699216289968,0.15878087835797772,0.16725623598125458,0.14013988307460784,0.12453698585566156,0.14215824508600344,0.14152799148413375,0.13939567541458245,0.11837531284619826,0.13251407996039677,0.14741707446273217,0.14140148143480427,0.12179990060306782,0.15571419260207112,0.17475947071615358,0.1420769657421413,0.12898058617509184,0.119640947028038,0.13004567158523733,0.12962296712429938,0.1266941897293529,0.12727915545313326,0.1640181255181697,0.14501570969637897,0.1470627621383013,0.13600468470964364,0.13600006647217974,0.15958555790910503,0.15376836074971342,0.14036895282250966,0.1184324780858974,0.12753712923397534,0.12324807611478251,0.1378062440160948,0.14328930986640662,0.1387228520084142,0.1333752149329563,0.11073301760628292,0.12876791964655848,0.13427498665767232,0.14915702337374276,0.13599906225706065,0.1518208992560083,0.1267336997991273,0.1333916322510882,0.13353226568809645,0.1221128290543287,0.12449528180069915,0.13948601264517538,0.1377134542467697,0.1322671835465679,0.126366643059451,0.16596517669565514,0.1370238197347871,0.1424988136375035,0.13305931063725848,0.13498909227392902,0.13742561379239646,0.1374359958510497,0.14202616491002396,0.1393282911910181,0.16758622970061776,0.1444591811423168,0.15836687579323333,0.13681440192381525,0.14543978566911428
40.0,2.2306325100203157,2.098554940003979,1.705214459982593,2.168880380135051,2.1908166605187764,1.8444937658326552,1.9391541992282006,2.1613756145817424,2.305935735514605,2.493267851835171,2.569395854910983,2.6686027843107447,2.243981208468827,2.6250487168682772,2.3634494891369964,2.1946132589758562,2.464810998610778,2.1167404991375687,2.186462095645082,2.556348589609972,2.544857413156474,3.123660714769908,2.6689453636888762,2.2905372734922755,2.868140308645996,2.3544571973797663,2.669137862714328,2.565406906372811,3.16424623647032,2.7510465948063496,2.262286535511916,2.3177868456939694,2.565734318079504,2.3808818096281716,2.234315301233925,2.322729728925557,2.6257427162062936,2.540146370752356,2.520058375668834,2.5374278710642835,2.8891555416178245,2.5604200635009566,2.5167781429242457,2.782224656406376,2.621514212589575,2.959848366644502,2.520591105512434,2.640197380405053,2.6501325774969797,2.576444842130419,2.3794330332482936,1.9877226409861004,2.245342920944793,1.6773889565515134,2.034128356015822,2.000278652820257,2.304350857262857,2.1297565637517386,2.022217360597802,2.283506863055599,2.550371485075579,2.7164168114677287,2.693485883061325,2.165408366954611,2.570833329713935,2.454204164355955,2.1744821430954904,2.2135900484951296,2.2762670181884994,2.524193745781436,2.603532364311753,2.881962892106161,2.361309175345481,2.767781441701684,2.5163038225331325,2.304576700900424,2.6898298729498578,2.534012184942332,3.171894785604777,2.1975799226910055,2.2348008302686098,2.5294015921773094,2.84260050652954,2.4105904421600477,2.503461101791956,2.3506740507581485,2.60563805546232,2.3053643696831685,2.5130143719120417,2.5275346690677125,2.5776765039068876,2.507705776713788,2.759990783927344,2.865543572228558,2.5837995714857365,2.6610914884351042,2.727364650438638,2.8623250277692684,2.6471857642705725,2.5699501573712475,0.12886146325825412,0.12471995638181653,0.13645264881529537,0.12313198530815768,0.13675055942532874,0.12237527171767326,0.1338038674845108,0.13748664213789002,0.12968628557107087,0.13879446725336184,0.1503962133636942,0.1430481789197726,0.13508313869023786,0.11606860861074661,0.13583276936956737,0.11895115139807136,0.1503740134985323,0.14937457445782004,0.14290000481323636,0.13656977706421566,0.14241982859060429,0.14917544941642244,0.11967960222440983,0.12828668033926202,0.15437958861929177,0.1392009614485522,0.14888330167228822,0.12391795887377659,0.14771058781747282,0.1411065703082721,0.12761298027188714,0.12383342231819275,0.1255488705152062,0.13085507533132015,0.1617845211544127,0.15905321605203396,0.16763516843228457,0.13998351122468777,0.12461078943971872,0.14215999368772853,0.14190408470803495,0.13959642468017003,0.11847767243150917,0.13250841329709578,0.14757549671520487,0.1413313594782444,0.12178941069508085,0.15592614397592422,0.17495643013818718,0.14225275584375466,0.1292049201125195,0.11971534492295131,0.1301112961574088,0.12984019014628273,0.126762520138315,0.12738420566926695,0.16442744251082403,0.14555723195151635,0.14750816056411883,0.13651243542120017,0.13618295986289006,0.15969592217743975,0.1540962131269366,0.1408844920736245,0.11849565854865328,0.12747483082824987,0.12343739563916684,0.13815997107163752,0.14365804232278453,0.13907639310242867,0.13352848523241992,0.11091722860217697,0.12865081384924112,0.1343178643871554,0.14944698220284888,0.13603030192620633,0.15193006430015632,0.12695382480377593,0.13332996208929912,0.13367823960615913,0.12192547281642807,0.12446960485977472,0.13967441859396343,0.13780615422951065,0.13224453948698442,0.126227758754433,0.16633812556673663,0.13705866092796326,0.14257204801764267,0.13299726196132486,0.13498488736262063,0.13763772458695037,0.13738831302431936,0.14216938095627482,0.13930332539008133,0.16769589328607523,0.14457712264574613,0.15873963500882676,0.13698906081080428,0.1456108884264523
41.0,2.231595609653901,2.1003831274176976,1.7056319364661454,2.1702658626762714,2.190824821218208,1.8438148196604613,1.9400170418489826,2.1609587764826808,2.304926115352207,2.4897253038395086,2.566252424728448,2.6663441183806937,2.2415627922607264,2.6261180308071514,2.3638016036840646,2.196361354450993,2.4641498401949673,2.1174084285414017,2.187456580812818,2.5517924461208628,2.5445092711559867,3.117967180314515,2.66575754273784,2.290010033994115,2.864453390999465,2.354176380878847,2.665371523126019,2.566125388308246,3.1628940465394155,2.75092678211264,2.2627123376907914,2.3167441179375103,2.561490017205149,2.383551490756178,2.2346456847469742,2.3244620925203647,2.6244019711242896,2.5372024997643767,2.52149836784324,2.537575680788701,2.8867975163260886,2.55854269378892,2.516749058125962,2.779358100412716,2.61784153320541,2.9564331901156686,2.519204896461626,2.638667158923976,2.649249786512724,2.575311508916826,2.379761529802707,1.9890629250168466,2.246330879292364,1.6771523397916857,2.0339305475483744,2.0010349429513727,2.301438056334803,2.1287442259087666,2.0233188714184984,2.282387079965949,2.5458009141087428,2.7138976797807493,2.690985398703634,2.163393267568381,2.5713140263711676,2.4543443384854204,2.17550972323387,2.213034072317429,2.277911525058802,2.5197969965238065,2.6021289440625357,2.8775838251425827,2.360346544047219,2.7638921449528677,2.5150931441356743,2.3056271668181054,2.6862610843928656,2.535178240076888,3.1719173480217044,2.198064075447575,2.2345394706361703,2.52533415646378,2.841717249230386,2.410520214423862,2.5006702858259864,2.3533019270085824,2.6049897213053,2.3061951391531252,2.5123068777314614,2.525058665962266,2.5782149999195725,2.508639433863583,2.7577681444586704,2.8633841078138818,2.5809737904269654,2.6593554670937403,2.7271228826940463,2.8585285484164915,2.6451453933643387,2.568742650873355,0.12888574198331715,0.1250505768986863,0.13675834299371797,0.1234437602906247,0.13697745126672636,0.12237083714220116,0.1340079295461635,0.13806351223130983,0.13022712176361018,0.13920950848024802,0.1507332891156404,0.14346473449680552,0.13556327944324928,0.11609208989623827,0.13595963228759533,0.11920696340452756,0.15075733402691166,0.1496787324169571,0.14341680764133893,0.13698116399706575,0.14277739313145357,0.14976130127438209,0.11967588098304247,0.12823348167127005,0.15459594919264247,0.13929441691340946,0.14942290281066786,0.12396790462123579,0.1479519621661199,0.14136904922375843,0.12781453662466513,0.12389697513206722,0.12579107786429342,0.13101112451677754,0.16199149383312575,0.15936197173467376,0.16804436032954795,0.13987530420274297,0.12471600785207484,0.14219663849338268,0.14230790761882825,0.13982620413130212,0.11861152143488113,0.13254762946463045,0.14776828224039404,0.14129137895992203,0.12181487222735099,0.15617102668120808,0.17518247328144967,0.14246030799664544,0.12945590727511433,0.1198325602108263,0.13020497291851266,0.1300811977580007,0.12686063687063548,0.12752162084958413,0.16486638226963976,0.14612963740604876,0.14798408709058322,0.13704918411365688,0.13640399488705038,0.15984648960243636,0.1544632259317958,0.14142463618220286,0.11859269970231348,0.12744016049475554,0.12366810005993252,0.1385452553729802,0.14406970549942708,0.13947629697250655,0.13372204198268087,0.1111353892753898,0.12856304529420554,0.13439792245587937,0.14977940979448676,0.13609616988985607,0.15207590523798908,0.1271948144690166,0.13330711735169226,0.1338587555394678,0.12177181872063013,0.12448209673071364,0.13990383889934432,0.13793493453094566,0.1322651261076553,0.12612709697988886,0.166748410313398,0.13712826765032102,0.14267499311953943,0.13297060631201546,0.1350269775696325,0.1378774506982339,0.13738469526377134,0.1423502901087959,0.13930958012595637,0.1678481359758405,0.14472705056240218,0.15915322504340051,0.13719621264685825,0.14581664467508498
42.0,2.232609086105824,2.1021676525222937,1.7061777461616427,2.1716661959607153,2.1908898001458432,1.8432689532616982,1.940966593762312,2.160447815044808,2.303807738220752,2.486293802776608,2.5632391995435113,2.664196334719459,2.2391992492984585,2.6272331570788654,2.3641759384747285,2.1981106080220436,2.4634707873858455,2.1181269381107297,2.188405983343444,2.547229985301992,2.544128051348451,3.1122953434327965,2.6627076199171347,2.289580704135718,2.8606661606307684,2.3538595411545997,2.661700669226768,2.566975938710258,3.1614712933334963,2.750862785380412,2.263211865629843,2.3157284815514165,2.557282736271777,2.386262347111678,2.2349884477287847,2.3261925956741867,2.623202963527663,2.534278609550665,2.5229810184981836,2.5379061791138775,2.884445037720553,2.5567968931907727,2.5167186668133747,2.776477870269117,2.6141362296971584,2.953147471991095,2.517870169074563,2.6372929765089035,2.6483194728545296,2.574236518852108,2.380122965116204,1.9904651232593529,2.247366594017879,1.6771657744104465,2.033862592827602,2.0018639730106433,2.2984129698029765,2.1276249526042648,2.024333603833318,2.281157144502119,2.5412918361850725,2.7115113138188534,2.6885722155196436,2.1614256354646484,2.5718066365237124,2.4544854384686805,2.176537827042602,2.2125186236135947,2.2794920779667804,2.5153786419498174,2.6007214126657496,2.873322690958164,2.3594867257066596,2.7600011846584755,2.5138496825084724,2.3066547060371945,2.682784749973866,2.5365070906947516,3.171865874183919,2.1986111707807887,2.234326960256848,2.5213074348296693,2.840866155442387,2.4104521408233213,2.497888140477969,2.35600761783459,2.6043718290076043,2.307030810373429,2.5115663066441245,2.5225869348142895,2.578860743610485,2.509765546730604,2.7555420278096645,2.8612826499977992,2.5782009946438413,2.6578431346012934,2.7268621726931244,2.854694893549169,2.6432060373657644,2.5675355181853905,0.12894022950101475,0.12540762975055447,0.13709328542149207,0.12378318284418033,0.13722753391778972,0.12239575575314189,0.13424643012716225,0.13866270720974797,0.13079681492823628,0.1396509509842586,0.15109584791662328,0.14391131324006573,0.13606727798122786,0.11615285928826445,0.13612039957210695,0.11949200445795152,0.15117001201684047,0.15000496213907485,0.14396366511377814,0.13742813543695884,0.14316545926529586,0.15038151819594964,0.1196995402997167,0.12821748762595772,0.1548540893628346,0.13942477645916052,0.1500011385913154,0.12404714534555897,0.14823707517281606,0.14166679500080862,0.1280465483598198,0.12399125277941524,0.1260615461974353,0.13120562963849883,0.1622375685412313,0.1597058429165069,0.16848253722991657,0.1398171467150661,0.12485290265135593,0.14226895345087862,0.14273690008506848,0.14008413778505682,0.11877667428601159,0.13263207979342137,0.14799483369512675,0.14128204987216647,0.1218759696974491,0.15644709722260133,0.17543825506811467,0.14269852723040719,0.1297319240797328,0.11999182379306116,0.13032665974295563,0.13034340350314175,0.1269880989353126,0.12769045411865246,0.16533414200312188,0.14673137235499015,0.14848884004013813,0.13761432009731697,0.13666438933743721,0.16003784538979726,0.15486826182236674,0.1419863558606318,0.1187237966391522,0.12743342306725056,0.12394032657991508,0.13896109456413966,0.14452331220511075,0.1399211442691595,0.133956479912751,0.11138743190929871,0.12850555718075085,0.13451523101423907,0.15015323462723443,0.13619587986078566,0.1522583858995353,0.1274548305592543,0.13332405478499715,0.13407492748637997,0.1216526208942644,0.12453326612020484,0.14017342925811663,0.13810008183192998,0.13232943375733544,0.12606530061949564,0.16719481096216537,0.13723354555066763,0.14280724558046748,0.13297992251944987,0.13511663526673603,0.13814454481147914,0.1374250659464224,0.14256866869920795,0.13934745759971137,0.16804321559760135,0.1449096633461355,0.1596058595910318,0.13743531550388952,0.14605568163225507
43.0,2.233627408533919,2.103874661640179,1.7068345151611264,2.173031413982282,2.190967640754793,1.8428145864135888,1.9419514844615688,2.159806977046451,2.302532979349685,2.4829459478796108,2.560322681398701,2.6621269361697717,2.2368716103146684,2.628349005730876,2.364524659883453,2.1997974496044344,2.4627235432327614,2.1188370954296056,2.189253409240704,2.5426480867036134,2.5436581858695084,3.1066255942111005,2.6597683780508876,2.2891896616825558,2.8567385522600333,2.3534511229125856,2.6580835390472624,2.5679150529617734,3.1599612237646793,2.750816994993549,2.263728469049352,2.314691286859424,2.5530948640252054,2.388940099085475,2.2352826376919546,2.3278467300728174,2.6221052851670463,2.531344546201211,2.5244376977713214,2.5383633327405715,2.882068179412539,2.5551381045650636,2.516626362811706,2.773531079383812,2.6103656251664713,2.9499632021190756,2.516536273465273,2.6360277772669303,2.6473007379850553,2.5731739593844347,2.380467306822505,1.9918997914693177,2.2484015930513626,1.677411084865573,2.0338727333855626,2.0027204546437933,2.2952632888639264,2.1263643079776764,2.0252029441579724,2.279771787132625,2.536816456928556,2.7092208460814162,2.6862129551568543,2.1594819031355623,2.572269815421021,2.4545743441784396,2.1775046243480225,2.211991150346379,2.2809393714907076,2.51092555598492,2.599263392221486,2.8691595680468307,2.358674171398669,2.7560723738477364,2.512525207007874,2.307597009954705,2.679365593358,2.5379512338518704,3.171716058071867,2.199166257610172,2.2341097206076586,2.5173021236987525,2.8400096246319317,2.410325571468197,2.495077311085091,2.3587219580928647,2.603742771169006,2.3078037874019115,2.510738632043606,2.5200839654995524,2.5795550795336966,2.5110239042699334,2.7532569149005752,2.8592047271130796,2.5754375190505154,2.6565117379835033,2.7265419323830904,2.8507919660313714,2.6413195984958207,2.566283373553167,0.12902518903190902,0.12578915750131475,0.1374552237085778,0.12414916966840511,0.13749899922830913,0.12245045782455742,0.1345184239422173,0.13928202934923006,0.13139435759841586,0.14011672919222312,0.1514832212126993,0.1443863691218891,0.13659322040727215,0.11625193618040244,0.1363148128402604,0.11980617037930148,0.15161027717547354,0.15035233621685473,0.1445385455046963,0.13790948873554398,0.14358215415346515,0.1510333646805438,0.11975105371661621,0.1282405011507589,0.1551538184738272,0.13959127716623407,0.15061676348016953,0.12415550213227627,0.14856675004984682,0.14199887587803248,0.12830932829260602,0.12411604879391266,0.12635961580219024,0.1314380212463245,0.16252244467315233,0.160083541515583,0.16894842298721743,0.1398110139893879,0.1250217691453404,0.1423777543855174,0.1431884652727934,0.1403693328088478,0.11897297322687132,0.13276214791756827,0.14825457199919717,0.14130391135239517,0.12197242058690878,0.1567526185914164,0.17572448259137166,0.14296631622981068,0.13003134689597715,0.12019237830880664,0.13047633386374827,0.13062421743288685,0.12714450060379767,0.12788979095373695,0.16582996205180656,0.14736091875383775,0.14902071942565823,0.13820725289346952,0.13696542019092908,0.16027062639527762,0.15531021675607987,0.14256663143052775,0.11888917175126067,0.12745494332616464,0.12425424302449542,0.13940650972366234,0.14501789552515906,0.14040952274160604,0.13423245343402182,0.11167331778805262,0.12847934758966714,0.13466990367186604,0.150567409549649,0.13632866317965267,0.15247748906286265,0.1277320197378276,0.13338176722809417,0.13432793492934922,0.12156869061296302,0.12462368404894349,0.14048236139130163,0.1383019263228176,0.1324380112999863,0.12604306955879338,0.16767610019941956,0.13737544228996587,0.14296841409284658,0.13302583481134286,0.1352551842691098,0.13843876985744505,0.1375093864005104,0.14282434189368481,0.13941742174503013,0.16828143993510739,0.1451256967382509,0.16009575435378903,0.1377058377301332,0.14632662581392025
44.0,2.234605046096046,2.105470301093779,1.7075848695566642,2.174311550734882,2.191014386498176,1.8424101388933838,1.9429203434401099,2.1590005092659132,2.3010542139684285,2.4796543383816747,2.557469372336555,2.660103425574353,2.234560906042018,2.6294204868106363,2.364799934284708,2.2013583091136506,2.4618578107850606,2.1194799680819774,2.189941964508281,2.538033629875968,2.543044106854808,3.1009383227357215,2.656912599963184,2.288777284400101,2.8526305006073644,2.352895570858333,2.6544783706181847,2.5688992264456645,3.1583470847450803,2.7507518013359764,2.2642054976696206,2.3135838841852263,2.548908789211286,2.391510467068368,2.235467302149081,2.329349987402043,2.621068527793116,2.5283701558060123,2.5257997758003143,2.538891108369497,2.879637015013382,2.5535217707703675,2.516411539946149,2.7704648411650403,2.6064970427150502,2.946852370347918,2.515152559747795,2.63482450530515,2.6461526833669695,2.5720779179619364,2.380744522555309,1.9933374854024244,2.249387404322889,1.6778700956148378,2.033909210754323,2.00355909949656,2.291976704714186,2.1249278561684437,2.0258682787082214,2.2781857383260102,2.5323469819631885,2.706989409067877,2.683874239262765,2.1575385030732606,2.5726622183125096,2.454557935487387,2.1783482849764657,2.211399100478557,2.2821841002088856,2.506424612554588,2.597708504829856,2.8650745349025017,2.3578533321981316,2.7520695255498957,2.5110714869902164,2.308391769967623,2.6759683382104194,2.539463166604239,3.1714435936660252,2.1996743848552276,2.233834173165567,2.5132989194948117,2.8391100562654454,2.4100798564682573,2.492200442984552,2.3613757826400845,2.603060940389243,2.308446474296412,2.5097698273234457,2.5175142478938346,2.580239352243313,2.512354295436634,2.750857286651679,2.857115867492539,2.5726396985610958,2.6553185242660864,2.726121573711175,2.8467876687270883,2.6394379789754803,2.5649408312225144,0.12914094428457842,0.1261932367697293,0.1378419322532494,0.12454066358919835,0.13779006095423424,0.12253544694508009,0.13482300184707816,0.13991927873976612,0.1320187475930658,0.14060476648190082,0.1518947421634891,0.144888363535114,0.13713920957441525,0.11639040475522816,0.13654263021051555,0.12014939576510118,0.15207637263807683,0.150719937597773,0.14513942333878388,0.13842402343380986,0.14402561294433627,0.15171407569326464,0.1198309312757481,0.12830441078247612,0.15549497550656233,0.1397931631462878,0.1512685418643071,0.12429284156578126,0.1489418408080163,0.14236436500277752,0.12860324075978208,0.12427116752659964,0.12668463566867721,0.13170775142447744,0.1628458646629237,0.1604937914310522,0.16944074054584887,0.1398589723181755,0.1252229389643745,0.142523901909801,0.14365996430332106,0.14068087899212292,0.11920028910071931,0.13293825140073734,0.1485469368185368,0.141357539281648,0.12210397749391667,0.1570858614580001,0.17604192111388586,0.14326257536947387,0.13035255406637178,0.1204334787819338,0.1306539935045518,0.13092104574613964,0.1273294740435024,0.12811874881538352,0.1663531272359062,0.14801679210590307,0.14957802419203328,0.1388274127799474,0.1373084290403276,0.1605455248161678,0.1557880215562762,0.14316244773039313,0.11908907835385546,0.1275050699564165,0.12461004756167209,0.13988054402427066,0.14555250677611883,0.14094002695561933,0.13455067819542044,0.11199303723806042,0.1284854742403159,0.1348620982813207,0.15102091369299483,0.13649376462135915,0.15273321849028615,0.12802450694637102,0.1334812852439909,0.13461902689097335,0.12152089670841416,0.12475398513255197,0.14082982326947607,0.1385408445218978,0.1325914645099196,0.12606115886962715,0.1681910458834307,0.13755495251818184,0.14315812404633543,0.13310901200032735,0.13544400269892606,0.13875989498231517,0.13763765411582535,0.14311718118999506,0.1395200000156714,0.16856317171681465,0.14537592892739354,0.1606211252625987,0.1380072611488733,0.14662810459089354
45.0,2.2354964679500005,2.1069207172055227,1.7084114354403033,2.175456640212375,2.190986080829141,1.842014030478323,1.9438218001913061,2.157992658481488,2.299323817306438,2.476391573515929,2.5546457743995505,2.658093305775977,2.2322481672131738,2.630402510365627,2.3649539280529592,2.2027296164651418,2.460823293092095,2.119996623651892,2.190414755149912,2.5333734943693074,2.542230246440014,3.0952139190930086,2.654113068478125,2.288283950053811,2.848301940392891,2.352137329697419,2.6508434019702203,2.569884954544848,3.15661212318684,2.7506295947915964,2.264586301210877,2.312357623852557,2.54470690057585,2.393899171451175,2.235481488612775,2.3306278593476177,2.6200522831565163,2.5253252844550693,2.526998622722812,2.539433472701392,2.8771216181343364,2.5519033346652353,2.516013592041949,2.767226269021053,2.602497805444559,2.9437869665259115,2.5136683780361517,2.6336361047306833,2.644834410462936,2.570902482032786,2.380904579948332,1.9947487608143666,2.250275555762536,1.6785246311160236,2.0339202664659224,2.0043346192146623,2.2885409085503383,2.1232811613160076,2.0262709937997965,2.276353728550809,2.5278556169129867,2.704780135277608,2.6815226894848676,2.1555718677698836,2.572942500447628,2.454383092268242,2.179006978754294,2.2106899219728997,2.283156958699605,2.501862685584281,2.5960103725909516,2.8610476700190954,2.3569686591799752,2.7479564527942366,2.5094402918118357,2.3089766774729386,2.6725577081962197,2.5409953860078245,3.1710241749468433,2.200080601435465,2.2334467394075808,2.5092785186416497,2.8381298498093317,2.409654345933276,2.4892201815135464,2.3638999263329183,2.602284729268079,2.3088912751147785,2.508605865877227,2.514842271872901,2.580854906293398,2.5136965091858174,2.7482876239832588,2.8549815994689465,2.569763868089749,2.654220740474753,2.725560508624609,2.8426499045003752,2.6375130810257157,2.563462505439252,0.12928788504392313,0.12661797923996534,0.13825121424916764,0.12495663802323237,0.1380989601048625,0.12265130714008371,0.13515929416500605,0.14057224624022852,0.132668986363493,0.1411129711889562,0.152329745563212,0.14541576341522208,0.13770336025479882,0.11656941817675873,0.1368036308021312,0.12052165470737337,0.15256655004932465,0.15110685640307286,0.14576427479366869,0.1389705406086618,0.14449397489892857,0.15242085216895165,0.11993972305859536,0.128411190682123,0.15587742862143605,0.14002968674573268,0.15195524975870883,0.12445907801667076,0.14936323255069478,0.14276234194031814,0.12892870220415445,0.12445642353509162,0.1270359640943362,0.13201429456545,0.16320761631782488,0.16093532659020085,0.1699582134594953,0.13996317902001543,0.12545678317199913,0.14270830452727,0.1441487113411892,0.14101784880041182,0.1194585225244535,0.1331608439152294,0.14887138751872683,0.14144355456008412,0.12227043076729734,0.15744510641866089,0.17639140029053818,0.14358620338067063,0.13069392849935688,0.12071439387573768,0.13085965959308604,0.13123129031532904,0.1275426920488308,0.1283764764839964,0.16690296818188427,0.14869753940453673,0.15015905009826577,0.1394742515954449,0.13769482747543207,0.1608632923368953,0.15630064418149076,0.14377078938990806,0.11932380469017133,0.12758418009991554,0.12500796886570698,0.14038226173427876,0.14612621402370354,0.14151125901138636,0.1349119326878424,0.11234661004511463,0.12852505968142444,0.1350920179297299,0.151512755263374,0.13669043835500505,0.15302560142455715,0.12833038819118367,0.13362367893606752,0.13494952586040898,0.12151016585933394,0.12492486902994883,0.14121501979421322,0.13881726232844463,0.1327904543623618,0.126120376746645,0.16873841475668286,0.13777312321274648,0.1433760229188472,0.1332301664828206,0.13568452629831437,0.13910769129511696,0.13780990108813437,0.14344710154299026,0.1396557850406153,0.1688888342773389,0.1456611860503701,0.16118018715998306,0.1383390848461674,0.14695874860237337
46.0,2.2362561432536405,2.1081920562978573,1.7092968389041026,2.1764167164086667,2.1908387672007805,1.8415846809456542,1.9446044842085337,2.15674767147149,2.297294164593126,2.4731302525155323,2.5518183896302467,2.6560640796173516,2.2299144245607785,2.631249986443307,2.3649388075626883,2.203847801574376,2.4595696932031967,2.120328129723355,2.1906148871693056,2.5286545597338814,2.54116103676075,3.0894327733692664,2.6513425664198165,2.2876500364091585,2.843712806336723,2.3511208441353952,2.6471368711340526,2.5708287326422306,3.1547395860020475,2.7504127657443096,2.2648142293934423,2.310963856185135,2.540471586864684,2.3960319326246755,2.2352642445956152,2.3316058375953292,2.6190161430079018,2.5221797782383697,2.527965608676446,2.539934392436995,2.8744920623867745,2.5502382391082343,2.5153719129242837,2.7637624763600854,2.598335236456663,2.9407389805013753,2.512033078444381,2.6324155196505994,2.6433050207356463,2.5696017390451082,2.380897446635285,1.9961041734608425,2.2510175753003563,1.6793565158268877,2.033854142052422,2.0050017254438437,2.284943591568905,2.1213897875598255,2.0263524757484364,2.2742304882755175,2.523314567401936,2.70255615721001,2.679124927470671,2.1535584297175747,2.5730693170758197,2.453996694393708,2.179418875507843,2.209811062792174,2.2837886415411752,2.4972266489994723,2.594122617604881,2.85705905189056,2.355964603419075,2.743696968609969,2.507583390829066,2.30928942386766,2.6690984269805536,2.542500389118602,3.170433495894774,2.200329956270407,2.232893840810699,2.5052216175630364,2.8370314047300016,2.408988389973041,2.486099172009307,2.3662252240280717,2.6013725304052673,2.30907059391485,2.5071927210985305,2.512032527312532,2.581343086238059,2.5149903344725373,2.745492407815571,2.8527674513750942,2.5667663625505797,2.6531756336352443,2.724818149070612,2.838346576215253,2.6354968068674838,2.5618030104492147,0.12946647335128597,0.12706153299199913,0.1386809042914721,0.125396102132712,0.13842397143143764,0.12279871044637548,0.13552647462659392,0.1412387063289407,0.13334407749159127,0.1416392326845986,0.152787567950976,0.14596703973094208,0.1382837940947516,0.11679020292327233,0.13709762027147784,0.1209229616306446,0.15307906460777704,0.15151218646023576,0.14641107321336141,0.13954784276424978,0.14498537969332576,0.15315085692256988,0.12007802306775234,0.12856290000472317,0.15630107496183163,0.14030011039732013,0.15267567709543078,0.12465417627274017,0.14983184177559505,0.14319189488702178,0.12928618162246977,0.12467164123512392,0.12741296974861996,0.13235714874773044,0.1636075355129135,0.16140688947184795,0.1704995681552277,0.14012588181621127,0.12572371593595846,0.14293192195265658,0.14465196908816486,0.1413792980329371,0.11974760546260398,0.13343041798489347,0.14922740462257178,0.14156263212143444,0.12247161167242883,0.15782864735663724,0.17677382065255184,0.14393609867607252,0.13105386086638302,0.12103440776996718,0.1310933775613997,0.13155234808927646,0.12778387087706589,0.12866215308109039,0.16747886261178482,0.14940173709788807,0.1507620882286625,0.14014724381098453,0.13812610242210147,0.16122474476967227,0.15684709272497513,0.14438863645417715,0.11959367833914032,0.12769268456620889,0.125448266726098,0.14091074754130703,0.14673810116686584,0.1421218302529579,0.13531705991148846,0.11273408625425085,0.12859929694153038,0.13535991215223128,0.15204197523000676,0.1369179440401442,0.15335469156456286,0.1286477226691739,0.1338100600061398,0.13532083157644964,0.12153748277027035,0.1251371020798613,0.1416371739640984,0.13913165832517344,0.1330356952313599,0.12622158220392282,0.1693169773885307,0.1380310594080571,0.14362178648520976,0.13339005305102355,0.1359782522290483,0.13948192736891207,0.13802619228933052,0.14381405810464074,0.1398254361495858,0.1692589179398765,0.14598234809266028,0.1617711529322106,0.13870082958110572,0.1473171950751844
47.0,2.236838541164799,2.10925046469319,1.7102237060401173,2.1771418133176663,2.190528489066258,1.841080510072613,1.9452170249851686,2.1552297950142063,2.2949176310579498,2.4698429746136172,2.5489537200711108,2.6539832499412346,2.2275407088174926,2.631917825091126,2.364706739188342,2.204649294356795,2.458046714167741,2.120415553880353,2.1904854665701636,2.523863705519938,2.539780909952677,3.0835752756508352,2.648573876612369,2.2868159212316117,2.8388230331590045,2.3497905588777894,2.643317016140376,2.5716870561206937,3.1527127201028406,2.7500637045780265,2.2648326319375722,2.3093539315066436,2.536185236823634,2.397834470979676,2.2347546176102404,2.332209413830974,2.6179196990979245,2.5189034832458956,2.5286321037988957,2.5403378342770444,2.871718421381991,2.548481926957908,2.514425896418387,2.7600205765903696,2.5939766588530486,2.937680402122609,2.510196011086505,2.631115694172021,2.6415236156477437,2.5681297764470714,2.3806730902498883,1.9973742790975333,2.2515649908664175,1.680347574205219,2.0336590790458877,2.0055151298298277,2.281172444966451,2.119219299039303,2.026054110869879,2.27177074796869,2.51869603905407,2.7002806073644834,2.6766475748676926,2.1514746214084655,2.5730013234465354,2.4533456217364953,2.1795221450634394,2.2087099708991493,2.2840098433118485,2.49250337672561,2.591998861971728,2.853088759010774,2.354785615990332,2.7392548860263863,2.505452553398275,2.3092677005487867,2.6655552182285396,2.543930672992544,3.1696472504902915,2.200367498279543,2.2321218988518967,2.501108912682784,2.835777120493874,2.408021338697328,2.4828000598090054,2.3682825105822207,2.6002827364005703,2.30891683475446,2.5054763663808948,2.509049504088483,2.5816452366313736,2.5161755602518907,2.7424161190688965,2.850438951543769,2.5636035168577407,2.652140450773276,2.7238539069964074,2.8338455867357464,2.6333410587217694,2.5599169604982297,0.1296772503097073,0.12752208417791394,0.13912887163708929,0.12585810669814237,0.1387634111526408,0.12297842498360358,0.1359237649527978,0.14191640980274678,0.13404302531807838,0.14218141750881957,0.15326754791113223,0.1465406663392269,0.1388786343377431,0.11705406327513876,0.13742443743861876,0.12135337222829448,0.15361217004112387,0.1519350215075264,0.1470777847102929,0.14015473427160483,0.14549796388602076,0.15390121094068088,0.12024647347205814,0.1287616815538723,0.15676584072197303,0.14060370913651032,0.15342863058061723,0.12487815456056557,0.1503486166819081,0.1436521236192206,0.12967620084999076,0.12491665483977404,0.12781503320897047,0.13273583774140693,0.16404550925616082,0.16190723010454386,0.17106353696029591,0.1403494176158506,0.12602419877103468,0.14319576866742126,0.1451669446698013,0.14176426711037501,0.1200675032214809,0.1337475082977738,0.14961449180320796,0.14171551074630404,0.1227073961204793,0.15823479598060453,0.17719016038654808,0.14431116136282676,0.1314307534450626,0.12139282267840525,0.1313552192406545,0.13188161038250146,0.12805277320821626,0.12897498676275151,0.16808023658072754,0.15012798904832308,0.1513854241284102,0.14084588787452135,0.13860382144600156,0.16163076722679143,0.15742641917356537,0.14501296034976027,0.1198990710483042,0.12783103376932645,0.12593123310142043,0.14146510618505886,0.1473872675891476,0.14277036396699214,0.13576696911675717,0.11315554735641035,0.12870945564879843,0.13566607837530795,0.15260765193152026,0.13717554303847448,0.1537205725344235,0.1289745241684001,0.13404158411967684,0.1357344246475696,0.12160389023504128,0.12539151914147156,0.14209552856491942,0.1394845673437558,0.13332795300260505,0.1263656825325581,0.16992551437943113,0.13832993033634836,0.1438951259161773,0.13358946751811304,0.13632674338281264,0.13988236447073163,0.138286624252895,0.14421804255921994,0.14002968075611202,0.1696739871634039,0.14634035524353503,0.16239223309254838,0.1390920428680607,0.1477020921125132
48.0,2.237198130841314,2.11006208871396,1.7111746629403979,2.1775819649332413,2.1900112898786523,1.840459937636444,1.9456080520145649,2.1534032758879675,2.292146591930339,2.4665023390433403,2.546018267764706,2.6518183195903604,2.2251080507159844,2.632360936356541,2.3642098893044095,2.205070524727874,2.456204059035045,2.1201999637069044,2.1899695993562105,2.5189878112777295,2.5380342981514663,3.0776218160240356,2.6457797818798876,2.285721982286643,2.833592555579828,2.3480909186302026,2.6393420750198455,2.572416420363138,3.1505147724013454,2.749544801676672,2.264584858563557,2.3074792001408335,2.5318302391985483,2.3992325069069964,2.2338916551692027,2.332364079740337,2.616722543177235,2.515466245567655,2.5289294782278136,2.5405877649222495,2.868770768731284,2.546589841072833,2.513114936349486,2.755947683120179,2.589389395735359,2.934583221237892,2.5081065260765674,2.629689572402054,2.6394492966619003,2.566440681686822,2.3801814784258544,1.9985296334801341,2.2518693303907815,1.6814796307087896,2.033283318978364,2.005829544018333,2.2772151599395087,2.1167352598939337,2.025317285479867,2.268929238098851,2.51397223749339,2.697916618240437,2.674057253323398,2.1492968753347386,2.572697174809211,2.452376754169302,2.1792549572474518,2.2073340942565896,2.283751258589945,2.487679742688184,2.5895927277916266,2.8491168698737055,2.353376147968644,2.7345940180727224,2.5029995488757812,2.308849198913302,2.6618928056053055,2.5452387346856207,3.168641132713826,2.200138276382408,2.231077335008179,2.4969211004246707,2.834329396567358,2.4066925422158993,2.4792854902498433,2.3700026208520644,2.5989737398537294,2.3083624016914754,2.503402775117905,2.5058576920765474,2.5817027020274272,2.51719197547895,2.7390032386634955,2.8479616283077758,2.5602316659253708,2.651072438914576,2.7226271943492213,2.8291148389259124,2.6309977388095422,2.5577589698320917,0.12992084354376462,0.12799785907921102,0.13959302418789926,0.1263417507432512,0.13911564602446863,0.12319132356283748,0.136350440117281,0.14260307627972815,0.13476483367749467,0.14273736555413538,0.15376902656388325,0.1471351191985891,0.1394860002984244,0.11736238596710825,0.13778396205656665,0.12181298447758492,0.15416411347539538,0.15237445102823288,0.14776236383459398,0.1407900223609844,0.14602985753804354,0.15466899003913157,0.12044576923097215,0.12900975965399458,0.15727168147499598,0.140939773801174,0.15421293710280995,0.12513108801050832,0.15091453748374534,0.14414214321266905,0.13009933465270893,0.12519130861466368,0.12824154898275386,0.13314991366442358,0.16452147912786216,0.16243510553242924,0.17164886190488213,0.14063621069795004,0.12635874535121358,0.1435009177254119,0.14569078591277004,0.1421717830249795,0.12041821688191297,0.13411269558892888,0.15003217844087385,0.14190300373061224,0.12297770899254551,0.15866188760781036,0.17764148243733666,0.1447102959793957,0.13182302466196577,0.1217889620287449,0.1316452848602365,0.1322164620804399,0.12834921126156237,0.12931421308328994,0.16870656564974115,0.15087492446394757,0.15202733756594908,0.1415697078316889,0.13912963802559414,0.16208231985522306,0.15803772395645163,0.14564072019420293,0.120240404015602,0.12799972446320732,0.12645719361504898,0.14204446239307947,0.14807282837613736,0.14345549907553654,0.13626263762555627,0.11361110786201285,0.12885688861061315,0.13601086359094208,0.15320890662747455,0.13746249471617156,0.15412336185287875,0.12930875168101344,0.13431945365090536,0.13619186998258215,0.12171048907256907,0.12568902564892195,0.1425893484356066,0.1398765843055035,0.133668043103254,0.12655363051102697,0.17056282385863927,0.13867097598921777,0.14419579584413308,0.1338292451546386,0.13673163320941176,0.1403087514937781,0.1385913237620267,0.14465907902784372,0.1402693155673186,0.1701346884922487,0.14673621475504378,0.1630416358333918,0.1395123047981977,0.14811210403316738
49.0,2.2372893814410038,2.110593074682606,1.712132335697004,2.177687205249295,2.189243213091121,1.839681383414392,1.9457261947901026,2.1512323608710533,2.2889334224397344,2.4630809450378295,2.5429785347535194,2.649536791407469,2.222597480988919,2.6325342302870367,2.363400424285357,2.205047922603062,2.4539914308544644,2.1196224267870347,2.1890103915311605,2.514013756557498,2.535865633492736,3.0715527845751893,2.642933065046458,2.284308597339707,2.827981308319309,2.34596636809815,2.635170285803187,2.572973320752484,3.1481289898096656,2.7488184474241293,2.264014258991649,2.3052910124114105,2.527388982735228,2.4001517607974145,2.2326144047851346,2.3319953270091567,2.6153842669964877,2.511837911293619,2.5287891021008355,2.5406281510733617,2.8656191780459728,2.544517424311561,2.511378426542766,2.7514909093577247,2.5845407702052983,2.9314194276955594,2.5057139735285956,2.628090098447779,2.637041165240796,2.564488542212498,2.3793725787968936,1.9995407923643385,2.251882121803518,1.6827345097953748,2.032675103381911,2.0058996796550987,2.273059427684635,2.113903234263113,2.024083385894124,2.2656606891345286,2.5091153683438705,2.695427322337266,2.6713205844853256,2.147001623988496,2.5721155264132616,2.451036971564852,2.1785554818861894,2.2056308808272544,2.2829435819537323,2.4827426208126337,2.5868578371646516,2.845123462973257,2.3516806504288987,2.7296781777782293,2.500176146617935,2.3079716103582077,2.6580759127759865,2.546377071253824,3.1673908365458603,2.199587339498494,2.2297065707565396,2.4926388772124564,2.832650632416869,2.4049413506385426,2.4755181086690388,2.371316389694261,2.5974039333645154,2.3073396987837227,2.500917920703121,2.5024215811524817,2.581456826980302,2.5179793691087964,2.735198247519648,2.8453010099998917,2.5566071446675886,2.64992884508486,2.721097423076283,2.824122235649746,2.6284187493517663,2.555283652696662,0.13019797533803118,0.12848712659022182,0.1400713132798991,0.12684618895299743,0.13947910387423165,0.12343839286727733,0.13680583433064067,0.14329638646353615,0.13550850471423279,0.14330488630608762,0.1542913482454921,0.1477488759325932,0.1401040015721889,0.11771664500857552,0.13817612377359115,0.12230193970950917,0.15473313015622467,0.15282955567136916,0.14846274929045744,0.14145251867186473,0.14657918097347475,0.15545122188367805,0.12067666310666314,0.12930943715455961,0.15781858274848085,0.14130761493531446,0.15502744767357374,0.12541311262364058,0.15153061673460147,0.1446610885706613,0.13055621059555733,0.12549545748052335,0.12869192803350515,0.13359896031013785,0.1650354450907233,0.1629892797348365,0.1722542993087163,0.1409887702738722,0.12672792687218473,0.143848504817839,0.14622057802434096,0.1426008619912626,0.12079978618863486,0.1345266110877251,0.1504800227669659,0.14212601046022136,0.12328252908984155,0.15910828826195172,0.17812894195719614,0.1451324149970477,0.13222911440142626,0.12222217433002015,0.13196370516321662,0.13255428081284987,0.12867305011739932,0.1296790930393695,0.1693573759830046,0.15164119578583887,0.15268610293216678,0.14231825522199992,0.13970529679675617,0.162580444156482,0.15868016131560908,0.1462688594621108,0.12061815364487023,0.12819930735213683,0.12702650948693428,0.1426479611214925,0.14879391509485496,0.14417589483556542,0.13680511273528906,0.11410091725656733,0.12904303882052962,0.13639466625390415,0.15384491002798778,0.13777805280777392,0.15456321540140738,0.1296482991696159,0.13464492088756588,0.13669481999825775,0.1218584379124308,0.12603059988148094,0.14311792337459306,0.1403083683473646,0.13405682844414743,0.12678642134908927,0.1712277303071284,0.1390555140958835,0.14452360347508061,0.1341102589315438,0.1371946310505869,0.14076081956381845,0.13894044662536753,0.14513721950929465,0.14054520756899877,0.17064175933736075,0.1471710083465304,0.1637175675833742,0.13996123468750218,0.14854591786167623
50.0,2.237066762121703,2.110809568921538,1.7130793504019932,2.1774075682597336,2.18818030215678,1.8387032671836894,1.9455200828051498,2.148681296741764,2.285230497815561,2.4595513918302427,2.539801023080078,2.647106168235293,2.2199900303689266,2.6323926169300678,2.362230510505633,2.2045179178978254,2.4513585326753575,2.118624010704729,2.1875509490987217,2.508928420909496,2.53321934811213,3.0653485713906274,2.6400065089361955,2.2825161441562773,2.821949226097599,2.3433613519872067,2.630759886521047,2.573314252671607,3.1455386192399346,2.7478470322043282,2.2630641829421543,2.3027407186420947,2.522843856179518,2.400517953041748,2.2308619139706196,2.331028647323256,2.613864462306341,2.5079883265137957,2.528142345555627,2.540402959431111,2.8622337229373795,2.542220119532651,2.5091557608234583,2.746597368711262,2.5793981053645205,2.9281610113439034,2.5029677035566205,2.626270216416312,2.634258322847088,2.5622274454722587,2.3781963589967163,2.000378311505836,2.251554893034683,1.6840940359227465,2.0317826737885856,2.0056802483858522,2.268692939398373,2.1106887862863077,2.0222937984284055,2.261919831544246,2.504097637229552,2.6927758521543654,2.668404190000936,2.144565299861895,2.5712150335081647,2.449273153795849,2.1773618888060273,2.2035477785739377,2.28151750798152,2.477678885024435,2.583747812190901,2.841088616803359,2.3496435744460067,2.724471178172157,2.4969341159810834,2.3065726262805146,2.654069263405708,2.5472981797531,3.165872055966841,2.19865973654732,2.227956027573972,2.4882429394699814,2.8307032275088013,2.402707114075021,2.4714605604037865,2.3721546519655243,2.5955317095326733,2.305781130089034,2.4979677765301123,2.4987056611920813,2.580848956044094,2.518477530096511,2.730945626557617,2.8424226249528943,2.5526862879985273,2.6486669163098524,2.719224005124805,2.818835679771315,2.6255559925694163,2.5524456233377535,0.1305094714710865,0.1289882011836301,0.14056173937719574,0.12737063993261877,0.13985228573081368,0.12372074323271309,0.13728934779576435,0.1439939741305078,0.13627303775086017,0.14388175515960946,0.15483386137632738,0.14838041573280425,0.14073073196589642,0.11811840666854387,0.13860091233575664,0.1228204237060895,0.1553174379744136,0.15329940221491622,0.1491768596806365,0.14214104136580952,0.14714404166770284,0.15624488338322973,0.12093997106340171,0.12966309145991273,0.15840656082477905,0.14170656741995027,0.1558710418784022,0.12572442980457757,0.15219789967184508,0.145208119802091,0.13104750865221976,0.12582896799773569,0.12916560083379733,0.1340825971639016,0.16558746965830726,0.16356852397756733,0.17287862515235589,0.14140968740705048,0.12713237792560586,0.14423973259987305,0.14675334070016963,0.14305051284182524,0.12121229291364416,0.13498994151712573,0.15095761561325696,0.14238552893565729,0.12362189474001115,0.15957240315810764,0.17865379411691795,0.14557644313283924,0.132647490160765,0.12269183775646494,0.1323106436524754,0.1328924361739178,0.12902421131071143,0.13006891081932662,0.17003224536059613,0.15242547652165453,0.15335999029454228,0.14309111124529092,0.14033263876932583,0.16312626990520668,0.15935294553050966,0.14689430303374765,0.1210328578010635,0.12843039565642156,0.1276395798924402,0.1432747681117126,0.14954967712709308,0.14493023656683576,0.13739551370234498,0.11462516232736406,0.12926944683340724,0.13681793838439169,0.15451488984014888,0.1381214618077928,0.15504033237956855,0.1299909844318674,0.13501929178189587,0.1372450175623193,0.12204895279552465,0.1264172954415094,0.1436805717657511,0.1407806472409605,0.1344952172619327,0.12706508933296268,0.17191909473623362,0.13948494749865814,0.1448784188294624,0.13443341756207966,0.13771752794394368,0.14123827629002947,0.13933417652266264,0.14565253881596568,0.14085829471098835,0.17119603760807062,0.14764590018664298,0.16441823412660658,0.14043849866110397,0.1490022510912381
51.0,2.236494880787575,2.110685511259987,1.714000215650877,2.1767042563646815,2.18678746824948,1.8374925853675628,1.9449499389788667,2.1457223686074753,2.2810032842949766,2.4558896680264426,2.5364566279927163,2.6444992855823837,2.2172682768687233,2.6319002849592423,2.360663275633677,2.2034315566506417,2.448266744096616,2.117158730799587,2.185548181150844,2.503719962086055,2.5300533225651196,3.058994365109339,2.636977649487658,2.2802984156593062,2.8154667505896764,2.3402342580886297,2.626079277122178,2.573404361542404,3.1427296480253566,2.7466017480873997,2.261689980087537,2.299791215431014,2.5181798235960167,2.400275383124264,2.228587388184598,2.329407481114442,2.6121290253728513,2.5038929020005556,2.526935737858212,2.539868807688513,2.8585905487760317,2.539662401416576,2.5064009065005446,2.741227349493839,2.573936641384253,2.924785178209054,2.49982936942192,2.6241909302793283,2.631069079774831,2.5596214995603677,2.3766136515470038,2.00101863499607,2.250849573179438,1.6855410635025512,2.03056527166836,2.0051357317675556,2.2641047123723554,2.1070658337774852,2.0199054082183996,2.2576740174934127,2.4988954325735246,2.689930739087444,2.6652814279179764,2.141967605194864,2.5699633563063493,2.447044776547813,2.1756266004421176,2.2010441650348995,2.2794210887619135,2.472477130723589,2.580226616743025,2.8369954791456298,2.34722219771494,2.718945950071661,2.4932365257656244,2.304605694897155,2.649846270147941,2.5479654080306173,3.1640650641170507,2.1973122790291915,2.2257849507556777,2.483717108892424,2.8284579292097995,2.3999431852397493,2.4670839603019092,2.3724652744095347,2.59332233269758,2.303634933404917,2.494511388591449,2.494681688463755,2.5798316842999123,2.518640330582852,2.7262034691278325,2.8392996949753746,2.5484361423179567,2.6472495621567873,2.716975881238464,2.813230587120016,2.6223726030144205,2.549210091750801,0.13085542665082872,0.12949955323846823,0.14106235976315376,0.12791432133571157,0.14023381965555776,0.12403894695891203,0.13780002625116275,0.14469412930587874,0.1370575242734,0.14446622216504287,0.15539605403238896,0.14902850242893056,0.14136468931068236,0.11856857531480261,0.13905816289636153,0.12336855261224224,0.15591569092463844,0.15378339956375092,0.14990309543927868,0.14285487594050025,0.14772307966710263,0.15704755511917717,0.12123639835775758,0.13007236571981096,0.1590354326424888,0.14213679265065934,0.15674272800976474,0.12606547857426798,0.15291685893836815,0.14578236727299043,0.13157374668535488,0.12619205706666814,0.12966218144121516,0.13460103268359505,0.16617726422173112,0.16417195960848432,0.17352135698839338,0.1419007387939285,0.12757272466864747,0.1446757851033328,0.1472868052727276,0.14351965245902265,0.12165581917943312,0.13550342574362512,0.15146453229651244,0.14268247345990384,0.12399621508500802,0.16005341126219022,0.17921690974935514,0.1460415137693517,0.13307651053237926,0.12319660527499174,0.1326858999973674,0.13322860938440192,0.12940186684457547,0.1304826539874536,0.1707307695609184,0.1532266671651958,0.1540474829799733,0.14388772259271146,0.141012707710032,0.16372071437225577,0.16005526792135225,0.14751491546489243,0.121484524997397,0.1286933095232252,0.12829619763650943,0.14392413120388373,0.15033921012212403,0.1457174642553169,0.13803427314403885,0.11518373415890741,0.12953745508898554,0.13728111856602931,0.15521800354317683,0.13849271911708116,0.1555549264110811,0.13033604789545883,0.13544360770716307,0.13784344758188175,0.12228327690557986,0.12684981288439354,0.1442762509712494,0.1412936562490663,0.13498358026755666,0.12739074614070056,0.17263642208812766,0.13996019447006067,0.14526008239459998,0.13479966131517565,0.13830145871578323,0.14174113109778663,0.1397727653764926,0.1462051935691827,0.14120941340789683,0.17179779125255662,0.14816140369829803,0.1651420281222836,0.14094341387628959,0.14947991096609395
52.0,2.2355789003278863,2.1102260155541983,1.7148869700530849,2.1755831455893095,2.185065093426077,1.8360506409731576,1.9440223599336093,2.142360014891762,2.276269612146012,2.4520853197232393,2.5329338175629963,2.64171030962043,2.214420987621087,2.6310585375528066,2.3587056925136474,2.201798349392082,2.444724150915384,2.1152323934334443,2.1830142091322937,2.498381650647895,2.52637923108634,3.0524945485810235,2.6338430350972213,2.277662865401714,2.8085463512901407,2.336599246536629,2.6211375052275443,2.573243392942685,3.139699025183502,2.7450889938885066,2.259894999909067,2.296451584474082,2.5133921503245653,2.3994426669031337,2.2258006646713775,2.327147063798693,2.610169070523709,2.4995493072558603,2.5251764447880882,2.5390329175075506,2.8546900879693444,2.536844871931504,2.503126124818024,2.7353938396377244,2.5681632867139963,2.921289999028585,2.496309836974705,2.6218454834669007,2.627478581643565,2.5566748951555134,2.3746287485212707,2.001461760269475,2.2497696959932334,1.6870625667619168,2.0290261382428785,2.004269691002043,2.2592890682784676,2.103041709248559,2.0169370956796477,2.252941085935002,2.4935018739953008,2.686882110117444,2.6619526018850093,2.139201321218557,2.568364174872327,2.44436169875762,2.1733590496649136,2.19812713605043,2.276671806424759,2.4671328392082432,2.576299581783791,2.8328394749324723,2.344425104411148,2.713111895445472,2.489091642548342,2.3020872917050177,2.6454151016094656,2.5483855070981356,3.1619684507761066,2.1955488287676146,2.2232038808697396,2.479057708260722,2.825918876487389,2.3966589272656296,2.4623933012537425,2.372264251317981,2.5907685541570578,2.3009126814875045,2.4905600932757475,2.4903504848065365,2.5784026089368908,2.5184779754513817,2.7209843183014026,2.8359362157791805,2.543866599968129,2.6456623423588796,2.714360107346735,2.807312425386759,2.618876644562543,2.54558465092975,0.13123262290039303,0.130020094334015,0.14157126476762763,0.12847620523975228,0.140622554497994,0.1243909722259986,0.1383352478117137,0.1453979390027247,0.13786143556151184,0.14505856983658919,0.1559779638834146,0.14969303789166627,0.1420060516293181,0.11906508591195485,0.13954686975245278,0.12394601618410074,0.15652836224152483,0.15428238938505157,0.1506418621463213,0.14359516346780052,0.14831712736694036,0.15785941142555338,0.12156599466091332,0.13053571546600687,0.15970411777186846,0.14260170209297365,0.15764192716644246,0.1264374357668831,0.15368556230615177,0.1463827457227343,0.1321346268380167,0.12658632803476078,0.1301819537040904,0.13515673154229538,0.16680291692782911,0.16480009006455607,0.17418491446422169,0.1424601798354855,0.1280493459343369,0.14515755763674584,0.14782178171314678,0.14400684919501475,0.12213030723241833,0.13606783581416498,0.15200017333472693,0.14301708823018414,0.12440719997953464,0.16055345632397422,0.1798172660976456,0.14652754904173632,0.13351399274255793,0.12373211684897563,0.13308770552385144,0.13356175401883086,0.1298019691836901,0.13091804552818015,0.17145243455833792,0.1540444983842335,0.1547479197529884,0.14470688478664637,0.14174301278206566,0.16436353984330865,0.16078600690049588,0.1481323842648202,0.12197082600352636,0.1289869693012911,0.12899359391408075,0.14459554784666456,0.15116133054356717,0.14653744737938143,0.1387188185091177,0.11577520356959878,0.12984728048548494,0.13778441541237213,0.15595291675695439,0.13889490509595714,0.15610712621532583,0.13068875107260997,0.13591767536500332,0.13848774570879682,0.12256258705609002,0.12732718067398363,0.14490237093306388,0.14184541695999978,0.13551998426085446,0.12776471091310754,0.17338165957715063,0.14047993255927096,0.14566808955526075,0.13520995789970056,0.138944647038933,0.14227070578632323,0.14025666300003434,0.14679561466847244,0.14159876141005662,0.17244464211658914,0.1487151340871975,0.16588808949542055,0.14147372156888532,0.14997794725075453
53.0,2.23433412237826,2.1094439891672625,1.7157335347214755,2.17406128036504,2.183022427464115,1.8343873136535858,1.9427555357175197,2.1386067123472374,2.2710604026444012,2.4481312823901464,2.5292254530683205,2.638738739186944,2.2114384770388633,2.6298779565151893,2.3563756952836528,2.199642422775745,2.440750515478353,2.112863752723752,2.179974957576116,2.4929080353577886,2.522222196330208,3.0458583032080426,2.630603967275702,2.2746303620938915,2.8012110046484864,2.3324844205510837,2.6159537803761292,2.572839742489241,3.1364464401530245,2.743323970109006,2.257694591840235,2.2927424537415932,2.5084786770237613,2.398056999329986,2.2225257386215667,2.3242805795380375,2.607982016602036,2.494960776464041,2.5228867912531547,2.537915161542497,2.85053884468397,2.533777164867505,2.499358250503669,2.729123001979995,2.5620928668727716,2.9176787607178967,2.49243227521246,2.619235179273669,2.6235011829042074,2.553401843582508,2.3722568068809986,2.0017135730962305,2.2483291963966465,1.6886465498818513,2.0271795146717286,2.003095457202417,2.254241654883675,2.098632098886053,2.0134232400476493,2.2477514975188333,2.487914263913481,2.6836254911215884,2.6584247519508235,2.1362624989118744,2.566430174233621,2.4412463751749294,2.1705829219537263,2.1948157170363762,2.2733045006102466,2.4616432132511195,2.571982380048514,2.828619098383971,2.3412737053301433,2.7069875340502203,2.484519032350028,2.2990496490209007,2.6407926153854167,2.5485760787585803,3.1595853848834796,2.1933850101668964,2.2202361823024614,2.4742641856272103,2.823098556209331,2.392877705890194,2.4574020456602477,2.371584608869572,2.587869996948569,2.2976417808325924,2.4861382995706336,2.485720138452176,2.5765705776712142,2.5180147527712573,2.7153143295795825,2.832343876551916,2.538998264776948,2.6438964791908437,2.711393268175518,2.8010941752279015,2.6150874134204942,2.541587489618144,0.13163695282192783,0.13054877987034424,0.1420865065747065,0.1290551790581498,0.14101736234280265,0.12477408725608094,0.13889193636324404,0.14610717772977747,0.13868433596410984,0.14565962005273084,0.15657978534858913,0.15037422267471667,0.14265540570936253,0.11960511860177224,0.14006583023780136,0.12455240098471987,0.15715638774395513,0.15479758301793142,0.1513940688624509,0.1443635478269275,0.14892759692600205,0.1586812890128577,0.12192867546287242,0.1310507550594684,0.16041132265941502,0.14310562088954706,0.1585681779796329,0.1268417071059312,0.15450145823024466,0.14700812172955283,0.13272965750380222,0.1270138044934824,0.13072539348856646,0.13575280174498738,0.16746210672042736,0.1654537842428749,0.17487248629195465,0.1430853770016618,0.12856258988604194,0.1456859232407338,0.14835987449228344,0.14451059956037243,0.12263568290870659,0.1366840094855595,0.15256391199577396,0.14338951566768326,0.12485696328818024,0.1610754853330701,0.1804533509060437,0.14703468914428688,0.13395762212212953,0.12429325193821207,0.1335138990938234,0.13389112864622094,0.1302195957648401,0.1313724664124974,0.17219667311065728,0.1548788695440178,0.1554608324011175,0.14554720632455248,0.1425201394077741,0.16505423206311895,0.161543947593957,0.1487493420919581,0.12248884275278978,0.12930995201438356,0.1297283450673783,0.14528855564193147,0.15201478168254684,0.14739032387701811,0.13944578190828744,0.11639779183407978,0.1301988807923494,0.1383279961134705,0.15671816767060692,0.13933195445496843,0.15669707834212307,0.13105599559196435,0.1364410197538358,0.13917467615333118,0.12288807695384149,0.12784799654639117,0.14555595786886683,0.14243338195551306,0.13610189421494773,0.1281884006393439,0.17415740773692737,0.14104227330312855,0.14610187279206546,0.13566531718584254,0.13964458621092793,0.14282868596981976,0.14078640671544734,0.14742432550223025,0.14202638644900423,0.17313352734553944,0.14930397609351284,0.16665574708422998,0.1420267573385186,0.15049548762434503
54.0,2.2327758485742883,2.1083523394622246,1.7165338307689515,2.1721557051232896,2.1806687201411727,1.8325124830619701,1.941167656378744,2.1344749377265617,2.265406577065873,2.4440204914966777,2.5253243957860514,2.6355840731194284,2.208311059534873,2.6283691236507907,2.35369121808182,2.1969879034552267,2.4363656001322096,2.1100715627879683,2.176456351015271,2.487293664978553,2.517607340951157,3.039094810392774,2.6272617475339413,2.2712217744462495,2.7934836871142106,2.327917883351923,2.6105473121069487,2.5722018057988785,3.132971582372601,2.741321877250301,2.2551041053144956,2.2886844512038844,2.5034372443521793,2.3961555753564814,2.218786605225812,2.3208412124944924,2.60556528245095,2.490130543809429,2.520089102161273,2.536535412447644,2.8461433230865323,2.5304689140146697,2.495124118285267,2.722440999357695,2.555740207379622,2.9139547501923815,2.488219853132649,2.6163613209942818,2.619151238007685,2.5498165561661605,2.369512983587653,2.001779959246548,2.24654200931023,1.6902810170433455,2.025039642114442,2.0016263614817382,2.248958119954928,2.0938526888763955,2.009398220557895,2.242135712894772,2.4821299047466927,2.6801564079771283,2.6547049181641884,2.1331471892537577,2.564174039417746,2.437721260549434,2.1673219027878283,2.1911289334085424,2.269354010958575,2.456005455624862,2.567290684272497,2.824332843720263,2.3377894112674613,2.7005913856425328,2.479538261191529,2.2955249991616298,2.6359956690709048,2.5485547248148883,3.1569190353785856,2.1908364476313436,2.2169052194401204,2.4693359890442648,2.8200094552433717,2.388622886850986,2.4521236559223643,2.370459373243016,2.584626284109549,2.2938496379359608,2.481270416463726,2.480798737632363,2.574344438219051,2.517274950611711,2.7092196584636365,2.8285343664812213,2.533851740572269,2.6419431949274053,2.7080919484506962,2.794588817299725,2.6110242057949886,2.5372367965595757,0.13206422725984912,0.1310844714743968,0.1426060646083621,0.12965009190781263,0.14141706108007035,0.1251854933550524,0.13946696008326145,0.1468236067855532,0.13952578970082594,0.14627023397893024,0.1572017382302077,0.15107227646930652,0.14331332824726667,0.12018583866823165,0.140613853782875,0.12518729938259823,0.15780071730555603,0.15533021051449958,0.15216063078913836,0.14516172219818665,0.14955594350062068,0.15951403773523443,0.12232439857743428,0.13161505598863793,0.16115577126275735,0.14365300356932084,0.15952103835397863,0.12727976032835797,0.15536196922325532,0.1476573647591091,0.13335836512374352,0.12747660908445319,0.13129300856986195,0.1363924524542512,0.1681525077098233,0.16613393647046149,0.1755873143035374,0.14377369667716955,0.12911284518323463,0.1462618235722812,0.1489027158310523,0.14502941659298513,0.12317189565737813,0.1373528585019303,0.1531551433825536,0.1437999816031742,0.12534772027504376,0.16162251645937056,0.18112362894273212,0.1475630992003028,0.13440507485518122,0.12487486880069956,0.13396231367318542,0.1342159627957129,0.13064972714329484,0.13184325999344548,0.17296288554623124,0.15572963031700296,0.15618572241739864,0.1464072642545914,0.14334062096617342,0.16579228980988248,0.16232785107838094,0.14936840742005342,0.12303564439780607,0.12966083741352757,0.130497002311055,0.1460026625928346,0.1528983002658084,0.1482762729194801,0.1402117396467863,0.11704969688536238,0.13059224453144275,0.13891205034444318,0.15751228294654773,0.13980791273894128,0.1573249816357006,0.13144487243000202,0.1370131945601124,0.13990096091420587,0.12326098834701607,0.12841084511388837,0.14623403590906292,0.14305498195147442,0.1367267492520255,0.12866329888643474,0.17496631386014974,0.14164531932335458,0.14656088766368908,0.13616679887032535,0.1403987674638596,0.14341681466075074,0.14136258831930457,0.14809189245445725,0.14249236006379123,0.17386134943272633,0.14992480209218628,0.16744432571247406,0.14259983457164663,0.151031673524886
55.0,2.2309193805515757,2.1069639738021353,1.7172817793083723,2.169883464295479,2.1780132212348273,1.8304360288514259,1.9392769119654258,2.129977167782351,2.2593390566861706,2.4397458825123652,2.5212235069935853,2.6322458102553803,2.205029049521975,2.626542620764001,2.3506701950462565,2.19385891808412,2.4315891672236525,2.106874577743507,2.1724843139828196,2.4815330882729687,2.5125597876036414,3.032213251537575,2.6238176773827577,2.26745797116918,2.7853873751367737,2.3229277381590347,2.6049373099590176,2.5713379784884,3.129274141280862,2.7390979158137623,2.2521388897653414,2.2842982048312552,2.4982656929684506,2.393775589934255,2.2146072596747586,2.3168621468300743,2.6029162869135543,2.48506184347637,2.51680570242032,2.5349135428772493,2.8415100273436624,2.5269297531630643,2.490450562890594,2.71537399460791,2.549120133753601,2.9101212543674406,2.4836957397327537,2.6132252119233703,2.6144431014049028,2.5459332442312905,2.3664124356027223,2.0016668044905948,2.2444220696545454,1.691953972427409,2.022620761730604,1.999875734953096,2.2434341112591967,2.088719165406079,2.0048964164458973,2.236124192712647,2.47614609891355,2.6764703865613213,2.6508001405739035,2.1298514432231204,2.5616084554522076,2.4338088096308033,2.1635996776465087,2.1870858105827264,2.264855177109905,2.450216769102213,2.56224016719105,2.8199792051614083,2.333993633018609,2.693941969979041,2.4741688950936576,2.2915455744440254,2.6310411202610826,2.548339047070019,3.153972571200889,2.1879187655652568,2.2132343566690267,2.4642725665642327,2.8166640604572537,2.3839178358855335,2.4465715944410844,2.3689215706170197,2.5810370386774424,2.2895636592933855,2.4759808529426444,2.4755943705788157,2.571733038296552,2.5162828570419613,2.7027264604548216,2.8245193747546886,2.5284476311820026,2.6397937118432973,2.704472732898204,2.7878093322585595,2.6067063178927574,2.532550760497567,0.13251015287484985,0.13162591706633822,0.14312782032692867,0.13025973500421847,0.14182038682877543,0.12562230042621467,0.14005711074374927,0.1475489812264891,0.14038536373857372,0.14689131791333296,0.15784406918094668,0.15178743984485207,0.1439803920590957,0.12080438531391897,0.14118974917685065,0.1258503060316645,0.1584623227410166,0.15588152847492998,0.15294247572208977,0.14599142988493002,0.15020367227079112,0.1603585225062285,0.12275316354762356,0.13222615098305301,0.16193620543927767,0.1442484377931535,0.1605000836317899,0.12775312712482315,0.1562644836233807,0.14832933878661847,0.13402029439566526,0.12797697269715863,0.13188533828040336,0.1370789946967689,0.16887178036476083,0.16684146699213026,0.17633269060596826,0.14452250767272945,0.12970053615741775,0.14688626984391528,0.1494519710219268,0.1455618276482161,0.1237389143189207,0.13807536659587485,0.1537732822471018,0.14424878713440012,0.1258817862624887,0.16219762910153188,0.18182652558697593,0.14811296684783784,0.13485399873255968,0.1254717855606753,0.13443076616819016,0.13453544322136468,0.13108722470306164,0.132327722148082,0.1737504322162522,0.15659657515613676,0.1569220554109613,0.14728559761366203,0.14420092282324545,0.1665772118497948,0.16313644000622662,0.1499921852654099,0.12360827124520785,0.13003819431927754,0.1312960784034935,0.1467373413742763,0.15381061137764546,0.14919550812025006,0.14101320053499586,0.11772908872667208,0.1310273836918897,0.1395367871917056,0.15833376306414376,0.14032694785277783,0.15799108703333425,0.13186269875836398,0.1376337713506893,0.14066326762821865,0.12368261286754476,0.1290142911270577,0.1469336161458712,0.1437076137409876,0.13739196321415947,0.12919096385539522,0.17581106098056612,0.1422871513775443,0.14704459885704577,0.13671551643987923,0.1412046710676919,0.14403691112573108,0.14198586010827074,0.14879893828447452,0.1429967823700488,0.1746249555491945,0.15057445585979806,0.16825313915341913,0.14319022881936197,0.1515856479148234
56.0,2.228780019945724,2.1052917995500624,1.7179713014526243,2.1672616023130082,2.1750651805226364,1.8281678306750764,1.937101492525705,2.125125879267237,2.2528887627810414,2.4353003909067423,2.5169156479683035,2.6287234494323175,2.2015827614129675,2.624409029659239,2.347330560315094,2.1902795933159966,2.4264409790993833,2.1032915517078066,2.16808477101174,2.475620854003846,2.5071046589420627,3.0252228080448065,2.6202730583329883,2.2633598209730668,2.7769450451656637,2.3175420881923277,2.5991429834713196,2.570256656174589,3.1253538063165056,2.736667286300784,2.2488142946262353,2.2796043425940504,2.4929618635311863,2.3909542380149404,2.210011697159014,2.3123765667068232,2.6000324488329576,2.4797579096492046,2.5130589169381814,2.5330694254856025,2.8366454616220156,2.523169316102786,2.48536441904741,2.7079481505677476,2.5422474715137287,2.9061815601584886,2.4788831040102197,2.609828155355592,2.6093911275467927,2.541766119102708,2.362970319887689,2.0013799945985635,2.2419833123501407,1.6936534202150324,2.019937114679796,1.997856908729571,2.2376652765634306,2.083247214661559,1.9999522069471463,2.2297473976222926,2.46996014883265,2.6725629527513752,2.6467174592287472,2.126371311798902,2.5587461073645525,2.4295314771687306,2.1594399320090503,2.1827053739747746,2.259842838704413,2.4442743564558334,2.5568465015394928,2.815556676927528,2.3299077813791382,2.68705780681638,2.468430500077237,2.2871436071849036,2.625945826551062,2.5479466473268944,3.150749161289835,2.184647588372941,2.209246958375488,2.4590733662394557,2.8130748587187346,2.378785918731364,2.4407593236173435,2.367004227170265,2.577101883689706,2.2848112514006464,2.470294017995007,2.470115125523249,2.5687452256199035,2.5150627601312046,2.6958608910543846,2.8203105905599912,2.522806540434022,2.6374392522132215,2.700552206243948,2.7807687007607136,2.602153045920503,2.5275475701757038,0.1329703105562352,0.13217173342463698,0.14364953359249222,0.1308828235922699,0.14222596819590677,0.12608150379454422,0.14065908401202684,0.1482850558327386,0.14126263058348504,0.14752382819603174,0.1585070527270313,0.15251997541783532,0.1446571715476497,0.12145786065555542,0.1417923124890181,0.1265410141420551,0.15914220507473412,0.15645282741013275,0.15374054976404472,0.14685446396182852,0.1508723445874903,0.1612156249407533,0.12321501103531711,0.13288153822654536,0.1627513846862628,0.14489664593446566,0.16150490460982797,0.12826340545604323,0.15720634790666915,0.14902289417404743,0.13471500778619078,0.1285172416965395,0.1325029528055302,0.13781584046972745,0.1696175628083997,0.16757732217995513,0.1771119541274127,0.14532918318822508,0.13032611802071867,0.1475603430566731,0.15000934336066682,0.1461063718761267,0.12433672262213558,0.1388525868724874,0.15441776072460384,0.14473630080691022,0.12646157372078928,0.16280395401204176,0.1825604113490613,0.14868449983913362,0.13530199444739263,0.1260787611665389,0.1349170476674334,0.13484870078625727,0.13152680780342246,0.13282309136831752,0.17455862630345903,0.15747943788528837,0.15766925594040124,0.1481807009339499,0.1450974270942529,0.16740848431603544,0.1639683850622494,0.15062326778218052,0.12420371966355669,0.13044056845260252,0.1321220349665215,0.1474920238203528,0.15475042363739977,0.15014827041033377,0.14184659468580094,0.11843410504930413,0.13150432728108746,0.14020243190724632,0.15918106823227596,0.14089335888049645,0.15869569671113146,0.1323170476684588,0.13830232919643845,0.1414581976958718,0.12415429314295542,0.12965687277468568,0.14765168543591767,0.14438862852441567,0.13809492464547246,0.12977303506042698,0.17669435735222597,0.14296581594788405,0.14755246741715555,0.13731264010642857,0.1420597579852843,0.14469088771624133,0.14265693955592473,0.14954615381894268,0.14353978560228414,0.1754211176496812,0.15124973735144148,0.16908148387157282,0.14379516298641637,0.15215654407443724
57.0,2.226373068392331,2.103348724069056,1.718596318314589,2.1643071636072966,2.1718338477821844,1.82571776818604,1.9346595881077342,2.1199335489338695,2.2460866166262057,2.430676952149305,2.5123936799875968,2.6250164894877352,2.197962509620705,2.62197893214092,2.3436902480264314,2.186274055804482,2.4209407981060846,2.099341238798302,2.163283646635071,2.469551510933971,2.5012670776208816,3.018132661316853,2.616629191895458,2.2589481925683312,2.768179673650394,2.3117890366717093,2.5931835421828855,2.568966234474235,3.121210266918157,2.734045189212759,2.245145669330656,2.2746234924625677,2.4875235966989626,2.3877287145501898,2.205023912869233,2.307417656286749,2.5969111870522616,2.474221976512257,2.5088710706227335,2.531022932926975,2.8315561300882246,2.519197236623899,2.479892521483515,2.7001896300742256,2.5351370461790457,2.9021389544809053,2.473805114962522,2.6061714545855947,2.6040096708842837,2.537329392105213,2.3592017934040324,2.0009254153406593,2.2392396723175834,1.6953673645872234,2.0170029421215543,1.995583213924234,2.2316472636346094,2.0774525228293186,1.9945999712971323,2.2230357882735703,2.463569356922609,2.6684296324245667,2.6424639141775157,2.122702845960002,2.555599680182265,2.4249117179128987,2.15486635135474,2.1780066490004755,2.254351835382287,2.4381754204584243,2.5511253600531187,2.8110637532387166,2.325553267144555,2.6799574159111637,2.4623426421631103,2.282351329701101,2.620726645535958,2.5473951273884508,3.14725197458486,2.181038540458712,2.204966388945765,2.4537378361222864,2.8092543368955623,2.373250501126035,2.434700305852113,2.3647403690814754,2.572820442183781,2.279619820753561,2.4642343206084596,2.464369090697359,2.5653898479052857,2.513638947948661,2.688649105763591,2.8159197030847225,2.5169490721562187,2.6348710383119074,2.69634695321382,2.77347990346252,2.5973836860849517,2.52224541433753,0.13344013461465945,0.1327203912488298,0.1441688205437412,0.13151798037913215,0.14263230236644472,0.12655996237121908,0.14126946070526852,0.14903359007417225,0.14215717101079695,0.14816877513773297,0.1591909918554245,0.15327016845598296,0.14534424745072025,0.12214331890881226,0.14242031567464628,0.12725901152345487,0.15984140119881904,0.1570454386380606,0.15455582229473533,0.14775266569333573,0.15156358319887742,0.16208624464217125,0.1237100222152772,0.13357868571287593,0.16360008521968358,0.1456024843933671,0.16253510537733354,0.12881226227726325,0.15818485946713085,0.14973685977284634,0.13544208430930613,0.12909988305258246,0.13314645211122117,0.13860650018638385,0.17038746220178552,0.1683424744983284,0.17792848657264285,0.14619110223646345,0.13099007214333375,0.1482851935573518,0.15057657862425544,0.14666159735589215,0.12496531441908827,0.13968563857718266,0.1550880260247091,0.14526295107326354,0.12708958765807837,0.1634446635298529,0.18332358735331963,0.14927792367431944,0.13574659731966499,0.1266904761984613,0.13541891408361723,0.13515479778293837,0.13196303012632496,0.13332653867398406,0.17538672693116458,0.15837788636598787,0.1584267028068892,0.14909101784127846,0.1460264181274306,0.16828556856910343,0.16482229226109615,0.15126423475809442,0.12481892789533305,0.13086647184466849,0.1329712704060875,0.14826609561211582,0.1557164246193809,0.1511348204965849,0.14270826277255536,0.11916284708495857,0.13202311585896692,0.14090922253803623,0.16005260479443265,0.14151158213136236,0.15943916257073343,0.13281577034636805,0.13901844469142532,0.14228227465167953,0.12467742325748926,0.13033709507047517,0.14838519481322726,0.14509532058776733,0.13883299620938447,0.1304112386607355,0.17761892647268998,0.14367931338967518,0.14808393920371038,0.13795939872415597,0.14296146214997313,0.14538076463318506,0.14337661261297793,0.1503343079696664,0.144121536490878,0.17624651333669128,0.1519473884845339,0.1699286334545028,0.14441179324444134,0.15274347541067232
58.0,2.223713827527004,2.101147654722173,1.7191507510071458,2.161037192609775,2.168328472791019,1.8230957210374255,1.9319693887596532,2.1144126535348624,2.2389635394974237,2.425868501709609,2.5076504643288313,2.6211244292591305,2.1941586085580087,2.6192629100134455,2.3397671923183885,2.181866432203153,2.4151083865904597,2.0950423931324478,2.158106865385821,2.4633196078261324,2.4950721662944995,3.010951992756056,2.612887379580979,2.25424395466537,2.7591142370404262,2.3056966868170883,2.5870781956327025,2.567475109004148,3.116843212524496,2.731246825051048,2.2411483633120746,2.269376282407123,2.481948733130416,2.384136214491632,2.1996679019960568,2.302018599731871,2.5935499204145955,2.468457278249879,2.504264488381858,2.5287939378556095,2.8262485369089294,2.5150231485164816,2.474061704926644,2.6921245959644473,2.5278036832686044,2.897996724250104,2.468484941587147,2.6022564129080066,2.5983130858682726,2.5326372745636108,2.355122013113218,2.0003089524870505,2.2362050844774206,1.6970838097249783,2.0138324852154583,1.9930679816501715,2.2253757202396898,2.0713507760958336,1.9888740887313745,2.2160198253163066,2.456971025602048,2.664065951458112,2.6380465454689883,2.1188420966853743,2.552181858932888,2.419971986612972,2.149902621162877,2.1730086610756567,2.2484170067836966,2.4319171638826846,2.5450924154672365,2.806498928315074,2.320951501110391,2.672659317020024,2.455924887372095,2.2772009743094057,2.6154004348109137,2.5467020890576206,3.1434841800254163,2.1771072462268504,2.200416012766173,2.448265424265083,2.8052149818555,2.3673349488070663,2.4284080035463265,2.3621630225293364,2.568192337197101,2.2740167738479116,2.457826169770596,2.4583643543328675,2.5616757528688368,2.5120357085635203,2.68111726008373,2.811358401516513,2.5108958301764632,2.632080292414063,2.691873558533736,2.765955921020275,2.5924175345928266,2.516662481726616,0.13391489270031998,0.1332702027623351,0.14468313294819238,0.1321637204662716,0.14303773306474504,0.1270543782031249,0.14188468897923068,0.14979635207085937,0.1430685767360638,0.14882722593878664,0.15989621817355565,0.15403832692062153,0.14604221088778227,0.12285775574023357,0.1430724959035116,0.12800387637884464,0.16056098990728923,0.157660740706321,0.155389290189052,0.1486879216444871,0.15227907649899447,0.16297130005891342,0.12423831816232464,0.13431503574246817,0.1644810983521259,0.14637094052731564,0.1635903009266118,0.12940143667821072,0.15919725979878338,0.1504700352313681,0.13620111752414166,0.12972748722199576,0.13381646447412246,0.13945457838049127,0.1711790461857176,0.16913792223997387,0.17878570779266548,0.14710565050616609,0.13169290140476758,0.14906203991713213,0.15115546903769314,0.14722605786117157,0.1256246886829022,0.14057570322462948,0.15578353809987305,0.14582921894933648,0.12776841915521372,0.16412296197173115,0.18411427183018378,0.14989347930135036,0.1361852593737653,0.12730151350224558,0.13593407720867265,0.13545271557105573,0.1323902550189977,0.1338351572581358,0.17623393251624087,0.15929151720420914,0.15919372486162325,0.15001493476702135,0.146984068710971,0.1692078895966153,0.16569669110791704,0.15191765406822733,0.12545076272585395,0.13131437396415607,0.13384010838566882,0.14905889116045018,0.15670727649865773,0.152155430817637,0.1435944457220721,0.11991337571558981,0.13258379718426075,0.1416574064651523,0.16094671205928263,0.1421861943155929,0.16022188403773394,0.1333670101732295,0.13978168236524144,0.1431319327335565,0.1252534486037934,0.13105342336642117,0.14913104739825542,0.14582491630132957,0.13960351355652212,0.13110739142502847,0.1785874977129922,0.14442558664907068,0.14863843465016757,0.13865708068342408,0.14390718341701236,0.14610868253100892,0.14414573557489482,0.1511642560593494,0.14474223748450704,0.1770977074699568,0.15266407994194806,0.17079383369136186,0.1450371956371609,0.1533455263216301
59.0,2.22081759898533,2.098701498872475,1.7196285206431718,2.1574687337518577,2.164558305326736,1.8203115688823726,1.9290490845296093,2.108575669822845,2.2315504526704033,2.4208679750571536,2.502678862269419,2.617046767584018,2.1901613726377156,2.616271545081219,2.3355793273290844,2.1770808491656126,2.4089635068992,2.0904137688276707,2.1525803517969675,2.4569196934431528,2.4885450476173836,3.003689983764793,2.6090489229004117,2.2492679759745733,2.7497717117852516,2.299293141848364,2.5808461533597815,2.5657916753811203,3.112252332574178,2.7282873943170376,2.2368377260039605,2.2638833403980527,2.4762351134841483,2.3802139327909138,2.193967659730084,2.296212581204216,2.5899460677630595,2.4624670490463925,2.4992614951234406,2.5264023129258097,2.8207291862507686,2.5106566855706203,2.467898804104614,2.6837792110754637,2.5202622083014248,2.893758156381494,2.4629457528815486,2.5980843336174924,2.5923157269496944,2.5277039778027324,2.3507461359767428,1.9995364918079421,2.23289348375021,1.6987907598093028,2.010439985121075,1.9903245430204637,2.218846294145618,2.0649576606475493,1.9828089384853465,2.2087299694003377,2.4501624572895655,2.6594674357292596,2.63347239315195,2.1147851149539343,2.54850532864392,2.414734738018649,2.144572426912735,2.1677304356161384,2.242073192548834,2.425496789501298,2.5387633405171712,2.8018606963767105,2.316123894072186,2.665182029899604,2.4491968017250056,2.2717247733266555,2.6099840519710504,2.5458851341373547,3.139448946550969,2.1728693300816997,2.195619194223023,2.442655578720191,2.8009692804662873,2.361062627511999,2.4218958791009673,2.3593052136925707,2.5632171917671274,2.268029517179466,2.4510939744690567,2.452109004661475,2.557611788226762,2.5102773300450227,2.673291509516024,2.806638375042996,2.504667418322657,2.629058236794438,2.687148606929602,2.7582097340902996,2.587273887650828,2.5108169610865123,0.13438966640881939,0.13381931194874577,0.14518973906552882,0.13281843781467179,0.14344043048065772,0.12756127747794552,0.14250106746598634,0.15057512152852368,0.14399645300849342,0.14950030658432253,0.16062309165003105,0.15482478094359006,0.14675166671049106,0.12359809777866343,0.14374754566433987,0.1287751728251362,0.1613020972732481,0.15830016531755392,0.15624198126552402,0.1496621593789643,0.15302058173059113,0.16387172884008508,0.12480005918303852,0.13508800951893601,0.1653932281024988,0.1472071270553199,0.16467011446594984,0.13003274341011323,0.1602407280319585,0.15122118349896924,0.13699171269501947,0.1304027686020694,0.13451364456498804,0.14036376755620295,0.1719898343441156,0.16996468902858,0.1796870705516374,0.148070220605404,0.1324351255921612,0.149892167086224,0.15174785667948454,0.14779830923743525,0.12631484429734152,0.14152402003085698,0.1565037672870021,0.1464356307413156,0.12850073685759605,0.16484207625164513,0.18493058768400641,0.15053142092403926,0.13661533174539353,0.12790633866471354,0.13646019623035088,0.13574134248717887,0.13280262966640458,0.13434595182522704,0.17709937430726774,0.16021985046514065,0.1599695973993371,0.15095077479085853,0.14796642702623822,0.1701748250105755,0.16659002365522924,0.15258608216383435,0.12609600699938495,0.13178269475774676,0.13472478681659417,0.1498696886911353,0.1577216119052576,0.15321037690601721,0.14450127482580435,0.12068370785661518,0.13318642308274703,0.14244723687031255,0.16186164950263432,0.14292191271725363,0.16104430511506254,0.13397920814804828,0.14059158552636106,0.14400350560055758,0.12588386511848482,0.13180427701893124,0.14988608573116355,0.146574563430372,0.14040378364897121,0.13186340324893997,0.17960279761944015,0.14520251055245492,0.14921533993351246,0.13940703375242453,0.1448942812241178,0.1468769128072183,0.14496523542541212,0.15203694639687385,0.14540212677623893,0.17797113452248506,0.15339639903849164,0.17167629830380424,0.14566835340836104,0.15396174421160838
60.0,2.217699684402925,2.0960231638830207,1.7200235483355528,2.1536188314649505,2.160532595166879,1.817375191373981,1.9259168654657521,2.102435074550476,2.223878277420914,2.4156683076614645,2.497471735086723,2.612783003299887,2.1859611162726535,2.613015419148633,2.331144587196643,2.1719414333454496,2.402525921379005,2.0854741200013978,2.146730030401556,2.450346316547792,2.4817108442439415,2.9963558157454404,2.6051151233645577,2.244041125206348,2.740175074334359,2.2926065049854434,2.57450662490314,2.563924329221957,3.1074373165058518,2.7251820975121372,2.2322291068398017,2.2581652944056656,2.470380578418717,2.3759990643996907,2.187947181261983,2.2900327848658204,2.5860970479407466,2.456254523086153,2.4938844157553506,2.523867930791835,2.815004582280381,2.5061074815763993,2.4614306537451824,2.675179638244376,2.51252744679657,2.889426537790462,2.457210717843204,2.593656520008692,2.5860319485794796,2.5225437131473547,2.346089318956073,1.9986139190735062,2.229318805056527,1.7004762190211966,2.006839682997973,1.9873662291481835,2.21205463311937,2.0582888626709455,1.9764388997945659,2.2011966811755346,2.4431409544037703,2.6546296111152534,2.6287484972751756,2.1105279517445954,2.5445827743428913,2.409222426879588,2.1388994540836017,2.162190998037719,2.2353552323178696,2.4189115000869648,2.5321538079382115,2.7971475516437003,2.311091856825434,2.657544074306516,2.442177951242683,2.2659549590696795,2.6044943546114907,2.544961864430562,3.135149443100956,2.1683404164275344,2.190599297702586,2.4369077475399648,2.796529719595682,2.3544569029783533,2.415177394917005,2.356199968749873,2.5578946289313147,2.261685457244021,2.4440621436914496,2.445611129914903,2.553206801695209,2.5083881004623527,2.6651980095617493,2.8017713128517916,2.4982844404226854,2.62579609372774,2.6821886831273276,2.7502543233289023,2.581972041465692,2.5047270411607774,0.13485933256970223,0.13436568757625728,0.14568570612007012,0.133480393320816,0.14383837331592847,0.12807699309406648,0.1431147294203706,0.15137169160953406,0.14494042108054173,0.15018920271577862,0.1613719999438163,0.15562988172577358,0.14747323614522947,0.12436119230029354,0.14444410371550345,0.12957244611840962,0.16206590131550075,0.15896520271441225,0.15711495693571453,0.1506773416061851,0.15378992706364222,0.16478848762428783,0.12539544399968383,0.13589501176810892,0.1663352879405403,0.14811627375519348,0.16577417433843353,0.13070807672331747,0.16131237480291993,0.15198902353600907,0.13781348304860824,0.13112856333824408,0.13523867101174716,0.14133784002267474,0.17281728964908932,0.17082382306268748,0.18063605464368854,0.14908221158111398,0.13321727678661388,0.15077692372670148,0.1523556362838699,0.14837690538319523,0.1270357746699087,0.14253188054284474,0.15724819188872194,0.14708275066210524,0.12928927619501873,0.16560524681351604,0.18577055123010927,0.1511920139681281,0.1370340474642357,0.12849928040904549,0.13699486980933043,0.1360194620690653,0.13319405798005077,0.13485582764921977,0.17798211004454112,0.1611623243679104,0.16075353922626984,0.15189679162401182,0.1489694044004641,0.17118569469849462,0.16750063449974512,0.15327206468665247,0.1267513480271204,0.1322697998663739,0.13562144735595263,0.1506977055523778,0.15875802997096386,0.15429992805479092,0.14542476226990864,0.12147181312026249,0.13383104762797254,0.143278969125813,0.16279558430362331,0.1437235921932365,0.16190691060181386,0.1346610989752967,0.14144766762244979,0.1448932151527085,0.1265702178364246,0.13258802321519456,0.15064707851493955,0.14734132077996767,0.141231082534551,0.13268127807459484,0.1806675419404115,0.14600788166904674,0.1498139996991668,0.14021066380360905,0.1459200689840789,0.1476878653559489,0.145836108520733,0.1529534249925156,0.14610147703642773,0.17886308170769577,0.1541408387441401,0.1725752053898464,0.14630214515580522,0.15459113280893264
61.0,2.214375385415401,2.0931255571168514,1.7203297551971544,2.149504530180485,2.1562605920890414,1.8142964681653866,1.9225909216162067,2.0960033444703634,2.2159779350246716,2.4102624349920863,2.492021944058141,2.608332635244259,2.1815481538756534,2.609505114020122,2.326480906059155,2.1664723113962587,2.3958153923765435,2.080242200771082,2.1405818257325815,2.443594025902867,2.474594678828617,2.9889586701003275,2.601087282484261,2.2385842710710886,2.7303473011372144,2.2856648794482517,2.568078819801757,2.5618814661434435,3.1023978537581858,2.7219461351377015,2.2273378552530585,2.2522427724002796,2.464382968592793,2.3715288042695857,2.181630461782377,2.283512394878668,2.5820002797907944,2.449822934553501,2.4881555751854543,2.5212106641079775,2.8090812291644007,2.5013851703238794,2.4546840885761125,2.6663520403082472,2.504614224273066,2.885005155392412,2.4513030054695695,2.5889742753762435,2.579476105208526,2.5171706919223102,2.3411667190126875,1.997547120053932,2.2254949833169175,1.7021281915416633,2.0030458200057177,1.9842063711464142,2.2049963849279064,2.051360068352496,1.969798351894528,2.1934504212917143,2.4359038193632876,2.6495480034933396,2.62388189788748,2.1060666580363088,2.5404268810573125,2.4034575079455007,2.1329073881547784,2.1564093737562264,2.2282979657309916,2.412158498412362,2.5252794904657025,2.7923579883361653,2.3058768001656964,2.6497639699974176,2.434887901945954,2.2599237638552916,2.5989482003273565,2.543949881740207,3.130588838614808,2.1635361296686617,2.185379687591188,2.4310213787767503,2.791908786111428,2.3475411409436795,2.4082660133953597,2.3528803138799295,2.552224271727094,2.25501200053736,2.4367550864254124,2.4388788183248553,2.548469640990351,2.5063923078847226,2.6568629157221717,2.796768904130518,2.4917675003044217,2.622285085488676,2.6770103718528184,2.742102669392404,2.576531292244116,2.4984109106929644,0.13531854526296222,0.13490711923870866,0.14616788455942914,0.1341477046327367,0.14422933318041642,0.12859764895803186,0.1437216279918971,0.15218786967329162,0.14590012047655887,0.15089515949342316,0.16214335732710075,0.1564539998316457,0.1482075586928388,0.12514379713055795,0.14516074697157244,0.13039521756534903,0.16285363587993162,0.1596574064574001,0.15800931401071586,0.15173545859969617,0.15458901246284562,0.16572255120064933,0.12602470864363652,0.13673343527013918,0.16730609653732417,0.14910371622384402,0.16690211041893424,0.1314294143777629,0.1624092364717252,0.15277222326075132,0.13866604505591779,0.13190782421929487,0.1359922433371459,0.1423806374903373,0.1736588098500918,0.17171639605303196,0.181636160272911,0.1501390275557755,0.13403989464536023,0.15171771856233326,0.15298075740761796,0.14896039384186266,0.12778746220125406,0.14360062229894327,0.15801629562341496,0.1477711730908724,0.13013682605102156,0.1664157189764184,0.18663206222821285,0.15187553326130804,0.1374385047486165,0.12907451107900766,0.1375356288846672,0.1362857417396125,0.13355817215454874,0.13536157946270125,0.17888111767217385,0.1621182899361982,0.1615447105073754,0.15285116373162444,0.14998876395263877,0.17223975118133636,0.16842676177246194,0.1539781373061424,0.12741336700482253,0.13277399835802542,0.13652612544439316,0.15154209377943584,0.15981509255729495,0.15542433717232124,0.14636079211173614,0.1222756107548334,0.13451772670483644,0.14415285707693817,0.16374657919926527,0.14459621878444218,0.16281022134942474,0.13542169713303623,0.142349404259891,0.14579716042124108,0.12731409862909754,0.1334029709436506,0.15141070682720015,0.14812214823730738,0.1420826525503155,0.13356311297874832,0.1817844284050051,0.14683940875416346,0.1504337115263505,0.14106943231781288,0.14698180922435666,0.14854409348939535,0.14675941742636664,0.15391483824052835,0.14684059269709548,0.1797696729357436,0.15489378802631498,0.17348969470272466,0.1469353339974333,0.1552326469994072
62.0,2.2108600036583153,2.0900215859370515,1.7205410623408721,2.145142874329866,2.151751545870768,1.8110852789096947,1.9190894430291447,2.0892929563351488,2.2078803467574204,2.4046432925185046,2.4863223504610463,2.603695162254621,2.1769127998595637,2.6057512115000874,2.321606218054745,2.1606976099716273,2.3888516822385406,2.074736765254142,2.1341616623230575,2.436657370271175,2.467221674025847,2.981507728231877,2.5969667017703455,2.2329182822791984,2.7203113686433316,2.2784963684566533,2.561581947594678,2.5596714817623827,3.09713363376985,2.718594707695133,2.2221793206772213,2.2461364023522172,2.4582401246649397,2.366840347352246,2.175041496481885,2.2766845954048285,2.5776531821563062,2.443175517632757,2.482097298321666,2.5184503855284706,2.8029656310694846,2.496499385603167,2.447685943325186,2.6573225801041174,2.4965373662499406,2.8804972961027597,2.4452457847581295,2.5840389030148065,2.572662551287767,2.511599125452405,2.3359934931080706,1.9963419805194222,2.221435953451943,1.7037346815516927,1.9990726373038623,1.9808583001282352,2.197667197338179,2.0441869638786785,1.962921674020723,2.1855216503987283,2.4284483545867257,2.6442181387407415,2.6188796350376156,2.1013972848079767,2.536050333814713,2.3974624359660415,2.1266199146055476,2.1504045881874787,2.2209362324283717,2.4052349872502012,2.5181560608349285,2.7874905006741906,2.3005001348884675,2.6418602367289012,2.427346219855629,2.2536634200003056,2.5933624467137935,2.5428667878692175,3.125770302031989,2.158472094209391,2.17998372827509,2.4249959204829126,2.7871189668812724,2.340338707145516,2.401175196937017,2.349379275261457,2.546205743191913,2.2480365535552767,2.4291972116585594,2.4319201581230296,2.5434091538283625,2.5043142403813623,2.6483123834985385,2.791642838066816,2.4851372017957662,2.6185164343519944,2.671630257831977,2.7337677529371285,2.57097093619283,2.491886758426655,0.1357617186786403,0.13544121673102885,0.1466328943709677,0.13481833789652756,0.14461086165610149,0.1291191462430997,0.14431752280988594,0.15302547678591663,0.14687521094679531,0.1516194804783941,0.16293760320295644,0.15729752283764686,0.14895529322086123,0.12594257084288019,0.1458959834368715,0.13124297910900645,0.16366659363854824,0.16037839750070063,0.15892618560330418,0.15283851866315754,0.1554198092507044,0.16667491098597742,0.12668812485823483,0.13760066516695846,0.16830447235855991,0.150174881408878,0.16805354982488702,0.13219882161332322,0.163528269748919,0.15356939279070833,0.139549012660644,0.13274361233735604,0.13677507812780443,0.1434960581288291,0.17451171877704655,0.1726435017817281,0.1826909005617387,0.15123807525807084,0.13490352145436132,0.15271601550955863,0.15362522594088227,0.14954731102966362,0.12856987264270056,0.14473162127897177,0.15880756482819652,0.14850151415413498,0.1310462125451442,0.16727673480291036,0.18751289538098187,0.1525822614864897,0.13782565106036743,0.1296260275021817,0.13807993046347927,0.1365387222171077,0.13388830292267595,0.13585988039152885,0.1797952890242619,0.1630870055847443,0.1623422115137602,0.15381198857858128,0.15102011027768913,0.1733361707257599,0.16936652918384865,0.15470682687746518,0.1280785296514941,0.13329354340843685,0.13743474097402805,0.15240193596656512,0.1608913206605443,0.1565838296891862,0.14730511176705877,0.12309296684266555,0.13524651900590323,0.14506914915347197,0.16471258066767155,0.14554489967869752,0.16375478838223398,0.13627027224286486,0.14329622608962012,0.14671130652276215,0.1281171429119415,0.13424736506349605,0.1521735499495692,0.14891389732819454,0.14295569891719337,0.13451109510138676,0.18295613023989693,0.1476947037937584,0.15107372236483535,0.14198485250411755,0.14807670948529386,0.14944829564839718,0.14773628565611238,0.1549224333206248,0.14761980557030138,0.18068685370198065,0.15565152376371202,0.17441886595537506,0.1475645580311934,0.15588518945236013
63.0,2.207168840767326,2.0867241577066524,1.7206513908795749,2.1405509083445207,2.147014706289663,1.807751503260031,1.9154306197526993,2.08231638689747,2.1996164338949025,2.3988038157102785,2.4803658155728283,2.5988700831684795,2.1720453686371815,2.601764293392921,2.316538457321553,2.1546414557251556,2.3816545533116797,2.06897656756803,2.1274954647059956,2.4295308984154875,2.459616952490055,2.974012171542406,2.5927546827336254,2.227064027541075,2.710090253302208,2.2711290752305757,2.555035217820875,2.5573027716955723,3.0916443459794727,2.715143015685821,2.216768852545755,2.2398668122317926,2.4519498872937757,2.3619708885993136,2.168204280551171,2.2695825706062815,2.5730531738803832,2.436315506508252,2.475731910071818,2.5156069677076305,2.79666429216223,2.4914597612043123,2.4404630527201907,2.6481174204690965,2.4883116982462687,2.8759062468368826,2.4390622247063383,2.578851706219007,2.5656056412681156,2.5058432250624576,2.330584798203697,1.9950043862401552,2.2171556503821455,1.7052836932322923,1.9949343760519866,1.9773353472067265,2.190062718117158,2.0367852354359384,1.955843245408656,2.1774408291464007,2.4207718624926837,2.638635542734712,2.613748748774401,2.096515883038544,2.5314658176426033,2.391259665690893,2.1200607189151737,2.144195666747287,2.213304872050196,2.3981381693731705,2.5107991917811874,2.7825435828778855,2.2949832717892993,2.6338513942576083,2.4195724709925375,2.247206159821553,2.5877539513659045,2.541730184620528,3.120697002291934,2.153163934454043,2.174434784140604,2.418830820710795,2.7821727487729966,2.3328729673213884,2.393918407942924,2.3457298790731764,2.5398386663632233,2.2407865227935564,2.4214129283785106,2.4247432375411795,2.5380341879254087,2.5021781860214536,2.6395725683921047,2.786404803848306,2.4784141487245885,2.6144813625923877,2.666064925790712,2.725262554619373,2.565310269518549,2.4851727731053894,0.13618301102639935,0.13596541318434,0.14707711384066688,0.13549010169540374,0.14498028045268435,0.1296371519329773,0.14489796815620715,0.15388634585763378,0.1478653739511404,0.15236352557603053,0.1637552002124637,0.15816085227139237,0.14971711814650443,0.1267540633789455,0.1466482463211043,0.13211518758621454,0.16450612808489215,0.16112986743799107,0.15986674104325443,0.15398853636790744,0.15628435826751239,0.16764657276715275,0.12738599774679457,0.13849408288295165,0.1693292269002296,0.1513352695465739,0.16922811173450036,0.13301845477767182,0.16466634684758405,0.15437907806735976,0.14046199036980847,0.13363908512490236,0.1375879042463737,0.1446880406958257,0.1753732575404994,0.17360625418671602,0.183803792996948,0.1523767601499589,0.13580869679301968,0.15377332726795787,0.1542911049554829,0.1501361771477649,0.1293829493702319,0.1459262828150754,0.15962148524587355,0.14927440222179023,0.13202027952587864,0.16819152561064965,0.18841069351696652,0.15331248796792063,0.1381922683049558,0.13014763267776622,0.13862515275930218,0.13677680806061732,0.13417744863486963,0.13634727127401097,0.18072342339728642,0.1640676316261191,0.16314508240737519,0.1547772769653854,0.1520588803770445,0.1744740452500795,0.17031793919327362,0.15546065301117207,0.12874317839621308,0.1338266364645762,0.13834308975198842,0.1532762415135757,0.16198519100024783,0.1577785913569172,0.14825332411945324,0.12392169172462168,0.13601748848975218,0.14602808420888158,0.1656914074818134,0.14657484921520114,0.16474118565812754,0.1372163131045031,0.14428751283942864,0.14763147370728438,0.12898102501439201,0.13511938039394428,0.15293207107132747,0.14971330247049092,0.14384738566728902,0.13552749598109462,0.18418529035656261,0.14857127369196696,0.1517332272245923,0.14295848380796533,0.1492019189905662,0.15040331343398627,0.14876788999041435,0.15597755598040428,0.14843946851709722,0.18161037706759267,0.15641020459746047,0.1753617784168617,0.14818632247771862,0.1565476093839818
64.0,2.203317198377994,2.083246179788718,1.720654661926149,2.1357456766558505,2.1420593231232634,1.80430502086951,1.9116326418350083,2.0750861129099603,2.191217117712844,2.3927369400369116,2.4741452006708737,2.5938568968233358,2.166936174621377,2.597554941503046,2.311295557997668,2.1483279753104427,2.374243767942633,2.0629803618301805,2.1206091574144126,2.4222091590986286,2.4518056368756667,2.966481181434313,2.588452526884936,2.221042375567112,2.6997069315632753,2.263591102989941,2.5484578400193545,2.5547837315597963,3.085929679825753,2.711606259611125,2.211121800292136,2.2334546300093194,2.4455100971379125,2.356957622962432,2.1611428091808302,2.2622395046450867,2.568197673806161,2.429246135364355,2.4690817353438432,2.5127002832996976,2.7901837166093313,2.4862759309174125,2.4330422514888905,2.6387627242402396,2.479952045781049,2.871235294510198,2.4327754943116795,2.5734139882835105,2.5583197296004987,2.499917202077259,2.3249557912610506,1.9935402229863175,2.212668009028096,1.706763230764461,1.990645277409659,1.973650843494969,2.182178595031804,2.0291705692107675,1.9485974452938226,2.169238418184612,2.4128716454997923,2.632795741352507,2.6084962791465878,2.091418503706915,2.5266860175685015,2.384871651869766,2.113253486562979,2.137801634851461,2.2054387242366373,2.390865247553964,2.5032245560398083,2.777515729167358,2.2893476216637,2.6257559623401865,2.4115862213775245,2.240584215635839,2.5821395718788214,2.540557673797067,3.1153721083341135,2.147627274806893,2.1687562195740373,2.4125255275127495,2.7770826186543145,2.325167287208827,2.3865091088140495,2.3419651514937567,2.533122664278472,2.233289314747978,2.4134266455729,2.4173561448109666,2.532353590997656,2.500008432874223,2.630669625904139,2.7810664906625995,2.471618944918781,2.610171092484605,2.6603309604549352,2.7166000550954625,2.5595685884279957,2.478287143472728,0.1365763098182145,0.13647697251414537,0.14749667127370428,0.13616064352663598,0.14533467520466498,0.13014709008745914,0.1454583031042035,0.15477231821732795,0.14887031346959945,0.15312870809433796,0.1645966319166677,0.1590443997533849,0.15049373056370752,0.1275747072679149,0.1474158894982973,0.13301125866584562,0.16537365437815343,0.16191358075178258,0.16083218469875873,0.15518751822820298,0.15718476652545435,0.16863855366349034,0.12811866233103641,0.1394110694764441,0.17037915632602266,0.15259043205826892,0.1704254010591176,0.13389056420659864,0.1658202513437677,0.15519975498939684,0.14140456511769878,0.13459748030890917,0.13843145684650082,0.14596054524378257,0.17624057563102744,0.17460578484911343,0.18497834955976256,0.1535524807680877,0.1367559516214043,0.15489120695259756,0.15498051490002476,0.1507254908534985,0.13022660759697352,0.14718603053458768,0.16045753816565242,0.15009046681812455,0.13306186530104339,0.169163305254853,0.189322962737529,0.1540665078463098,0.13853495972579374,0.13063291892820078,0.13916859217335806,0.1369982599244502,0.13441824340155878,0.13682015085046997,0.18166422090991988,0.16505922468700265,0.16395230421589416,0.15574494739991376,0.15310033611883808,0.17565237505215536,0.17127886737748296,0.1562421301312005,0.12940352657953413,0.1343714355424619,0.13924683601899476,0.15416394333290967,0.1630951328113436,0.15900875474922552,0.14920088042107926,0.12475953760211642,0.1368307083104421,0.1470298869422849,0.1666807397133512,0.14769137056876713,0.16577000118741975,0.13826947983785606,0.14532258885343888,0.14855332657821219,0.12990745180615704,0.13601711570457975,0.153682603250371,0.15051697318683122,0.14475483082180807,0.13661466274866216,0.18547451607402698,0.14946651267298863,0.15241137045506142,0.14399192450452458,0.15035452611127184,0.15141212539680085,0.14985544996989816,0.15708164525769827,0.14929994681462963,0.18253579096251116,0.15716586722317208,0.17631745214938674,0.14879699401651483,0.1572187038736039
65.0,2.1993203781259334,2.0796005595463134,1.7205447965934644,2.130744223695291,2.136894646149156,1.8007557113912578,1.9077136993242203,2.0676146111252347,2.1827133194869885,2.386435600967925,2.467653367032564,2.5886551020567046,2.161575532224964,2.59313373763485,2.3058954542212113,2.141781295381083,2.366639088478138,2.0567669021580293,2.1135286649813207,2.414686701083383,2.4438128498371334,2.958923939309946,2.5840615357351213,2.214874195067721,2.689184379876074,2.2559105549546303,2.5418690237291375,2.552122756971857,3.07998932474732,2.7079996399724404,2.205253513349832,2.226920483655127,2.4389185948559313,2.351837745393225,2.1538810775615116,2.254688581683229,2.5630841007767087,2.4219706383853765,2.46216909904557,2.5097502049589653,2.7835304085773727,2.4809575285325427,2.4254503743590474,2.629284654254627,2.4714732343733483,2.866487726038096,2.4264087625716058,2.5677270525029425,2.550819170735837,2.493835267821623,2.3191216292416095,1.9919553765281068,2.2079869643103596,1.708161298329204,1.9862195825364322,1.9698181201060314,2.17401047584907,2.0213586513896273,1.9412186529117261,2.160944878163162,2.4047450060266535,2.62669426047134,2.603129266202977,2.086101197792031,2.5217236186199314,2.3783208492522956,2.1062219030282203,2.1312415179158224,2.19737262862788,2.3834134245652625,2.495447826346094,2.772405433762675,2.283614595307207,2.617592460733234,2.4034070370313905,2.2338298197599893,2.576536165847677,2.539366857201783,3.1097987890979524,2.1418777396722795,2.162971398961664,2.406079488941126,2.7718610633929943,2.3172450325453857,2.378960761951338,2.338118118701922,2.5260573599751055,2.225572335914337,2.4052627722293383,2.409766968164109,2.5263762107612773,2.4978292690088777,2.621629711535909,2.7756395876973428,2.464772194206223,2.605576846303339,2.654444946550543,2.7077932350217018,2.553765189127883,2.471248058272222,0.1369352189907885,0.13697300188594777,0.1478874403554106,0.13682744925700407,0.14567089360893054,0.130644136403445,0.14599364412557386,0.15568523837803547,0.1498897558840534,0.15391649098155358,0.16546240002606863,0.1599485822231407,0.15128584411510182,0.12840080968280967,0.14819718449845376,0.13393056049168836,0.16627064885955664,0.16273137585604286,0.16182375356894493,0.15643744541820598,0.15812320225093104,0.16965187826987543,0.12888647860961486,0.14034900822395716,0.1714530312236778,0.15394594486768146,0.1716450006655532,0.13481749583760272,0.1669866750052998,0.15602982422046366,0.14237629680990257,0.13562209524672908,0.13930646989236323,0.14731752980183246,0.17711072194570548,0.175643239735093,0.18621806521896128,0.15476262080365882,0.13774580157187832,0.15607123724660432,0.1556956331692281,0.15131372379625005,0.13110072853665422,0.14851229279657552,0.1613151956185506,0.15095032534893776,0.13417377505924538,0.17019526431436036,0.19024706987803983,0.1548446216911651,0.13885013923451922,0.13107525338959927,0.139707462764071,0.13720118928508424,0.1346029246675541,0.13727476747886805,0.18261627553980223,0.16606073202898686,0.16476280116627934,0.1567128204273791,0.15413955859853795,0.176870062372201,0.1722470580763732,0.15705377007550914,0.13005565529946705,0.13492606843937482,0.14014150639537165,0.15506389512338578,0.1642195248778776,0.1602743842434331,0.1501430742226848,0.12560419624930863,0.13768626620762778,0.1480747627100875,0.16767810831034613,0.1488998327010758,0.1668418261652638,0.13943954369501024,0.1464007205858489,0.1494723636227901,0.13089815406642216,0.13693858744417173,0.154421336159863,0.15132138763229544,0.1456751007110283,0.1377750055094793,0.18682637416378545,0.15037769550703645,0.1531072500099136,0.14508680199034998,0.15153155665886983,0.1524778359237703,0.15100021407104447,0.1582362245862187,0.15020160679818237,0.18345842712425744,0.15791442579049014,0.17728487132217693,0.14939279796168517,0.15789722222181898
66.0,2.195193681646742,2.07580020434248,1.7203157159944094,2.1255635938942476,2.1315299251448963,1.7971134544783895,1.9036919822684897,2.0599143582959556,2.1741359604930968,2.3798927339728677,2.4608831759352903,2.5832641977060806,2.1559537558607684,2.5885112635927756,2.3003560801303027,2.135025542590647,2.358860277264858,2.050354942669012,2.1062799119397178,2.406958073132549,2.4356637140288813,2.9513496265716817,2.5795830107949964,2.208580354753291,2.6785455746900584,2.2481155343445574,2.53528797848923,2.5493282435485662,3.0738229701828423,2.7043383572711583,2.1991793411523273,2.220285001139525,2.4321732211064635,2.3466484508433707,2.1464430808838637,2.246962985882772,2.557709873635167,2.414492249755677,2.455016326084906,2.506776605339692,2.7767108722330263,2.475514187839784,2.417714256058478,2.619709373349315,2.4628900895421837,2.8616668283359945,2.4199851984836003,2.5617922021719544,2.543118319125051,2.487611633620366,2.3130974691068436,1.9902557326357044,2.203126451149475,1.7094659001075216,1.9816715325918834,1.9658505081530062,2.1655540083359277,2.0133651681589817,1.9337412474978553,2.152590669731924,2.3963892464918737,2.620326625968457,2.5976547499923592,2.080560016272799,2.516591305824395,2.371629712588209,2.098989653790199,2.1245343413561866,2.1891414248641063,2.375779903179763,2.487484675435352,2.76721119088397,2.2778056035153456,2.6093794091934024,2.3950544839749757,2.226975204510839,2.5709605908676023,2.538175336637604,3.1039802135229095,2.1359309534544675,2.157103686689796,2.3994921530482785,2.7665205698567945,2.309129569068589,2.371286829755769,2.334221806876367,2.5186423764905626,2.217662992788414,2.3969457173354427,2.401983795832346,2.5201108949324498,2.495664982494624,2.61247898078867,2.770135784140159,2.4578945004148216,2.6006898463233328,2.6484234688034567,2.6988550750544236,2.5479193678249272,2.464073706247459,0.1372530485076694,0.1374504700774758,0.14824504001827787,0.13748784610458073,0.14598554877613112,0.13112321680706054,0.14649888081036258,0.15662694668609978,0.1509234486193184,0.15472838231390176,0.1663530211338445,0.160873816097903,0.1520941853497802,0.1292285456409466,0.14899031925067116,0.13487240707103434,0.1671986470334291,0.16358516467318385,0.16284271348154827,0.15774025307110523,0.15910188820692342,0.170687573948077,0.1296898246279784,0.14130528622902222,0.17254958415387034,0.15540737651093767,0.17288646179118697,0.135801690915875,0.1681622159359311,0.15686760688222512,0.1433767074511571,0.13671626103358614,0.1402136668223305,0.14876292231891466,0.17798063580175172,0.17671977501841213,0.18752640439613405,0.1560045383436813,0.13877873920314343,0.15731501644389467,0.1564386930939934,0.15189931515791683,0.13200515351737457,0.14990648596850087,0.16219391425354118,0.15185456694587932,0.1353587483665469,0.17129056531672623,0.19118024271479248,0.1556471355851395,0.13913402414167708,0.13146776699735796,0.14023889902125974,0.13738355661789234,0.13472330073728483,0.13770721322451412,0.183578067715461,0.16707098577603827,0.16557544456053216,0.15767861281532536,0.15517144487045573,0.17812590578307294,0.17322012139458506,0.15789808526335708,0.1306955137196211,0.13548865177811997,0.14102248575950077,0.1559748693385369,0.16535669286762306,0.16157545922415686,0.15107503664973726,0.1264532967487098,0.13858427132815612,0.1491628914824699,0.1686808854241674,0.15020564211889467,0.16795724170658108,0.14073631426290104,0.14752111658564784,0.15038390726462303,0.13195487497329078,0.13788172299775145,0.15514430431313414,0.15212288789978687,0.14660520329889945,0.13901098012321983,0.18824338591526502,0.15130197171730161,0.15381992515464243,0.14624476029673691,0.15272997306211328,0.15360365846585441,0.15220344197785468,0.15944288860230071,0.15114480128486626,0.1843733920833064,0.15865167526470805,0.178262990129241,0.14996981907208592,0.15858187391318757
67.0,2.1909524105760263,2.071858021540294,1.7199613412418666,2.1202208316841378,2.125974409888081,1.79338812978402,1.899585680715951,2.051997831174726,2.165515962006873,2.373101274521218,2.453827488656417,2.5776836826089724,2.1500611599416306,2.583698101181191,2.2946953698630375,2.1280848435927604,2.35092709664949,2.0437632374805643,2.098888822822619,2.399017824008913,2.4273833521053434,2.94376742462187,2.575018253575386,2.2021817233342174,2.667813492454733,2.2402341443796296,2.528733913838627,2.5464085869067006,3.0674303055709946,2.700637612008652,2.192914633133091,2.213568810432842,2.4252718165481,2.3414269342644687,2.1388528143385126,2.239095901405697,2.5520724112246334,2.4068142036595757,2.447645741369725,2.5037993570961627,2.7697316117429165,2.4699555426292155,2.409860731314909,2.6100630443613873,2.454217436806624,2.8567758883192784,2.413527971045128,2.5556107405852084,2.535231529219048,2.481260510798293,2.30689846781824,1.9884471770793004,2.1981004044660293,1.7106650402804044,1.9770153687355738,1.9617613387489687,2.156804840259335,2.0052058057053133,1.926199608287717,2.1442062535407294,2.3878016693140713,2.6136883637211183,2.5920797705635232,2.074791010128171,2.5113017642094264,2.364820696627156,2.091580424328214,2.1176991305883606,2.1807799525854814,2.367961886170172,2.4793507760429048,2.7619314947513294,2.2719420570836255,2.6011353274773255,2.3865481282290952,2.220052602205187,2.5654297045336993,2.537000713907468,3.0979195505484194,2.129802540557792,2.1511764471447226,2.3927629678865494,2.761073624913447,2.300844262515958,2.3635007746282777,2.330309242195812,2.510877336862304,2.2095886918660144,2.3884998898788536,2.394014716047364,2.5135664912273223,2.493539861400673,2.6032435891636756,2.764566769178653,2.4510064673724306,2.59550131481929,2.6422831119395718,2.6897985558499213,2.542050420725836,2.456782276141962,0.1375228072867243,0.13790623281520029,0.1485648398973692,0.13813900981233332,0.1462750288696267,0.1315790110004864,0.14696867550897583,0.15759926948279387,0.1519711571726898,0.15556593010723244,0.167269022888312,0.1618205101754,0.15291948824182477,0.1300539527310548,0.1497933988257974,0.1358360514702135,0.16815923977226208,0.16447693043402672,0.16389035369662971,0.15909780563924,0.160123093185632,0.1717466652407581,0.13052908699302931,0.14227729484413654,0.1736674946228927,0.15698025032681198,0.17414929224233858,0.13684568302878428,0.16934337847712283,0.15771134139145954,0.14440526875958676,0.137883310705177,0.14115374893277244,0.15030058705052096,0.178847138036814,0.17783655178584676,0.18890678494406318,0.15727555159166773,0.1398552249575527,0.1586241406448819,0.15721198241777656,0.1524806663753357,0.13293967802792742,0.15136999377463678,0.16309312744207163,0.15280373263486913,0.1366194210644175,0.1724523391371066,0.19211957344003308,0.15647436169521542,0.13938263250370428,0.1318033484527842,0.14075996294940504,0.1375431742378107,0.1347707189371761,0.13811342138441668,0.1845479563316546,0.16808869705998455,0.1663890583910234,0.1586399314640255,0.156190707631291,0.17941859537348304,0.17419553163331647,0.15877759241493214,0.1313189238666014,0.13605731694219694,0.141885015715039,0.15689555600057686,0.1665049070525741,0.1629118552149478,0.15199173343022215,0.12730440314416117,0.1395248624321657,0.15029442064682855,0.16968627571996522,0.1516142089405669,0.16911680270588447,0.14216955397144837,0.14868293059753607,0.15128309473577875,0.13307935498484402,0.13884435321243868,0.15584737764097464,0.15291767768559358,0.14754208034501817,0.14032506547343487,0.18972802182452295,0.15223636098040966,0.1545484281354694,0.1474674442570502,0.15394667450882976,0.15479289226339463,0.15346638227122059,0.16070328483954413,0.15212985122006925,0.1852755607149083,0.1593732998156429,0.17925074192799584,0.15052400695163443,0.159271340817892
68.0,2.186611866549388,2.0677869185028066,1.7194755934487014,2.1147329814963767,2.1202373501562475,1.7895896169612733,1.895412984714747,2.043877506514197,2.1568842453040693,2.3660541580825494,2.4464791664733547,2.571913055602869,2.1438880588803895,2.5787048322045054,2.288931257557569,2.1209833250409957,2.342859308978732,2.037010540710133,2.0913813221630506,2.390860502475288,2.4189968867209357,2.936186514862892,2.5703685655871236,2.195699169520921,2.657011109619575,2.2322944882797424,2.522226039316337,2.543372182663072,3.060811020350412,2.6969126046863168,2.1864747387256025,2.2067925395053902,2.4182122218394446,2.3362103906081955,2.131134273116088,2.2311205124140505,2.5461691323882367,2.398939734281413,2.4400796698079152,2.5008383328826302,2.7625991312736957,2.4642912266909103,2.401916634856146,2.6003718301279255,2.445470101685678,2.8518181929033632,2.407060249253657,2.54918397103733,2.527173155468756,2.474796110680222,2.300539782337283,1.9865355956290855,2.192922759180538,1.711746723028865,1.972265332127068,1.9575639430070002,2.147758619386254,1.996896250215081,1.91862811451681,2.1358220902394134,2.37897957691186,2.606774999606545,2.586411367965229,2.0687902303370547,2.505867678802538,2.3579162561188185,2.0840179001215398,2.1107549110281636,2.1723230514322083,2.3599565763091612,2.4710618009040357,2.7565648395848568,2.266045366807598,2.5928787353416105,2.3779075358145896,2.213094245159863,2.5599603644411175,2.5358605908143117,3.091619969113951,2.123508125386555,2.145213044712737,2.385891381508323,2.7555327154307125,2.292412478625047,2.3556160589698267,2.3264134508389276,2.502761864127763,2.2013768396428848,2.379949698847178,2.38586781704089,2.5067518473620933,2.491478193796226,2.593949692162185,2.7589442320004696,2.444128698906964,2.590002474065952,2.636040460684806,2.680636658064537,2.5361776440373505,2.449391956699323,0.1377372005383433,0.13833706638256246,0.1488419727036876,0.13877797680421192,0.14653551433182518,0.13200596209899235,0.14739746788814412,0.15860400634421742,0.15303266010306626,0.15643071652233312,0.16821093951499447,0.16278905705417768,0.15376248647473612,0.13087292783116153,0.15060444845388113,0.13682067890133912,0.16915406747097497,0.16540872333506945,0.1649679796831223,0.1605118677401974,0.16118912156068083,0.17283016739029788,0.13140464819435835,0.14326242870047223,0.17480537107255498,0.15866999994779118,0.17543294191952674,0.13795209159015112,0.17052657541113128,0.1585591817489873,0.14546138817191054,0.13912654081081624,0.14212738099762953,0.15193428448742385,0.1797069223418755,0.17899472940700642,0.19036255911765376,0.15857292028317302,0.14097567655491278,0.16000018127054133,0.15801784134177008,0.15305613626179781,0.1339040456576032,0.15290414184244358,0.16401223508106352,0.15379829095702685,0.13795828085965361,0.17368368270044557,0.1930620260264168,0.15732661931768274,0.13959178657852864,0.13207464503481559,0.1412676566632537,0.13767771527297445,0.13473603528403932,0.13848916873453485,0.18552417004978455,0.16911245010767798,0.167202426904895,0.15959426688679432,0.15719187855633782,0.1807467086538691,0.17517062721654256,0.15969481676320457,0.13192159117038757,0.13663024409650862,0.1427241964710708,0.15782456253504834,0.1676623805300771,0.16428332260958983,0.15288796417605335,0.12815501188771738,0.14050821741960481,0.1514694563090632,0.17069130897169218,0.1531309067484083,0.17032101828229346,0.14374888004716851,0.14988526848546074,0.15216487016441235,0.13427331228922165,0.13982420388427352,0.15652625549101887,0.15370182302767105,0.14848259820812656,0.1417197342200874,0.19128269540898704,0.15317774999549288,0.15529178038459943,0.14875647967383443,0.15517849816408844,0.1560488916559069,0.1547902447742612,0.16201908936902562,0.15315702293214387,0.18615957299677566,0.16007488752708124,0.1802470522992738,0.15105118716493685,0.1599642943316703
69.0,2.1821873512024217,2.063599802593065,1.7188523937278117,2.109117087762386,2.114327995726986,1.7857277956632693,1.8911920843130323,2.0355658610669947,2.148271731660424,2.358744320126337,2.438831070663482,2.565951815525288,2.1374247670898594,2.573542038467175,2.283081677351986,2.1137451135889633,2.3346766765992757,2.0301156064751456,2.083783334494008,2.3824806572944595,2.4105294405301154,2.9286160786971203,2.565635248341048,2.189153562023776,2.6461614026340614,2.224324669264829,2.5157835644613646,2.5402274264344644,3.0539648039597695,2.693178535805524,2.1798750073633193,2.199976816327496,2.4109922776391097,2.3310360148261697,2.1233114524072194,2.223070003069852,2.539997455969059,2.3908720758055253,2.432340436307325,2.497913405353391,2.7553199349919955,2.4585308738149543,2.3939088014099474,2.5906618934859806,2.4366629096984056,2.8467970290036386,2.400605202106656,2.5425131968229744,2.5189575523251007,2.4682326445909566,2.2940365696254394,1.9845268740552395,2.18760745021359,1.7126989525338954,1.9674356639259405,1.9532716520401692,2.1384109934836464,1.9884521878747536,1.9110611454206254,2.1274686404778187,2.3699202717038386,2.5995820595020005,2.5806565822462977,2.0625537278783797,2.5003017346312455,2.3509388458128844,2.0763257666494477,2.103720708091427,2.163805561044449,2.3517611763694406,2.462633422754079,2.7511097196046395,2.2601369434827663,2.5846281525429036,2.3691522727522654,2.2061323656916905,2.554569428184954,2.534772569161083,3.085084638158937,2.117063332345045,2.1392368437801297,2.378876841965919,2.74991032827636,2.283857583133387,2.347646145181391,2.3225674589844387,2.4942955813243826,2.193054842614872,2.3713195532280467,2.377551187044622,2.499675811052915,2.4895042677505206,2.5846234452854633,2.753279861793226,2.437281798846284,2.5841845463380215,2.629712099765064,2.67138236235456,2.5303203339661735,2.4419209366630743,0.13788863287400696,0.1387397110327565,0.14907135512150074,0.13940166224178022,0.14676300424586403,0.13239829372508377,0.1477794855916848,0.15964291390867094,0.15410774149796064,0.15732435152065707,0.16917930656902647,0.1637798228086329,0.1546239030268418,0.13168122636601715,0.1514214191135892,0.13782539981045805,0.1701848118422384,0.16638265363443813,0.1660769038018436,0.16198406987513453,0.1623023007879277,0.17393907895248056,0.13231687003603992,0.14425808315875702,0.17596172945267743,0.16048191727739775,0.1767367851781785,0.1391236108025628,0.17170813311194114,0.1594091976358759,0.14654439315125045,0.14044916561654736,0.14313517358857997,0.15366762387655722,0.180556547026359,0.18019545733433812,0.19189699096858198,0.15989382192027032,0.14214045656129978,0.16144465698413815,0.15885866023321218,0.15362403678522357,0.13489794186465875,0.15451016648926058,0.16495059049433305,0.15483860812183986,0.13937761589912753,0.17498765810456515,0.19400444820559715,0.15820423634657743,0.13975712417519975,0.13227407254508447,0.1417589418989402,0.13778473050409878,0.13460958671967613,0.13883008402182645,0.1865047977441666,0.17014069631020756,0.16801430433631087,0.1605389860817601,0.15816931611307986,0.1821087070683073,0.17614261215746316,0.16065229664553518,0.13249912223648916,0.13720570560452322,0.1435349931390555,0.15876041482546024,0.1688272680932874,0.16568946264736806,0.15375836452114444,0.12900254894436838,0.14153456409634102,0.15268805269891533,0.17169283431619553,0.1547610257043441,0.1715703282195271,0.1454836543032271,0.15112719974981775,0.15302397838377427,0.13553841793068283,0.1408188858554716,0.15717646532180693,0.15447125696525196,0.14942353707131784,0.1431974159583394,0.1929097555511793,0.1541228911645979,0.15604901388250098,0.15011344875810856,0.15642222161054434,0.15737502702298808,0.1561761667280977,0.16339197532618582,0.15422650034265517,0.18701983473743786,0.16075195295639363,0.18125085679780106,0.15154707936549547,0.16065941820517332
70.0,2.177694166170724,2.0593095811741313,1.7180856631920605,2.103390194913586,2.1082555963778513,1.781812545543128,1.8869411695589466,2.0270753715857555,2.1397093423516624,2.3511646961221477,2.43087606250417,2.559799461213742,2.1306615989828854,2.568220301773546,2.277164563384421,2.1063943358902426,2.3263989618578154,2.0230971888930327,2.0761207843485026,2.3738728372292046,2.4020061361873073,2.9210652975269,2.5608196033479618,2.1825657695532032,2.635287347947695,2.2163527905547653,2.509425698812724,2.536982713837679,3.046891345837721,2.689450605867669,2.1731307884797486,2.193142268869455,2.403609824605698,2.3259410018700417,2.115408347402548,2.214977557535124,2.533554800810235,2.382614462416267,2.424450365775871,2.495044447162708,2.747900527064437,2.452684117791427,2.3858640657040873,2.5809593972726392,2.4278106863638302,2.8417156835355115,2.3941859986015968,2.5355997212367893,2.5105990742389985,2.461584323855301,2.2874039866441858,1.98242689812796,2.182168412485721,1.7135097329765048,1.9625406052917456,1.9488977969615655,2.128757610318474,1.9798893048708126,1.903533080234668,2.119176364905788,2.360621056108628,2.592105069284708,2.574822453455491,2.056077553731077,2.4946166167230692,2.34391092045904,2.0685277093912515,2.0966155471939514,2.155262321062385,2.343372889123694,2.4540813143283295,2.7455646290307967,2.2542381979046664,2.576402098837827,2.360301905062976,2.1991991961174704,2.549273753360379,2.5337542507507003,3.078316726622819,2.110483785837592,2.1332712087332295,2.3717187973116878,2.7442189503181216,2.2752029417785056,2.3396044956639215,2.3188042928110475,2.4854781114896234,2.184650107277705,2.3626338620090817,2.3690729142902547,2.492347230015943,2.487642371332732,2.57529100403478,2.7475853477445558,2.430486371018291,2.5780387539102274,2.623314613906248,2.6620486493763273,2.5244977867190213,2.434387404776784,0.13796921885207863,0.13911092597992641,0.14924771913686086,0.1400068850205981,0.14695335364354942,0.1327500361691959,0.14810876240538814,0.16071768575802017,0.1551961803958954,0.15824846600165363,0.17017465476470744,0.1647931346249518,0.15550443652780668,0.132474464736851,0.15224219600289635,0.13884924310604857,0.17125318501480308,0.16740088172100326,0.16721843359917377,0.16351586839200893,0.16346496674445984,0.17507437350318258,0.13326607244981525,0.145261650031377,0.1771349679306463,0.16242109215420328,0.17806009951940494,0.14036299307328415,0.17288430038855745,0.16025937671442092,0.14765351372377694,0.14185426323140016,0.1441776615283802,0.15550400739238257,0.18139242747528495,0.18143986509121465,0.1935132295686073,0.16123532188213813,0.1433498578940948,0.16295899907087458,0.15973687709378212,0.15418262979947278,0.1359209874782518,0.15618917674570534,0.16590748377889172,0.15592491177198992,0.14087945568119492,0.1763672932603002,0.1949435888877998,0.1591075510667849,0.13987411997818533,0.13239383713685304,0.14223076802963103,0.13786167505930685,0.1343811671607449,0.13913166444773584,0.18748777796320795,0.17117174833744653,0.16882342703048742,0.16147132459969205,0.15911721879898857,0.1835029329367454,0.1771085590820653,0.16165258830542442,0.1330470515679499,0.1377821202289066,0.14431224763386793,0.15970155971074607,0.1699976659374758,0.16712970026152676,0.1545974118201399,0.12984436641516195,0.142604192082217,0.15395019925383768,0.1726875166199102,0.15650971843962666,0.17286507478140326,0.14738286142862975,0.15240777444479034,0.15385496108776442,0.13687626468697664,0.14182588334024462,0.1577933675629383,0.15522178910336504,0.15036157835472927,0.1447604516845004,0.19461147668027723,0.15506840349631465,0.15681919832349714,0.1515398600639426,0.15767456669234542,0.15877463640785716,0.15762517194317166,0.16482357317640228,0.15533835146867217,0.18785052316460968,0.16139996930300454,0.18226112420387042,0.15200732389871985,0.16135543784322423
71.0,2.173147613089911,2.054929161609067,1.717169322954339,2.097569347381379,2.102029401886431,1.777853746253965,1.8826784305006339,2.0184185148231095,2.1312279986535447,2.3433082215394574,2.42260700327282,2.553455491505703,2.1235888689722935,2.562750203928063,2.271197849792971,2.0989551185984334,2.3180459271010503,2.015974042081247,2.068419596259564,2.3650315910423414,2.393452096346932,2.913543352754607,2.555922932118717,2.1759566608195833,2.624411922009954,2.208406955369464,2.5031716519094203,2.5336464404895236,3.039590335422939,2.6857440153741288,2.166257431508323,2.1863095251016067,2.396062703397813,2.320962546691454,2.1074489532927125,2.2068763599718744,2.5268385857548603,2.3741701282979593,2.4164317831214,2.492251330964863,2.7403474116576967,2.446760592410401,2.37780926246635,2.5712905043249643,2.4189282572010096,2.8365774434143725,2.387825807735946,2.5284448475734065,2.5021120756613784,2.454865359798067,2.2806571903550212,1.980241553617437,2.176619580917517,1.7141670685376835,1.957594397384056,1.9444557088842669,2.118794117657687,1.9712232873897146,1.8960782981944289,2.1109757241731746,2.3510792325448477,2.58433955483191,2.5689160216416007,2.049357758874066,2.4888250101055234,2.3368549348069645,2.060647413826223,2.0894584537515475,2.1467281711261967,2.334788917344609,2.4454211483621107,2.739928062083403,2.2483705408688315,2.568219093983005,2.351375998767521,2.192326968754056,2.5440901975624977,2.532823237386104,3.071319403445064,2.103785110268483,2.127339503958293,2.364416695597991,2.738471068423748,2.2664719202979424,2.331504572818367,2.3151569784974453,2.476309077660926,2.17619004012721,2.353917034177904,2.3604410870095465,2.484774951967371,2.485916792612098,2.565978523911378,2.7418723790420705,2.4237630192508672,2.5715563190572994,2.616864587834249,2.6526484997861295,2.5187292985026115,2.426809549784029,0.13797080296332548,0.13944755797307712,0.14936565602154506,0.14059040084799065,0.14710232383542654,0.13305506346615573,0.14837916553269467,0.16182992780063435,0.15629773662200142,0.15920470441072415,0.17119750269135398,0.1658292660841402,0.1564047438040117,0.13324812663372868,0.15306461019650475,0.1398911496980424,0.17236091557422548,0.16846560465683091,0.16839385739352825,0.1651084990906545,0.16467944679692031,0.17623699044401267,0.13425250696619875,0.14627051148723605,0.17832333730869293,0.16449234299068674,0.17940204012479968,0.14167302587104036,0.17405126184863084,0.1611076295620669,0.14878786319594883,0.14334471305561103,0.14525527790797818,0.15744656510682822,0.18221082962440494,0.1827290502093081,0.1952142774733467,0.16259433644437538,0.14460408706988373,0.16454450934392875,0.16065497487311364,0.15473012505929964,0.13697273180356925,0.15794210862482128,0.16688212091853896,0.15705724751146385,0.14246550379520082,0.17782558410983693,0.19587612194142076,0.16003691411151202,0.13993811920106802,0.13242597226307184,0.14268011032445,0.13790594717976842,0.13404000878075606,0.13938930208305284,0.18847088729635156,0.17220377439259935,0.16962852818277682,0.16238837760586755,0.16002964486029672,0.18492760657841856,0.17806541378464935,0.1626982706755357,0.13356087915712708,0.1383581195094868,0.14505069754051722,0.1606463691698612,0.17117161243000478,0.16860325343462385,0.15539943520549637,0.1306777385515685,0.14371746574604607,0.15525580494560523,0.17367183549338672,0.1583819383092937,0.1742054692881838,0.14945497672902588,0.15372604629135103,0.15465215608318986,0.13828832879993228,0.14284254008607927,0.15837216828960096,0.15594912118885512,0.1512932900833858,0.14641103851662607,0.19639004601966467,0.15601077621035792,0.1576014747239826,0.15303711213020132,0.15893220497781105,0.1602509669437845,0.15913812209541953,0.16631542152945117,0.15649248858240947,0.18864559837646985,0.16201441214295367,0.18327688608531137,0.15242751848496836,0.16205115684852803
72.0,2.168562993595573,2.0504714512609197,1.7160972941275214,2.091671589597207,2.095658662030295,1.7738612774488967,1.8784220571862449,2.0096077675316844,2.1228586218417953,2.3351678318478357,2.4140167542467985,2.5469194052386883,2.116196891470926,2.5571423267351197,2.265199470715755,2.0914515883671254,2.309637334675669,2.0087649201572213,2.060705694760176,2.3559514674966677,2.3848924436634413,2.9060594257826016,2.5509465361641293,2.1693471045333244,2.6135581012703115,2.2005152669288406,2.497040633290448,2.530227002006772,3.0320614621540614,2.682073964826284,2.159270285882559,2.179499212994276,2.388348754674058,2.316137844242034,2.099457265268337,2.198799594542139,2.519846229646048,2.3655423076349456,2.4083070132518136,2.48955392941411,2.7326670929383754,2.440769931461964,2.369771226424514,2.561681377480029,2.410030447728966,2.8313855955556413,2.381547798507167,2.5210498791274842,2.4935109110431326,2.4480899637440747,2.273811337719394,1.977976726293854,2.1709748904295276,1.7146589633984461,1.952611281362442,1.9399587189213576,2.1085161632682645,1.9624698216179373,1.8887311785354164,2.1028971789298145,2.3412921034311,2.5762810420208573,2.5629443268534113,2.0423903942862616,2.4829395998061248,2.329793343606321,2.0527085654336497,2.082268453180047,2.138237950876074,2.3260064638048887,2.436668597590721,2.7341985129825823,2.2425553831707723,2.560097657735065,2.342394119886744,2.1855479159182467,2.539035618386426,2.5319971308702383,3.0640958375650924,2.0969829300420235,2.1214650938416457,2.3569699848771744,2.7326791694609898,2.257687884429249,2.3233598390457018,2.311658542222347,2.46678810287574,2.167702047659149,2.345193478722127,2.3516637934341693,2.4769678246233697,2.4843518196577996,2.556712160416513,2.7361526448734206,2.417132347371895,2.564728464053946,2.610378606275008,2.643194894240306,2.5130341655236643,2.4192055604283347,0.137884991413725,0.1397466256526188,0.1494196755142155,0.14114894460994948,0.14720564808576916,0.1333071434526429,0.1485844337777866,0.16298112862073189,0.1574121325081815,0.16019471674313132,0.1722483481841298,0.16688841977622115,0.15732541800085234,0.13399757400342294,0.1538864537674728,0.14094996655053893,0.1735097311755027,0.16957903868012122,0.16960442682686122,0.16676292394422426,0.16594804049317227,0.1774278249198735,0.1352763241825893,0.14728203214644975,0.17952490677569544,0.16670013786198204,0.18076160981759976,0.14305650111689674,0.17520515666619976,0.16195179767778586,0.1499464170446823,0.14492312415346933,0.14636832314105547,0.15949808010679478,0.18300786484957648,0.1840640638952835,0.19700295389189526,0.16396758778095033,0.14590324507662208,0.16620230974579403,0.16161547867920117,0.15526467987396142,0.13805264516019417,0.1597696707427288,0.16787359800911025,0.15823542752297712,0.1441370622290233,0.17936549843077132,0.1967986773214912,0.16099269034740293,0.13994438614274546,0.13236239445964806,0.14310402027262628,0.13791494142997715,0.13357477005909657,0.13959832228349922,0.18945172757856038,0.17323479274402356,0.17042835540753823,0.1632870897433236,0.160900539631854,0.1863808232791815,0.17901000123272023,0.16379194985559103,0.1340361210104534,0.13893262761067487,0.14574500345408908,0.1615931464555568,0.17234709021571595,0.17010909872752028,0.1561586308770129,0.13149985707065864,0.1448748380342898,0.15660467943586623,0.1746420875689153,0.1603823697424831,0.17559155289422085,0.1517078245807058,0.15508110270209013,0.15540970051381353,0.13977592376969408,0.14386604299737674,0.15890794148820067,0.15664886989983912,0.15221511000480897,0.148151163758475,0.19824754707130648,0.15694637557670518,0.15839509605635613,0.15460645008508384,0.1601917650838861,0.1618071053583461,0.16071565943809304,0.16786890734371857,0.15768862147682655,0.18939882174695338,0.16259081682117366,0.1842972734125684,0.15280326668738703,0.1627455015261817
73.0,2.1639556093233194,2.0459493574927574,1.7148634978244806,2.0857139659924586,2.089152626586989,1.7698450187810497,1.8741902396639123,2.0006556064641243,2.1146321331921496,2.3267364625167835,2.4050981767034947,2.5401907012502196,2.108475980891595,2.551407251999125,2.259187360290901,2.083907871849924,2.3011929469283667,2.00148857723838,2.053005004383368,2.346627015354972,2.376352300791249,2.898622698013271,2.5458917169950226,2.162757969404828,2.6027488621782795,2.1927058284527794,2.491051852494828,2.5267327940062296,3.024304415469759,2.6784556547255307,2.1521847010359045,2.1727319605177504,2.3804658190930343,2.311504089473449,2.0914572785200463,2.1907804454079427,2.5125751513269163,2.3567342346115603,2.400098381074975,2.48697211516474,2.724866075073132,2.434721768736191,2.3617767923063435,2.552158179574918,2.4011320834667447,2.8261434268747045,2.3753751399127276,2.5134161191936553,2.484809934835216,2.4412723470181175,2.2668815856988154,1.9756383019273864,2.165248275942288,1.7149734217397739,1.9476054983864597,1.9354201581859023,2.097919394917154,1.953644593741941,1.8815261004931263,2.0949711898255456,2.3312569711859887,2.567925056728776,2.5569144091397162,2.0351715109466175,2.4769730708523983,2.322748601606821,2.0447348496928295,2.07506457089524,2.1298264999521797,2.3170227312772376,2.427839334749471,2.7283744759484274,2.2368141356060267,2.552056309850663,2.3333758344414455,2.17889426992686,2.5341268734272937,2.5312935330060276,3.056649197922376,2.0900928695625325,2.115671342769562,2.3493781132016123,2.726855740297604,2.2488741999099324,2.315183756746873,2.3083420101644556,2.4569148101715115,2.1592135363693306,2.3364876046293865,2.342749121795838,2.4689346957000984,2.4829717405390745,2.547518069051464,2.730437834426205,2.410614959209246,2.55754641117489,2.60387325395441,2.633700813395142,2.5074316839888984,2.4115936254532806,0.13770319842195225,0.14000542201581676,0.14940428303548434,0.14167928324118623,0.147259115154911,0.13350000303322138,0.14871822858201994,0.1641726243273366,0.1585390300310128,0.1612201497785115,0.17332765807660946,0.16797070695399255,0.15826696167567122,0.13471806348227214,0.15470549858820207,0.14202444148481463,0.17470133736680155,0.1707433971751222,0.17085133606160693,0.16847977056049235,0.16727299777579213,0.17864771686683986,0.1363375347084086,0.14829354951304438,0.18073752473224575,0.1690485058348537,0.18213762416916923,0.14451617643740963,0.17634210364814434,0.1627896649820984,0.15112799003332802,0.14659175448510223,0.1475169286354724,0.16166090345320455,0.1837794867389888,0.1854458942464512,0.198881852144078,0.1653515501592476,0.14724730586303406,0.1679332830258528,0.16262095287483688,0.1557844007632437,0.13916011063972072,0.16167228060702674,0.16888087002829325,0.15945897091235223,0.1458949473736504,0.18098998115485965,0.19770788056638838,0.16197526035755627,0.13988817033320713,0.13219498211607342,0.1434996897708766,0.13788611876779397,0.13297353215807525,0.1397540361967714,0.1904277119310063,0.17426266672872098,0.17122169133258583,0.1641642436372874,0.16172377167500124,0.18786054966461682,0.17993903286436502,0.1649362629480454,0.13446837471144885,0.13950495566926954,0.14638978639111988,0.16254013445119034,0.17352202997493757,0.17164593272079248,0.15686908354367318,0.1323078257532012,0.14607686504088044,0.15799651071406307,0.1755943927285242,0.16251535063609984,0.17702315113233327,0.15414842919452038,0.15647210225898253,0.1561215390477386,0.14134014564096384,0.1448934029137421,0.15939566273303066,0.1573165980965808,0.1531233263139795,0.14998252766020367,0.20018593848645913,0.15787145556030946,0.15919947536494375,0.15624891458724213,0.16144984212172164,0.16344589709539717,0.16235814040674407,0.16948519449464913,0.15892620344051134,0.19010378241983214,0.1631248516172275,0.18532156081197937,0.15313023989581548,0.1634375739332205
74.0,2.1593407619087497,2.0413757876676315,1.7134618551581098,2.0797135209985678,2.0825205453340954,1.765814849903542,1.8700011679817914,1.9915745083730587,2.1065794539803657,2.318007049015826,2.3958441319203057,2.5332688783777684,2.100416451647158,2.545555561524478,2.2531794526565236,2.076348095700404,2.2927325262058407,1.9941637674421706,2.045343449662136,2.337052783380045,2.367856790384813,2.891242350848951,2.5407597761222336,2.156210124144495,2.5920071811833223,2.18500674316122,2.485224519061552,2.523172212104713,3.0163188848086864,2.67490428557324,2.1450160264018443,2.1660283956423885,2.3724117373133615,2.307098477337323,2.0834729882384853,2.182852096731304,2.5050227696405614,2.3477491434121616,2.391828211498776,2.484525760871015,2.716950862228605,2.428625738023157,2.353852794839615,2.5427470734466766,2.3922479899333986,2.8208542242869563,2.3693310009501176,2.5055448710665837,2.476023501488528,2.4344267209450217,2.259883091254735,1.9732321662882497,2.159453672376378,1.7150984477426858,1.9425912896156778,1.9308533577909963,2.086999460371334,1.9447632899482126,1.8744974433030557,2.0872282175102033,2.3209711382281437,2.5592671248329184,2.5508333085492874,2.0276971598340334,2.4709381082718624,2.315743163558107,2.036749952083028,2.067865832312967,2.1215286579947072,2.3078349225343255,2.4189490325736682,2.72245444520102,2.2311682089701232,2.544113570086387,2.3243407084524854,2.1723982630967136,2.529380820280231,2.530730045596439,3.048982653456349,2.083130553234299,2.1099816151283397,2.3416405286236284,2.7210132678013497,2.2400542324775374,2.3069897883228396,2.3052404085024567,2.446688822585678,2.1507519127535324,2.3278238208873048,2.3337051603262573,2.460684412913722,2.481800843325113,2.5384224053174878,2.7247396368880565,2.4042314585908318,2.5500013826948535,2.5973651155983695,2.6241792379069824,2.5019411501050337,2.4039919336024296,0.13741671009157327,0.14022163732778398,0.1493140780126632,0.1421782802286968,0.14725867334320683,0.13362741095070496,0.14877419993672392,0.16540555757263906,0.15967800302841162,0.16228263725725886,0.1744358560202175,0.16907612399517322,0.15922975431146416,0.13540476909953164,0.1555195189170571,0.143113219000944,0.17593739230101718,0.17196086368041347,0.17213569733670203,0.17025926424670804,0.168656494622279,0.17989743921150725,0.13743596331101252,0.14930236309384834,0.18195877461396487,0.17154093880076293,0.18352867169685783,0.14605472800965963,0.17745823343797482,0.1636189731711108,0.15233121169234484,0.1483524214218855,0.14870101484956727,0.1639368591984958,0.18452149028797882,0.1868754469013368,0.2008532911842806,0.1667423868052362,0.14863609259465674,0.16973800423098925,0.1636739979481614,0.15628734746469375,0.1402944148209184,0.16364999124598284,0.16990271376213342,0.160727035904753,0.14773939841617564,0.18270196101975789,0.19860040165165027,0.1629850210820474,0.13976479290039756,0.13191568171736334,0.14386453078943762,0.13781709574736872,0.13222380506316028,0.1398518093074944,0.19139604973746446,0.17528510049715174,0.17200737738259445,0.16501644694475381,0.16249317885481113,0.18936461893281753,0.18084911493056993,0.166133880876988,0.1348534020123199,0.14007491119006432,0.14697967687003505,0.16348552652772158,0.17469431619675624,0.17321212922995088,0.1575247949357889,0.13309865442885532,0.14732422114545576,0.15943083899846805,0.17652470502511214,0.16478478704656124,0.17849982200752415,0.15678285966018135,0.15789831988274186,0.15678143811617587,0.14298180956689466,0.14592143236296715,0.15983025600373288,0.1579478557501914,0.15401405595515513,0.15190645464736394,0.20220702750226496,0.15878217285112683,0.1600142415967419,0.15796528269079524,0.16270300952099048,0.16516985399464662,0.16406555993789326,0.17116513995345722,0.1602043697895784,0.19075393300111862,0.16361240865398732,0.18634921876148006,0.15340425447258052,0.16412671382493943
75.0,2.1547337529874513,2.036763649148598,1.7118862872412774,2.07368729904695,2.0757716680492018,1.7617806504694853,1.8658730321880221,1.982376950011113,2.098731505482151,2.3089725268144754,2.386247481174597,2.5261534354588635,2.0920086181504294,2.5395978371156134,2.2471936819507214,2.068796386572185,2.2842758348547756,1.9868092448860324,2.037746955129511,2.3272233203346864,2.3594310350985337,2.88392756569203,2.5355520150566035,2.1497244374627127,2.581356034734941,2.1774461142740402,2.4795778425296287,2.5195536519190034,3.0081045596095164,2.6714350578708137,2.1377796114138303,2.1594091463384717,2.3641843499936295,2.302958202785293,2.075528389614297,2.1750477326742375,2.497186503430113,2.33859026822105,2.383518829431079,2.4822347391871986,2.7089279585714294,2.4224914731129594,2.346026068752111,2.5334742219324045,2.3833929926479502,2.815521274707825,2.3634385506167908,2.4974374380408975,2.467165965453992,2.427567296849582,2.252831011348663,1.9707642051466145,2.1536050146523538,1.7150220455881682,1.9375828962096695,1.9262716488497071,2.075752007397742,1.935841596423209,1.867679586200695,2.0796987226336476,2.3104319069761536,2.5503027722105243,2.5447080651309117,2.019963391927446,2.464847397092029,2.3087994842099007,2.028777558083555,2.0606912628490286,2.113379264643836,2.298440240348839,2.4100133637986287,2.7164369149604872,2.22563901405857,2.536287958198906,2.3153083079406658,2.166092127744645,2.524814316540365,2.5303242704443614,3.0410993731064724,2.0761116054616333,2.104419275304294,2.3337566791955973,2.715164238839963,2.2312513478696054,2.29879139617456,2.3023867634150634,2.436109763155702,2.1423445833075325,2.3192265364834936,2.3245399972571628,2.452225823980414,2.4808634160851297,2.5294513247158332,2.7190697414466105,2.3980024493445247,2.5420846008885665,2.590870775932792,2.6146431484321426,2.496581860078787,2.396418673619327,0.13701676921289524,0.14039350464829792,0.1491438765286188,0.14264297266914805,0.14720055764188963,0.13368328027870716,0.14874606915983257,0.16668083063261316,0.16082850436922308,0.16338378854873267,0.17557330801643437,0.1702045255482017,0.16021401382607547,0.13605281199467378,0.15632631770800356,0.14421483741315513,0.17721947708685723,0.1732335596323032,0.17345851266243784,0.17210115289314454,0.17010060602536803,0.18117768524183375,0.13857119635779042,0.15030572282501392,0.1831859259186586,0.17418028473536065,0.18493306944052562,0.147674695331774,0.17854972854716075,0.16443744116674378,0.15355450042068142,0.15020640464768828,0.1499202437930434,0.16632714041120591,0.1852295141219323,0.18835352311048043,0.20291926126709953,0.16813587735069477,0.15006925203497487,0.17161666327808042,0.16477724689671852,0.1567715395924757,0.14145473713060727,0.16570240838727485,0.1709376847963342,0.1620383447192212,0.14966997957817815,0.18450435822163336,0.19947301407148574,0.16402238504748023,0.13956975548205244,0.1315166461866885,0.14419627172848343,0.13770575471979005,0.13131254456207037,0.13988714758575366,0.1923537307996118,0.17629963586615904,0.1727843408652505,0.16584011795881085,0.16320262535791777,0.19089072429682508,0.18173675753148286,0.16738750979889042,0.13518723010347614,0.14064292225771655,0.14750937712121176,0.1644274801696542,0.17586179537367266,0.1748056923408031,0.15811972023549412,0.13386925263921098,0.14861771452650982,0.16090702688392747,0.17742882906796031,0.16719406084477614,0.18002079775554822,0.15961607167081632,0.1593591994684636,0.15738300735342148,0.14470137796237575,0.14694672031785547,0.16020665509094167,0.1585382316211355,0.15488322064519358,0.15392379338940423,0.20431243722263784,0.15967460682778847,0.1608393030296572,0.1597560005511362,0.16394783346320885,0.16698105102591876,0.16583746683275227,0.17290919726872397,0.16152186915678818,0.19134263543601188,0.16404971412789357,0.1873799735940627,0.153621365459963,0.1648125694862864
76.0,2.1501498841950553,2.0321258492987133,1.7101307151868732,2.0676523445690127,2.068915244509853,1.7577523001320081,1.8618240223307498,1.9730754081309307,2.0911192089732653,2.299625831382275,2.37630108574377,2.518843871330994,2.0832427948142427,2.5335446605768963,2.241247982311627,2.061276871118836,2.27584263522188,1.9794437636874003,2.0302414453185014,2.3171331749816924,2.351100157586869,2.876687523944856,2.5302697353089374,2.143321778069893,2.5708183992826097,2.170052045011139,2.4741310324380676,2.515885509065892,2.999661129310892,2.6680631721196093,2.130490805505377,2.1528948405763404,2.355781497792444,2.2991204607690126,2.0676474778380967,2.167400537398775,2.4890637715386665,2.329260843222589,2.3751925597797894,2.480118922767581,2.700803868268234,2.4163286077956623,2.338323448771599,2.5243657878691548,2.3745819171294373,2.810147865052687,2.357720957910213,2.489095123411258,2.4582516811825257,2.4207082860566254,2.2457405029420445,1.968240304272674,2.1477162376907555,1.7147322194572332,1.9325945593279943,1.9216883624751222,2.0641726837633483,1.9268951993533936,1.861106908421557,2.0724131658457203,2.299636579848659,2.5410275247388405,2.5385457189333898,2.011966258205779,2.458713622340409,2.3019400183118606,2.0208413531736973,2.05355988791925,2.105413159539734,2.288835887493503,2.401048001159648,2.710320379446921,2.220247961666901,2.528597993944827,2.306298198926809,2.1600080961874593,2.5204442198028185,2.5300938093527536,3.0330025258121776,2.0690516506488508,2.099007687683698,2.32572601296984,2.7093211402812054,2.2224889118236755,2.2906020427029974,2.299814101080991,2.4251772549190203,2.1340189545271304,2.310720160405577,2.31526172082025,2.4435677766163537,2.48018374688835,2.5206309827477726,2.713439837289476,2.3919485352982175,2.5337872880307395,2.584406819683588,2.6051055256269002,2.491373110116855,2.3888920342475464,0.13649468455678623,0.1405199697265802,0.148888861490428,0.1430706614225314,0.14708144235985868,0.1336617925671373,0.14862773032646628,0.16799905276990656,0.1619898282669227,0.16452517515839404,0.17674030527297488,0.1713555943978896,0.1612197518624467,0.13665729775204635,0.15712375633819722,0.1453277276115028,0.17854906165340914,0.17456350674103793,0.1748206415409,0.17400462537070097,0.17160727623747088,0.18248905516304148,0.1397425231722467,0.15130081778730822,0.18441588103754541,0.17696863416815556,0.18634881468299117,0.14937841908668767,0.17961287163518455,0.1652427887139211,0.15479603661730545,0.15215434343329703,0.15117396644582773,0.1688321981185434,0.18589904640808833,0.1898807953510431,0.20508136424167142,0.16952733641594742,0.15154622767764386,0.1735689796128655,0.16593336065993614,0.15723496615542149,0.14264013748800863,0.1678285991376604,0.1719840689185069,0.16339110289667128,0.15168547864586993,0.18640009253926673,0.20032266478188962,0.16508777747385917,0.13929887334827662,0.13099040980901971,0.1444930709807447,0.13755037612471377,0.13022618043668985,0.13985580210581844,0.19329750911010382,0.17730365076914736,0.1735516254024943,0.16663146993467248,0.16384607037016313,0.19243640990509223,0.1825983838879797,0.1686998907252345,0.1354662725627825,0.14121017518030354,0.14797373756040447,0.16536413361492555,0.17702228706301962,0.17642420556910376,0.15864781311279968,0.13461642353450393,0.14995830283492373,0.16242422601245168,0.1783024426336053,0.16974593151982958,0.1815849208525759,0.16265174883077807,0.1608544131044701,0.1579197293971558,0.14649888127773428,0.14796560429590078,0.16051988049753504,0.15908341646105736,0.15572652101590656,0.1560348068806145,0.2065035672078233,0.160544784920216,0.1616749176718545,0.16162110835147683,0.16518089009353604,0.1688810133047945,0.16767287120390892,0.17471730770069216,0.16287698821524438,0.19186321780298932,0.16443345871840534,0.18841387454300743,0.15377797778521973,0.16549517690942922
77.0,2.1456044571671318,2.027475295481041,1.7081890601077703,2.061625701996176,2.0619605244936303,1.75373967854422,1.8578723284581216,1.9636823594851365,2.083773485729439,2.28995989818874,2.3659978069052183,2.51133968483167,2.0741092960514327,2.527406613712766,2.235360287877343,2.0538136759939696,2.267452689653832,1.9720860779637086,2.0228528447621037,2.306776896083861,2.342889280504233,2.8695314070098235,2.5249142383900676,2.1370230146764375,2.5604172512758296,2.1628526385924496,2.4689032983258836,2.51217617916216,2.9909882833514847,2.6648038288210256,2.123164958109928,2.1465061063263158,2.347201021368421,2.295622446240112,2.0598542481005313,2.159943695066941,2.4806519928093422,2.319764102601099,2.366871727452765,2.478198184266431,2.692585095485674,2.410146775861326,2.330771769625858,2.5154479340940243,2.365829588896917,2.8047372822369527,2.352201391827855,2.48051923047229,2.4492950031250618,2.413863899890925,2.2386267229963774,1.9656663494366189,2.141801276412165,1.714216973530875,1.9276405201302202,1.9171168297803156,2.052257137235127,1.9179397849252544,1.8548137892011363,2.0654020077962474,2.2885824592642368,2.5314369082950843,2.532353310005501,2.0037018096479566,2.452549469044544,2.2951872206136543,2.0129650228327227,2.0464907329394353,2.097665182322601,2.2790190667409798,2.3920686173920664,2.7041033328804054,2.2150164625906505,2.521062197080777,2.2973299474317583,2.154178400741987,2.5162873876627128,2.5300562641245588,3.024695280512924,2.0619663132002293,2.093770216652867,2.317547977998738,2.7034964589928214,2.213790290077263,2.282435190309101,2.2975554476789193,2.4138909209130754,2.1258024329081033,2.3023291016411873,2.3058784192472253,2.434719118537694,2.4797861238039456,2.511987534914547,2.7078616136043023,2.3860903202797763,2.525100666396091,2.57798983157665,2.595579350147619,2.4863341964259775,2.381430204230629,0.13584196829379688,0.1406008862581515,0.14854476326875415,0.14345901431573546,0.14689862107374155,0.1335575450033876,0.14841337172884436,0.16936048254468278,0.163161068363856,0.16570831417621693,0.17793704396708607,0.17252880830724013,0.16224672295897608,0.1372133617176666,0.1579097871212153,0.14645021376493622,0.17992746618077307,0.17595258418733267,0.17622276475421056,0.1759682247581084,0.1731782862158584,0.18383204183913937,0.14094887261004152,0.1522847666465009,0.18564511901516165,0.17990720271200933,0.1877735342111074,0.15116797434033888,0.1806441020423644,0.16603276389625532,0.15605373544572804,0.15419613136841828,0.15246116611627739,0.17145162627460733,0.18652543515631873,0.19145778079026948,0.20734074949858192,0.17091152476184224,0.15306623258373953,0.1755941109142718,0.16714502186977853,0.1576755979929792,0.14384954182330578,0.1700269940809313,0.17303982887740663,0.16478291607085108,0.15378380545421594,0.1883920911511341,0.20114655525179587,0.166181630394268,0.13894843328342554,0.13033010363717032,0.14475364715335776,0.1373497927270874,0.12895065505864847,0.13975389189829243,0.1942238869382792,0.17829435994248055,0.17430842464994661,0.16738649452276227,0.1644176486694029,0.19399905847580237,0.1834303392934338,0.17007379702331174,0.13568746994647204,0.1417787625787031,0.14836784808525208,0.16629362571032386,0.17817359829308063,0.17806477778641736,0.1591030797795026,0.13533685891241928,0.15134710879178173,0.16398134093468772,0.17914112620273648,0.17244243394406308,0.1831905754871011,0.16589214703930286,0.16238392511602742,0.15838499914526652,0.14837383334881027,0.14897414056824723,0.16076513188206373,0.15957927801458927,0.15653940961625537,0.15823905471667798,0.2087815471264936,0.16138871369218727,0.16252176930733028,0.16356015843663516,0.16639878557942728,0.17087059552056136,0.16957014596292372,0.17658878025348823,0.16426747112850792,0.192309042341728,0.16476094789300846,0.18945136621169018,0.1538709751547739,0.1661750460562053
78.0,2.141112773539285,2.022824895058629,1.7060552431168448,2.0556244157598726,2.0549167577781,1.749752665359252,1.8540361406182846,1.954210280826365,2.0767252570264043,2.279967662703384,2.355330505936285,2.5036403747983913,2.0645984362748178,2.5211942783276218,2.229548532786006,2.046430927851167,2.2591257604973354,1.9647549418323975,2.01560707799333,2.296149032403982,2.3348235265050823,2.8624683962892723,2.519486825810835,2.1308490159927276,2.5501755671640667,2.1558759982378635,2.4639138497320574,2.5084340578246542,2.9820857111699364,2.6616722284764482,2.1158174186609693,2.1402635715586995,2.338440761380158,2.2925013541502453,2.052172695592215,2.152710389840742,2.471948586085234,2.3101032805409534,2.358578657357875,2.476492396338028,2.6842781443903827,2.4039556111000704,2.3233978660426424,2.506746823444043,2.357150833469408,2.799292813176031,2.346903021367188,2.4717110625186485,2.4403102857325063,2.4070483496773423,2.2315048284731316,1.9630482264086264,2.1358740657371182,1.7134643119901027,1.9227350197759099,1.9125703818783695,2.0400010155800223,1.908991039325245,1.8488346077749203,2.05869570913508,2.2772668476415214,2.5215264487565308,2.526137878396006,1.9951660972329017,2.4463676222319295,2.2885635458649936,2.00517225253993,2.039502823325401,2.090170172632576,2.268986980863979,2.383090885231156,2.6977842694810463,2.2099659276253316,2.5136990873634004,2.2884231194763336,2.1486352737250356,2.5123606777151832,2.5302292365627164,3.016180806148146,2.054871217520103,2.088730226598072,2.30922202233463,2.6977026818425696,2.2051788483679196,2.2743043013938498,2.2956438293875747,2.4022503841753053,2.1177224249462436,2.294077769177929,2.296398180769804,2.425688697460617,2.479694834901168,2.503547136717439,2.7023467595786865,2.3804484081171036,2.516015958259347,2.5716363963379103,2.5860776026505676,2.481484415212882,2.3740513723121492,0.13505050505065372,0.14063723630407116,0.1481080732103577,0.14380618151118002,0.14665021485548646,0.13336572102845476,0.14809761805151062,0.17076496631033364,0.16434107277057425,0.16693464748719922,0.17916360147946658,0.1737234043685325,0.16329436812643555,0.13771622230751362,0.158682487556035,0.14758051626171603,0.18135581839051532,0.17740248121331964,0.177665344472304,0.17798975847391224,0.1748152182194636,0.18520701570042025,0.14218874701561812,0.1532546118059628,0.18686963802367443,0.18299621374796304,0.1892044333039362,0.15304510260591717,0.1816400799924243,0.166805173964908,0.15732522006863836,0.15633081292284928,0.153780399443043,0.17418404726864048,0.18710390362657237,0.19308481312848844,0.20969804725410765,0.17228255558092276,0.15462822326114756,0.17769055897026567,0.16841492586454365,0.15809140297227467,0.14508172502306418,0.17229528589658374,0.1741025482144845,0.1662107086440836,0.15596189540253658,0.19048329506529418,0.2019422333003424,0.16730437277072535,0.1385153750929832,0.1295297141124523,0.14497742390388146,0.13710356384968742,0.1274714697405158,0.13957804321316455,0.19512910024542454,0.17926881866435043,0.17505411911274868,0.16810094497995454,0.16491176270536118,0.19557587493282552,0.18422889912943186,0.17151202954605474,0.13584844847114083,0.14235183683301847,0.14868714387935256,0.16721411911595194,0.1793135418151959,0.17972398697271266,0.15947964206436432,0.13602713674548592,0.1527854354506793,0.16557699132232906,0.1799404000051843,0.17528477462906403,0.18483561648910188,0.16933794611744934,0.16394805807799198,0.15877217341073915,0.15032514440153408,0.1499680737990636,0.16093789486347562,0.16002194736032857,0.15731706395689424,0.16053527095184833,0.21114718362765447,0.16220241575444322,0.16338104695226358,0.16557212838794122,0.16759817893902493,0.1729498569682424,0.1715269254394879,0.17852216299573126,0.16569043577674433,0.19267358442750285,0.165030270181392,0.19049336376841783,0.15389786574385525,0.16685325200253875
79.0,2.1366901349471377,2.018187555394543,1.7037231853269779,2.0496655302914926,2.0477931941408416,1.7458011402302105,1.8503336488593687,1.9446716489072495,2.070005444139913,2.2696420603957446,2.3442920441144044,2.4957454400686743,2.0547005298972563,2.5149182362258653,2.2238306511756996,2.03915275334403,2.250881610099099,1.9574691094109011,2.008530069545206,2.2852441327048503,2.326928018243818,2.8555076731855777,2.5139887990820573,2.1248206507291787,2.5401163233968207,2.1491502271672807,2.4591818961956133,2.5046675406701295,2.9729531022049254,2.6586835715872583,2.1084635365919735,2.1341878642438146,2.32949855848626,2.2897943794510462,2.0446268155038085,2.145733805882209,2.4629509702094707,2.3002816112264592,2.350335674403029,2.475021431636625,2.675889519148986,2.3977647473019466,2.3162285727497673,2.49828861875632,2.3485604763659587,2.79381774478531,2.3418490155256864,2.4626719228449887,2.43131188345579,2.400275846740655,2.224389976333817,1.960391820958896,2.129948540586185,1.7124622390159017,1.9178922994246368,1.9080623498823595,2.0273999665649987,1.9000646487398392,1.8432037433784187,2.05232473051205,2.265687047399134,2.5112916720003993,2.519906464153745,1.9863551719395465,2.440180766930091,2.2820914488155415,1.9974867277746167,2.032615184492981,2.082962970109889,2.258736832635189,2.374130477412247,2.6913616834689527,2.205117767566484,2.5065271845493085,2.279597281081365,2.1434109474534364,2.508680947555359,2.5306303284701395,3.0074622716573094,2.04778198801276,2.0839110819056343,2.30074759402987,2.6919522956981914,2.1966779524331796,2.2662228383581877,2.2941122723856555,2.390255267743188,2.1098063371373366,2.2859905720034503,2.286829093619697,2.416485361101282,2.479934168249196,2.495335943657695,2.6969069644002843,2.3750434026380804,2.5065243858952404,2.5653630986932447,2.5766132637920975,2.4768430626842575,2.3667737272356466,0.13411275574401496,0.14063137394910832,0.14757629149280857,0.14411092104197984,0.14633540838144718,0.13308228350104903,0.14767569293278376,0.1722118748230892,0.1655283979142664,0.16820551525986868,0.1804199086524408,0.174938341716854,0.16436175390042831,0.1381612418331402,0.1594400947588891,0.1487167571354243,0.18283500729430752,0.17891464616354816,0.17914858119790322,0.18006620826904557,0.17651941752399705,0.18661420877052076,0.1434601567186669,0.15420731989021202,0.1880848991269572,0.1862347867253318,0.19063824756708198,0.15501114774420632,0.18259775711585358,0.1675579184007552,0.15860779646122883,0.15855648762603047,0.15512973754466297,0.17702700403903113,0.18762957155215024,0.19476201361764153,0.2121533016210429,0.17363379988062247,0.1562308763456388,0.17985607719057128,0.16974576753737072,0.15848036350016775,0.14633529083434946,0.17463032896984818,0.17516937480848774,0.16767065051139068,0.15821562462441643,0.192676662734347,0.2027076946275209,0.1684564154547382,0.13799749326849595,0.12858438569525565,0.14516468536499869,0.13681216521919717,0.12577373348617893,0.139325541252633,0.19600910683575207,0.18022393056341918,0.1757883156853195,0.1687703201836017,0.16532318480784283,0.19716386550973058,0.18499027533711268,0.17301740926238046,0.1359476931949725,0.14293376118482234,0.14892752419329283,0.16812382689390878,0.18043995871498958,0.18139782334654822,0.1597718089587035,0.1366837230462539,0.1542747808347351,0.16720947427005337,0.180695768977051,0.17827322977201351,0.186517298639991,0.17298811358052787,0.16554755664770726,0.1590746316537835,0.15235103606862366,0.15094280811503602,0.16103405940704454,0.1604079151205103,0.15805436131915085,0.16292124226546456,0.21360090110590804,0.16298197234618853,0.16425452435847876,0.1676553316397524,0.16877580737374465,0.17511793654770497,0.17354000553837906,0.18051510943992866,0.16714228970587,0.19295052140129276,0.16524047929606786,0.19154132687105463,0.15385694231396707,0.16753152759329584
80.0,2.132351843026273,2.0135761838518333,1.7011868078510626,2.04376609002247,2.0405990833594023,1.7418949828102193,1.8467830432295427,1.9350789404804258,2.0636449683456894,2.2589760267353225,2.3328752827169232,2.487654379479989,2.0444058913315697,2.5085890692119146,2.2182245771845643,2.032003279126151,2.242740000805776,1.9502473348166531,2.0016477439507327,2.2740567457492737,2.3192278783748965,2.8486584191011146,2.508421459714555,2.118958787596193,2.5302624964235725,2.1427034286006212,2.454726647255552,2.5008850233153836,2.9635901458951177,2.6558530586548486,2.1011186613364106,2.1282996123520013,2.320372253345332,2.287538717094157,2.0372406030259405,2.1390471273533707,2.45365656402514,2.2903023288419515,2.342165103496086,2.4738051628165083,2.6674257239281323,2.3915838182570415,2.3092907244749705,2.490099482867908,2.340073343105605,2.7883153639801903,2.337062543300809,2.453403114745952,2.4223141507458146,2.393560602405677,2.21729732353987,1.9577030188576143,2.1240386358799217,1.7111987587892852,1.9131266002359613,1.903606064905373,2.014449637957038,1.8911762993555192,1.8379555752471217,2.0463195325770145,2.2538403609556457,2.5007281039039375,2.5136661073274436,1.9772650847468192,2.434001588166545,2.275793384214983,1.9899321340160443,2.025846841857976,2.0760784143946784,2.24826582482729,2.365203066670642,2.6848340690642165,2.2004933932096202,2.4995650083951446,2.2708719982676646,2.1385376542439993,2.5052650547783477,2.531277141649803,2.9985428459798387,2.040714249082515,2.0793361469618334,2.2921241411368083,2.686257787427446,2.188310968010573,2.258204263603065,2.2929938028518353,2.37790519465415,2.1020815759771767,2.27809191910535,2.27717924602861,2.4071179571758687,2.480528411917268,2.4873801112365714,2.6915539172566767,2.3698959076705894,2.4966171715784666,2.5591865233685938,2.567199314228495,2.4724294350468363,2.3596154577447086,0.13302199865362616,0.14058728794530934,0.14694820939661776,0.14437273112679452,0.14595471164668,0.13270418768895573,0.14714360021012596,0.17370004068517875,0.16672126379558141,0.1695221219249276,0.18170571762727883,0.1761722637946547,0.1654475085818232,0.13854399376027537,0.160181037957933,0.14985696814223226,0.1843656343598038,0.18049023359131058,0.180672368385691,0.18219364399430743,0.17829195124006497,0.18805369773639988,0.14476055931756618,0.15513979185375118,0.18928577479694267,0.18962083791167544,0.19207120176259296,0.15706700212622965,0.18351445101365604,0.16828902257390874,0.15989843121042918,0.16087022909340526,0.15650671069317587,0.17997686643664548,0.18809748285129105,0.19648926234386171,0.2147059067372549,0.1749577964917939,0.15787257027398813,0.18208758564718916,0.17114022219398814,0.1588404955402443,0.14760864826746936,0.17702804593585303,0.17623696781142154,0.1691580997632137,0.16053974498502704,0.19497516905182613,0.20344149196750186,0.16963812974785158,0.13739365232996462,0.12749076541809387,0.1453167356663342,0.1364771869814678,0.12384220494629426,0.13899448778607243,0.1968595790987892,0.181156460730089,0.17651088930283315,0.16938985088497202,0.16564716698052875,0.1987598121377603,0.1857106208556648,0.1745927674051131,0.13598472953034596,0.14353024774239614,0.14908548101056335,0.16902104238131851,0.18155074589408227,0.1830816339630555,0.15997415538562385,0.1373029804380014,0.15581685161410636,0.16887672905666307,0.18140277580726916,0.1814070491550864,0.18823221031850804,0.17683978619386703,0.16718364365633837,0.1592858480924164,0.15444896413075082,0.15189338238319644,0.1610500451055334,0.16073413477812262,0.15874585767414334,0.16539369256012554,0.2161426776435589,0.16372357110488137,0.1651446348782974,0.1698073291771959,0.16992851361820868,0.17737293329259948,0.17560525126920729,0.1825642453129135,0.1686186497666745,0.1931338291766123,0.1653917832326587,0.1925973268789254,0.15374745251051947,0.16821235286097938
81.0,2.1281131994123097,2.0090036877935606,1.6984400318019592,2.0379431393842364,2.033343675211376,1.7380440727524096,1.8434025137769308,1.9254446322985235,2.0576747509194733,2.2479624971916725,2.3210730830212496,2.4793666918698745,2.0337048349905853,2.5022173590901478,2.212748244950708,2.025006631851125,2.234720694964101,1.9431083721671008,1.9949860257429224,2.262581420300035,2.31174822955275,2.8419298154382298,2.5027861092191914,2.1132842953041537,2.5206370626938104,2.136563705757775,2.4505673124508847,2.497094901377234,2.953996531679156,2.653195890180591,2.0937981423277634,2.1226194438535475,2.3110596866159714,2.2857715620312145,2.030038053349222,2.132683538416246,2.444062786375395,2.280168667571779,2.33408926954492,2.4728634625319406,2.658893262894462,2.3854224577554453,2.3026111559460523,2.482205578615895,2.3317042592073958,2.78278895767609,2.3325667736900377,2.4439059415161695,2.413331442053525,2.3869168279972097,2.210242027052781,1.9549877058749692,2.1181582865388844,1.709661875491248,1.9084521633694513,1.8992148580604835,2.00114567752308,1.8823416773587363,1.8331244826165365,2.040710575979802,2.2417240907297282,2.4898312703443914,2.5074238479659208,1.9678918866336323,2.4278427709688186,2.2696918068129937,1.9825321567435272,2.019216820836193,2.0695513451271625,2.237571160212999,2.3563243257416517,2.6781999204869464,2.1961142153502795,2.492831078657531,2.2622668370560555,2.1340476264135693,2.5021298569792942,2.532187277904595,2.9894256980551988,2.033683625133674,2.075028786152984,2.283351111707787,2.6806316438980846,2.1801012608376396,2.250262039529456,2.2923214469648525,2.3651997879456275,2.0945755479615538,2.2704062194712584,2.267456726228264,2.3975953334005498,2.4815018539745717,2.4797057949553456,2.686299307335546,2.3650265270425215,2.4862855375837527,2.553123255089828,2.5578487346161114,2.4682628285073376,2.352594752582867,0.13177260917231465,0.14051087611584062,0.14622422415734074,0.14459198425612121,0.14551024255579242,0.1322296090830653,0.1464983204172575,0.17522770018544898,0.16791751400769472,0.1708854925921532,0.1830205648301521,0.17742346166195028,0.1665497580864427,0.1388603346007519,0.160903966342866,0.1509991015336469,0.18594796345128622,0.1821300516464631,0.18223624593520227,0.1843671460198092,0.18013356424159943,0.1895253859575702,0.1460868090788528,0.15604888666321326,0.19046650656862674,0.1931510016503088,0.19349898082829886,0.15921307075624863,0.18438792052998756,0.1689966697661338,0.16119373401481188,0.1632680274225335,0.1579082607556571,0.18302876090625064,0.1885026404368732,0.19826617115980527,0.21735455002360257,0.17624617391213543,0.1595513745290219,0.18438110090337087,0.17260091821698129,0.15916986789570076,0.14889998408963775,0.1794833485447897,0.1773014527201348,0.17066757101315858,0.16292784844420766,0.19738179755421523,0.20414284863047427,0.1708498182989552,0.13670400573234928,0.1262473832924972,0.14543605317885255,0.13610152886119234,0.12166131309605369,0.13858395498050632,0.19767590369066096,0.18206305557625999,0.17722202577778265,0.16995449008607014,0.16587955432838195,0.20036024249154272,0.18638603181938299,0.17624093330156995,0.1359603038873731,0.1441484683331846,0.14915823264413144,0.16990417206918615,0.18264388891619085,0.18477007141825386,0.16008160613479838,0.13788118624886866,0.15741357541771778,0.17057630735927135,0.18205706200235094,0.18468437063185117,0.18997621649574456,0.18088817558733059,0.16885806150062427,0.15939947500489657,0.1566155559917919,0.15281445330166554,0.160982926624302,0.16099812879693048,0.1593857737329375,0.16794818141742462,0.21877197807332985,0.16442355821621255,0.16605453555684282,0.17202484678941685,0.17105327458833777,0.17971179909769924,0.17771751890676563,0.18466504269272183,0.17011427051890637,0.19321788342414453,0.1654857302895111,0.1936641004314106,0.15356977284069867,0.16889903494361166
82.0,2.1239895057408296,2.0044829745827717,1.6954767782925584,2.0322137228081663,2.0260362194743173,1.7342582897098764,1.8402102505496905,1.915781201114175,2.052125713137013,2.2365944072342914,2.308878306304743,2.4708818760758127,2.0225876752871277,2.4958136876650068,2.207419588612252,2.018186938172547,2.226843454920745,1.9360709755796734,1.9885708394547883,2.2508127051199316,2.3045141944318033,2.8353310435993,2.497084049106751,2.1078180425634714,2.5112629986570183,2.130759161858659,2.446723101320613,2.4933055704724545,2.9441719489957046,2.6507272666658643,2.0865173289995,2.1171679867187887,2.301558698956804,2.284530109213877,2.0230431616643165,2.1266762232328538,2.434167056103296,2.2698838616002806,2.3261304974574237,2.4722162034372124,2.650298640214623,2.3792902995872227,2.296216701890771,2.474633068837335,2.3234680501903573,2.777241812788388,2.328384875690824,2.434181706450295,2.4043781118298275,2.380358734840073,2.203239243834035,1.9522517677811484,2.1123214274836317,1.7078395933027948,1.9038832299846735,1.8949020604607738,1.9874837330300879,1.8735764689359675,1.8287448447221653,2.0355283213702706,2.229335539139942,2.4785966971989875,2.501186726117963,1.9582316285789234,2.421717000364413,2.2638091713592527,1.9753104814363325,2.012744146843458,2.0634166019474875,2.226650041564998,2.3475099273605986,2.6714577319572204,2.1920016447839745,2.4863439150930993,2.2538013634673892,2.129973096278929,2.499292211753306,2.533378339037488,2.9801139968228294,2.026705740570518,2.0710123638653575,2.274427953795195,2.675086351977858,2.1720721966518988,2.2424096285383084,2.2921282309033915,2.3521386706550933,2.0873156595862388,2.2629578820888074,2.257669622450362,2.3879263374914865,2.48287878249031,2.4723391503152614,2.681154823824474,2.3604558645817586,2.4755207061858524,2.5471898785828913,2.548574505611221,2.464362539272475,2.3457298004937077,0.13036037828119362,0.14041022071727016,0.14540668210111904,0.14477005628588488,0.1450060226476464,0.13165817833883045,0.14573801706746795,0.17679244392760765,0.16911458453387115,0.17229641768351747,0.1843637287090663,0.17868984006313435,0.16766606453843008,0.1391064778655248,0.161607769024364,0.15214104340881474,0.1875818713081203,0.18383451254291042,0.18383935414336225,0.18658074204356487,0.18204463224489884,0.19102898429890885,0.14743512271751677,0.15693146303227123,0.19162067708456507,0.19682058104003494,0.1949167192106793,0.1614492618665249,0.18521643731909765,0.16967922874871125,0.16248994688864057,0.16574476440707858,0.15933070639768923,0.1861765335863739,0.18884004865338358,0.2000920599200871,0.22009716730756348,0.17748959280220092,0.16126504931393462,0.18673168900269072,0.1741303990412115,0.15946662004888934,0.15020723111738687,0.1819900814621309,0.1783583902925296,0.17219274038966462,0.16537237124730536,0.19989952333389072,0.2048117719077579,0.17209167717267596,0.1359302041721797,0.12485505733418274,0.14552642698202503,0.13568957761238332,0.11921513499310843,0.13809412249246497,0.1984531910026844,0.18294027107297597,0.17792226448905202,0.17045890986576423,0.1660168966100111,0.2019613968514877,0.18701254778998364,0.17796472016731443,0.13587655095863058,0.144797120937518,0.14914385526449658,0.1707717709792935,0.18371750067538967,0.1864570497962201,0.1600895220334918,0.13841456320655973,0.1590671112540097,0.17230535244419717,0.1826544366736389,0.1881021504045287,0.19174441706031742,0.18512650460583496,0.17057309070758703,0.15940943646387332,0.15884657095210664,0.1537002906958121,0.160830550688522,0.16119809152630699,0.1599679918190697,0.17057902486382615,0.22148768674495087,0.16507849385499193,0.16698815287023636,0.17430370317351826,0.17214723040050206,0.1821302511623754,0.17987060128365587,0.1868117100578696,0.17162298761257422,0.19319756098715157,0.16552537852905566,0.1947450811546173,0.15332557731715846,0.16959577069826975
83.0,2.1199960636474366,2.0000269515825417,1.6922909684357346,2.026594884725712,2.0186859659258016,1.7305475133357593,1.8372244435959615,1.9061011236800163,2.047028776274052,2.2248646923327193,2.296283813844813,2.4621994309353203,2.01104472663405,2.4893886367408924,2.2022565423072953,2.0115683247439904,2.219128043022409,1.9291538991718078,1.9824281096193412,2.2387451489717756,2.297550895666501,2.8288712849866937,2.491316580888085,2.102580898084541,2.502163280762689,2.125317900123166,2.4432132234037436,2.489525426217873,2.9341160872834093,2.648462388612076,2.0792915707851036,2.11196586891804,2.2918671310264127,2.2838515535937542,2.0162799231618225,2.121058365965207,2.423966792051975,2.259451145111793,2.3183111121414712,2.4718832581865855,2.6416483600552296,2.3731969775424515,2.290134197036893,2.4674081163693002,2.3153795415735443,2.7716772162325043,2.3245400183006444,2.4242317128429907,2.395468514525641,2.373900534259083,2.196304130845118,1.9495010903463366,2.106541993634729,1.705719916404915,1.8994340412411868,1.890681003219312,1.9734594522450213,1.8648963602736803,1.8248510407994878,2.0308032293982463,2.2166720086049057,2.4670199103449795,2.494961781832342,1.9482803615616067,2.415636961380863,2.2581679326034547,1.9682907935737564,2.0064478452955927,2.057709024495846,2.2154996716559787,2.3387755442627727,2.6646059976951624,2.1881770923062396,2.4801220374584645,2.2454951435224633,2.126346296156929,2.496768976695526,2.534867926851398,2.970610911222168,2.019796219797396,2.0673102444852693,2.265354115451333,2.669634398534517,2.164247141190912,2.234660493030575,2.292447180846159,2.3387214658199675,2.0803293173470223,2.2557713159456103,2.247826022926611,2.3781198171648463,2.4846834855337234,2.4653063328175855,2.6761321559111115,2.356204524116175,2.4643138996594502,2.5414029785736694,2.5393896078701634,2.4607478635489537,2.3390387902207563,0.12878286806071415,0.14029584992032904,0.14450024277737206,0.1449094420520404,0.14444827472211583,0.1309912127040087,0.14486224504211315,0.17839118134567128,0.17030948577509136,0.17375538355331926,0.18573418188542687,0.17996888801826735,0.1687933713712662,0.13927906675581941,0.16229158347215095,0.15328062933778566,0.18926680069395962,0.1856035893841659,0.1854803900832259,0.1888273646463508,0.18402511213286893,0.19256399069223043,0.14880106842994573,0.15778444396252161,0.1927412024533586,0.2006235371889702,0.1963190152788779,0.1637750125204718,0.18599884831104518,0.17033527365967652,0.16378294230567242,0.1682942313007272,0.16076972652986285,0.18941275727579104,0.18910476378654134,0.20196593786601133,0.22293091493171213,0.1786777192648731,0.16301105858729736,0.18913345058484854,0.1757310718235918,0.1597289763782543,0.1515280322155199,0.18454099838863997,0.17940276570685956,0.17372649897133594,0.16786464857739544,0.20253128397061224,0.20544916049679668,0.17336374818421782,0.1350755750474032,0.12331730564689317,0.14559305999944694,0.1352473483002446,0.11648729934034703,0.13752638175700024,0.199186297724676,0.18378461111086603,0.17861253907977281,0.17089750735705592,0.16605655084099524,0.203559193940427,0.18758615102120532,0.17976690918101718,0.1357371319655071,0.14548643184817628,0.1490414033365284,0.17162257974558173,0.18476986628404207,0.1881357113651759,0.15999378458147184,0.13889932572534086,0.16077985732582692,0.17406059118123474,0.18319095261315826,0.19165611443802585,0.1935311271764712,0.18954598107523427,0.1723315368828466,0.15931003112840983,0.16113689192501887,0.15454479003940616,0.16059163467905269,0.16133298113837086,0.160486067836078,0.1732792474270184,0.22428804310079095,0.16568520967230208,0.1679502012782436,0.1766387547530624,0.17320771269933644,0.18462271206599923,0.18205720555898441,0.18899710808884787,0.17313768343339225,0.1930683361656444,0.16551543194191695,0.19584440036137046,0.15301798918568466,0.17030768284107875
84.0,2.116148174767742,1.9956485261559143,1.6888765233443748,2.021103669568275,2.0113021643434044,1.7269216232831701,1.8344632829638803,1.8964168767486729,2.042414861606287,2.2127662879564656,2.2832824669188403,2.4533188552858824,1.9990663034441667,2.4829527881221987,2.1972770401739705,2.0051749182190735,2.211594221615779,1.92237589706094,1.9765837607695917,2.2263733006183264,2.290883455911253,2.8225597210027717,2.4854850060740064,2.0975937305777643,2.493360885460289,2.1202680237712173,2.4400568882392735,2.4857628642302534,2.923828635980962,2.646416456520581,2.072136217118031,2.1070337184216106,2.28198282348342,2.2837730901225215,2.009772333032403,2.11586315077535,2.4134594130645497,2.2488737522906517,2.3106534385049495,2.471884499434332,2.6329489265829396,2.367152125411221,2.284390476112227,2.4605568840488847,2.3074535588759812,2.766098454923817,2.3210553705169805,2.414057263988869,2.386617004591894,2.367556437579036,2.189451845047494,1.9467415593407342,2.1008339199127053,1.7032908489786325,1.8951188382985646,1.8865650174491915,1.959068482934859,1.856317037558352,1.8214774500840172,2.0265657607135767,2.2037308015432404,2.4550964356595966,2.4887560551578427,1.9380341365606213,2.409615339045671,2.2527905452952615,1.9614967786350814,2.0003469416083988,2.052463452412421,2.204117253258631,2.330136849183477,2.6576432119208686,2.1846619687126023,2.474183965510276,2.2373677432421246,2.1231994583643647,2.4945770094010755,2.5366736431492742,2.9609196101926956,2.0129706872185698,2.0639457923990117,2.256129044728583,2.6642882704358,2.1566494601921877,2.2270280954072494,2.2933113229718662,2.324947796477711,2.0736439277397016,2.248870930029287,2.2379340158887238,2.3681846201367995,2.4869402511740057,2.4586334979635813,2.6712429927830703,2.3522931094736768,2.452656340279285,2.5357791397880773,2.53030702204925,2.4574380975435246,2.332539910507606,0.12703980051478814,0.1401809663566595,0.1435122533479662,0.1450138475737495,0.14384570735684862,0.13023193034660321,0.14387215120518873,0.18002012467681675,0.1714988023109187,0.17526248710189346,0.18713053749239814,0.1812576555378525,0.16992795913618794,0.1393752416502083,0.1629547886922687,0.15441566173537044,0.1910017186335326,0.18743678290501856,0.18715756871028852,0.19109883617221696,0.18607448971262688,0.19412966840941948,0.15017958511829516,0.15860490869581934,0.1938203511702697,0.20455252554786232,0.1976999777382909,0.16618935665228696,0.18673462297849716,0.17096359272547731,0.1650682326475885,0.17090919821444678,0.16222036753692973,0.1927287920698409,0.18929195302539842,0.2038864920708627,0.22585216390297677,0.17979923978046075,0.16478659915484936,0.19157954688437492,0.17740514034420113,0.159955254163652,0.1528597002158054,0.18712777992897783,0.18042900457086175,0.17526106615497516,0.17039502938895945,0.20527993579624162,0.2060568989013662,0.17466586106844134,0.13414525130703325,0.12164074073092213,0.14564262073887882,0.1347825682620486,0.11346077149916185,0.1368833890388131,0.199869866156872,0.18459257772534862,0.17929421370072268,0.17126442280743995,0.16599676650485726,0.20514919904423098,0.18810276670424556,0.18165023206920372,0.1355473256269601,0.1462280724411476,0.14885100823085004,0.17245556226146438,0.1857994944828566,0.18979840767800335,0.1597908745812764,0.13933174418387892,0.16255445523859993,0.1758383427172969,0.18366298924040134,0.19534073604136715,0.19532988666841694,0.19413581510088673,0.17413667742936173,0.15909604213141748,0.1634805570977399,0.15534150753356926,0.16026583668822933,0.16140259131253779,0.16093326298142216,0.1760405742609221,0.22717058345806776,0.16624086715059197,0.16894616497771925,0.179023863234694,0.17423227122437265,0.1871822851318479,0.18426897299205414,0.19121270183979366,0.1746502831753758,0.19282636584138987,0.16546232400551078,0.19696684745224433,0.15265170185767704,0.17104081952353573
85.0,2.112461140737342,1.991360605665952,1.6852273641313469,2.0157571217672827,2.0038940645046774,1.7233904992052287,1.8319449587016063,1.8867409370727863,2.0383148904095028,2.200292129575057,2.2698671268041997,2.4442396479650252,1.9866427201303165,2.4765167236133405,2.1924990163503915,1.999030845251389,2.204261753047555,1.915755723364522,1.9710637174385461,2.2136917088224046,2.284536997820503,2.8164055330499047,2.4795906261753604,2.0928774087535404,2.4848787891993243,2.1156376360227043,2.4372733053662228,2.4820262801264215,2.9133092845269877,2.6446046708927855,2.0650666174317704,2.1023921631998403,2.271903616986412,2.2843319137518003,2.0035443864666846,2.111123761825295,2.4026423379841195,2.2381549173212036,2.3031798014557174,2.4722397998347296,2.6242068439643926,2.361165376983607,2.2790123738445147,2.454105534713139,2.299704927616712,2.760508815777756,2.317954101337291,2.403659663182611,2.3778379364795015,2.361340656124754,2.1826975434026505,1.9439790605345175,2.095211141238159,1.700540395204927,1.8909518623163704,1.882567434263486,1.944306472866542,1.8478541869764429,1.8186584518112503,2.022846375966107,2.190509220373584,2.4428217990201024,2.4825765861432756,1.9274890045548818,2.403664818386358,2.2476994641843695,1.9549521220996082,1.994460461197703,2.0477147253373977,2.192499989145639,2.3216095148580522,2.6505678688544236,2.1814776847985926,2.4685482190051538,2.229438728647179,2.120564815218086,2.492733167465082,2.5388130897340453,2.9510432626738305,2.0062447672383636,2.0609423719928657,2.246752189679295,2.6590604545494902,2.149302519393286,2.2195258980692527,2.2947536834592026,2.3108172856657756,2.0672868972600544,2.2422811333274613,2.2280016895684285,2.3581295941235294,2.4896733674803437,2.452346801254488,2.666499023627973,2.348742224482142,2.4405392503200773,2.530334946952003,2.5213397288047865,2.454452537462864,2.3262513500977917,0.1251334737400125,0.14008161974977312,0.1424531186881681,0.1450882480475317,0.14320976752461093,0.12938563141531778,0.14277065545889145,0.18167479805937348,0.17267871440908716,0.1768173329501048,0.18855098965811115,0.18255273762232233,0.1710654163391563,0.13939269808944815,0.16359697971369108,0.1555439282550194,0.19278508230172153,0.18933310166581901,0.1888685912382121,0.1933858871815591,0.188191725253656,0.1957250231923107,0.1515650380590402,0.1593902159394327,0.1948497956530102,0.20859898607157776,0.1990533104053271,0.1686910404332035,0.18742387908513503,0.1715631825602388,0.16634099329642849,0.17358154238510243,0.16367707929792996,0.19611490755432542,0.18939696223393995,0.20585208474073075,0.22885652047351995,0.18084192854211692,0.16658864786139982,0.19406227407256818,0.17915452021469697,0.160143862518449,0.15419917439610234,0.18974110169262842,0.18143102190415134,0.1767881727361944,0.17295305884208703,0.20814819311041363,0.2066379308564177,0.17599756577446501,0.1331462257817934,0.1198354134077809,0.1456832242391613,0.13430468169077944,0.11011745734154894,0.13616904789460874,0.20049838406991805,0.18536073474705975,0.1799691116266192,0.17155357264556578,0.16583674401697068,0.20672659891754178,0.18855826726813504,0.18361735217491737,0.13531405237256397,0.14703497035220395,0.14857394323092737,0.17326994235407073,0.186805175726723,0.1914366985674269,0.1594779398846743,0.13970822835775132,0.16439378919854747,0.17763454718010196,0.18406734222705437,0.1991492437646564,0.197133505090394,0.19888328476397693,0.17599216077066276,0.1587628516131666,0.16587083893404117,0.15608372290790942,0.15985378828685332,0.16140759234097152,0.16130259989616288,0.17885347098688892,0.23013209235182283,0.16674301603483818,0.1699822332568754,0.18145189152263458,0.17521869771674722,0.18980077163517659,0.18649654952276248,0.1934485599167743,0.17615178999078782,0.1924685573505747,0.16537422810993013,0.19811778163832225,0.15223305357387604,0.17180210711732422
86.0,2.108950263191836,1.987176097475712,1.681337411909539,2.010572285754151,1.9964709161872078,1.719964020755048,1.829687660857284,1.877085781404988,2.034759783959429,2.1874351526580313,2.256030654778272,2.434961307810229,1.9737642911053257,2.4700910250187222,2.1879404049746696,1.99316023249452,2.1971503996644417,1.9093121321999642,1.9658939041592225,2.200694922346813,2.278536644048687,2.8104179025304616,2.4736347427029743,2.088452801322272,2.476739968429272,2.111454840097551,2.4348816843235896,2.478324069523144,2.902557722360172,2.6430422322300613,2.058098121159795,2.098061831223035,2.2616273521940093,2.285565219433244,1.9976200786553053,2.1068733832770588,2.391512985653806,2.2272978743877623,2.295912525901673,2.472969032042053,2.6154286163662146,2.355246366049687,2.2740267249615553,2.4480802311991336,2.2921484733147857,2.7549115857097037,2.3152593797590333,2.393040213718827,2.3691456646393783,2.355267401221037,2.176056382872073,1.9412194796978741,2.089687592531605,1.697456559264803,1.88694735445418,1.8787015847752742,1.9291690698070425,1.8395234947144332,1.8164284252166834,2.0196755358056797,2.1770045675145053,2.430191526303717,2.4764304148373935,1.9166410165233188,2.3977980844304665,2.242917144020455,1.9486805094466038,1.9888074294793139,2.0434976829109237,2.180645082089716,2.3132092140217835,2.643378462715933,2.1786456513597257,2.46323331769973,2.221727665758474,2.118474599034888,2.4912543084826573,2.5413038684086566,2.9409850376050284,1.9996340842610858,2.058323347653143,2.2372229983558163,2.6539634377433,2.1422296845317224,2.2121673634175534,2.2968072884868795,2.296329556421591,2.061285632403868,2.2360263348277534,2.2180371321974044,2.347963586841185,2.4929071225219843,2.4464723981915926,2.6619119376334566,2.345572472969442,2.427953852056535,2.525086984791393,2.5125007087930995,2.451810479513727,2.3201912977348775,0.12306919710712812,0.14001679763751665,0.14133664865226964,0.14513890088554904,0.14255483914982442,0.12845982789303004,0.1415625991687633,0.18335007701962355,0.17384504415321633,0.17841891269737886,0.1899932483980659,0.18385026600417273,0.17220062932374897,0.1393297310036653,0.16421792081304207,0.15666322028946314,0.1946148151036848,0.1912910588327395,0.19061062341977236,0.19567821370961955,0.19037519741154849,0.19734877965879347,0.15295131565667547,0.16013816072807155,0.19582070158249915,0.21275329096296006,0.2003724402553673,0.17127868572965158,0.18806738104801476,0.1721332254747627,0.16759610147823428,0.17630243933778594,0.16513378376296944,0.19956047108107722,0.18941539293032367,0.20786076082505064,0.23193887616714648,0.18179277667226984,0.1684140277672258,0.19657319081280455,0.18098073549084678,0.16029328933821044,0.15554297471664688,0.19237075897564243,0.1824023088703007,0.17829932003136692,0.17552773186922935,0.2111385486487087,0.20719630340969294,0.17735805617090358,0.13208730725845164,0.11791506623144345,0.14572432340862518,0.13382475462557705,0.10643753658880113,0.13538840302618316,0.2010662687566108,0.1860857860143145,0.1806395323271919,0.17175870013525257,0.16557665692546403,0.20828618903822557,0.18894848498162772,0.1856708435525246,0.13504581318689995,0.14792099877424664,0.148212643149511,0.17406523750542544,0.18778604686745862,0.19304137196578516,0.15905284739041542,0.14002542924237074,0.1663009782742198,0.17944481677630741,0.18440132005029444,0.20307366225084092,0.19893414801639125,0.20377385309644797,0.17790185359041602,0.1583065571384763,0.168300375687829,0.15676453430296347,0.15935708464135764,0.16134953110552433,0.16158694748714864,0.18170723672684,0.23316856634289984,0.16718965282982684,0.17106518100801665,0.18391473252216395,0.17616504664549212,0.19246873435197698,0.18872971411239742,0.19569341035243923,0.17763236772003313,0.1919926137936543,0.16526097515111177,0.19930298887105408,0.15177003994323435,0.1725992469962419
87.0,2.1056308437668254,1.9831079089482402,1.6772005877918352,2.005566205960277,1.9890419691685581,1.716652067585756,1.8277095794790437,1.8674638864979083,2.031780463531777,2.174188292674886,2.2417659121184617,2.425483333659011,1.9604213307820373,2.4636862741427534,2.1836191401849034,1.987587206602062,2.1902799238131285,1.9030638776847268,1.9611002454646305,2.187377489954332,2.2729075172502458,2.804606010846796,2.4676186571676757,2.0843407769943436,2.4689673995996304,2.1077477392156463,2.432901234650376,2.474664628037232,2.89157363891917,2.6417443410338044,2.0512460777355828,2.094063350461504,2.251151869764815,2.28751020211848,1.9920234047888727,2.1031451992926686,2.38006877491671,2.2163058576746977,2.2888739367506843,2.4740920687105556,2.6066207479550543,2.3494047263995386,2.269460364191108,2.4425071363439543,2.2847990214892273,2.749310051635068,2.3129943747796977,2.3822002188921862,2.3605545435224604,2.3493508841926896,2.169543520417213,1.9384687026009986,2.0842772087136443,1.6940273453392685,1.8831195558715466,1.8749808000976411,1.913651921523322,1.8313406469587754,1.8148217495358072,2.017083700882123,2.163214145384632,2.417201143387686,2.4703245812890025,1.905486223444853,2.392027822205482,2.2384660395532006,1.942705626155365,1.9834068718690505,2.0398471647732177,2.1685497348635487,2.304951619409989,2.636073487725503,2.176187279191524,2.458257781350644,2.214254120596815,2.116961042131591,2.490157290048948,2.544163580976032,2.9307481039257453,1.9931542626910381,2.0561120837661457,2.227540918810499,2.6490097068850087,2.135454321345038,2.204965953853111,2.2995051642335955,2.2814842317826205,2.0556675396669366,2.2301309435177976,2.2080484320073652,2.337695446005952,2.4966658043681025,2.441036444276133,2.657493423987144,2.3428044587634838,2.414891367763394,2.520051838032105,2.503802942670507,2.4495312199027905,2.3143779421624275,0.12085573469726868,0.14000840688354843,0.14018035992387526,0.14517330432586617,0.1418983629668889,0.12746430382165103,0.14025484755531228,0.18504026260638765,0.1749933272139364,0.1800654671763837,0.19145446966157062,0.18514590819382765,0.17332779441441531,0.13918526147876775,0.16481747640397676,0.15777135053687544,0.19648829527250186,0.19330868785781202,0.1923802862689272,0.19796457680697527,0.1926226465356487,0.1989993578087694,0.15433196930568885,0.16084716493709741,0.19672385861418362,0.21700494955972324,0.20165069120849533,0.17395099678600243,0.18866650630818915,0.17267304851167,0.16882819248135456,0.1790626163668881,0.16658397785919196,0.2030542018360713,0.189343188983671,0.2099102668067613,0.23509348815656012,0.18263819022393804,0.17025949248813996,0.19910329995160103,0.18288479734485447,0.16040207361652772,0.1568871556846934,0.1950058509715844,0.18333605974472367,0.17978611600567873,0.17810781592145825,0.21425317472795224,0.20773717354222,0.17874608769583666,0.13097895799292872,0.1158972500854486,0.14577649517111155,0.13335526555427432,0.1023983944913589,0.13454743180033382,0.20156797836067633,0.1867646685624379,0.18130825239557838,0.1718734454445926,0.165217629197509,0.20982237949781254,0.18926923811933283,0.1878131670576338,0.1347525281842629,0.14890053516553836,0.14777066810965817,0.17484128719052155,0.18874166199685846,0.19460248647997197,0.15851421498075555,0.14028035596539318,0.16827935917461803,0.18126451008338462,0.18466284832202196,0.20710488657415133,0.20072346806705935,0.20879133658281615,0.17986963589664998,0.157724087140947,0.17076135720996433,0.15737698804539288,0.15877823203712788,0.16123078029153695,0.16177913757832127,0.18459015262083214,0.23627519233587288,0.16757928054555615,0.17220218855944167,0.1864033735409287,0.1770696528043716,0.19517560893315433,0.1909575687234448,0.19793476083815573,0.1790814786381582,0.19139705328477888,0.1651338620639902,0.20052848162437686,0.1512722498437321,0.17344054961205288
88.0,2.102518184097911,1.9791689474466085,1.6728108128910975,2.000755926817099,1.9816164732263017,1.7134645193504663,1.826028904615044,1.8578877291041795,2.029407850402304,2.1605444850951665,2.2270657601021444,2.415805224348875,1.9466041535732663,2.457313052789837,2.179553156119251,1.98233589422762,2.1836700878403015,1.8970297139362358,1.9567086658877793,2.173733960407761,2.2676747400795985,2.79897903940129,2.4615436710802747,2.080562204480173,2.4615840591598652,2.104544436596885,2.431351165885591,2.471056351285492,2.8803567236426186,2.6407261978053786,2.044525836592589,2.0904173488855844,2.2404750103574194,2.2902040567591513,1.9867783600580555,2.0999723940341433,2.3683071246159386,2.205182101366318,2.2820863589106337,2.475628782494523,2.597789742897523,2.343650091823248,2.2653401262609467,2.437412412984669,2.277671397659084,2.743707500469252,2.3111822553967345,2.371140981997329,2.3520789275796536,2.343605316364541,2.163174112999577,1.9357326150140788,2.0789939247048057,1.6902407576093126,1.8794827077280365,1.8714184113436554,1.8977506757823377,1.823321329895955,1.81387280400414,2.0151013318452953,2.149135256402572,2.403846176149263,2.464266125546885,1.8940206762984175,2.386366716738923,2.234368605532283,1.937051157705179,1.9782778137827217,2.036798010564449,2.156211150239808,2.2968524037579776,2.6286514381032333,2.174123979089524,2.4536401297144996,2.2070376591830385,2.1160563768250302,2.4894589697590654,2.5474098292391263,2.920335630575395,1.9868209269325179,2.054331944718138,2.2177053990956836,2.6442117488423573,2.128999795570774,2.1979351317768963,2.302880336878039,2.2662809347863044,2.0504600255450405,2.2246193683852042,2.198043677230059,2.327334019333978,2.5009737010879443,2.43606509500939,2.6532551718766544,2.340458785692129,2.40134301971536,2.5152460914000825,2.4952594110933033,2.447634054836819,2.3088294721239957,0.11850574372046246,0.14008111991654063,0.1390057059778134,0.14520009484411103,0.14126085200111746,0.12641108871684933,0.1388563335482762,0.1867391927843082,0.17611890882860595,0.18175433443253805,0.1929311819889267,0.18643487245117257,0.17444045422436671,0.13895884347270582,0.1653955206665308,0.15886616854082267,0.1984023589355915,0.19538357817085505,0.19417366143538178,0.20023294537974937,0.1949311189186012,0.20067485098495896,0.15570039482628198,0.16151649826152906,0.1975498536416975,0.22134286479263643,0.20288150269929306,0.1767069985241649,0.1892231772004948,0.17318206477894338,0.17003173410785014,0.1818526619963388,0.16802086983855533,0.2065844843916172,0.18917673369889493,0.2119980807332195,0.23831408816741947,0.183364259961094,0.17212182566963455,0.2016432801192084,0.1848670675342978,0.1604687611166867,0.15822726247884902,0.19763502290740828,0.18422533843912986,0.18124068217262784,0.18068223410744763,0.21749380606464222,0.2082667702577771,0.18015989292689066,0.12983299976844292,0.11380325428397606,0.14585111225755723,0.1329097762749197,0.09797295038782018,0.13365272741091305,0.20199815252074768,0.18739466015164516,0.1819785052806995,0.171891435755366,0.16476166102386666,0.21132922597215686,0.1895163765482382,0.19004664178368577,0.13444526707316126,0.14998789206990046,0.1472526039053305,0.17559827299635794,0.18967206848174342,0.1961094372297976,0.15786142023325492,0.1404705016015311,0.1703324563467151,0.1830888282910729,0.184850583323839,0.21123278804032494,0.2024927812977888,0.21391812238591162,0.1818991493505214,0.15701331265606583,0.17324576243134965,0.15791424382212046,0.15812055985290116,0.16105442949942864,0.16187211475285848,0.18748968414269576,0.23944634127437275,0.1679109723826639,0.1734005991991854,0.1889079965059343,0.17793114652066513,0.19790986080301382,0.1931687895632949,0.200159087881176,0.1804880813977947,0.190681201528653,0.16500534152375065,0.20180024434172666,0.15075071364798376,0.1743347033686319
89.0,2.099627585820705,1.9753721203338697,1.6681620083202224,1.9961584927560267,1.9742036781380063,1.7104112557022995,1.8246638263134236,1.848369785976433,2.0276728658467413,2.1464966653883946,2.2119230600066806,2.4059264787173142,1.9323030738918658,2.450981942764384,2.1757603869157864,1.9774304220247776,2.1773406540926405,1.8912283950719355,1.9527450899616838,2.1597588824698915,2.26286343519118,2.793546169596291,2.4554110859516247,2.0771379524901596,2.454612923559481,2.101873035461208,2.43025068756825,2.467507634884714,2.868906665969206,2.6400030030461825,2.037952747164307,2.087144454465589,2.2295946146304524,2.293683978306911,1.9819089396534617,2.0973881516635053,2.356225453594616,2.193929839646987,2.2755721172893963,2.4775990460482453,2.588942105360311,2.3379920961108893,2.2616928458988523,2.432822223958345,2.2707804273433965,2.738107219127654,2.3098461906076344,2.359863806328903,2.3437331712618854,2.3380449090613915,2.1569633175806344,1.9330171027073049,2.0738516754256495,1.6860848002559443,1.8760510511832262,1.8680277496264064,1.881460980351051,1.815481229712435,1.8136159678571566,2.0137588893450404,2.1347652029869453,2.3901221504656767,2.4582620876598273,1.882240426062924,2.3808274530583313,2.2306472967073794,1.9317407895753342,1.973439280636144,2.0343850599247726,2.143626530991215,2.288927239801056,2.6211108080692105,2.1724771618492404,2.449398882547931,2.2000978475379718,2.1157928354320243,2.4891762052081408,2.5510602150008546,2.9097507864934693,1.9806497013898383,2.0530062948954573,2.2077158872637477,2.6395820504831025,2.1228894729464676,2.191088359589854,2.3069658325989524,2.25071928847008,2.0456904965339744,2.2195160184175995,2.1880309560971614,2.3168881545414597,2.505855100750688,2.4315845058926,2.6492088704896197,2.338556057583285,2.3873000301871783,2.5106863296212185,2.4868830947178124,2.4461382805225003,2.303564076363154,0.1160361918551053,0.14026206420317852,0.13783820511238448,0.14522888073725332,0.1406657779168775,0.1253143302390817,0.13737803287241668,0.18844039144185415,0.17721705971006588,0.18348178831854509,0.19441921222542596,0.1877119165447531,0.17553155829668277,0.13865064952847322,0.16595182969053812,0.15994557315155025,0.20035331912478874,0.19751293052710106,0.19598631289318177,0.20247068034939988,0.1972969142840903,0.20237300726665175,0.15705004969519698,0.16214652256840917,0.19828928477472138,0.225755630076787,0.20405868788770604,0.1795462877651321,0.18973975860924755,0.1736596999470767,0.17120111916372263,0.18466337862270163,0.16943754508504102,0.21013972873368952,0.18891295810455203,0.21412145258250453,0.24159401499967606,0.18395710085495476,0.17399795001056098,0.20418375709263892,0.18692711189187833,0.1604918424371069,0.15955829275145697,0.20024675913427806,0.18506328011932838,0.1826561164012021,0.18324049231004988,0.22086160722049364,0.2087923069714519,0.18159710056165643,0.12866218720403022,0.1116578016254449,0.14595990119940544,0.1325024908543778,0.09312705425458585,0.13271107866616422,0.2023517827799777,0.18797349911946606,0.18265393474421943,0.17180639441162723,0.16421149992372558,0.21280049159378012,0.18968585246940087,0.19237340969611394,0.1341358740983637,0.15119663744635223,0.14666389568733335,0.17633672740229608,0.19057788647213583,0.19755104370734525,0.15709458447083002,0.14059396889922648,0.17246393563215487,0.18491292982128857,0.18496403647327178,0.21544634670822949,0.2042332859614692,0.21913542838403038,0.18399351073915296,0.15617315286112504,0.17574564084407687,0.15836977280591907,0.15738811155473245,0.16082411468389324,0.16185911824523305,0.19039273116741506,0.2426755767780741,0.1681844436361255,0.17466761850853038,0.19141811126458755,0.17874846788585078,0.20065918110326753,0.1953519340213627,0.20235209547180286,0.18184089072001552,0.18984516090138095,0.16488859239480252,0.20312393354477074,0.15021765850959906,0.1752904816687117
90.0,2.096974350570794,1.971730334973074,1.6632480951920816,1.991790948208477,1.9668128336812347,1.7075021562943797,1.8236325346223246,1.838922533867306,2.026606431140838,2.1320377690240697,2.196330673109486,2.395846595601841,1.917508406150649,2.444703525870796,2.1722587667126514,1.972894916647128,2.171311384916881,1.8856786752092554,1.9492354422193505,2.145446804903532,2.258498725239416,2.788316582834187,2.449222203292523,2.0740888897346923,2.4480769692479463,2.0997616390284892,2.429619009237349,2.4640268744516773,2.857223155337578,2.639589957257605,2.031542158884215,2.0842652951718157,2.2185085232424875,2.2979871617133933,1.9774391387657375,2.095425656342777,2.343821180695831,2.1825523067010257,2.269353536794859,2.480022732025968,2.580084339510013,2.3324403730525494,2.258545357832613,2.428762732102053,2.2641409360611853,2.7325124945256642,2.309009349409845,2.3483699951815367,2.3355316290200654,2.332683873608036,2.1509262911218734,1.9303280514508636,2.0688643957967434,1.6815474774601629,1.8728388273966707,1.8648221460589618,1.864778482996425,1.8078360325946867,1.8140856203303772,2.0130868340311854,2.1201012875563565,2.3760245922141663,2.452319507676608,1.8701415237173222,2.375422716191201,2.227324567828179,1.9267982072451169,1.9689102978451438,2.032643152494403,2.1307930798904446,2.28119180027453,2.613450091843551,2.1712682382662125,2.4455525596075898,2.19345425168244,2.1162026502693863,2.489325853991307,2.5551323400641546,2.8989967406193897,1.9746562104673047,2.052158498684367,2.1975718313670147,2.635133098674997,2.117146719209639,2.1844390996929377,2.311794677574995,2.2347989158713975,2.04138635912952,2.214845302602609,2.178018356840375,2.306366699344562,2.5113342914255563,2.4276208324270483,2.645366209013661,2.337116878264831,2.3727536214535383,2.506389137421427,2.4786869742003685,2.44506319316655,2.2985999436234397,0.11346873400266895,0.14058034185687823,0.13670743353127796,0.14527001458350178,0.14013930682909964,0.12419005748316159,0.1358328637234854,0.1901372526372842,0.17828310475457232,0.18524287494775,0.19591361401846488,0.18897135783550276,0.17659354626659085,0.13826143654179576,0.16648596292313236,0.16100752098252713,0.20233700171780655,0.19969363010959534,0.19781332586976946,0.20466475490274902,0.19971553970273306,0.2040912169117264,0.15837469581245894,0.16273894821797985,0.19893301078857734,0.23023185021704956,0.20517672179280053,0.18246927232941426,0.19021892487605319,0.1741053092378852,0.172330774476662,0.18748615911700714,0.17082715424390937,0.21370875716373045,0.1885494612701924,0.21627745305091037,0.24492636272526824,0.18440325343341984,0.17588503764092567,0.20671559878577256,0.18906355172213204,0.16046967395300035,0.1608746682572135,0.2028297145897769,0.18584331950151467,0.18402698748033258,0.185773126289558,0.2243570298287046,0.20932184174123303,0.1830546647134921,0.1274796622232987,0.10948846733901323,0.14611439952389996,0.1321477262273903,0.08781537422118185,0.1317289648585646,0.20262441108444365,0.18849951291219033,0.18333851759697134,0.17161226616275144,0.16357045838307852,0.21422974398503988,0.18977382095773182,0.19479539113722505,0.1338365031553323,0.15253883842707522,0.14601061722258857,0.17705752804152308,0.19146038917169392,0.19891565651440565,0.15621453291102044,0.1406495847573721,0.17467753741585537,0.1867320574453052,0.18500371110987035,0.21973380343948104,0.20593631664940337,0.22442359737073167,0.1861550088454853,0.15520367218808487,0.17825342511531483,0.15873758293127158,0.15658553579617457,0.1605437874686217,0.16173389167443403,0.19328591557907163,0.24595567713052316,0.16840013734587211,0.17600996650320447,0.1939227161918141,0.17952088187018458,0.20341071120910895,0.197495792018998,0.20449903929915347,0.1831286953952907,0.18888976347799077,0.16479698213677485,0.20450454808728896,0.1496861732999827,0.17631639865501358
91.0,2.094573779983781,1.9682564987272833,1.6580629946195573,1.9876703376058675,1.959453189633566,1.7047471007798216,1.8229532195899003,1.8295584495294293,2.026239467560325,2.117160731471743,2.1802814606879366,2.3855650738399605,1.9022104647624611,2.438488383913494,2.1690662296479326,1.9687535047482738,2.1656020426596774,1.8803993084656307,1.9462056471937947,2.1307922764714586,2.254605732878762,2.7832994605173265,2.442978324613847,2.071435884924171,2.441999172674767,2.0982383505186517,2.4294753404318845,2.460622465603194,2.8453058811863987,2.6395022609410157,2.025309421185778,2.0818004989746273,2.2072145768521625,2.30315080193024,1.9733929525855172,2.09411809223399,2.331091724762725,2.1710527367127734,2.2634529423348986,2.4829197130819676,2.571222949513288,2.327004556438284,2.2559244967899654,2.425260100252885,2.2577677493315194,2.7269266135787076,2.308694900800845,2.3366608518498975,2.3274886553051295,2.327536421329298,2.1450781905847536,1.927671347014939,2.0640460207386386,1.6766167934029765,1.8698602775279471,1.8618149317544164,1.8476988314854221,1.8004014247291822,1.8153161406592815,2.0131156265535797,2.105140812529417,2.3615490272719866,2.446445425646012,1.8577200202405155,2.3701651911650776,2.224422873644346,1.922247096193806,1.9647098908255225,2.0316071279135,2.1177079997102153,2.2736617579137235,2.605667783646348,2.1705186191359576,2.442119680650083,2.187126437637263,2.117318053653931,2.4899247737036774,2.5596438062319766,2.8880766618926055,1.9688560785692175,2.0518119204711796,2.1872726794578496,2.630877380285768,2.111794900097833,2.1780008144871115,2.31739989798491,2.2185194400277237,2.037575019827455,2.2106316299278483,2.1680139676914565,2.2957785014594383,2.517435561181759,2.4242002301139833,2.6417388766364147,2.336161851564639,2.3576950157891856,2.5023710995266155,2.4706840301972592,2.4444280889756977,2.293955262648418,0.11083002427922546,0.14106637850764173,0.13564684854011988,0.14533431327240054,0.13970986928849696,0.1230558333172523,0.13423550901487577,0.1918232547125249,0.1793125550477954,0.18703125656415603,0.19740860434876814,0.19020708255969132,0.1776184497732556,0.13779249477759253,0.16699714368531754,0.1620500301306298,0.2043487988958771,0.20192233409951346,0.19964936310447806,0.2068020024857871,0.20218167410060428,0.20582650899296204,0.1596686534372395,0.16329708668234919,0.19947242737032064,0.23476046575696535,0.2062310452114967,0.18547736864254827,0.19066350251884612,0.17451809248590916,0.17341528340703297,0.19031336265211768,0.1721831137938029,0.2172811929613623,0.18808464319338578,0.2184630279485794,0.24830413415065328,0.18469013316955263,0.17778061140631501,0.20923021259254418,0.1912739234890399,0.16040038388218475,0.16217022102573178,0.2053730669217881,0.1865594338944777,0.18534982845717365,0.18827213831904108,0.22797966697064145,0.20986408628483091,0.1845288125281924,0.12629832084419856,0.10732479641081653,0.1463253389246625,0.13185933392700747,0.081974678064981,0.13071199842778675,0.2028123520946377,0.18897174989525028,0.18403645277344377,0.17130335348884368,0.1628421844192635,0.2156104891440977,0.18977677273778024,0.1973142292300889,0.1335590930376625,0.15402427842155966,0.14529918411607418,0.17776187454086803,0.1923215799497611,0.20019127803151168,0.15522273416107968,0.14063699130952367,0.17697698535286094,0.1885416700905811,0.18497125167364148,0.22408282258782525,0.20759362285390628,0.22976241481162626,0.18838480814860947,0.15410616682253317,0.1807622573080595,0.15901246213833298,0.15571800244831982,0.16021743197379856,0.16149091307486838,0.19615589288340882,0.24927866832566312,0.16855932957829506,0.17743350084387496,0.19641047765990935,0.18024799620718407,0.20615128222964393,0.1995897648437516,0.20658510786945633,0.18434072509264754,0.1878165195207281,0.16474344512768244,0.20594609085057136,0.14916979503054223,0.17742033181036196
92.0,2.092441175695267,1.9649635189595525,1.6526006277155292,1.983813705379615,1.9521339957725712,1.7021559688117418,1.822644071264289,1.8202900097154386,2.0266028963809353,2.101858488200927,2.163768284019416,2.3750814122691617,1.8863995641401212,2.4323470986968654,2.166200709859782,1.9650303129818019,2.1602323896677444,1.8754090489585096,1.9436816294180228,2.115789845936489,2.2512095807636245,2.77850398404807,2.4366807514263757,2.069199806768996,2.4364025102894096,2.0973312731515903,2.429838890690884,2.457302803956068,2.8331545329543206,2.6397551145978175,2.019269883502465,2.0797706938443077,2.195710616118062,2.3092120939091,1.9697943763034302,2.0934986434991494,2.3180345046383684,2.1594343638665774,2.2578926588173878,2.4863098618705384,2.5623644395367746,2.3216942800582183,2.253857097498717,2.422340491247883,2.2516756926734205,2.7213528632021577,2.308926013778109,2.3247376796286217,2.319618604567987,2.322616763549985,2.1394341729307653,1.9250528751697245,2.059410485171893,1.6712807522653732,1.8671296427366075,1.859019437825844,1.8302176735850018,1.7931930923023838,1.817341908079381,2.0138757275620778,2.0898810803247536,2.3466909815163617,2.440646881616831,1.8449719666114341,2.365067563007459,2.2219646689055934,1.9181111419007062,1.9608570849931024,2.031311825822245,2.104368493223182,2.2663527854539285,2.597762377697689,2.1702497152540023,2.439118765432058,2.181133971423268,2.119171277902486,2.4909898219403805,2.564612215307248,2.8769937192525807,1.9632649300998875,2.051989924642192,2.176817879588614,2.626827382183197,2.1068573813485836,2.1717869663733484,2.323814520007361,2.20188048397648,2.0342838851235947,2.2068994093809384,2.158025876882072,2.2851324086022697,2.524183198088508,2.4213488544546524,2.638338562545483,2.3357115813106106,2.342115435468843,2.4986488006626715,2.462887243364806,2.444252264156659,2.2896482221816723,0.10815193250633301,0.14175111589722955,0.1346934069457816,0.14543274016457072,0.13940755817870706,0.12193030244340046,0.13260216434238234,0.1934921959336844,0.18030123228154046,0.1888390743710111,0.1988975149828663,0.19141255331139645,0.1785980077223922,0.13724558527685737,0.16748415101350514,0.16307117865892767,0.20638374044912386,0.20419556943176775,0.20148873769937375,0.20886938163063992,0.2046891484450626,0.20757556064727561,0.16092704887089027,0.16382608011834268,0.19989975843106494,0.23933105799383464,0.20721836664299367,0.1885731274042296,0.19107629778411442,0.1748970164611738,0.17444951718569604,0.19313866135393346,0.17349930733946686,0.22084782226040978,0.18751785002468413,0.22067505476517513,0.25172038773785094,0.1848065086833913,0.17968262521149586,0.21171982051036312,0.19355455910540165,0.16028176767603616,0.1634381990943024,0.20786686772066978,0.187206386624541,0.18662358873032656,0.19073138866922318,0.23172811402337604,0.21042816860029642,0.18601501868498885,0.12513014023500543,0.1051971184578043,0.14660199412031918,0.13165012554829372,0.07551222752143816,0.12966436074742127,0.20291293210538763,0.1893901073577398,0.18475201630177815,0.17087445707192087,0.16203039673237896,0.2169363403742264,0.1896916983576823,0.1999312222514751,0.13331482592543223,0.15565971003530316,0.1445360254754348,0.17845124576167246,0.19316426103925174,0.20136569064094412,0.15412122484190222,0.14055670211166688,0.1793658675818287,0.1903375703532916,0.18486960281046458,0.22848065596758083,0.2091976576064465,0.23513143864528377,0.19068268559903198,0.15288323805744364,0.18326630770727675,0.1591902274428188,0.15479116775070895,0.1598487432299871,0.16112563451465697,0.1989896723785793,0.25263586589941095,0.16866425906756666,0.17894283597949437,0.19886991815342225,0.18092978335951104,0.20886765435735818,0.20162424960569,0.20859584750253632,0.18546704992447186,0.18662757598473348,0.16473981315615233,0.20745124723238262,0.14868203807198976,0.17860913658907934
93.0,2.0905918393408696,1.9618643030329452,1.646854915592876,1.9802380959611374,1.9448645018758086,1.699738640043265,1.8227232796936357,1.8111296911779609,2.027727638878419,2.0861239746811306,2.1467840043813067,2.3643951097269635,1.8700660186964713,2.426290252025334,2.163680141486293,1.961749468001305,2.155222188287767,1.870726650805315,1.941689313425049,2.100434062061415,2.2483353915484563,2.7739393348288157,2.4303307852409524,2.0674015239795605,2.43130995854137,2.097068510147209,2.430728869553333,2.454076285127081,2.8207688000800055,2.6403637187293727,2.0134388952677527,2.07819650775117,2.1839944816987855,2.3162082326015896,1.9666674051101065,2.093600494300298,2.3046469391659112,2.1477004223467526,2.2526950111502053,2.4902130510459375,2.5535153137470963,2.316519177702381,2.2523699946866382,2.420030067924127,2.245879591605937,2.7157945303114426,2.3097258573390933,2.312601781812348,2.311935831259549,2.3179391115949155,2.1340093951213857,1.9224785216854021,2.0549717240170717,1.6655273582283558,1.864661164182228,1.8564489953863157,1.8123306570621212,1.786226721500761,1.820197301826169,2.015397597706496,2.0743193933609443,2.3314459808245465,2.434930915637851,1.8318934138090106,2.360142516745856,2.219972408361576,1.9144140298450911,1.9573709057637008,2.0317920858608267,2.0907717632020697,2.2592805556304723,2.5897323682176876,2.170482937415889,2.4365683337101234,2.175496419061284,2.1217945553318747,2.4925378562965537,2.570055169092923,2.8657510816387406,1.9578983894636133,2.0527158755836905,2.1662068798116354,2.6229955912350262,2.1023575286994163,2.165811017752595,2.331071569821084,2.1848816707551255,2.0315403615136924,2.2036730499495136,2.148062172643948,2.2744372684892173,2.5316014902150097,2.41909286095035,2.6351769559285074,2.3357866713306223,2.326006102767206,2.4952388255555342,2.4553095943593366,2.444555014916145,2.285697010966731,0.10547162552948729,0.1426650795849625,0.13388694713877838,0.14557606877208196,0.13926336011206267,0.12083265040475365,0.13095021992475916,0.1951384406755816,0.18124537470586363,0.1906568431942527,0.20037276724483002,0.19258081559075707,0.17952378850216297,0.13662287224086844,0.16794523663098873,0.1640690975706325,0.20843658315881392,0.20650983601728107,0.20332550112737216,0.21085424507513095,0.20723094736648037,0.20933472221640517,0.16214603708248987,0.16433308604080424,0.20020834846000543,0.24393411223296232,0.2081369421703423,0.19176026000319502,0.19145991939753274,0.1752407542035054,0.1754287688091367,0.19595732832806917,0.1747702753440897,0.2244009000727039,0.18684952997942517,0.22291039775520008,0.2551683662671625,0.18474298533171074,0.1815895115136725,0.21417768687765842,0.19590050008405888,0.16011117889287466,0.16467129674078487,0.21030236945180736,0.18777995569820394,0.1878500010381531,0.19314690626300654,0.23559984668819264,0.21102335809539605,0.1875080151565423,0.12398552715356799,0.10313509294982616,0.1469515466273557,0.13153136151727232,0.06828400969979567,0.128588284604156,0.2029247343242457,0.18975544724206786,0.18548938519590952,0.17032101200032318,0.16113860075670233,0.21820121625496686,0.18951627884843572,0.20264724480396093,0.133113621549684,0.15744821246130186,0.14372723380176686,0.17912733651448073,0.19399208727810166,0.20242658531360344,0.15291252745263442,0.140410114358381,0.18184748898541228,0.19211601859165836,0.18470317215877782,0.23291429978278277,0.21074185952670654,0.24051032980536347,0.1930468262077693,0.15153884911948798,0.1857610634980307,0.1592679655981851,0.1538112068444006,0.15944078722514643,0.16063471809460622,0.2017749302905977,0.2560179241590905,0.16871828277171505,0.18054098784747474,0.2012896023463264,0.1815666066426638,0.211546741447618,0.2035910038661725,0.21051761448480874,0.18649899050602173,0.18532570077438912,0.16479614439205356,0.2090211071174051,0.14823589569278617,0.17988828331731313
94.0,2.0890410725561646,1.9589717583105135,1.6408197793644739,1.9769605537818475,1.93765395772086,1.6975049941275033,1.8232090349260848,1.8020899706696263,2.0296446163285005,2.0699501263819,2.1293214830509952,2.353505665050852,1.8532001428443465,2.420328425703292,2.16152245866558,1.9589350964603833,2.1505912008664456,1.8663708681234958,1.9402546237478875,2.084719473609016,2.2460082878876855,2.7696146942619015,2.423929727568418,2.0660619052662867,2.4267444938801312,2.0974781647254277,2.4321644865582566,2.450951304733032,2.8081483720021203,2.641343273837073,2.0078318059151234,2.077098568665555,2.1720640142529586,2.3241764129593876,1.964036034196188,2.0944568287994327,2.290926447188448,2.1358541463376715,2.247882324241238,2.4946491532624355,2.544682076310905,2.3114888831608766,2.2514900230814954,2.4183549931186983,2.2403942716480953,2.710254901821937,2.311117600481268,2.300254461695733,2.3044546898307607,2.313517676788877,2.1288190141180947,1.9199541723321658,2.0507436721947143,1.6593446154729306,1.8624690830243766,1.8541169355489184,1.7940334296837597,1.7795179985107958,1.8239167011351456,2.0177116976366927,2.0584530540566366,2.3158095510737775,2.429304567757848,1.8184804128121639,2.3554027374078035,2.2184685467619825,1.9111794455062492,1.9542703785531264,2.033082747669409,2.07691501241955,2.2524607411786386,2.5815762494264467,2.171239696417116,2.434486905240921,2.170233346572131,2.1252201182589174,2.494585734367302,2.5759902693919114,2.8543519179905417,1.952772081064708,2.0540131376819737,2.155439128179296,2.6193944943090037,2.098318707887884,2.160086431025798,2.3392040736047552,2.167522623401097,2.029371855493559,2.2009769606211926,2.1381309432087967,2.2637019288364675,2.5397147256304717,2.4174584051022876,2.6322657459731147,2.3364077254525597,2.3093582399590176,2.492157758931083,2.4479640638371603,2.445355637460873,2.282119817747156,0.10283146251122285,0.14383736937581648,0.13326931208767007,0.1457745502929615,0.13930824015711324,0.11978199664486885,0.1292978892477926,0.19675716314223646,0.18214171535414495,0.19247339123228083,0.20182587955502543,0.19370450663426175,0.1803873125930996,0.13592685768252533,0.16837808107550917,0.16504195820011952,0.21050191844906738,0.20886171089484676,0.20515354447419887,0.2127446002027006,0.20979923817628174,0.21110006088708336,0.16332298118158517,0.16482739437997784,0.200392940648869,0.2485612199983226,0.20898681279578116,0.1950435460041522,0.19181660680954182,0.17554765036814154,0.17634888182929406,0.1987664396608043,0.17599138192054667,0.22793437427299224,0.18608139615130898,0.225165958168304,0.2586415972846902,0.1844924683010912,0.18350018569442517,0.216598276199079,0.19830545845830053,0.15988542344998274,0.165861713622856,0.21267230528174028,0.18827713373928556,0.1890338200560741,0.19551708571901366,0.23959112748417702,0.21165876610261516,0.18900184352600052,0.12287275529508769,0.10116605793810658,0.1473785163477755,0.1315123608946971,0.06004880258378779,0.1274836383397908,0.20284783737620043,0.1900696902792281,0.18625243750504766,0.1696392105583467,0.16016980523801608,0.2193995572102068,0.18924909357622247,0.20546266095374072,0.13296372242721308,0.1593887196844848,0.14287821673382606,0.17979197460270466,0.1948095973626917,0.20336168333149635,0.15159957145537623,0.14019947210654854,0.18442469559558317,0.193873825499765,0.18447798584599703,0.23737063874080166,0.21222091075584124,0.24587917322661207,0.1954736989359574,0.15007836076681225,0.18824356482804216,0.15924425025299577,0.15278492083697992,0.1589956672514265,0.16001625375461495,0.2045003018986717,0.2594148931417741,0.1687260535156772,0.18222907560246118,0.20365831149570998,0.18215924879113685,0.2141758089213502,0.20548346327764128,0.21233803487960115,0.18742951130676752,0.18391430716149954,0.1649201032911919,0.21065495504331927,0.14784334881762481,0.18126154851682244
95.0,2.087804176976775,1.956298792155311,1.634489140143205,1.9739981232731623,1.9305116130852864,1.6954649107175812,1.8241195270097856,1.793183324943078,2.0323847500069294,2.0533298787727428,2.111373581305861,2.3424125770783446,1.8357922509965647,2.4144722015351645,2.159745595535772,1.9566113250126278,2.1463591897504752,1.8623604550304842,1.9394034849195383,2.0686406293420867,2.244253392435731,2.7655392437496973,2.417478879919585,2.0652018193395443,2.422729092755186,2.0985883401061396,2.43416495124464,2.447936258390729,2.7952929381593132,2.6427089804223036,2.002463964878047,2.0764975045577687,2.1599170544391852,2.3331538299341124,1.9619242587523065,2.096100831158612,2.27687044754907,2.123898770023659,2.2434769229983655,2.4996380411743084,2.535871231394834,2.3066130302237786,2.2512440174110684,2.417341429668669,2.2352345583189384,2.7047372646490637,2.313124412202111,2.287697022573423,2.297189534732527,2.309366670456704,2.1238781868823677,1.9174857128802092,2.046740264625407,1.6527205281800936,1.8605676404226068,1.852036589426738,1.7753216392168523,1.7730826095189518,1.8285344852418073,2.0208484880025086,2.0422793648304265,2.2997772181412923,2.4237748780256316,1.804729014599828,2.3508609100208058,2.217475538856498,1.9084310743634676,1.9515745287772055,2.035218650888188,2.0627954436483127,2.2459090148337535,2.5732925155440607,2.1725414030532337,2.432892999781075,2.1653643199766437,2.129480199000425,2.497150313747772,2.5824351180071554,2.842799397247432,1.9479016293074656,2.055905075323335,2.144514072743925,2.6160365782728814,2.0947642846515127,2.15462666859393,2.34824505753709,2.1498029649518617,2.027805773558963,2.198835550383587,2.128240276808316,2.252935237360172,2.5485471924041074,2.416471642411768,2.629616621866936,2.3375953475043145,2.29216306931899,2.489422185515236,2.4408636324545934,2.4466734279975593,2.2789348312665143,0.10027864131897293,0.14529463291342143,0.13288320676789073,0.14603760778720526,0.13957211550619802,0.1187967510021942,0.12766380053919477,0.19834457442846967,0.18298752639739363,0.19427585730388033,0.20324751737440372,0.19477587212885789,0.18118016974942636,0.13516032548681586,0.16877980166858736,0.1659879540982542,0.21257429836358865,0.21124794949485015,0.2069667107223296,0.21452934868720006,0.21238543275378777,0.2128674242010787,0.16445657355094975,0.16532045530992237,0.20044992545745943,0.25320520661289075,0.20976998027544783,0.19842861372871254,0.192148072769125,0.17581571947800237,0.17720636541328694,0.20156496817853167,0.17715894955156722,0.23144400761184203,0.18521658969398233,0.22743871699441232,0.2621339586868855,0.18405057889160775,0.1854140004982768,0.21897732442014645,0.2007618355583089,0.15960066643348902,0.16700124618909196,0.21497110215761991,0.18869628832736643,0.19018289510711797,0.19784274497565893,0.2436969515892521,0.21234303812687544,0.19048995515047576,0.1217975563845601,0.09931329757410082,0.14788431020277365,0.13160027816124462,0.05035279199867058,0.1263476597585027,0.20268403151974962,0.1903358790900171,0.18704454024216371,0.16882610267516443,0.15912626035532682,0.2205265461600228,0.18888983196605486,0.2083772350811112,0.1328714204537193,0.16147577430730473,0.1419933761281065,0.18044702126884515,0.19562221468095595,0.20415884467437717,0.15018562872838978,0.13992778066556558,0.18709967556173282,0.1956084171817531,0.18420182070964783,0.24183657521635074,0.21363095403474158,0.2512187806828285,0.19795802666185838,0.1485085394208833,0.19071256815076668,0.15911932106669568,0.1517199105767952,0.15851422365030102,0.15926994437113617,0.20715564167402106,0.262816285926546,0.1686937086361961,0.18400611008614653,0.205965198914324,0.18270893919807507,0.21674263764608645,0.20729698560843882,0.21404645072710227,0.18825356725022255,0.18239752872779058,0.16511644483981644,0.21235014797742396,0.1475149181857711,0.18273079078775717
