,Mean (mm),Mean (mm),Mean (mm),Mean (mm),Mean (mm),Mean (mm),Mean (mm),Mean (mm),Mean (mm),Mean (mm),Mean (mm),Mean (mm),Mean (mm),Mean (mm),Mean (mm),Mean (mm),Mean (mm),Mean (mm),Mean (mm),Mean (mm),Mean (mm),Mean (mm),Mean (mm),Mean (mm),Mean (mm),Mean (mm),Mean (mm),Mean (mm),Mean (mm),Mean (mm),Mean (mm),Mean (mm),Mean (mm),Mean (mm),Mean (mm),Mean (mm),Mean (mm),Mean (mm),Mean (mm),Mean (mm),Mean (mm),Mean (mm),Mean (mm),Mean (mm),Mean (mm),Mean (mm),Mean (mm),Mean (mm),Mean (mm),Mean (mm),Mean (mm),Mean (mm),Mean (mm),Mean (mm),Mean (mm),Mean (mm),Mean (mm),Mean (mm),Mean (mm),Mean (mm),Mean (mm),Mean (mm),Mean (mm),Mean (mm),Mean (mm),Mean (mm),Mean (mm),Mean (mm),Mean (mm),Mean (mm),Mean (mm),Mean (mm),Mean (mm),Mean (mm),Mean (mm),Mean (mm),Mean (mm),Mean (mm),Mean (mm),Mean (mm),Mean (mm),Mean (mm),Mean (mm),Mean (mm),Mean (mm),Mean (mm),Mean (mm),Mean (mm),Mean (mm),Mean (mm),Mean (mm),Mean (mm),Mean (mm),Mean (mm),Mean (mm),Mean (mm),Mean (mm),Mean (mm),Mean (mm),Mean (mm),SD (mm),SD (mm),SD (mm),SD (mm),SD (mm),SD (mm),SD (mm),SD (mm),SD (mm),SD (mm),SD (mm),SD (mm),SD (mm),SD (mm),SD (mm),SD (mm),SD (mm),SD (mm),SD (mm),SD (mm),SD (mm),SD (mm),SD (mm),SD (mm),SD (mm),SD (mm),SD (mm),SD (mm),SD (mm),SD (mm),SD (mm),SD (mm),SD (mm),SD (mm),SD (mm),SD (mm),SD (mm),SD (mm),SD (mm),SD (mm),SD (mm),SD (mm),SD (mm),SD (mm),SD (mm),SD (mm),SD (mm),SD (mm),SD (mm),SD (mm),SD (mm),SD (mm),SD (mm),SD (mm),SD (mm),SD (mm),SD (mm),SD (mm),SD (mm),SD (mm),SD (mm),SD (mm),SD (mm),SD (mm),SD (mm),SD (mm),SD (mm),SD (mm),SD (mm),SD (mm),SD (mm),SD (mm),SD (mm),SD (mm),SD (mm),SD (mm),SD (mm),SD (mm),SD (mm),SD (mm),SD (mm),SD (mm),SD (mm),SD (mm),SD (mm),SD (mm),SD (mm),SD (mm),SD (mm),SD (mm),SD (mm),SD (mm),SD (mm),SD (mm),SD (mm),SD (mm),SD (mm),SD (mm),SD (mm),SD (mm)
,7networks_LH_Default_FPole,7networks_LH_Default_IPL_1,7networks_LH_Default_IPL_2,7networks_LH_Default_PCC,7networks_LH_Default_PFCd_1,7networks_LH_Default_PFCd_2,7networks_LH_Default_PFCd_3,7networks_LH_Default_PFCm,7networks_LH_Default_PFCv_1,7networks_LH_Default_PFCv_2,7networks_LH_Default_RSC,7networks_LH_Default_Temp_1,7networks_LH_Default_Temp_2,7networks_LH_Default_Temp_3,7networks_LH_Cont_IPS,7networks_LH_Cont_PCC,7networks_LH_Cont_PFCl,7networks_LH_Cont_PrCv,7networks_LH_Cont_pCun,7networks_LH_Limbic_OFC,7networks_LH_Limbic_PHC,7networks_LH_Limbic_Temp,7networks_LH_Limbic_TempPole,7networks_LH_SalVentAttn_FrMed,7networks_LH_SalVentAttn_Ins_1,7networks_LH_SalVentAttn_Ins_2,7networks_LH_SalVentAttn_PostC,7networks_LH_SalVentAttn_SPL,7networks_LH_DorsAttn_IPS,7networks_LH_DorsAttn_PostC,7networks_LH_DorsAttn_PrC,7networks_LH_DorsAttn_PrCd,7networks_LH_DorsAttn_SPL_1,7networks_LH_DorsAttn_SPL_2,7networks_LH_DorsAttn_TempOcc,7networks_LH_SomMot_1,7networks_LH_SomMot_2,7networks_LH_SomMot_3,7networks_LH_SomMot_4,7networks_LH_SomMot_5,7networks_LH_SomMot_6,7networks_LH_SomMot_Ins,7networks_LH_SomMot_ParOper,7networks_LH_Vis_1,7networks_LH_Vis_2,7networks_LH_Vis_3,7networks_LH_Vis_4,7networks_LH_Vis_5,7networks_LH_Vis_6,7networks_LH_Vis_7,7networks_RH_Cont_FPole,7networks_RH_Default_IPL_1,7networks_RH_Default_IPL_2,7networks_RH_Default_PCC,7networks_RH_Default_PFCd_1,7networks_RH_SalVentAttn_PFCd,7networks_RH_Cont_PFCd,7networks_RH_Default_PFCm,7networks_RH_Default_PFCv_1,7networks_RH_Cont_PFCv,7networks_RH_Default_RSC,7networks_RH_Default_Temp_1,7networks_RH_Default_Temp_2,7networks_RH_SomMot_Temp,7networks_RH_Cont_IPS,7networks_RH_Cont_PCC,7networks_RH_Cont_PFCl,7networks_RH_Cont_PrCv,7networks_RH_Cont_pCun,7networks_RH_Limbic_OFC,7networks_RH_Vis_PHC,7networks_RH_Limbic_Temp,7networks_RH_Limbic_TempPole,7networks_RH_SalVentAttn_FrMed,7networks_RH_SalVentAttn_Ins_1,7networks_RH_SalVentAttn_Ins_2,7networks_RH_SalVentAttn_PostC,7networks_RH_SalVentAttn_SPL,7networks_RH_DorsAttn_IPS,7networks_RH_SomMot_PostC,7networks_RH_DorsAttn_PrC,7networks_RH_DorsAttn_PrCd,7networks_RH_DorsAttn_SPL_1,7networks_RH_DorsAttn_SPL_2,7networks_RH_DorsAttn_TempOcc,7networks_RH_SomMot_1,7networks_RH_SomMot_2,7networks_RH_SomMot_3,7networks_RH_SomMot_4,7networks_RH_SomMot_5,7networks_RH_SomMot_6,7networks_RH_SomMot_Ins,7networks_RH_SalVentAttn_ParOper,7networks_RH_Vis_1,7networks_RH_Vis_2,7networks_RH_Vis_3,7networks_RH_Vis_4,7networks_RH_Vis_5,7networks_RH_Vis_6,7networks_RH_Vis_7,7networks_LH_Default_FPole,7networks_LH_Default_IPL_1,7networks_LH_Default_IPL_2,7networks_LH_Default_PCC,7networks_LH_Default_PFCd_1,7networks_LH_Default_PFCd_2,7networks_LH_Default_PFCd_3,7networks_LH_Default_PFCm,7networks_LH_Default_PFCv_1,7networks_LH_Default_PFCv_2,7networks_LH_Default_RSC,7networks_LH_Default_Temp_1,7networks_LH_Default_Temp_2,7networks_LH_Default_Temp_3,7networks_LH_Cont_IPS,7networks_LH_Cont_PCC,7networks_LH_Cont_PFCl,7networks_LH_Cont_PrCv,7networks_LH_Cont_pCun,7networks_LH_Limbic_OFC,7networks_LH_Limbic_PHC,7networks_LH_Limbic_Temp,7networks_LH_Limbic_TempPole,7networks_LH_SalVentAttn_FrMed,7networks_LH_SalVentAttn_Ins_1,7networks_LH_SalVentAttn_Ins_2,7networks_LH_SalVentAttn_PostC,7networks_LH_SalVentAttn_SPL,7networks_LH_DorsAttn_IPS,7networks_LH_DorsAttn_PostC,7networks_LH_DorsAttn_PrC,7networks_LH_DorsAttn_PrCd,7networks_LH_DorsAttn_SPL_1,7networks_LH_DorsAttn_SPL_2,7networks_LH_DorsAttn_TempOcc,7networks_LH_SomMot_1,7networks_LH_SomMot_2,7networks_LH_SomMot_3,7networks_LH_SomMot_4,7networks_LH_SomMot_5,7networks_LH_SomMot_6,7networks_LH_SomMot_Ins,7networks_LH_SomMot_ParOper,7networks_LH_Vis_1,7networks_LH_Vis_2,7networks_LH_Vis_3,7networks_LH_Vis_4,7networks_LH_Vis_5,7networks_LH_Vis_6,7networks_LH_Vis_7,7networks_RH_Cont_FPole,7networks_RH_Default_IPL_1,7networks_RH_Default_IPL_2,7networks_RH_Default_PCC,7networks_RH_Default_PFCd_1,7networks_RH_SalVentAttn_PFCd,7networks_RH_Cont_PFCd,7networks_RH_Default_PFCm,7networks_RH_Default_PFCv_1,7networks_RH_Cont_PFCv,7networks_RH_Default_RSC,7networks_RH_Default_Temp_1,7networks_RH_Default_Temp_2,7networks_RH_SomMot_Temp,7networks_RH_Cont_IPS,7networks_RH_Cont_PCC,7networks_RH_Cont_PFCl,7networks_RH_Cont_PrCv,7networks_RH_Cont_pCun,7networks_RH_Limbic_OFC,7networks_RH_Vis_PHC,7networks_RH_Limbic_Temp,7networks_RH_Limbic_TempPole,7networks_RH_SalVentAttn_FrMed,7networks_RH_SalVentAttn_Ins_1,7networks_RH_SalVentAttn_Ins_2,7networks_RH_SalVentAttn_PostC,7networks_RH_SalVentAttn_SPL,7networks_RH_DorsAttn_IPS,7networks_RH_SomMot_PostC,7networks_RH_DorsAttn_PrC,7networks_RH_DorsAttn_PrCd,7networks_RH_DorsAttn_SPL_1,7networks_RH_DorsAttn_SPL_2,7networks_RH_DorsAttn_TempOcc,7networks_RH_SomMot_1,7networks_RH_SomMot_2,7networks_RH_SomMot_3,7networks_RH_SomMot_4,7networks_RH_SomMot_5,7networks_RH_SomMot_6,7networks_RH_SomMot_Ins,7networks_RH_SalVentAttn_ParOper,7networks_RH_Vis_1,7networks_RH_Vis_2,7networks_RH_Vis_3,7networks_RH_Vis_4,7networks_RH_Vis_5,7networks_RH_Vis_6,7networks_RH_Vis_7
Age (years),,,,,,,,,,,,,,,,,,,,,,,,,,,,,,,,,,,,,,,,,,,,,,,,,,,,,,,,,,,,,,,,,,,,,,,,,,,,,,,,,,,,,,,,,,,,,,,,,,,,,,,,,,,,,,,,,,,,,,,,,,,,,,,,,,,,,,,,,,,,,,,,,,,,,,,,,,,,,,,,,,,,,,,,,,,,,,,,,,,,,,,,,,,,,,,,,,,,,,,,
5.0,2.970139294180326,2.973135591454036,2.9500740496011164,2.997697773574229,3.283121948623676,3.2965017892696418,2.9279547901639833,3.0719909328018367,3.188965471684605,2.893451025395511,3.1281228588218246,3.1714160329825574,3.174454518813794,2.9921519582212586,2.8841434277911517,3.1337116669192038,2.7651721560311207,2.8319594383999003,2.7706729008519875,2.9173257881636454,2.9724559460902205,3.0679259202291904,3.35724525765421,3.157088306841845,3.111304676744105,3.528208768579524,2.9663062525111497,2.7832989012396174,2.5893837025733335,2.59984527867894,2.8080958657772324,2.7906764674341114,2.639972534663249,2.5936296301427664,2.80030545633792,2.808466119598067,3.0621284124812376,2.1406382227812664,2.233867667043811,2.4900371263805354,3.0620646853672615,2.88206334325387,2.890603647705054,2.384018780430328,1.9922351109657848,2.541878648963912,2.576196583895553,2.0620912363407378,2.6714939055665465,2.795594146529593,2.9215659888417522,2.9501889235372474,2.9154898949012744,3.0156650827930895,3.2350713790836134,3.2951274101175176,2.8903559149431923,3.025011238183858,3.1756795056436626,2.885948493830544,3.1202838375860957,3.200132923997906,3.2542983995723778,3.0996430096383456,2.8523790858623217,3.0237837150111417,2.735520882872278,2.8027878214837623,2.744070930374431,2.905608037307639,3.0031399001543093,3.0808157093009423,3.385637122503461,3.0767337423998473,3.1193968894069894,3.4689963681864975,2.923129811058186,2.78572986356883,2.570266090512155,2.541003827065199,2.801887568725502,2.7562476903347473,2.64925783962068,2.597679133583099,2.81879497418606,2.7849202405959654,3.0373337034540095,2.130940078387772,2.211088324065317,2.4386514772576255,3.088505934999347,2.979067702638465,2.9221441467733418,2.372048727317944,1.99755500665054,2.601480004549029,2.62555857282912,2.1423918954873065,2.711671658637378,2.856202255190087,0.15552871146438174,0.15446284157617196,0.155290245422429,0.14926622182462326,0.17314153334203886,0.16867025107148528,0.14979695211682165,0.16152999505408977,0.13865697943268082,0.14947065566890658,0.17064296150990088,0.1627703699115892,0.16510353053539972,0.15812135545861014,0.15751383928884832,0.16859023958584302,0.1533864239788948,0.13667412170740573,0.1609738599616577,0.1565743426922739,0.16718186452920825,0.14797618333820425,0.17475581305145266,0.1786893255317813,0.1371644899608745,0.17337037141849473,0.1607793829120788,0.1523308985614897,0.14244471496189479,0.1564546439703554,0.16180522884524967,0.17065861900053994,0.16994784261690896,0.14308113399836747,0.15135355721567104,0.18407674959467765,0.14573854496249417,0.1492679802731879,0.16640314923587857,0.15932228206018717,0.15677605324941973,0.16006357959029763,0.15949935416055594,0.15280515369117628,0.1478437126542686,0.13949643616135085,0.15297766491225046,0.14425280973870708,0.14452811431182483,0.1412101615683328,0.15114513961878642,0.14713848597785653,0.15676381247936816,0.15721539230309758,0.1752844504317355,0.17473933270260553,0.1515085445415339,0.15261682675099564,0.14824161875077022,0.14104924691005824,0.16669805803192406,0.17184702291173806,0.1648645642920308,0.1577925650988959,0.1619270685416618,0.17338978534429597,0.14869126030857802,0.13846444467287292,0.1610912542944806,0.16076487696559003,0.16471812707721434,0.14932635740246122,0.17981820921025443,0.1758865010617879,0.13686696555436748,0.16977141105520382,0.1655522219814591,0.15524304566079644,0.14482266257319887,0.15680111724602946,0.1782899608181685,0.17784205229621616,0.1703726157754585,0.14621622938661727,0.14092088490326876,0.1872479594626804,0.14913867547749224,0.15923795883298159,0.1594950707321909,0.16132417609758604,0.16156784399758436,0.15717372576476504,0.15548541136521699,0.1492554655005374,0.14705499951438927,0.14273010403051006,0.16008124764416143,0.1594161799350865,0.14880789092319816,0.15025929029608484
6.0,2.9250620318238765,2.9319586210681314,2.9144028581719086,2.954999467842533,3.243977750954454,3.2708884825410243,2.903525463704474,3.0304885848455316,3.1585028067112977,2.861046626624516,3.0915332694360385,3.1425611524344292,3.151952003801207,2.9588965915081604,2.848143558081728,3.1000974601136506,2.730356015841448,2.8103960712505676,2.727181333583344,2.885454656580016,2.948858308770322,3.041055410646195,3.3502791837221864,3.1237344219904597,3.0857390918863534,3.5097444605314525,2.934219362798167,2.7393878382939407,2.553604953374491,2.5638482986358095,2.7991932370418215,2.7786801325146784,2.602983958721227,2.5547425589864723,2.76814806519165,2.7790456660267226,3.030428358364293,2.1170048822039385,2.2174416177761875,2.47161035760251,3.035264684496408,2.8574014637803757,2.8587836492596934,2.3511211389053233,1.9684456246103135,2.5118954691650366,2.542748746429037,2.0482265215058826,2.6405335990621674,2.7675391790282995,2.877492525865198,2.912428359988268,2.8854599668360286,2.9747205774807988,3.195100497144576,3.270166844616062,2.8635041220047524,2.9821923419789047,3.1470297609987705,2.8524891648631168,3.0828252847942244,3.173560102839089,3.2254871779337724,3.0660243450596445,2.8193267564739615,2.9937619993517646,2.6979530752566303,2.7806695319710966,2.70162246295833,2.869978775807772,2.978489812763983,3.0547815157590383,3.3799257096454154,3.0478660950044523,3.0927231247981752,3.4534869239753663,2.891362931288529,2.7426632741282027,2.5345730029088864,2.50602800666686,2.792762103370498,2.745350793767071,2.6118536365549554,2.5592632109463165,2.7890644933777806,2.7574470167265015,3.00728468360279,2.106596547790656,2.1946156936111336,2.420447139453152,3.0607026255756242,2.954100056044352,2.8927519604094356,2.341408249938722,1.9755143298715057,2.5719623397961584,2.5907629442769755,2.12547796512797,2.6784161015442884,2.8300162770320867,0.15356221058973177,0.15270461523017242,0.1539554306519389,0.1481104324872856,0.17122771984106064,0.16675616662157253,0.14892166833473133,0.16078904157454751,0.13828228838100134,0.14778356915868124,0.16830203005043068,0.16113582617422803,0.16263720993716038,0.15642641884788364,0.15588733166821228,0.16706990876472694,0.15138586298402734,0.13557765272301783,0.15960666934103154,0.15481141939365747,0.16683481527172644,0.14714407506668517,0.17335790307966595,0.1764750548551772,0.1363095994607778,0.17046191859147033,0.15848586988674176,0.15143402211645215,0.14146410492815586,0.15470190616472407,0.15947133527674415,0.16803326764918036,0.16723884774975578,0.14194353229580003,0.1498703693556359,0.18161967623777295,0.14521958382727185,0.14722613175477403,0.16429741990553487,0.1570070794758547,0.15506139687232762,0.15812486275338483,0.15731169726062721,0.15083704690079078,0.14625346778392453,0.13816160479067566,0.15185170131149467,0.14204499411214702,0.14316254531099942,0.13995534828086997,0.14968389902305831,0.14593824771942174,0.15514497710466071,0.1562148343336885,0.1731810503080678,0.1724237170945405,0.1500636966877266,0.15169902829832205,0.14693702739096245,0.1401719369548395,0.16544650658584595,0.16964516823309803,0.16274615009269952,0.1564407476496784,0.16020264543994717,0.17138827788270014,0.14699766568897948,0.13784272867193934,0.1598287605233329,0.15865473912066977,0.1643431765358504,0.14818340950466707,0.1787277744174557,0.17417596222155143,0.1364591819187296,0.16704507840619218,0.16306331709810554,0.1541653968244441,0.14404391809319908,0.15504332163727846,0.17486300261323617,0.17479395572326997,0.1679391797515199,0.1447477064297652,0.14002263256473588,0.18505398585892638,0.1491939190892397,0.15644326469479714,0.15815848688047915,0.15855122714675174,0.16004986671850055,0.15661385830123364,0.15479390484863118,0.1476345540981993,0.14503763217209317,0.14149633048467034,0.1586152932032209,0.15714222303233177,0.14711940019502678,0.14871468568496776
7.0,2.882563137175009,2.893104912719858,2.8806497615168825,2.914682367503433,3.206876539007195,3.2465265667046457,2.8802838939135125,2.9911537217710604,3.1295275119686377,2.830308174157426,3.0567952224258423,3.11517472679315,3.1305309273394175,2.9273068797033432,2.8141266681669332,3.0681099477606626,2.6974827572718305,2.789785595592207,2.6861848638842223,2.8552455696783205,2.9265559677721806,3.0157034610149323,3.3437475813864324,3.0919334970106083,3.061300899569418,3.4919538791197047,2.903873905254078,2.697953243512836,2.5198419015536744,2.5299005582804743,2.790545014264679,2.7671446810598814,2.5681573513516027,2.5181118606638857,2.737741610557327,2.7513064709293835,3.0002894673083618,2.094850006520124,2.201947158203246,2.454027883239765,3.009711408475913,2.8337401837737177,2.8286765161553586,2.320060987225899,1.9458036626341022,2.483631665095613,2.5110819941352673,2.035216940772973,2.611265815149324,2.7410537271261655,2.8359262302870136,2.8768057588713405,2.8570561044236276,2.935983296383657,3.1572699077338813,3.2463777159772227,2.8380138340421075,2.9416439256305646,3.1197954955592753,2.8207420282164923,3.0472164286054295,3.1483365250913398,3.1981560400827447,3.0341047414119484,2.788061143778066,2.9652796870215035,2.6625061129780576,2.759528051651626,2.6615965344816206,2.836180170403203,2.9552018885423723,3.0302196137779056,3.3746350976209305,3.0202942264503645,3.0672517243100277,3.438485201175561,2.861274111080355,2.7020461799694124,2.500877881885386,2.473007329017788,2.783930117650677,2.7348689052704307,2.57665992925228,2.523032042094242,2.760953900044992,2.731535306356574,2.978709350656004,2.0837573933185785,2.17908215854331,2.4030986559360574,3.0341929293394205,2.9301424789503,2.8649147955906997,2.3124243033734584,1.9544666370990567,2.544103113425072,2.557816717626684,2.109506757156761,2.6469578870258035,2.805326838767064,0.151699147400479,0.1510406127790841,0.15268938099812365,0.14700669140999106,0.169405283680701,0.16493084194947738,0.1480426577743222,0.1600506922921433,0.13787451071121873,0.1461782647525273,0.1661083737548576,0.15958428775441838,0.1603529763275353,0.154838783495857,0.15435605203442412,0.16565033386522346,0.14949590345051755,0.13453988836355774,0.15829500607224573,0.15314968624723765,0.1664721416917758,0.14632024934511978,0.17203635978845613,0.17440882718749975,0.13548515793537003,0.16776403867422932,0.15633906747384185,0.15055804166641798,0.14053098286363105,0.15307066403338282,0.15731171315420928,0.1655926073121835,0.16471734467868665,0.14085423292370514,0.1484660818375443,0.1793453319211999,0.14468783163080362,0.14534652467573161,0.1623552234228484,0.15484438829569408,0.1534540188109051,0.15631907740663648,0.15526803540812847,0.14898059217985068,0.14473862709179064,0.13689824878574047,0.1507710329170153,0.13997011471173332,0.14186122521611294,0.13875124419991516,0.14827143151190403,0.14478895199236758,0.15361455484042405,0.15523190269727905,0.17117385252318432,0.17023041023118643,0.14867557413894972,0.15081855418475124,0.14568153553681065,0.1392987774617218,0.16424538697963464,0.1675677921384749,0.1607610503415925,0.15515584635452576,0.1585751086551359,0.1695234527790667,0.14538718398927392,0.13719956136583591,0.15862723765603015,0.1566899268756401,0.16395358124806192,0.14708343051309858,0.17765910026915882,0.17257503063188023,0.13601917465500038,0.16451215336715566,0.1607391320484223,0.15312884256808074,0.1432854629270979,0.1534172132972943,0.17167608593809888,0.17195904514804225,0.16566721351972033,0.14335483472150576,0.13915469351246837,0.18302801552243425,0.14917217337643324,0.15387412844519424,0.15690852207038028,0.15598268268238588,0.15861058217444127,0.15605461755839298,0.154098242543962,0.14607501359720385,0.14313036258020878,0.14031769999918925,0.1572164754203795,0.15499233870099796,0.1455340325781334,0.1472389153543613
8.0,2.8425705823837153,2.8565079299600855,2.8487611157510346,2.876680246292504,3.1717599188665098,3.2233777280521014,2.8581963185921992,2.953928837076188,3.102000766918695,2.8011891096627153,3.023859438610121,3.0892168957466786,3.110161191714335,2.8973381288175015,2.782036202089331,3.0377073024066954,2.6664962294783785,2.7701026774806796,2.647612098569664,2.8266553563216297,2.905511150133112,2.9918275995376895,3.3376350123631524,3.0616438154948407,3.0379615287513637,3.4748184121927497,2.875219706543388,2.658924945396573,2.4880376882901336,2.497943256753973,2.782142428880727,2.7560556871904107,2.5354298404304028,2.483673727085318,2.7090372012672757,2.7251964109096054,2.9716683714848706,2.0741280581183634,2.187356161470325,2.437267299131936,2.9853722088635486,2.8110555748655655,2.8002335782457095,2.2907873469436617,1.9242816019106554,2.4570387223902705,2.4811472094438884,2.0230377661393515,2.5836437102404646,2.716094504524946,2.796798037480212,2.8432589144586515,2.8302312810727153,2.8993931326863343,3.1215185322486545,3.2237248665511586,2.81384632366321,2.9033059488111617,3.0939389696245923,2.790659651510606,3.0134093285012273,3.1244248792777913,3.172263633114319,3.0038376285167514,2.75853143550313,2.9382948104429625,2.629119490577228,2.7393376692534743,2.6239239502254854,2.804166025832302,2.9332365279572143,3.007088833317334,3.3697495755357476,2.9939841388747452,3.0429520946904107,3.42397700186325,2.8328156270434155,2.663808626870861,2.4691241288861736,2.441885753047715,2.775381125461916,2.724788384881844,2.543611802144967,2.4889238437826946,2.7344171925326397,2.707136606272549,2.9515669404876537,2.062376233092375,2.1644588316372393,2.386582917350016,3.0089429869131337,2.9071698214541906,2.8385878055707283,2.285052043137697,1.934390106725089,2.5178559534158156,2.5266695938802655,2.0944532658653796,2.6172479746117907,2.7820913836469003,0.14993434628346777,0.14946691138043994,0.15148829246447318,0.14595266056671932,0.16766961397854158,0.1631911821477342,0.1471630353266504,0.1593162541055355,0.13743701138847497,0.14465115369256593,0.1640537138924293,0.15811218313757316,0.15823898187598415,0.15335190038553775,0.15291570016252531,0.1643259704263858,0.1477106066968913,0.13355754101782327,0.15703799892284695,0.1515844713091637,0.16609740790871083,0.1455066706374958,0.17078701138720045,0.17248338221208329,0.13469004723604824,0.1652647312418866,0.15433261644354843,0.14970355256871934,0.13964411473450816,0.15155554111831077,0.1553162158945973,0.1633265619396254,0.16237377385248494,0.13981346094154715,0.14713594966118956,0.17724457095371282,0.14414719691592495,0.14362009361390468,0.16056779997873077,0.15282811111670508,0.1519491475798069,0.15463985071114547,0.15336109488280594,0.14723085016008464,0.1432967120544433,0.13570368141012937,0.14973438215504012,0.13802242249662505,0.14062085861736578,0.13759689525573113,0.14690694977923577,0.143688179802989,0.15216693810230364,0.1542668538644743,0.16925884808583838,0.16815459633651855,0.14734266724868683,0.14997475617514647,0.1444750816652385,0.13843261162311515,0.16309257877139577,0.16560821437839593,0.15890260141974288,0.15393528322132663,0.15703950295204902,0.16778617555909578,0.14385606228918496,0.13653933683354896,0.1574833223232884,0.15486450296193535,0.1635519427571375,0.14602429803427794,0.17661146443950504,0.17107720775289523,0.13555169668399425,0.16216120613900806,0.1585713190950229,0.1521324833453402,0.1425475303718521,0.15191493589575436,0.16871466192497128,0.16932449954534748,0.16354700132163633,0.14203388757208046,0.13831544246798705,0.18116152982301598,0.1490836868267669,0.15151653211735325,0.15574272360629912,0.15360850595799047,0.15724658588250268,0.155498878820363,0.15340197880954945,0.14457773847715133,0.1413303525457855,0.1391923326414101,0.1558822077800275,0.15295942774563875,0.14404638298092157,0.1458297799393294
9.0,2.8050123396000206,2.822101136339654,2.818683276989336,2.8409268779452894,3.138569496616987,3.2014036528749776,2.837228975541647,2.918756424258629,3.0758837510234867,2.7736428748088686,2.992676638807774,3.064647798982915,3.0908126992119027,2.868945644861389,2.7518156038914787,3.008847696598173,2.6373402816171847,2.7513219829718976,2.611391644454657,2.7996408453730237,2.885686082890415,2.969385354416704,3.3319260383685614,3.0328236610357737,3.0156924083902434,3.4583194475990506,2.8482065933305636,2.6222327724453987,2.4581354547630516,2.4679175931973694,2.7739767123248993,2.7453987250269196,2.5047385538335956,2.45136435016107,2.681985946153764,2.7006633625709213,2.9445217030652553,2.0547934993871997,2.173640500722757,2.4213062011186377,2.962214437217058,2.7893237086876104,2.7734061653844186,2.2632492396102264,1.9038518193135103,2.4320681266835873,2.4528952747845376,2.0116642696023743,2.5576204407480336,2.6926182249264308,2.7600388828178044,2.81172562102231,2.8049384701919253,2.8648899795734626,3.0877852920860165,3.2021731386879857,2.7909628634760235,2.8671183711929795,3.069422443494138,2.7621946023654353,2.981356043963102,3.1017878539215817,3.1477686041235042,2.9751764361955195,2.7306868193776666,2.912765402038725,2.597732702594858,2.720072673504744,2.588535515471102,2.7738901468334816,2.912554131476262,2.985348004337129,3.3652534324956114,2.968901834414696,3.0197936426871452,3.4099481281146016,2.8059397557874317,2.6278806606109426,2.4392551453557885,2.41260723768639,2.7671046407000426,2.7150955926382454,2.5126443396653757,2.456876832767502,2.7094083691856716,2.684202413260725,2.9258166889717154,2.0424066852329408,2.1507168256682507,2.3708768143386454,2.9849189389191806,2.8851569336539002,2.8137261436031284,2.2592466247470036,1.915262917141483,2.49317448774845,2.4972712740398086,2.0802924855455474,2.589237323832102,2.7602673549234455,0.14826308266379687,0.1479798282553993,0.15034874969043135,0.14494630003893794,0.16601650323266492,0.16153433152147423,0.1462856864026553,0.1585870821503067,0.13697310755515668,0.1431989484306141,0.16213043364087992,0.15671625986086038,0.15628433571264175,0.1519598270711727,0.15156225998095968,0.16309180720213565,0.1460245117373375,0.1326276726796826,0.1558347982402535,0.15011141308554335,0.16571395668443098,0.1447051506726961,0.16960610107496998,0.17069196755557467,0.13392337359674372,0.16295278292668636,0.15246045509004016,0.148871185768557,0.13880231441965202,0.15015135498670615,0.153475470202404,0.16122572312921757,0.1601991401115084,0.138821213397164,0.14587574646587675,0.17530883732390454,0.14360122261275604,0.1420383229797209,0.15892687058347763,0.1509523637872324,0.1505423013160863,0.15308111397174887,0.1515840619199228,0.14558319112933518,0.14192544044467603,0.1345753739926118,0.148740697091286,0.13619647450195757,0.13943853124165892,0.1364913753194654,0.1455897345409123,0.14263387465976501,0.15079711892136172,0.15332013778140777,0.16743227982893377,0.1661917236540359,0.14606356283203611,0.14916700961532994,0.14331749622180226,0.13757604808539606,0.16198631669664948,0.16376031541500333,0.1571645240977369,0.1527766359241462,0.15559132506732845,0.1661681831335566,0.14240078171892384,0.13586610726458945,0.15639412126368535,0.15317273341577786,0.16314092155637464,0.14500422006034763,0.1755844970230713,0.1696766342987181,0.1350611665261963,0.15998160703202557,0.1565520260352291,0.15117557895411576,0.1418304230068051,0.1505291742093458,0.16596522183586532,0.16687843607700006,0.1615696436940077,0.14078146088420682,0.1375035798339601,0.1794466143431866,0.1489376448132088,0.1493573429375119,0.15465859485325212,0.15141905464633693,0.15595479963113498,0.1549492512589771,0.15270832996133923,0.1431431924904733,0.13963464250516666,0.13811847558329615,0.15461015655714846,0.1510370495389833,0.1426515013225852,0.14448521640314224
10.0,2.7698163809739342,2.789817995409444,2.7903626013467986,2.807356036197358,3.1072468783432585,3.180566027464839,2.8173481025629434,2.885578976816174,3.0511376437451063,2.7476229112643593,2.9631975438376763,3.0414275761897924,3.0724553521180256,2.8420847338457067,2.7234083176159762,2.9814893028815166,2.609958762844341,2.7334181781217564,2.577452108354252,2.774158865695604,2.8670429930813803,2.948334253854281,3.326605221118884,3.0054313172259626,2.9944649674441295,3.442438373187046,2.8227843922800835,2.5878065531595853,2.430078342151648,2.439764766751726,2.766039096032128,2.735159368690106,2.4760206194372008,2.421119921801459,2.6565389540491138,2.6776552025168776,2.9188060942209635,2.0368007927151868,2.1607720491059013,2.4061221850394765,2.9402054450942146,2.768520656871557,2.7481456074251573,2.237395686777173,1.8844866917161882,2.4086713636101655,2.426277072586887,2.0010717231594035,2.5331491630844627,2.670581602032404,2.7255797016727805,2.7821436728345117,2.7811306451899167,2.8324137302296877,3.056009108643089,3.181687374737848,2.769324726088494,2.833021152448309,3.0462081774673346,2.735299448400963,2.951008634472546,3.08038813754586,3.1246296002053358,2.948074594269733,2.704476483130167,2.8886494942314336,2.5682852435716,2.7017073531335396,2.555362035499666,2.7453063381451006,2.893115099567248,2.9649559567970813,3.361130957606277,2.9450133152073406,2.9977457750480663,3.3963843820058166,2.780598773922144,2.5941923269680855,2.411214332738728,2.385115741863578,2.75909017726094,2.7057768885766516,2.483692626245838,2.426829225804514,2.685881428349033,2.6626842241075117,2.901417831982185,2.023802367861081,2.1378272534117304,2.3559572375455957,2.9620869259799436,2.8640786656473076,2.790284962941475,2.234963203716955,1.89706324674015,2.4700123444030564,2.469571459107344,2.066999410488959,2.5628768942165885,2.7398121958485793,0.14668103754329642,0.1465759022089579,0.1492676856476984,0.14398582309654773,0.16444211576192216,0.15995764509321891,0.145413271475474,0.1578645474419306,0.13648603810423857,0.14181862844193982,0.1603315188318358,0.15539354566369648,0.15447903245452255,0.1506571713465145,0.1502919781992247,0.16194330466298232,0.14443259865347782,0.1317476605805311,0.15468456987232468,0.1487264373615767,0.1653249111204384,0.14391735695783528,0.16849025186709107,0.16902830080783396,0.13318442483416765,0.16081773017138506,0.15071680214113226,0.14806157714230575,0.13800444293428935,0.1488531230970158,0.15178081396357818,0.15928130810919566,0.15818497834284842,0.13787729899406612,0.14468170655693638,0.1735301233327239,0.14305310920448702,0.14059322010836436,0.15742461566834812,0.14921147056896106,0.14922926832287714,0.1516371022419378,0.14993055317576384,0.14403327748552136,0.14062269702425276,0.13351095208667207,0.14778910172851217,0.13448712009881186,0.13831166110915472,0.1354337842982695,0.14431911065856928,0.14162428716998346,0.14950062497945532,0.1523923414696665,0.16569062540892188,0.16433748645903265,0.1448369313240706,0.1483947063095877,0.1422085091696876,0.13673145568517944,0.16092512988004753,0.1620184906698419,0.15554091252024732,0.151677640237098,0.15422648099604389,0.16466200484034602,0.14101804288533884,0.1351835889254078,0.15535714325344063,0.15160908078513186,0.16272317647950502,0.144021694576318,0.17457810154014097,0.16836802568720374,0.13455167138773905,0.15796348203752514,0.15467387209370603,0.1502575088507577,0.14113449190535868,0.14925313120640796,0.1634152319138106,0.1646098522317103,0.15972698560869442,0.1395944447284147,0.1367180777859613,0.17787590575484039,0.14874227755063782,0.14738427424731165,0.15365362289775042,0.14940508622439666,0.15473243250996832,0.15440810518248377,0.15202020182635323,0.1417714831021457,0.1380401961452089,0.13709449677142835,0.1533982101164704,0.14921935994895685,0.1413448511762727,0.14320329082260924
11.0,2.736910678655476,2.7595919707202947,2.7637454449384045,2.7759014947842786,3.0777336701299247,3.1608265381132874,2.798519937457164,2.8543389882465324,3.027723624545595,2.7230826606976755,2.9353728745187366,3.019516367055254,3.0550590527186214,2.8167107017812025,2.6967577873053767,2.955590293803156,2.5842955223159154,2.7163659289861366,2.5457220970834404,2.750166246152437,2.84954410774333,2.928631826052641,3.321657122330319,2.9794250676580107,2.974250634871077,3.4271565768052072,2.7989029300564323,2.555576116039391,2.4038094916351342,2.413425976558099,2.7583208114373585,2.7253231923006287,2.449213165117205,2.3928766339167944,2.6326473337856315,2.6561198073510313,2.8944781771234425,2.0201044004908586,2.148722679765086,2.3916928467340814,2.919312584052767,2.748622491049101,2.7244032342215827,2.213175709996104,1.8661585959922193,2.386799918804612,2.40124348528055,1.9912353988077698,2.510183033662199,2.6499413495446547,2.6933514294181724,2.7544508641673566,2.758760779475335,2.8019042778396654,3.0261289033169967,3.1622324170508747,2.748893184108592,2.800954252249456,3.0242584318435846,2.7099267572371466,2.922319159511059,3.0601884186737545,3.102805268454837,2.9224855325608616,2.679849614489144,2.865905119443667,2.5407166080481765,2.6842159968679913,2.524334315592351,2.718368404505563,2.8748798326979097,2.945871520656999,3.357366439973488,2.9222845833898035,2.9767778985210187,3.3832715656130268,2.7567449580572823,2.562673671720674,2.38494509247954,2.3593552245089815,2.7513272490404557,2.69681863273403,2.4566917463186915,2.398719239649516,2.6637903683676742,2.6425335355992208,2.8783296053930103,2.006516899097712,2.1257612276430238,2.34180107761456,2.940413088717864,2.843909867532292,2.768219416839414,2.212156935563089,1.879769273912957,2.448323151359674,2.443519850084962,2.054549034987312,2.5381176452950984,2.720683349674161,0.14518425702263624,0.14525187731433362,0.14824234538152298,0.14306965781236083,0.16294295848297896,0.15845866506930475,0.1445482340865243,0.15715001217719826,0.13597894116498316,0.1405074103307338,0.15865050380857965,0.15414131535627174,0.15281388377629218,0.1494390394476177,0.1491013447639419,0.16087634012896448,0.1429302541202041,0.130915164999936,0.15358649107112404,0.1474257352723094,0.1649331791630503,0.14314482191393108,0.167436433674958,0.16748653465185948,0.13247263461001713,0.1588498209987811,0.14909614135282745,0.14727534515573945,0.13724940777074696,0.14765606629512704,0.1502242381783428,0.15748512057930797,0.15632332111148628,0.1369813728031013,0.1435504731221328,0.17190093083818173,0.14250573851397036,0.13927728872154788,0.15605365420969416,0.14759995859059186,0.14800608902495316,0.15030235053690533,0.148394587477914,0.1425770464622766,0.13938650879160477,0.1325081900934485,0.14687885508900522,0.13288948669768702,0.13723795526968835,0.13442324673863587,0.1430944300557533,0.14065792773211142,0.14827346253230894,0.15148414463074034,0.1640305822521321,0.16258780958769853,0.1436615164459144,0.14765725076695885,0.14114775856634845,0.13590096478524272,0.15990779103396188,0.16037760839119877,0.15402622137852096,0.15063619018394034,0.1529412468248035,0.16326088957253923,0.13970475261223683,0.13449517302525088,0.15437024075580918,0.15016819683877236,0.16230131840625028,0.1430754734454163,0.17359239093939785,0.16714661408089285,0.13402697588449825,0.15609766940279513,0.1529299241937752,0.1493777408758402,0.14046012014544892,0.14808050364613684,0.1610530721769315,0.16250857106714767,0.15801155115941612,0.1384699991079016,0.13595813457110303,0.1764425434061457,0.14850495712882164,0.14558584690678011,0.1527253019271231,0.14755776024898096,0.15357694691936627,0.15387759626156877,0.15134021641011747,0.140462425457988,0.13654393845030013,0.13611887833954758,0.15224445210990678,0.14750105425628415,0.14012227101444932,0.14198219110625318
12.0,2.7062232047946635,2.7313565258230765,2.738778163879148,2.7464970274415985,3.0499714780615887,3.1421468711118967,2.780710718025426,2.824978952047474,3.00560287288702,2.6999755647772887,2.909153351669842,2.9988743112672025,3.0385937032996235,2.7927788546785988,2.671807457002252,2.931108841909503,2.560294409188046,2.700139901620943,2.516130217457211,2.727619815606604,2.8331516539135695,2.910235599214073,3.317066303719101,2.9547631959244725,2.955020839629132,3.412455446301985,2.776512033324089,2.5254712895850906,2.379272044392696,2.388842421757553,2.750813089975506,2.7158757699791636,2.424253318749596,2.36657067841738,2.6102621941956268,2.636005053676914,2.871494583944107,2.0046587851027584,2.1374642658456446,2.3779957820420936,2.8995032056504875,2.7296052828519106,2.7021303756273687,2.1905383308186157,1.848839909015132,2.366405277901505,2.377745395295182,1.9821305685448352,2.4886752088937047,2.6306541811649775,2.6632850014269693,2.728584989293038,2.7377818464568113,2.77330151558803,2.998083597504849,3.1437731079771845,2.729629510144249,2.770857630268711,3.003535466922314,2.686029096493964,2.895239678560161,3.0411513858283783,3.0822542559670323,2.898362680890389,2.656755401183078,2.844490310098044,2.5149662905652614,2.6675728934361933,2.495383161030365,2.693030150653239,2.857808731336006,2.928053525876694,3.3539441687029856,2.900681641099223,2.9568594198538407,3.3705954810124337,2.7343305848025836,2.533254740647107,2.3603908260227247,2.3352696445523886,2.7438053699344582,2.68820718514738,2.431576784316292,2.372485091058365,2.643089187586545,2.623701844522207,2.8565112450782095,1.9905038970636655,2.114489861137494,2.328385225189146,2.9198635677552898,2.82462538940673,2.747484658550511,2.1907829758009805,1.8633591770518128,2.4280605365983994,2.419066147974683,2.042916353332323,2.5149105365974926,2.702838259652066,0.14376911634089162,0.14400468840035066,0.1472702533353002,0.14219641451383414,0.16151585377083144,0.15703510141727703,0.14369281160947092,0.1564448114898392,0.13545483820532458,0.13926272173832618,0.15708142197348954,0.15295706248423047,0.15128045322592623,0.14830098852238166,0.14798707490089466,0.1598871591231988,0.14151323906349003,0.13012809939311354,0.15253974816031754,0.1462057426719606,0.1645414603245706,0.14238895238861857,0.16644193257080636,0.1660612245392467,0.1317875528878948,0.15703997598784075,0.1475932074987051,0.14651307552289947,0.13653616228025173,0.14655560993739428,0.148798332671992,0.1558295136788896,0.15460666799458256,0.1361329663243946,0.142479052074085,0.17041423482052162,0.14196169778542925,0.13808350255342242,0.1548070230829818,0.14611255188132768,0.14686903918592975,0.1490716871538241,0.14697055881859247,0.14121069308301576,0.13821502406126007,0.131565004680422,0.14600931783627802,0.13139896497872813,0.13621537170095385,0.13345891085327574,0.14191506008383037,0.13973352628376814,0.14711206533070567,0.15059628546114837,0.16244905412338764,0.16093883485275665,0.14253612711812025,0.1469540588811438,0.14013479985843122,0.13508647377024008,0.15893327418124845,0.15883297069928784,0.15261525135520007,0.1496503359108335,0.15173223295873814,0.16195873858920504,0.13845801184638706,0.13380394051335745,0.15343155997617225,0.1488449153163392,0.16187787607572499,0.14216453021134737,0.17262763636273243,0.1660080960843221,0.13349053522406057,0.15437567689015558,0.15131367337632504,0.14853580705348535,0.13980771004675563,0.1470054562754894,0.1588679781568128,0.16056518844289575,0.15641648412144493,0.13740553266774563,0.13522313581595913,0.1751401253689776,0.14823228509341474,0.14395135043695967,0.15187115243475396,0.14586863708725029,0.15248602896251637,0.15335968705016575,0.1506707374359418,0.13921559697070673,0.13514278706448465,0.13519020994235081,0.15114713797235518,0.14587731486746078,0.1389799380601498,0.1408202198046609
13.0,2.677681931541511,2.7050451242686493,2.715407114284038,2.7190764079049052,3.0239019082228884,3.124488712752253,2.7638866820688017,2.7974413617167513,2.984736568231434,2.6782550651716868,2.88448969610986,2.9794615485135916,3.0230292061469624,2.7702444985486134,2.648500770749169,2.9080031197469927,2.537899272616803,2.684714762082063,2.4886050762906176,2.706476402921189,2.8178278586293817,2.8931031015408335,3.3128173270014094,2.931403985617967,2.9367470106763713,3.3983163695258187,2.755561528747538,2.4974219022969333,2.356409141603572,2.365955301491147,2.743507163081497,2.7068026758463963,2.401078208210405,2.34213824721353,2.589334644111388,2.6172588180980605,2.849811946854403,1.9904184089394241,2.1269686804929204,2.3650085868030803,2.880744661445132,2.7114451039117036,2.6812783614961844,2.1694325707963107,1.8325030076584499,2.3474389265354625,2.355733685060427,1.973732504367957,2.4685788451914137,2.612676810595133,2.6353113530721863,2.704483842483693,2.718146819542993,2.7465453366594152,2.971812112603771,3.1262742898669216,2.7114949768034546,2.742671246178387,2.9840015430029343,2.6635590337913615,2.869722251101317,3.023239727532914,3.062935209836947,2.8756594690797908,2.635143030940478,2.8243630986171544,2.490973785663547,2.6517523315662577,2.468439377094866,2.669245381326514,2.8418621959492585,2.9114608024159563,3.3508484329005226,2.8801704904727274,2.9379597457943714,3.3583419302802024,2.7133079307677948,2.505865579525788,2.3374949348128347,2.312802960923522,2.7365140538388193,2.679928905853655,2.4082828246709687,2.3480649967868947,2.6237318843505886,2.6061406476628335,2.8359219869117527,1.9757169798798018,2.103984266670508,2.3156865709130288,2.9004045037146557,2.8062000813685115,2.728035841328395,2.1707964799461994,1.8478111345485992,2.409178128099268,2.3961600537785945,2.032076359815689,2.4932065276536166,2.6862343690341532,0.1424322879529871,0.14283144804618458,0.14634918389060014,0.14136485838225255,0.16015791421763667,0.15568481581042304,0.14284904808563625,0.15575024057175968,0.13491662360774673,0.13808217859112953,0.15561876061929047,0.1518384750021036,0.14987099440796675,0.14723898309689765,0.1469460925593139,0.15897233244850548,0.14017765839538668,0.12938460291777082,0.15154353570031687,0.14506312081484432,0.16415225410628675,0.1416510393428771,0.1655043221762427,0.16474729850206107,0.1311288217573827,0.15537974872814628,0.14620297350914246,0.14577531162990573,0.13586370505488674,0.14554738279076884,0.147496235373493,0.1543073546117668,0.15302795642936232,0.13533151328984747,0.14146477098224164,0.16906344906417606,0.14142330374929352,0.13700527908398744,0.15367815649613398,0.1447441651737085,0.1458146142619562,0.14794022458920425,0.14565321056773037,0.13993065336554222,0.1371064947662043,0.1306794473018884,0.14517992531225798,0.13001119377254408,0.13524208592572734,0.13253994788606285,0.14078037619387623,0.13884999816416993,0.14601324880533734,0.1497295350142982,0.16094313904670157,0.159386908864204,0.1414596313253329,0.14628455830466738,0.1391691156144865,0.13428965944783092,0.158000719613099,0.15738027745181613,0.15130313304624965,0.14871827947427382,0.15059635155825207,0.16075004364397022,0.13727510459459769,0.13311267987484007,0.15253949817031673,0.14763424497889857,0.16145527196674747,0.14128803148070934,0.17168422664317665,0.1649485853733432,0.13294551177317218,0.1527896396144602,0.14981901130698028,0.14773128525776136,0.13917767359520028,0.14602259491508796,0.1568499849596374,0.15877102167993268,0.15493549379990568,0.13639868353203521,0.13451262181724088,0.1739626686247536,0.14793017173849626,0.14247080355904584,0.15108873652504345,0.14432967306588915,0.15145756268823976,0.15285616612290845,0.15001389460930814,0.13803038356775946,0.13383367722195885,0.13430718212586415,0.15010467423789173,0.14434376357312936,0.13791433470193887,0.13971578710951127
14.0,2.65121483104604,2.6805912296078485,2.6935786522680494,2.6935734099097224,2.999466566698401,3.1078137493259357,2.7480140673884166,2.7716687107520954,2.965085890040882,2.6578746035493386,2.861332628657702,2.961238218482335,3.0083354635465396,2.7490629394019885,2.6267811725887076,2.886231299862052,2.5170539617582794,2.670065176425388,2.4630752803986566,2.68669283695928,2.8035349489280925,2.8771918612351897,3.308894753893486,2.9093057203310524,2.919400576970849,3.3847207343252004,2.736001242991253,2.471357782675188,2.3351639244469533,2.344705814899951,2.7363942621902786,2.698089484023001,2.379624961375599,2.319515532215551,2.5698157923652225,2.599828977218033,2.8293868980257826,1.9773377343894223,2.1172077968522642,2.352708856856725,2.8630043029944603,2.694118025860161,2.661798521681712,2.149807451480794,1.8171202687956862,2.3298523503410635,2.3351592370059358,1.9660164782744756,2.4498470989677554,2.595965951536922,2.60936141972683,2.6820852180114545,2.699808672142517,2.7215756342385005,2.947253370010884,3.1097008050702097,2.6944508566941505,2.716335059650761,2.965618920384854,2.6424691367493387,2.8457189366160676,3.0064161323104686,3.044806777159603,2.85432932695054,2.614961691489873,2.8054815174236225,2.4686785878837187,2.63672859998631,2.4434337690670698,2.646967901263771,2.8270006270054284,2.8960521802345807,3.3480635216718455,2.860717133647428,2.9200482830904413,3.3464967154924965,2.6936292725626334,2.480436234135125,2.3162008202943625,2.2918991325521563,2.729442814649383,2.67197015488987,2.386744951815068,2.325397173590907,2.60567245700475,2.58980144180742,2.8165210667676335,1.962109765666985,2.094215557017433,2.3036820054298452,2.882002037218365,2.7886087935155186,2.709828118426639,2.152152603514288,1.833103324795213,2.3916295538423373,2.3747512684987626,2.022004048729111,2.4729565779933327,2.6708291210723125,0.1411707131764945,0.1417294348425041,0.1454771348181501,0.14057388653912295,0.1588665191499181,0.15440580830114622,0.14201880850285747,0.15506754619155355,0.1343670587219067,0.1369635652619678,0.1542574196593724,0.1507834142898893,0.14857839259020497,0.14624935526880045,0.14597551511658896,0.15812871844632054,0.13891993274791234,0.12868301538299798,0.15059705687148234,0.14399473832970833,0.1637678696835461,0.14093226754708651,0.16462143711188762,0.16354002881147478,0.1304961558545689,0.15386128606504387,0.1449206385558302,0.14506254960143175,0.13523107929176628,0.14462721395637199,0.14631158498046382,0.15291199064873806,0.1515805339446639,0.13457637164027253,0.14050524258656433,0.16784239381288957,0.1408926263887783,0.1360364534184922,0.15266086545343047,0.14348989758980626,0.14483951478603566,0.1469033485188672,0.14443761089119703,0.1387335878362526,0.13605926147301656,0.12984969609405383,0.14439016599109014,0.12872204473748608,0.1343164618985487,0.1316655517347191,0.13968975795501543,0.13800641524880658,0.14497416890340145,0.14888467860458002,0.15951011835488643,0.1579285718948854,0.14043095162543903,0.14564818994730014,0.13825012545077087,0.13351199028725708,0.15710940495756692,0.15601559264144013,0.1500853096374343,0.14783836884381968,0.14953078698051017,0.1596298300906692,0.13615348776945518,0.13242390707027524,0.15169266719932836,0.14653136302488712,0.16103580640880524,0.14044531156891255,0.17076263673116973,0.1639645696884222,0.13239479406705157,0.15133227849729577,0.14844020692127685,0.14696378568229987,0.13857042555820948,0.14512693883426137,0.15498987330329148,0.15711805945491467,0.1535628056547633,0.13544730176038994,0.13382625993649233,0.1729045730308476,0.14760390805729393,0.14113491407101791,0.15037566969136604,0.14293321227258485,0.15048960771118766,0.15236866513915528,0.1493716065351411,0.13690601859303017,0.13261358074364918,0.13346857980660323,0.1491156002920321,0.1428964180649438,0.13692221739497737,0.13866740409264633
15.0,2.626749875458244,2.6579283053915517,2.673239133946175,2.6699218071916513,2.976607059572751,3.092083667124547,2.733059111785347,2.747603492651265,2.946612017777434,2.6387876215787305,2.839632870132236,2.9441644608613533,2.994482377784288,2.729189483249442,2.606592106563436,2.865751554801104,2.4977023257685733,2.6561658107068427,2.439469436596337,2.66822594658396,2.790235151847005,2.8624594064994,3.3052831461115355,2.88842668365632,2.9029529674706236,3.371649928548552,2.717781002719724,2.4472087592201244,2.315479534102055,2.325035161125006,2.7294656187367643,2.689721768629651,2.359830706121203,2.298638725333756,2.55165674778944,2.5836634076403664,2.8101760696296614,1.96537122384126,2.1081534880690045,2.341074188042595,2.8462494818562427,2.6776001203289708,2.6436421860375865,2.131611994423657,1.8026640693003868,2.3135970349529305,2.315972933561346,1.9589577622617427,2.4324331266352055,2.5804783176921156,2.585366136763912,2.6613269101484978,2.6827203776640345,2.6983323015099097,2.9243462911233205,3.0940174959371904,2.6784584224242947,2.6917890303581236,2.9483498593675015,2.6227119729878434,2.823181794585877,2.9906432886841863,3.0278276050300255,2.834325684324123,2.596160570559737,2.7878035989400463,2.448020191766464,2.6224759874244254,2.4202971422281454,2.6261515152034027,2.813184424972253,2.881786489292382,3.345573724122686,2.8422875727604593,2.9030944384899007,3.3350456387255036,2.6752468867968537,2.456896750253513,2.296451883911847,2.272502118367994,2.722581166262034,2.664317292292998,2.3668982501809266,2.30441983822625,2.588864903893978,2.574635723742356,2.798267720519808,1.949635872546077,2.085154844953611,2.2923484193832477,2.864622308888805,2.771826375945624,2.6928166430988743,2.134806502020821,1.819213926183541,2.3753684418076975,2.35478949313722,2.0126744143643043,2.4541116471464886,2.6565799590183774,0.13998157696761512,0.14069608272324607,0.14465230337718965,0.13982250900370938,0.1576392927920392,0.15319620618471494,0.14120379397050903,0.15439792176289752,0.13380876953508503,0.13590481726029663,0.1529926738971836,0.14978989695500164,0.14739610973438594,0.14532876836063366,0.14507263923072275,0.15735342988727147,0.1377367721121478,0.12802185458652693,0.1496995248044205,0.14299765444845008,0.16339043648221527,0.1402337251557703,0.16379134843948334,0.16243500528114804,0.1298893266767065,0.15247728845804856,0.14374161691314857,0.14437523701943178,0.13463737213585528,0.14379112811262976,0.14523847684368302,0.15163721636175445,0.15025813168669927,0.13386684212265518,0.13959833241569558,0.1667452652919695,0.14037151216673807,0.13517125240701205,0.15174931726951918,0.14234502627291915,0.14394063269179147,0.1459567052718613,0.1433191293618003,0.13761636543025005,0.13507174068418348,0.12907404738152417,0.14363956447301057,0.1275276069874201,0.13343702672004454,0.13083493875984134,0.1386425876255886,0.13720198160951944,0.14399228506081738,0.14806250292398765,0.15814744668530764,0.15656054752688975,0.1394490620055681,0.14504441017014236,0.13737719594430903,0.13275474160473136,0.15625872138652636,0.154735313091937,0.14895751864770004,0.1470090904689083,0.1485329690093329,0.1585936046405057,0.13509078183275317,0.13173988686759988,0.15088986245410396,0.1455316088184118,0.1606216483100528,0.1396358501106891,0.16986340347299184,0.16305287173599906,0.13184101745415353,0.1499968594637875,0.14717188331857356,0.14623294119155572,0.13798637884331968,0.1443138928500482,0.15327911737306646,0.15559891296786865,0.15229311624908484,0.13454943312352105,0.13316382134657873,0.1719605887007456,0.1472582311404515,0.13993503819238948,0.1497296294895713,0.14167197540776857,0.1495803797882642,0.15189867412055716,0.14874560227044484,0.13584161529412825,0.13147951974359326,0.13267327590456235,0.14817857224715733,0.14153165240414273,0.13600058794573897,0.13767367620696452
16.0,2.604215036928162,2.6369898151706224,2.654334915433421,2.6480553734862373,2.9552649929305472,3.0772601524396266,2.718988053060674,2.7251882009120116,2.9292761309031476,2.620947560928344,2.8193411413523792,2.9282004153385897,2.981439851146133,2.7105794361016953,2.5878770167159177,2.8465220571105663,2.47978821380379,2.642991330982272,2.4177161516986887,2.6510325606583063,2.777890694423405,2.8488632655357518,3.3019670653717705,2.8687251591863623,2.8873756111337636,3.3590853400443454,2.7008506345974173,2.4249046604319933,2.2972991117480777,2.3068845393073723,2.722712464155901,2.681685103787019,2.341632570323185,2.2794440184784426,2.5348086192163426,2.5687099859685976,2.7921360938375,1.954473339683516,2.0997776272884923,2.330082176200339,2.8304475495882353,2.661867458949841,2.626760684417499,2.1147952211764935,1.7891067860460688,2.2986244660056347,2.298125657156303,1.9525316283271184,2.416290084606176,2.5661706227625074,2.5632564395564437,2.6421467131669574,2.666834909516185,2.67675523165828,2.903029797338181,3.079189204817993,2.663478946601836,2.6689731179727945,2.9321566202502862,2.604240110126861,2.8020628844922575,2.975883885177202,3.0119563405432372,2.8156019710219904,2.5786888558785606,2.771287375589022,2.428938091852489,2.6089687826087515,2.3989603018592716,2.606750027883787,2.800373990317465,2.8686225595491464,3.343363329358818,2.824847809948954,2.887067618740565,3.323974502055389,2.658113050080177,2.435177173659362,2.278191527109823,2.2545558773008207,2.715918622572604,2.6569566781000016,2.3486778042008822,2.285071207448756,2.573263223363225,2.5605949902539638,2.7811211840422905,1.93824891863794,2.076773243254424,2.2816627034168886,2.8482314593483853,2.7558276787567166,2.6769565685986745,2.1187133309813655,1.806121117105475,2.360348419975408,2.3362244286960396,2.0040624510129588,2.43662269464294,2.643444326124241,0.13886228542516948,0.13972897120934666,0.14387306482828507,0.13910983295807222,0.15647408397949106,0.15205425460609817,0.1404055573332964,0.1537425052330085,0.13324424722872052,0.134904006109989,0.151820138501911,0.1488560789555414,0.1463181329074766,0.14447418377176008,0.14423492774775962,0.15664380495702507,0.13662515128005298,0.1273997959582746,0.14885016460934414,0.1420691034372885,0.16302191533858792,0.1395564130599998,0.16301234101999562,0.16142811007483432,0.12930815016311484,0.15122097076363217,0.14266152745974492,0.14371377444126665,0.13408171400625943,0.1430353393892841,0.1442714219105347,0.15047724203176183,0.1490548391754317,0.13320218394093047,0.13874213006499106,0.16576660701259488,0.13986160651494467,0.13440426912597972,0.15093801519512356,0.14130499999525595,0.14311503849666815,0.14509618818950948,0.14229341474887464,0.13657604785787714,0.13414241407398803,0.12835090699592322,0.14292766825774794,0.1264241718222392,0.1326024487558683,0.1300473477198405,0.1376382506293492,0.1364360130429441,0.14306532686866696,0.14726378771956178,0.1568527427733595,0.1552797328895686,0.13851298581045154,0.1444726933612775,0.13654965036626524,0.13201901196721536,0.15544815412670002,0.1535361392634906,0.14791577305862139,0.14622906076788783,0.14760054865394587,0.15763730745505117,0.1340847621366437,0.1310626549303067,0.1501300363865476,0.14463047782004682,0.16021483111321316,0.13885925235307733,0.16898710738728445,0.1622106136204391,0.13128658570589782,0.14877715355248458,0.14600899504163203,0.14553840076694732,0.1374259417043705,0.14357921956893704,0.15170983446038905,0.15420676854432197,0.15112155211488607,0.13370330402899594,0.1325251614856871,0.17112578644041926,0.1468973836934538,0.13886313962250252,0.14914836154282657,0.14053904616798885,0.148728233976755,0.15144755519991962,0.14813744153265723,0.13483619375997685,0.130428575758336,0.13192022515941038,0.14729234868282767,0.1402461611295522,0.13514666706237444,0.13673329705365667
17.0,2.583538287605798,2.617709222495902,2.636812352844775,2.6279078825290396,2.9353819728564106,3.063304891562793,2.705767129015519,2.704365329032083,2.9130394088800817,2.604307863266664,2.800408163136994,2.913306221601976,2.969177785917989,2.693188103969495,2.5705793470887413,2.82850097933688,2.4632554750200097,2.630516403307594,2.397744032520725,2.635069508045404,2.7664638036946103,2.8363609665464855,3.2989310733904027,2.8501594305137377,2.872639936918314,3.3470083566610302,2.6851599652888263,2.4043753148110687,2.2805657985642447,2.2901951485881185,2.7161260298826124,2.673965063615784,2.3249676818575744,2.261867603559925,2.519222515478232,2.554916588806287,2.7752236028207147,1.944598544304707,2.0920520876560444,2.3197104171695653,2.815565857748195,2.6468961133544466,2.611105346675116,2.099306153290909,1.7764207959062555,2.2848861291337847,2.2815682902204646,1.946713348467949,2.4013711292931377,2.552999580449891,2.5429632634774277,2.624482421338984,2.652105241107609,2.6567843178682713,2.883242810052602,3.0651807740627506,2.6494737018347476,2.647827282167068,2.9170014633326153,2.5870061157863464,2.7823142658167095,2.9621006103126386,2.9971516307942805,2.798111616865641,2.562495735174884,2.7558908797931796,2.4113717826824717,2.5961812742673933,2.3793540532416504,2.5887172440433135,2.7885297235088284,2.8565192209646924,3.341416626485973,2.8083638473500367,2.8719372305903064,3.313269107558332,2.642180039022341,2.415207550131062,2.26136315133279,2.2380043682803468,2.7094446974769753,2.6498746723478925,2.332018698307303,2.2672894980142333,2.5588214137574354,2.547630738128595,2.765040693209046,1.9279025220634214,2.0690418646952202,2.2716017481744135,2.8327956292195076,2.74058755204667,2.6622030481796504,2.1038282459114686,1.7938030759529102,2.346523116325509,2.319005776177286,1.9961431529668046,2.4204406800125353,2.6313796656417603,0.13781044566561487,0.13882581643595168,0.14313795314363553,0.1384350498120297,0.15536894733328765,0.15097830854355693,0.1396255188560937,0.15310237917203118,0.1326758510044361,0.13395932611531264,0.15073573738596754,0.14798024166111245,0.1453389259959913,0.14368283077541052,0.14345999758494302,0.1559973818313187,0.13558228698280536,0.12681565438995004,0.14804821588711398,0.14120648017158874,0.16266410999081707,0.13890125394170277,0.1622828927034878,0.16051549391890274,0.12875247699018777,0.1500860237277906,0.14167618371117038,0.14307851899845048,0.13356327791520703,0.1423562441748862,0.1434053085688233,0.14942666322544398,0.14796508024324564,0.13258162786616395,0.13793492372383268,0.16490128278284194,0.13936437543129013,0.1337304378517529,0.15022177823840627,0.14036543275570262,0.14235996927318598,0.14431792321777645,0.14135637396821227,0.13560987451420664,0.13326981936533738,0.12767878157326712,0.1422540376441672,0.12540821770467928,0.13181151876375446,0.12930203978299326,0.1366761374144524,0.13570791989325806,0.1421912640512224,0.14648930105185018,0.1556237809240153,0.1540831893569102,0.13762179450005377,0.1439325346691655,0.13576677810537843,0.1313057402301101,0.15467726656337918,0.15241504801124314,0.1469563421362213,0.1454970168794744,0.14673137630021404,0.15675726826723405,0.13313335087310815,0.13039404014225195,0.1494122759845795,0.14382361559673798,0.15981725280503717,0.13811523186554892,0.16813435929312925,0.1614351844834948,0.130733693048603,0.14766739812225016,0.14494680588147316,0.14487982538445102,0.13688951645094355,0.14291901214305527,0.15027473641970157,0.1529353418792546,0.1500436321705336,0.13290730750467838,0.1319102036667384,0.17039553090440893,0.14652516825396164,0.13791174861591457,0.14862968330235393,0.139527855667236,0.14793165004148112,0.15101655506745498,0.14754853360867792,0.13388870310144899,0.12945789502581612,0.1312084581511864,0.14645577803480728,0.1390369266981634,0.13435787004471092,0.13584504241192016
18.0,2.56464759964117,2.6000199909182427,2.620617802295215,2.609413108055631,2.916899605434926,3.0501795707856267,2.693362577450948,2.685077370509225,2.8978630311702767,2.5888219702621593,2.7827846563049894,2.8994420193394213,2.9576660843857887,2.6769707928635467,2.5546425417244487,2.811646494026438,2.448047958573319,2.6187156937387064,2.3794816858774372,2.620293617608347,2.755916706697929,2.824910037733874,3.296159731883664,2.832687781231044,2.8587173737823495,3.3354003662470673,2.6706588214584315,2.385550550857601,2.2652227357297505,2.274908188108304,2.709697547351832,2.6665472222366287,2.309773168600349,2.245845672488525,2.5048495454074056,2.542231092756954,2.7593952287507495,1.9357013000933858,2.084948742317039,2.3099365067898985,2.8015717578938775,2.6326621551744864,2.596627502664103,2.0850938123184934,1.7645784757544738,2.2723335099719697,2.266251715183451,1.9414781946815791,2.3876294171085157,2.5409219044560234,2.5244175438998693,2.608271828936736,2.6384843458469476,2.638359453324532,2.8649242506637025,3.051957046021592,2.636403960730975,2.6282914826132298,2.9028466489139184,2.5709625575862822,2.7638879980407145,2.94925615261367,2.983372122878152,2.7818080516765487,2.547530396177174,2.7415721439750924,2.3952607587970953,2.5840877511284366,2.361409201656466,2.5720069684203573,2.77761202501405,2.8454353034988094,3.3397179046098913,2.792801687100811,2.8576726807869375,3.302915257310493,2.627400130233093,2.396917925447031,2.2459101580252967,2.222791550236353,2.703148904871005,2.643057635073646,2.3168560169325056,2.251012926678512,2.5454934734215637,2.535694464152606,2.749985483894064,1.9185503009433995,2.061931822051361,2.2621424442994975,2.818280959124567,2.726080845913369,2.6485112350954174,2.0901064023267018,1.7822379811177336,2.333846158838075,2.303083236583005,1.9888915145175148,2.4055165627851296,2.6203434208228082,0.13682384775737022,0.13798446285904775,0.14244564371304735,0.13779742461687308,0.15432212580997645,0.1499668258728675,0.13886498169543454,0.15247857254548827,0.13210581266543392,0.13306908275493304,0.1497356742080899,0.14716077953534346,0.1444533846203916,0.1429521790177043,0.14274560851965498,0.15541187637411025,0.1346056166194429,0.12626836810317585,0.1472929355382022,0.1404073267929173,0.1623186786991692,0.13826910097528924,0.16160165525994596,0.15969355364683882,0.12822218510186884,0.14906657643959853,0.1407815842978104,0.14246978948182348,0.13308127879073683,0.1417504131366363,0.14263536723291906,0.14848043156436266,0.14698359011562415,0.13200438717574373,0.13717517757641082,0.16414445135300498,0.13888112607092518,0.1331450096519241,0.14959572127438428,0.13952209737560914,0.14167281734372908,0.14361825403753053,0.14050415216908402,0.13471524799938076,0.13245254260616127,0.12705626996570873,0.14161823820001254,0.12447639561394104,0.13106313366347108,0.12859829857914212,0.13575564627921083,0.13501719267074597,0.1413682794198754,0.14573979731404224,0.1544584830655148,0.15296813361446165,0.13677460702833094,0.14342345273936052,0.13502784368429202,0.13061572274905275,0.1539456873338205,0.15136926716708657,0.1460757322259874,0.14481180698324947,0.1459234820059542,0.15595016623044786,0.13223460955236305,0.1297356867590492,0.14873578361591727,0.1431068118010914,0.15943067900253916,0.137403595419137,0.1673057908311079,0.1607242110663587,0.1301843461900684,0.14666225933252133,0.14398086733519386,0.1442568857702344,0.1363774993657486,0.14232966784965026,0.14896708301255226,0.1517788341273333,0.1490552333575242,0.13215999018636584,0.1313189253691044,0.16976545616278868,0.14614499661771643,0.13707392139569183,0.1481714859618019,0.13863216538796955,0.14718921981599986,0.15060681630922687,0.14698015502428413,0.13299803959359782,0.1285646906146659,0.13053707554319022,0.1456677874495591,0.1379011899645329,0.1336317844855169,0.13500776452479388
19.0,2.547470945184283,2.5838555839885204,2.605697619899756,2.592504823801567,2.899759496750722,3.037845876399707,2.6817406361680884,2.667266818841181,2.883708177235801,2.574443323583316,2.766421341675237,2.8865679482388638,2.9468746488354385,2.6618828087945814,2.5400100446656384,2.795916773725707,2.434109513619835,2.6075638683315,2.362857718583852,2.6066617182102028,2.7462116304706647,2.8144680073001807,3.293637602567735,2.8162684949308785,2.845579350683934,3.3242427566509103,2.657297029770715,2.3683601970718677,2.2512130644238173,2.2609648570089877,2.7034182479984894,2.6594171537701996,2.295986158427513,2.231314417174527,2.4916408178361844,2.530601374424174,2.7446076037990506,1.9277360694381045,2.078439464416773,2.300738040900963,2.788432601583065,2.619141656041662,2.583278482238114,2.0721072198108588,1.7535522024642578,2.260918094154809,2.2521268144749316,1.936801438965367,2.3750181044647665,2.5298943084827044,2.5075502161967758,2.5934527302323644,2.625925197142849,2.621420531211695,2.848013040568579,3.03948286304464,2.624230995898485,2.610305678983572,2.889654437293595,2.5560620031466144,2.7467361406458033,2.9373132006034077,2.970576463889897,2.766644705276193,2.533742026613952,2.7282892005573847,2.380544514737055,2.5726625019200204,2.345056552384899,2.5565730057533087,2.767581295300906,2.835329637111305,3.3382514528363307,2.778127331338433,2.844243376078305,3.292898753388061,2.613725600322162,2.380238345385661,2.2317759486318485,2.208861382098556,2.697020758650534,2.6364919263142377,2.303124844508839,2.236179710197452,2.533233400700548,2.5247376651123377,2.735914791971332,1.9101458733987242,2.055414228098215,2.2532616824357623,2.8046535896859712,2.7122824104547028,2.635836282599555,2.077502955742631,1.7714040109918374,2.322271175493182,2.288406510915258,1.9822825299568163,2.391801302490589,2.6102930349192506,0.13590044844621757,0.13720287555710745,0.14179493785570696,0.13719628743124523,0.1533320345428795,0.14901836127572493,0.13812514694679526,0.1518720637423514,0.13153624252895021,0.13223168247942704,0.14881640575320038,0.14639618918122754,0.14365679412824078,0.14227991348752234,0.14208965282083938,0.15488516253763274,0.13369277847215427,0.125756984391473,0.1465836007191336,0.13966932038715427,0.1619871458350256,0.13766074613943874,0.1609674369553854,0.1589589110187853,0.12771717406573405,0.1481571599587128,0.13997390382181663,0.14188787243059467,0.13263497281429412,0.14121458269951861,0.1419571375148833,0.14763382672091366,0.14610539359695227,0.1314696667511402,0.13646151173491217,0.16349154262220625,0.13841302625349164,0.13264352870792398,0.14905523553385183,0.13877091910041126,0.14105111964003786,0.1429937269947159,0.1397331139299932,0.13388972030675358,0.131689211646868,0.12648205487591957,0.14101983533211587,0.1236255148909228,0.13035628261819648,0.12793543026398885,0.13487618683703168,0.1343633900357555,0.14059474450569054,0.1450160173346882,0.15335491130849885,0.15193192903705682,0.1359705896699505,0.14294499235218153,0.13433209530032267,0.12994963041175178,0.15325309990180006,0.15039625183424457,0.14527066776924275,0.14417238045461958,0.1451750577432398,0.15521299320535012,0.13138673194013026,0.1290890760743588,0.1480998607428011,0.1424759940381521,0.1590567483154797,0.13672422980416954,0.16650204808461347,0.1600755309373358,0.12964038601370534,0.14575679605281663,0.1431069978245877,0.14366926157715249,0.13589028157997698,0.14180786273498794,0.14778063721694776,0.15073189001251364,0.14815255919414894,0.1314600402718252,0.13075134680750278,0.16923144340088117,0.14575993492302677,0.1363432002148691,0.14777173488732906,0.13784604911455747,0.1464996362570025,0.15021938780342195,0.14643346604142782,0.13216306142380643,0.12774624205451854,0.12990524256344665,0.14492737294725594,0.13683642342319152,0.13296614985636102,0.134220386635699
20.0,2.531936296385171,2.56914946525758,2.5919981617733896,2.577116803502401,2.8839032528884,3.0262654946966054,2.6708675429680073,2.6508761675257047,2.8705360265387068,2.5611253648986203,2.7512689400666397,2.8746441479882385,2.9367733815528645,2.647879457773338,2.5266252999548775,2.781269990981085,2.421383989315634,2.5970355931418556,2.3478007374549885,2.5941306387140477,2.7373108020501045,2.804992403447673,3.2913492471588484,2.8008598552057986,2.833197296581113,3.3135169157210203,2.645024416890142,2.352734081954123,2.2384799258256285,2.248306354431233,2.6972793632575103,2.652560432337208,2.2835437792150683,2.2182100295282754,2.479547441596863,2.5199753104114526,2.7308173601370633,1.9206573147273875,2.072496127100619,2.2920926153423693,2.7761157403734966,2.606310687587652,2.5710096152508304,2.060295397319594,1.743314352909125,2.2505913673168805,2.2391444705245487,1.9326583533166686,2.3634903477743383,2.5198735062317197,2.4922922157411507,2.579962919498001,2.6143807684039495,2.605907444714424,2.832448101164386,3.027723067482034,2.612916079945213,2.5938098309504087,2.8773870887710653,2.5422570200873325,2.7308107531134427,2.9262344428049856,2.9587233009245266,2.752575007486041,2.52107981421371,2.7160000819626595,2.3671625450430294,2.56187981537023,2.3302269107081335,2.542369160780563,2.7583979348371273,2.826161051761969,3.337001560271025,2.7643067822000122,2.831618723212233,3.283205397867202,2.6011087258992824,2.365098855725356,2.2189039245969724,2.19615782279672,2.6910497727114677,2.630163906106647,2.2907602654686436,2.2227280653268378,2.5219951939393246,2.514711837794141,2.7227878533148067,1.9026428575502439,2.0494601956111453,2.2449363532268705,2.791879661526121,2.699167095768526,2.6241333439456906,2.0659730616748018,1.7612793439671113,2.31175179427088,2.2749253001761125,1.9762911935764058,2.379245858658738,2.6011859511829574,0.13503835644351508,0.13647913305908088,0.1411847489592126,0.13663102629393697,0.15239724589077294,0.1481315608057653,0.13740712811902914,0.15128378451034225,0.13096913632307663,0.13144562371954224,0.14797461746602522,0.1456850595377947,0.14294479053228665,0.141663911739501,0.14149014566466794,0.15441525508935658,0.13284159330881595,0.12528064706330977,0.14591951182692486,0.13899026162454203,0.16167091331500513,0.13707692811599345,0.16037918667467768,0.15830839276835257,0.12723736090742654,0.14735267229068408,0.1392494840426246,0.1413330288398844,0.13222365678368353,0.1407456461965244,0.14136643782495617,0.1468824296752253,0.14532578432528512,0.13097667062346138,0.13579268439811842,0.16293823533149335,0.1379611228396567,0.13222180946605627,0.1485959695564255,0.13810796921763843,0.1404925476735378,0.14244107605207135,0.13903982553016134,0.13313097972417443,0.13097849065591233,0.1259548947988978,0.14045839056340897,0.12285252967301025,0.12969003513017938,0.12731276357808702,0.13403718386554317,0.1337461287783297,0.13986919760560662,0.14431869001235154,0.1523112609492506,0.1509720773408548,0.13520895615450748,0.14249672689697943,0.13367877284628424,0.12930802522386156,0.15259923418651858,0.14949366229900712,0.14453807275323347,0.14357777807650107,0.14448444140409727,0.15454302020548114,0.13058803739223038,0.12845554737409173,0.14750389407783587,0.14192722157034596,0.1586969793379498,0.1360770903743809,0.16572378765184678,0.1594871681501304,0.12910350869817688,0.14494642533002816,0.14232126276037546,0.14311664160787724,0.13542825069742973,0.14135052749839122,0.14670962257332762,0.14978955808532843,0.1473321109702578,0.13080627640581102,0.13020752143170247,0.16878960050483693,0.1453727447950651,0.13571357434827427,0.14742846888575692,0.13716387424960538,0.1458616839620095,0.14985523431405973,0.14590952605394616,0.13138260061782667,0.1269998930535205,0.12931218374061895,0.1442335907578067,0.13584030695882582,0.13235883885574393,0.13348189777292185
21.0,2.5179716253938356,2.5558350982762894,2.579465784031091,2.5631828208937084,2.8692724799325795,3.015400111967929,2.6607095356518,2.635847910060532,2.8583077585410614,2.548821535876517,2.7372781722980704,2.863630758275455,2.927332184823993,2.6349160458105456,2.514431751634715,2.7676643183390035,2.409815234816826,2.587105534225677,2.3342393493058604,2.582657207982987,2.7291764484735666,2.7964407543786027,3.2892792273732256,2.786420145648398,2.8215426404319466,3.30320423130584,2.6337908094812033,2.338602034004625,2.226966461114424,2.236873879516093,2.6912721245638345,2.645962632058315,2.2723831588389953,2.2064687014600497,2.4685205255217313,2.5103007773223687,2.7179811299362076,1.9144194983497904,2.0670906035139107,2.283977825953746,2.764588525822941,2.594145321444154,2.559772231555924,2.0496073663962924,1.7338373039626027,2.241304815092793,2.2272555657619275,1.9290242097328247,2.352999303449661,2.5108162114048493,2.478574477906032,2.5677401910058144,2.603804033038893,2.5917600870173425,2.818168353848237,3.0166425016839042,2.6024204854791373,2.5787438981860022,2.8660068636457545,2.529500176028411,2.7160638949251465,2.9159825677415547,2.9477712810770798,2.739552388127563,2.50949294670495,2.7046628206135126,2.35505434425574,2.5517139802072,2.316851081907361,2.529349238240474,2.7500223440904445,2.8178883774106183,3.335952516019729,2.751306041822688,2.8197681289365795,3.2738209928240765,2.5895017835741787,2.351429502244534,2.207237487365198,2.1846248312605794,2.68522546094963,2.6240599344878666,2.2796973642442575,2.2105962088225137,2.5117328514828556,2.505568478984367,2.710563903798521,1.8959948715188377,2.044040837365506,2.2371433473164744,2.7799253152674264,2.6867097519527547,2.613357572387405,2.0554718756387973,1.7518421584354498,2.30224164315123,2.262589305367613,1.9708924996679869,2.3678011908194585,2.5929796128657894,0.13423581908448107,0.13581142064265087,0.14061409007889392,0.13610108150571354,0.15151647561133194,0.14730515696673752,0.13671196493808271,0.15071462451798262,0.13040638278754488,0.13070948894030793,0.14720720093944686,0.14502606305589966,0.14231332425183393,0.14110222316673113,0.14094521628039092,0.15400029433606957,0.13205004727869846,0.12483858541263128,0.14529999541951824,0.13836806430553716,0.16137127178736219,0.13651833976413807,0.15983597949155864,0.15773901183388164,0.12678267713195016,0.14664834484615993,0.13860482535331137,0.14080550118401647,0.13184666751061044,0.1403406448666741,0.14085933724896307,0.14622209726012106,0.14464030505933145,0.13052460821764825,0.13516757596130785,0.16248043616704058,0.13752635895595752,0.1318759146958943,0.1482138106821327,0.1375294587053204,0.13999489806716622,0.14195720794658798,0.1384210382598715,0.13243683848242982,0.13031907553983849,0.1254736163362719,0.1399334591890169,0.12215452599919714,0.1290635308871781,0.1267296498904137,0.13323808134371326,0.1331650754775465,0.1391903240052225,0.14364853503805364,0.15132585386780353,0.15008621048882526,0.13448896799687174,0.1420782606455675,0.13306711538652355,0.12869137625502275,0.15198385988922203,0.1486593434752429,0.14387505277118806,0.14302712248844723,0.14385010240071816,0.15393776673664336,0.12983696453265794,0.12783631802203033,0.14694734381111463,0.14145667884235838,0.1583527787527148,0.1354621911235459,0.1649716746402449,0.15895731111655728,0.12857528609065488,0.14422688951221355,0.14161995551374515,0.14259872478104488,0.13499179299416994,0.1409548247333105,0.14574868262297735,0.1489472532082071,0.146590661331893,0.13019763745657212,0.12968752806161962,0.16843624331629262,0.14498592090981963,0.13517944225914355,0.14713979859267629,0.13658028285625573,0.14527423094860786,0.14951524539924904,0.14540930795217066,0.13065547264658622,0.12632304781857132,0.12875717790972735,0.14358554971229665,0.13491070587058684,0.13180784040319932,0.13279134778243257
22.0,2.505504904360313,2.5438459465955026,2.56804684278787,2.550636649711049,2.8558087839678703,3.005211414505242,2.6512328520205797,2.6221245399434325,2.8469845527049267,2.537485278185543,2.7243997591884486,2.8534879187884683,2.9185209609347575,2.6229478789169183,2.5033728437477545,2.755057928345889,2.3993470992794927,2.577748357638876,2.3221021609514723,2.5721982548800844,2.7217707967783618,2.7887705882952525,3.2874121049270615,2.7729076498512715,2.8105868111945025,3.293286091253842,2.6235460342083807,2.325893881723649,2.216615811469381,2.2266086314046216,2.685387763352393,2.6396093270541976,2.2624414251753238,2.196026624880159,2.458511178443107,2.501525651760433,2.7060555453679296,1.9089770826938535,2.062194766801975,2.276371268574707,2.7538183094891577,2.582621629242862,2.5495176610070533,2.0399921485925603,1.725093432498228,2.233009923117129,2.216410982616713,1.9258742802111963,2.343498127903187,2.502679137703885,2.4663279380643974,2.556722339027954,2.5941479644563166,2.5789183513051075,2.8051127200172417,3.0062060080003863,2.5927054851082083,2.565047840362702,2.8554760222170645,2.5177440385897976,2.7024476255624093,2.9065202639362298,2.9376790514425672,2.727530277022258,2.498930611816192,2.694235448932567,2.3441594069158396,2.542139285159034,2.3048598712637616,2.517467042871451,2.7424149235286372,2.810470444017041,3.335088609188194,2.7390911123435746,2.808660999999177,3.2647313403348823,2.578857049956601,2.3391603307215525,2.1967200383810517,2.174206366419888,2.6795373372608986,2.6181663714948793,2.269871225268028,2.199722357440322,2.502400371676092,2.49725908546936,2.699202179296419,1.8901555334253641,2.0391272661366555,2.22985955534821,2.7687566915322663,2.6748852291052443,2.603464121178303,2.045954553150164,1.743070632788743,2.293694350114301,2.2513482274918433,1.966061442523269,2.3574182585025905,2.5856314632196358,0.13349121019461954,0.1351980240567438,0.14008206284259714,0.1356059409653292,0.150688570078785,0.14653796419083254,0.13604063642216563,0.15016543632036466,0.12984977175407464,0.13002193760027383,0.14651123318057754,0.14441794771332064,0.14175862651167156,0.14059305013459075,0.14045309977602768,0.15363853255800666,0.13131627601319648,0.12443010454822195,0.1447244070037346,0.13780074575968806,0.16108941150352393,0.13598563516685416,0.15933700358701924,0.15724794973390951,0.12635306668917004,0.14603971048498174,0.13803657851991544,0.14030552052163772,0.13150338126062336,0.13999675884457813,0.14043212955484027,0.14564893801085074,0.1440447289598825,0.13011269951100116,0.13458517483464405,0.16211426019646935,0.1371095900677166,0.1316021345166066,0.14790486714414045,0.1370317319277121,0.13955608360365768,0.14153918770277707,0.13787367272982612,0.13180522117442223,0.12970969015812506,0.12503710693195935,0.13944458904038035,0.12152870964960684,0.12847597112822856,0.12618546322280713,0.1324783465278003,0.13261993957186666,0.13855693816581469,0.14300626635194272,0.15039713228106377,0.149272082839533,0.1338099349372283,0.14168923080573217,0.1324963680786408,0.12810007480935537,0.15140678122080484,0.14789130580599116,0.1432788778340155,0.14251960901608518,0.14327062870653706,0.15339497278087796,0.12913206522820442,0.1272325025771891,0.14642973359172226,0.1410606688337931,0.15802545014162708,0.13487959611904823,0.16424638215623116,0.15848429249485022,0.128057185218207,0.1435942250981808,0.14099957933562376,0.14211522159640458,0.13458129605154595,0.14061812759211798,0.1448928424752508,0.14820072130423403,0.14592523002743168,0.1296331731381612,0.12919146440666973,0.1681678783673758,0.14460172530178855,0.13473557514312462,0.14690390422328478,0.13609017271233673,0.1447362215190606,0.1492002437321015,0.14493371152493512,0.12998048415175287,0.12571316642222136,0.12823955350204927,0.142982404587433,0.13404565095840415,0.13131124416993264,0.1321478426123865
23.0,2.4944641054345857,2.533115473766079,2.5576876941587146,2.539412063689978,2.843453771078866,2.9956610886001234,2.6424037298754333,2.6096485506721523,2.8365275884923324,2.52707003349413,2.712584421556614,2.8441757692151826,2.9103096121710577,2.61193026310319,2.493392020336535,2.7434089935481736,2.3899234318597307,2.5689387294373067,2.311317779206853,2.5627106082684303,2.715056074001774,2.781939433399878,3.2857324415365863,2.760280651406981,2.8003012378268326,3.28374388341346,2.6142399177361604,2.3145394536114496,2.2073711180697413,2.217451809237889,2.6796175110581073,2.633486091445529,2.253655706100031,2.18681999169893,2.4494705091933,2.4935978103292302,2.694997238603658,1.9042845301481148,2.0577804901101606,2.269250539044862,2.743772442929914,2.571715682615474,2.5401972334578917,2.0313987654599983,1.7170551153895057,2.225658177024494,2.2065616035185798,1.923183836749125,2.3349399775473523,2.4954189988305995,2.4554835315892554,2.54684715783657,2.5853655360648737,2.5673221307623613,2.7932201210685217,2.9963784287816217,2.583732351440389,2.5526616171527703,2.8457568247844174,2.506941175391478,2.6899140045067456,2.8978102199121767,2.9284052591160243,2.7164621039915726,2.4893419972758983,2.6846759993424323,2.3344172275640322,2.533130018953828,2.294184084058536,2.506676379411871,2.7355360736194037,2.803866081541035,3.334394128882161,2.7276279958998,2.7982667431478463,3.2559222424757754,2.5691268016562963,2.328221386934869,2.187294979089045,2.1648463872043875,2.6739749155411277,2.612469577164665,2.261216932972291,2.1900447279360646,2.493951752863982,2.4897351540354906,2.688661915682488,1.8850784613906724,2.034690594699964,2.223061867965744,2.7583399309430705,2.6636683773238743,2.5944081435719895,2.037376249724463,1.7349429454188785,2.2860635431401604,2.241151767550846,1.9617730164339504,2.3480480212379895,2.579098945496333,0.1328030190285547,0.1346373236303792,0.13958784751887693,0.1351451363436483,0.14991249446857957,0.14582887463216224,0.1353940732010493,0.14963704055363503,0.12930100252874746,0.12938169989594325,0.1458839574976081,0.14385952975610358,0.14127717825163955,0.14013473080215574,0.1400121295970471,0.15332832190542112,0.1306385498496885,0.1240545769223683,0.14419213364185388,0.13728641804807784,0.16082643282887152,0.13547943625344294,0.15888154841948757,0.15683254004800318,0.12594848468308764,0.14552257321456782,0.13754153666332597,0.13983331350512676,0.13119321324185956,0.13971129825550757,0.14008130918643755,0.14515928932467964,0.14353504182705457,0.12974017929039428,0.1340445647567367,0.16183601256199273,0.13671159891597032,0.1313969664343165,0.14766545081295165,0.1366112603969603,0.13917412474943955,0.14118422462120533,0.13739480413764704,0.13123415395937693,0.12914908324259422,0.12464430806497888,0.13899132013468785,0.12097239476760996,0.12792661132720057,0.1256796002567249,0.1317574739541587,0.13211046761314627,0.13796796768551556,0.14239259605585342,0.1495236528183441,0.14852756353625987,0.13317121542507027,0.14132930934760704,0.13196578854291816,0.12753444873089342,0.1508678327845751,0.14718770755326954,0.142746966043324,0.14205449699055106,0.14274471519974652,0.15291257319349147,0.12847199881886964,0.12664513088765822,0.14595064199347102,0.14073560626683662,0.1577162031860536,0.13432941213467692,0.16354859194632063,0.15806657091159804,0.12755058686603193,0.14304473335497492,0.14045683024566918,0.14166585590488398,0.1341971517069326,0.14033799990034823,0.14413747251984033,0.14754600636623627,0.1453330616084136,0.12911203542708882,0.12871944175676256,0.16798118693280678,0.14422221870815477,0.13437708201025914,0.14671903289225746,0.1356886786085479,0.14424667005739267,0.14891099291666865,0.14448357596436756,0.12935643916788828,0.12516775959103654,0.12775868413203656,0.14242335031369008,0.13324332047986773,0.13086722654377864,0.13155053985503098
24.0,2.484777200766691,2.5235771433388674,2.548334694258615,2.529442836566065,2.832149047350197,2.98671082054418,2.634188407017444,2.598362435744422,2.8268980453653687,2.517529243470785,2.701782880221501,2.835654449243532,2.902668040818832,2.6018185043800868,2.484432725443635,2.7326756864922594,2.381488081713637,2.5606513156768975,2.301814810886992,2.554151097011105,2.7089945071811288,2.7759048178947574,3.284224798917997,2.7484974339081263,2.7906573492870175,3.2745589956331824,2.6058222867290053,2.304468578168301,2.199175522094695,2.2093446121569547,2.6739525991159083,2.627578499352989,2.2459631294891182,2.178784993826666,2.44134962660459,2.486465129632263,2.6847628418148552,1.900296303101124,2.0538196465838086,2.2625932332038574,2.7344182777029613,2.561403553193661,2.531762278762112,2.0237762385502025,1.709694729509975,2.219201062449497,2.1976583108971477,1.920928151343965,2.3272780087946248,2.4889925084867723,2.4459721938536236,2.5380524417037984,2.577409721273208,2.5569113185737455,2.782429478399206,2.9871246063777237,2.575462357083637,2.541525188228504,2.8368115316472284,2.49704415405342,2.678415091239633,2.8898151241925145,2.9199085511924636,2.7063012988570168,2.480676290812612,2.6759425042656937,2.3257673007410165,2.5246604703197097,2.2847545255728585,2.4969310526001154,2.729346194830499,2.798034119942425,3.3338533642073704,2.716882694628485,2.788554765130453,3.2473795013229285,2.56026331528297,2.3185427166628485,2.17890571093371,2.1564888525438315,2.6685277096861806,2.6069559115342,2.253669571789394,2.181501537065599,2.4863409933914604,2.4829481814690806,2.6789023488307255,1.8807172735356295,2.0307019358307903,2.2167271758127356,2.748641174122222,2.653034046706553,2.58614479282207,2.0296921208772765,1.7274372747177467,2.2793028502088735,2.231949626546671,1.9580022156917403,2.3396414385555033,2.573339502947774,0.13216984016751837,0.13412778873648623,0.13913069411978665,0.1347182399144846,0.149187321836422,0.14517685421199736,0.13477316907455372,0.14913023122290228,0.12876169243776747,0.12878757118926912,0.1453227658687394,0.14334968707514303,0.14086568140096883,0.13972572347251863,0.13962073057456376,0.153068103545825,0.1300152601030002,0.12371143491124041,0.1437025963438362,0.13682327992287532,0.1605833563642643,0.13500033900711866,0.15846899405356082,0.15649025296515365,0.1255688966605974,0.1450929795841407,0.1371166274688456,0.13938910916227004,0.1309156171476682,0.1394816945038093,0.13980354910979315,0.14474969592406042,0.14310742525428358,0.12940630066514994,0.13354491341759575,0.1616421713560933,0.1363331093465294,0.13125709641762748,0.14749206063039277,0.13626463661962632,0.1388471416174373,0.14088965883458443,0.13698164844848537,0.13072175455834986,0.12863602594677104,0.12429420892490085,0.13857318502785762,0.12048299329800659,0.12741475502010527,0.12521148032784912,0.13107498928599212,0.1316364385129986,0.1374224388649074,0.14180823856522953,0.1487040808922412,0.14785062913816518,0.13257221709813952,0.14099820460275558,0.13147465268978278,0.12699477579063195,0.1503668764114834,0.14654683841275198,0.14227686820658014,0.14163110163933348,0.14227115318565015,0.15248867430048793,0.1278555265688604,0.12607516513928577,0.14550969523596088,0.14047801070851437,0.15742616301527462,0.13381178234218682,0.16287899591311047,0.15770271435206848,0.1270568031849971,0.1425749527213373,0.13998858089777566,0.14125036683118583,0.13383975922882113,0.14011217771398568,0.14347825428157926,0.14697941969237013,0.14481160489857775,0.12863347071780412,0.1282715806658424,0.1678730102586398,0.14384928921432083,0.13409937642586467,0.14658349567574738,0.1353711540744982,0.14380465562720643,0.14864820486836378,0.14405969153509246,0.12878214416381525,0.12468438322572134,0.12731398449197912,0.14190761696918033,0.1325020238056935,0.1304740379334169,0.13099864455338392
25.0,2.476372162506637,2.5151644188647326,2.5399341992025706,2.5206627420748733,2.8218362188664607,2.9783222966289746,2.6265531212477264,2.5882086886580056,2.8180571027860575,2.5088163497839764,2.6919458560019844,2.827884098561457,2.895566149163993,2.5925679087583275,2.476438403111653,2.7228161797245884,2.373984897997304,2.552860782413526,2.293521862806932,2.546476549971197,2.703548323353723,2.770624269982124,3.2828737387875226,2.7375162809472835,2.781626574533094,3.265712815761428,2.598242967851413,2.295611083894463,2.1919721647234454,2.2022282393028783,2.6683842589607454,2.621872124897239,2.2393008232185823,2.1718578231736685,2.4340996395093137,2.480075486273098,2.675308987172924,1.8969668639414217,2.0502841093682482,2.2563769468912946,2.7257231653660776,2.551661312609145,2.5241641267733677,2.0170735894147676,1.7029846517331635,2.213590065026728,2.189651987182077,1.9190824959930746,2.3204653780574187,2.4833563803742056,2.4377248602305133,2.5302759849018037,2.570233493489962,2.5476258079239202,2.772679713406426,2.978409383138829,2.5678567746458776,2.5315785132622084,2.82860240310491,2.4880055421955922,2.6679029452425804,2.88249766530038,2.9121475747669257,2.6970012914400474,2.4728826801548087,2.6679929961249536,2.318149120987465,2.51670492798479,2.2765020010879193,2.488184867174578,2.723805687629684,2.7929333891809973,3.3334506042695806,2.706821210666768,2.779494472694819,3.239088918952515,2.5522188674463826,2.3100543656839045,2.1714956353595634,2.1490777213679473,2.66318523359192,2.601611734640486,2.2471642261516767,2.1740310015847304,2.479522091603487,2.47684966455649,2.6698827146150954,1.8770255879810904,2.0271324023045003,2.210832369532807,2.7396265616921336,2.6429570873511277,2.578629222182142,2.022857322124137,1.720531799077246,2.2733658993004835,2.2236915054813893,1.9547240345883363,2.332149469984997,2.568310578825808,0.13159036427998513,0.13366797258468918,0.13870991442294947,0.13432486189176981,0.14851222302470185,0.1445809388695914,0.13417879182097836,0.14864578098086675,0.1282333854300441,0.1282384070312576,0.14482518267113403,0.14288735314524464,0.1405210323742487,0.13936459232786244,0.13927741252286396,0.1528563978823634,0.12944490631530944,0.12340016431306952,0.1432552522248804,0.13640960950014783,0.16036113266392749,0.13454891927062626,0.1580988015582568,0.15621868086300406,0.12521427834615143,0.14474719179231135,0.13675890561241347,0.13897314535451594,0.13067008475701852,0.13930549182001042,0.13959568038487608,0.14441688960684498,0.14275824066015566,0.12911033796895807,0.13308546223076675,0.16152937160859565,0.13597479906810223,0.13117938102425075,0.14738136676039074,0.1359885680459109,0.13857334633621984,0.1406529484998611,0.13663154944633246,0.13026622304051114,0.12816930996305267,0.12398584058745764,0.13818970972389422,0.12005800526133151,0.1269397486271268,0.12478054541725293,0.13043045294364694,0.13119765962147387,0.1369194637259656,0.14125391483429173,0.14793718534204345,0.14723935649812067,0.13201239722053332,0.14069566263942132,0.13102226002117032,0.12648129612982456,0.1499037987815645,0.14596710439455463,0.14186625344964,0.14124878660633308,0.1418488209884483,0.15212153250350088,0.1272815063080176,0.12552351586208335,0.1451065609684599,0.14028449961292414,0.15715637952068107,0.13332688093754524,0.16223829828385605,0.15739138507036413,0.12657709431587413,0.14218163299475126,0.13959186541691523,0.14086851073130569,0.13350952864140475,0.13993855228925586,0.14291114839898644,0.14649751129152241,0.14435849406390638,0.12819681265962704,0.12784800747799696,0.16784033584733374,0.1434846784407104,0.13389814499533345,0.14649566455889085,0.13513315367411047,0.14340931725770448,0.14841254681784072,0.1436628104654377,0.1282564121755465,0.12426063290422797,0.1269049065626352,0.14143446549113634,0.1318201866197896,0.13012999132365655,0.13049140528097833
26.0,2.469176962804446,2.507810763894537,2.532432565105574,2.5130055539519716,2.8124568917122708,2.9704572031460956,2.6194641103673555,2.5791298029106504,2.809965940216482,2.500884794102196,2.6830240697169447,2.8208248568568632,2.888973839492473,2.5841337822486556,2.4693524973831282,2.71378864579159,2.367357729866822,2.545541795703083,2.2863675417816647,2.5396437960117773,2.698679749556852,2.766055317864274,3.2816638228613675,2.727295476117034,2.7731803425231356,3.2571867316466805,2.5914517877678547,2.2878967992901784,2.185704187135216,2.196043889816728,2.6629037220275324,2.616352542198985,2.2336059151644347,2.165974671650256,2.4276716567397463,2.474376756855266,2.66659230684933,1.8942506750575556,2.047145751608837,2.2505792759467997,2.7176544574770016,2.542465032493605,2.5173541073453345,2.0112398396052984,1.696897258932594,2.2087766703907605,2.1824935148029967,1.9176221426937954,2.314455241748211,2.478467328194665,2.430672466092916,2.523455581702722,2.563789826123758,2.539405491997519,2.763909747487263,2.9701976014150695,2.560876876735104,2.5227615519261812,2.821091699456875,2.4797779074379434,2.6583296259970854,2.875820531758913,2.9050809769344257,2.6885155115621346,2.465910353031,2.6607855073428395,2.311502182844079,2.5092376806771557,2.2693573158848968,2.480391627873636,2.718874952484683,2.7885227192165427,3.3331701381745256,2.697409546151774,2.7710552725887823,3.2310362974407303,2.5449457347562667,2.302686379776428,2.165008153811137,2.1425569526064985,2.6579370011542203,2.5964234065204836,2.2416359804914894,2.1675713382493016,2.4734490458449945,2.471391100084064,2.661562248909607,1.873957022847927,2.0239531068964514,2.2053543397696433,2.731262234275202,2.6334123493554946,2.571816584905799,2.01682700898063,1.7142046968892637,2.2682063183950723,2.2163271053570535,1.9519134674154484,2.3255230750563047,2.56396961638232,0.13106336966504414,0.13325650732151853,0.1383248748110961,0.1339646481503787,0.14788645733582811,0.14404023098612626,0.13361179327660996,0.14818444632104466,0.1277175606563014,0.1277331187076882,0.14438884966304175,0.1424715114690506,0.1402402976498064,0.13904999441906907,0.13898076434927992,0.1526917956925823,0.12892608442161618,0.1231202986446975,0.142849596417967,0.1360437576042107,0.16016065154672235,0.13412573816583376,0.1577705043905347,0.15601552488253428,0.12488461571474746,0.14448166250507238,0.13646554539506325,0.1385856748448508,0.13045614559559038,0.13918033911286806,0.1394546733440967,0.14415777025825838,0.1424840141598947,0.12885158916412812,0.1326655171180368,0.16149439031804658,0.1356373113824824,0.13116083057931338,0.14733019547312468,0.13577987113719633,0.13835103579703095,0.14047165767395442,0.1363419666128936,0.12986583339404956,0.1277477461554118,0.12371827070182347,0.13784041502255187,0.119695009872298,0.12650097714289898,0.12438626015032243,0.12982346347529383,0.13079396350512923,0.1364582283504734,0.14073035652925844,0.1472218333301271,0.14669191589359187,0.13149126305442588,0.14042146841861644,0.13060793842495996,0.125994223755508,0.14947850969613038,0.14544701391527504,0.14151289585949267,0.14090695713952753,0.14147667551644463,0.15180953471945743,0.12674888723815597,0.12499105691434854,0.14474094295619624,0.1401517813489868,0.15690783650165913,0.13287490859317352,0.16162721825239507,0.157131325887367,0.12611268403542272,0.14186171128273534,0.13926386519315465,0.1405200630964307,0.13320688413905582,0.1398151544170412,0.14243236469442078,0.14609704338617782,0.14397153113471184,0.12780147561811495,0.12744885157142877,0.1678802846965605,0.14313000548818441,0.13376931764643682,0.14645396938589714,0.13497041597576848,0.14305984982285788,0.14820464798878163,0.1432936571141296,0.1277780662575946,0.12389413856600401,0.12653093614524913,0.14100318404539622,0.13119633752641613,0.12983345200002494,0.13002811050325458
27.0,2.463119573810112,2.5014496419791343,2.525776148082616,2.5064050459329015,2.803952671972241,2.963077226387128,2.6128876121774427,2.5710682720000886,2.802585737118694,2.493688018093893,2.6749682421852867,2.8144368638176966,2.8828610140901865,2.576471430861795,2.463118452300637,2.705551257239672,2.3615504264782894,2.538669021601478,2.2802804546262068,2.533609663995938,2.6943510128278185,2.762155489743463,3.2805796128557434,2.717793303009968,2.7652900822151922,3.2489621311373766,2.585398573142821,2.281255552855746,2.180314730509195,2.1907327628395388,2.6575022197512004,2.6110053253788803,2.22881553320266,2.1610717311667242,2.4220167871282103,2.469316817982313,2.65856943301551,1.8921021988380513,2.0443764464508964,2.245177816209987,2.7101795055935085,2.5337907844787178,2.51128355033168,2.006224010673385,1.6914049279817929,2.2047123641762214,2.176133776189564,1.9165223634434831,2.3092007562794135,2.4742820656499402,2.4247459468138683,2.5175290263787375,2.558031692583257,2.532190263979195,2.7560585020388673,2.96245410355659,2.554483935959261,2.515014263892709,2.8142416810025406,2.47231381740048,2.64964719298464,2.8697464120912595,2.898667404789998,2.680797389044773,2.4597084971696828,2.6542780703419444,2.3057659808515347,2.5022330171249507,2.2632512752449867,2.4735051394356624,2.714514389863238,2.7847609400088684,3.3329962550279677,2.6886137032206237,2.7632065715601843,3.223207438863707,2.538396193822332,2.296368804718848,2.1593866677329463,2.1368705051892225,2.6527725262689166,2.5913772872111904,2.237019919241149,2.162060763815129,2.4680758544609374,2.4665239848381524,2.653900187588226,1.8714651962569848,2.0211351623819978,2.200269977166858,2.7235143324938185,2.6243746828175456,2.565662034246655,2.0115563369622995,1.7084341465456898,2.263777735472705,2.2098061271757383,1.9495455084647848,2.3197132132993077,2.560274058869171,0.13058771451058757,0.13289209942031202,0.13797498984051915,0.133637278232799,0.14730936391918328,0.1435538959602431,0.1330730187137181,0.14774697263103903,0.12721564096586574,0.12727066924404806,0.14401151212627097,0.14210119048085337,0.14002069129604133,0.13878066779286952,0.13872944864250947,0.15257295006249982,0.12845747577405262,0.12287141413170542,0.1424851637387664,0.13572414174352754,0.15998275100697462,0.13373134714557164,0.15748370068495476,0.155878582464499,0.12457990531760449,0.14429301136407024,0.13623383357878027,0.1382269709309633,0.13027336665960382,0.1391039821565527,0.13937762026741735,0.14396938809227644,0.14228142223958556,0.12862937784445072,0.13228444019181687,0.16153413246499426,0.1353212659337014,0.13119859339534165,0.14733551476969,0.13563546556438433,0.13817858475434244,0.1403434449027821,0.13611046379168787,0.1295189258709234,0.12737016366314682,0.12349059869668227,0.1375248182117822,0.11939165749978603,0.12609786058879957,0.12402811181658104,0.12925366063800928,0.13042520531501173,0.13603798241985096,0.14023831005766607,0.14655698547437432,0.1462065644179011,0.13100837214761615,0.14017544673534066,0.130231048483132,0.12553375710036124,0.14909094089127664,0.14498516504982598,0.14121466217062867,0.14060505396880218,0.14115374471715764,0.1515511805023723,0.1262567048831321,0.12447863947571706,0.14441257653695824,0.14007664825484906,0.15668146054746412,0.13245608864179564,0.16104649294911666,0.1569213477605653,0.12566477444147608,0.14161228968540737,0.1390018956122907,0.1402048203391274,0.13293226754351642,0.1397401400623225,0.14203833429337792,0.14577496593082112,0.14364866984801697,0.12744694870617243,0.12707424321747526,0.16799009940468743,0.14278678883898024,0.13370903973590845,0.14645689490670474,0.13487884727222596,0.14275550043452176,0.14802510599311103,0.1429529374619146,0.1273459424384655,0.1235825595282133,0.12619158971747102,0.14061308500159614,0.1306290959418657,0.1295828283668153,0.12960808522896464
28.0,2.4581279676736827,2.4960145166693786,2.5199113042486854,2.500794991753234,2.7962651657309676,2.9561440526436544,2.606789864479058,2.5639665894240857,2.795877672954742,2.4871794634275894,2.66772909422589,2.8086802591318833,2.8771975752430508,2.5695361606084584,2.457679711906764,2.698062186615272,2.3565068369878106,2.5322171261645847,2.27518920815559,2.528330982786759,2.6905243402039543,2.7588823138219447,3.2796056704868692,2.7089680452186533,2.7579272225673344,3.2410204020819906,2.5800331506407823,2.2756171730913857,2.1757469360246224,2.1862360575123874,2.6521709835666853,2.6058160485575983,2.224866805209252,2.157085193633404,2.417086139506994,2.4648435462578,2.6511969978428866,1.890475897671473,2.041948067039794,2.2401501635204917,2.703265661273359,2.5256146401962036,2.50590378558608,2.0019751241706367,1.686480035754289,2.2013486320177105,2.1705236537714088,1.9157584302394914,2.3046550780634862,2.4707573064418233,2.4198762377663487,2.5124341132019454,2.5529120662770914,2.525920017053572,2.7490648984583594,2.9551437319135068,2.548639224926322,2.5082766088340915,2.808014608041326,2.4655658397031455,2.6418077056867397,2.8642379948205434,2.8928655054286487,2.6738003537094244,2.454226300299361,2.6484287175448684,2.300880009550539,2.495665226056261,2.2581146844493687,2.4674792065990565,2.7106844002331085,2.781606881517789,3.3329132439356406,2.680399684010448,2.7559177763568687,3.215588145297652,2.532522521254349,2.2910316862895463,2.1545745785695303,2.131962338045873,2.6476813228318936,2.5864597367495867,2.2332511268330166,2.157437495038037,2.4633565157962796,2.462199815605127,2.646855766524928,1.8695037263291359,2.018649681536515,2.195556172368117,2.7163489969704107,2.6158189378351313,2.5601207234583114,2.0070004615847243,1.7031983264384167,2.260033778513433,2.2040782719394905,1.9475951520280435,2.3146708442438304,2.557181349538228,0.130162329808791,0.1325735253463517,0.1376597164627029,0.13334246356624452,0.1467803538259898,0.143121158922371,0.13256331554768797,0.14733409906879777,0.1267290012797536,0.12685006981633865,0.14369100608917287,0.141775458875917,0.13985955431655092,0.13855542065193835,0.13852219670839847,0.15249856901370798,0.12803783697429436,0.12265312530161385,0.14216153010627353,0.13544924067953673,0.15982822573839123,0.13336629269781275,0.15723804637558034,0.1558057358159146,0.12430015479341325,0.14417800315075371,0.13606116241774616,0.13789733261712953,0.1301213522037568,0.13907425612969992,0.13936171945245074,0.1438489270846079,0.142147278197895,0.12844305491861582,0.13194164224021956,0.1616456179497872,0.13502726852529015,0.13128994101494249,0.1473944207459653,0.13555236854573405,0.13805443925958316,0.14026605253768237,0.13593469859623789,0.1292239000909969,0.12703540943733746,0.123301951509095,0.13724243503214772,0.11914566245658574,0.12572985113914972,0.1237056104251524,0.12872072816926408,0.13009126065536727,0.1356580298528617,0.13977854038894008,0.14594169120171438,0.1457816396396418,0.13056333252490407,0.13995746294788555,0.1298909873143866,0.1251000886710961,0.14874104530531748,0.14458023389461752,0.1409695004917223,0.14034254788365966,0.14087912085038948,0.1513450657145038,0.12580407616555728,0.12398710508703495,0.14412122474085026,0.14005596975225104,0.15647812959002608,0.13207066391066433,0.1604968806202784,0.15676031852538388,0.12523455970166297,0.14143061466560244,0.13880339369833253,0.1399226014184475,0.13268614176669566,0.13971177724176603,0.14172568374286038,0.14552839405925377,0.14338800069468238,0.12713279033412353,0.12672431197077938,0.16816713306949652,0.14245646639151283,0.13371364598471228,0.1465029779939764,0.1348545061001563,0.14249556528472038,0.14787449298146274,0.14264134797365532,0.12695889232927823,0.12332357994300609,0.12588641161280809,0.1402635024679871,0.1301171611616763,0.12937656378812368,0.12923068795935458
29.0,2.454130116545156,2.4914388515161296,2.5147843897187707,2.496109165148543,2.7893359790730776,2.94961936820725,2.6011371050733216,2.5577672486803897,2.7898029271866847,2.481312571771735,2.661257346657628,2.8035151824873483,2.871953425237008,2.563283277499397,2.4529797202440653,2.6912796064648163,2.3521708105514607,2.526160775448297,2.2710224091848104,2.523764581247322,2.687161958722542,2.756193318301994,3.278726557470956,2.7007779863356998,2.7510631925376057,3.233342932328971,2.5753053469262155,2.2709114884974015,2.171943944860682,2.182494972976321,2.6469012449089235,2.600770285855821,2.22169685906023,2.1539512509605894,2.4128308227084103,2.460904818285247,2.6444316335029066,1.8893262339463484,2.0398324865208424,2.2354739137178985,2.696880276074309,2.5179126712777298,2.501166142962182,1.9984422016486405,1.6820949591236032,2.1986369595498156,2.1656140299781885,1.9153056150791639,2.3007713635128813,2.4678497642720894,2.415994274323379,2.508108636444542,2.548383920613919,2.5205346444053265,2.7428678581428643,2.9482313288359525,2.5433040162442153,2.5024885464226454,2.8023727408726415,2.459486541965908,2.634763223584909,2.859257968469906,2.887633925945409,2.667477835377564,2.449412950148544,2.643195481374213,2.2967837634817685,2.4895085961992067,2.2538783487792395,2.4622676341022003,2.707345384062008,2.779019373703089,3.332905394003286,2.6727334906583664,2.749158293726665,3.208164218818721,2.527276993662041,2.2866050702669174,2.150515287765394,2.127776410106182,2.6426529047389957,2.5816571151726557,2.2302646876994303,2.1536397486738705,2.459245028195941,2.4583700891713067,2.6403882215937173,1.8680262311852287,2.016467777135359,2.191189816017082,2.7097323683273458,2.607719964506179,2.5551478057943595,2.0031145383634574,1.6984754149593368,2.256928075497321,2.1990932406503676,1.9460373923969325,2.310346927419757,2.554648931641362,0.1297862128801383,0.13229962748572194,0.1373785488355931,0.13307994583508329,0.14629890269418458,0.14274130158217488,0.13208354140502654,0.14694656323897448,0.12625897681287432,0.1264703765227055,0.14342524656245914,0.1414934213398836,0.13975433569047116,0.13837312145485706,0.1383578040249408,0.1524674087415232,0.12766599046912,0.12246508110322468,0.14187831372715676,0.1352175895509414,0.15969783529051199,0.13303112072382361,0.15703324908143027,0.1557949412771028,0.12404538351372156,0.144133527560256,0.13594502287922272,0.13759708931226447,0.12999974359407895,0.13908907851178126,0.13940426058633873,0.14379368955552185,0.1420785193220418,0.12829200004407745,0.1316365759380838,0.16182596940264302,0.13475592005578937,0.13143225444966408,0.14750412468687155,0.13552768932875253,0.1379771104116357,0.14023729677999922,0.13581241252270493,0.1289792088881958,0.12674234817655866,0.12315147983810926,0.1369927818579899,0.11895479659931175,0.12539643084941934,0.12341828881194074,0.1282243962364614,0.12979202388144956,0.13531772045097584,0.13935183462365552,0.1453750843096179,0.14541555353812455,0.13015580277555544,0.13976742349632448,0.12958719197097948,0.12469341381862256,0.1484287967315253,0.14423096399635585,0.1407754300550202,0.14011893501009814,0.1406519545179072,0.15118986763333378,0.1253901945969753,0.12351729777822844,0.14386667498804906,0.14008668554397832,0.1562986810871397,0.13171889413697982,0.15997916391878203,0.15664715272233892,0.12482323889443392,0.14131405805460415,0.13866590664056128,0.13967324927835825,0.1324689942500636,0.1397284340687047,0.14149121107356388,0.14535458737316403,0.14318773707090438,0.12685862323304728,0.1263991855230499,0.16840883891868036,0.14214041379052683,0.1337796362280765,0.14659080508654207,0.13489358858861994,0.14227938688542507,0.14775336158200755,0.14235958387277814,0.12661578550150507,0.12311490476827273,0.12561497152047157,0.13995379034502273,0.12965930250660673,0.12921312938628166,0.1288953079420596
30.0,2.4510539925745403,2.4876561100702363,2.510341760607887,2.4922813398543817,2.7831067180831734,2.9434648593695147,2.595895571761315,2.5524127432667383,2.784322679276589,2.476040784794824,2.6555037202994223,2.7989017735720148,2.8670984663579415,2.557668087545316,2.448961921355119,2.685161689334721,2.348486196325355,2.5204746355085397,2.2677086645288873,2.5198672882407136,2.6842260954208763,2.754046031385873,3.277926835524221,2.693181409953664,2.7446694210840947,3.2259111097267694,2.5711649886636176,2.2670683275740355,2.1688488981965786,2.179450708372421,2.6416842352128387,2.595853611394227,2.2192428226315633,2.1516060950585887,2.409201945564768,2.4574485106682116,2.6382299721670064,1.888607670051237,2.03800157803938,2.231126662641874,2.6909907015541097,2.5106609493550107,2.497021952313678,1.9955742646590027,1.6782220749632628,2.1965288324071266,2.1613557872395655,1.9151391899598578,2.2975027690400336,2.4655161528425333,2.4130309918579806,2.5044903903786673,2.5444002290023757,2.515974039219089,2.7374063024894757,2.94168173667407,2.5384395825209127,2.497590036330633,2.797278339795902,2.4540284918087596,2.6284658061606168,2.85476902156248,2.8829313134353196,2.6617832638706886,2.445217634445725,2.638536394252615,2.2934167371859213,2.4837374162818966,2.2504730735157756,2.4578242266834796,2.7044577418177083,2.776957246524584,3.332956994336676,2.665581125301509,2.7428975304174052,3.20092146150309,2.5226118876551338,2.283019002429387,2.1471521967650657,2.12425668029991,2.637676785886096,2.576955782517381,2.227995686272736,2.150605741478449,2.455695390004875,2.4549863023230407,2.6344567886685653,1.8669863289461253,2.0145605619538767,2.187147798757404,2.7036305871870647,2.600052612928524,2.5506984345084085,1.9998537228140612,1.6942435905003363,2.2544142544044408,2.1948007343104323,1.9448472238631558,2.306692422356916,2.5526342484304325,0.12945842146477854,0.1320693103290271,0.13713101367241856,0.13284949547188174,0.14586454403318982,0.14241365920924637,0.13163457158364483,0.14658510565802246,0.12580687112978714,0.1261306874781543,0.14321221673158852,0.14125421466044755,0.13970257499016336,0.13823268987347123,0.13823512609076546,0.15247826740024623,0.1273408158697353,0.12230696148780425,0.14163517605542372,0.13502777551702547,0.15959231188193468,0.13272638061325273,0.15686906269183026,0.15584421956215816,0.12381562332432915,0.14415658052931168,0.13588299804819956,0.13732660505269315,0.12990821922605533,0.139146442332777,0.1395026113343234,0.14380108185807947,0.14207219476693725,0.12817562287108547,0.13136872972383543,0.1620724008187421,0.1345078246227485,0.13162301138220692,0.14766194087559562,0.13555862381636538,0.13794516841147608,0.14025505844318092,0.13574142172901604,0.12878335287911696,0.1264898626324191,0.1230383549237834,0.13677537805520074,0.11881688371247526,0.12509710992905967,0.12316570281583011,0.12776444355804611,0.12952740677003677,0.13501644247334685,0.13895900528749394,0.1448563787238716,0.1451067867226241,0.12978549203221437,0.13960527620927007,0.12931914240779252,0.12431393867002086,0.14815418980360204,0.1439361568032286,0.14063053195871159,0.13993373277748983,0.1404714493980693,0.15108433139919275,0.12501432557206713,0.12307007532619318,0.14364873629877942,0.14016579890593742,0.15614391981522024,0.13140105390625392,0.15949415322488772,0.1565808024380269,0.12443202797250325,0.14126009963540928,0.13858708117674565,0.13945663208930284,0.13228134035810857,0.1397885678933837,0.141331863747387,0.14525093098584307,0.14304620244784563,0.1266241299115358,0.12609898896694371,0.16871276062121923,0.14183996119878203,0.13390365295162687,0.14671900989994105,0.13499241464894898,0.1421063516660617,0.14766225065679178,0.14210834686652007,0.12631551172042987,0.12295425629239806,0.12537686229997133,0.13968332086123744,0.12925435046174646,0.12909101773651924,0.12860136273567924
31.0,2.4488275679118656,2.484599755882577,2.5065297730310108,2.489245289606316,2.777518988845862,2.937642212422024,2.5910315023441357,2.547845566680891,2.779398108686518,2.4713175441653354,2.6504189359701336,2.7948001720738196,2.862602600891815,2.5526458967569514,2.4455697592825025,2.6796666077714164,2.345396843465566,2.5151333724011775,2.2651765810028364,2.516595932630012,2.6816789773362895,2.752397981275845,3.277191066362885,2.6861365996651485,2.7387173371648337,3.2187063221238326,2.567561902517457,2.2640175188215546,2.1664049372115546,2.1770444628417356,2.6365111859133665,2.591051599293488,2.217441823799287,2.1499859178377165,2.4061506169083553,2.454422500010233,2.63254864600663,1.888274668374669,2.036427214740778,2.2270860061320037,2.685564289270547,2.503835546059719,2.4934225434942103,1.9933203347533135,1.6748337601467904,2.19497573622425,2.1576998079851473,1.915234426878926,2.2948024510573846,2.4637131858549206,2.4109173257431262,2.5015171692764606,2.5409139648510877,2.512178094679498,2.732619152895358,2.9354597977779764,2.534007196364368,2.4935210382303716,2.792693665110528,2.4491442568516404,2.622867512895381,2.8507338426214095,2.8787163149933868,2.6566700690102527,2.4415895409193986,2.6344094886026537,2.290718425203668,2.4783259750324502,2.247829663940152,2.4541027890812654,2.7019818739679384,2.7753793299420573,3.333052334041518,2.6589085900769978,2.7371048931769475,3.193845675426939,2.518479479843374,2.280203528555346,2.144428707013082,2.121347107556796,2.6327424801690587,2.572342098820742,2.226379206985269,2.148273690207601,2.4526615995680396,2.451999951846699,2.6290207036234503,1.8663376377326952,2.0128991487674552,2.183407011232706,2.6980097941719348,2.592791733200071,2.5467277628540566,1.9971731704520972,1.6904810314533145,2.252445943214845,2.1911504539217397,1.9439996407184121,2.3036582885851633,2.551094743157307,0.12917806834663678,0.1318815369035752,0.13691666608658268,0.13265091024710407,0.1454768630860975,0.14213761775203435,0.13121730593562672,0.14625047400604088,0.12537396402797454,0.12583014020110678,0.1430499580602469,0.14105700420998793,0.139701886464102,0.1381330885348621,0.13815307464367482,0.1525299793876027,0.12706124196078789,0.12217847439935316,0.1414318225418536,0.13487843388462392,0.15951236789846832,0.13245262904038804,0.15674528259279907,0.1559516468480747,0.12361091935591459,0.1442442470548164,0.135872756709528,0.13708628225709618,0.1298464945080078,0.13924440976412436,0.1396542050676802,0.14386860112573058,0.14212545410864294,0.12809336414799247,0.13113762229723594,0.16238220697582367,0.13428359684490515,0.13185977429389292,0.14786527509658065,0.13564244933330527,0.13795723691195014,0.1403172744120227,0.13571960844434883,0.1286348757329445,0.12627685425890728,0.1229617658516515,0.1365897484884943,0.11872979464560533,0.12483142551462065,0.12294743154235442,0.1273406991943308,0.12929733751950842,0.1347536160745216,0.13860089334159406,0.14438486444231108,0.144853882942956,0.12945215983887948,0.13947101039602294,0.12908636403940024,0.12396188726748773,0.14791724027513617,0.14369466309762002,0.1405329408624316,0.13978647655942852,0.1403368576424811,0.151027257725644,0.12467580176099603,0.12264631968389654,0.14346723696677463,0.14029037007322476,0.15601462526688673,0.1311174310652907,0.15904268992838722,0.15656024910049776,0.12406217087838027,0.14126631124105254,0.13856465380389768,0.13927264429619768,0.13212372670847256,0.13989071546671958,0.14124471843009584,0.1452149182381319,0.14296181848623768,0.12642904851228243,0.12582384442876388,0.1690765232380867,0.1415564086425791,0.1340824605732625,0.14688627143117172,0.1351474150049903,0.14197588789980334,0.14760169090136913,0.14188835235727812,0.12605698309488206,0.12283937122592149,0.12517169810255308,0.1394514835585903,0.12890118873326012,0.1290087374007613,0.1283482960900013
32.0,2.447378814707129,2.4822032525040023,2.503294783103144,2.4869347881398967,2.7725143974457622,2.932113113656352,2.5865111346228753,2.5440082124205827,2.7749903948784915,2.4670962915517287,2.6459537144886642,2.791170517680685,2.8584357311245223,2.548172011145024,2.4427466780687683,2.674752534321319,2.342846601128194,2.5101116521821005,2.2633547654216652,2.5139073432782957,2.6794828315060575,2.751206696174171,3.276503811703137,2.679601839062728,2.7331783697378915,3.211709957368645,2.5644459151522256,2.2616888907402237,2.1645552030847695,2.175217435525321,2.6313733284454264,2.586349823674271,2.216230990439359,2.1490269112082716,2.4036279455714946,2.451774662914846,2.6273442871932002,1.8882816913051814,2.03508126977035,2.2233295400279167,2.6805683907813647,2.49741253302356,2.4903192463574664,1.9916294334831792,1.6719023915477214,2.193929156635775,2.1545969746445994,1.915566597833714,2.292623565977392,2.4623975770110436,2.4095842113518584,2.499126767410075,2.5378781015687264,2.509086703971211,2.7284453307575762,2.9295303544978255,2.5299681303825365,2.490221511794163,2.7885809771159233,2.444786404714532,2.6179204032706944,2.847115120169827,2.87494757771463,2.652091680617739,2.438477857298088,2.630772796846934,2.2886283220757235,2.473248561178968,2.245878925333588,2.4510571260339504,2.6998781809804404,2.77424445391532,3.333175702223597,2.6526818871219806,2.731749788753115,3.1869226626664515,2.514832046836495,2.278088694423187,2.142288219953955,2.1189916508065814,2.627839501483727,2.5678024241197233,2.225350334269378,2.1465818116171413,2.4500976552303886,2.449362534528611,2.6240392023323733,1.8660337756657943,2.0114546503514283,2.1799443440866666,2.6928361299043844,2.5859121754186924,2.543190944084907,1.9950280367931283,1.68716591621015,2.2509767699086085,2.1880921004863527,1.9434696372544193,2.301195485634354,2.5499878590738705,0.1289443164816878,0.13173532544993627,0.13673508590086458,0.13248401395269008,0.14513549125406805,0.14191261110410971,0.13083267520110892,0.14594342717110279,0.12496151925051063,0.12556790926644024,0.14293656126965162,0.14090098079344476,0.13974994447845723,0.13807331548396104,0.1381106142278415,0.1526214100945948,0.12682623937003698,0.12207935313159052,0.14126800318990873,0.13476824468457058,0.1594587031076106,0.13221043350704043,0.1566617414801011,0.15611534669007285,0.12343133088687408,0.14439368543355713,0.13591204710069943,0.13687656502827963,0.12981432190939965,0.13938110603210618,0.13985652966102513,0.1439938230324999,0.14223553654546503,0.1280446967315776,0.13094279770684478,0.1627527535960417,0.13408386845121126,0.13214017947494092,0.1481116138060796,0.13577651952454253,0.1380119876570594,0.14042192977046622,0.13574491297472105,0.12853236012051186,0.12610224418262686,0.12292091738248631,0.13643542616251772,0.11869144316851339,0.12459894091056882,0.12276307773445903,0.12695304400993013,0.12910176004788854,0.1345286875482612,0.1382783709144658,0.14395990365544561,0.1446554438985655,0.12915561590722724,0.139364656719487,0.12888842989832963,0.12363750796336995,0.1477179855662964,0.1435053753718256,0.14048083758776442,0.1396767169669952,0.14024747589964498,0.15101749181078172,0.12437401859736145,0.12224694661998736,0.14332202266245014,0.14045750970750417,0.15591155866195605,0.13086832557042488,0.1586256496144564,0.15658449618085604,0.12371494983990197,0.14133034230253816,0.13859644178844907,0.139121207488074,0.13199673442545348,0.14003348405734733,0.14122696252846895,0.14524413500778346,0.14293309403480411,0.12627316904123326,0.12557387103920015,0.16949782477899944,0.1412910400508456,0.13431292642131323,0.1470913122728409,0.1353551190517108,0.1418874639395168,0.14757221031062978,0.14170033617249211,0.12583913618085787,0.12276799834943396,0.12499911278970717,0.1392576846975331,0.12859874715657146,0.12896480824727494,0.12813557614588952
33.0,2.446635705110367,2.480400063485351,2.500583146939273,2.485283609190695,2.768034549967479,2.9268392493640953,2.5823007063986383,2.5408431739835806,2.771060717314609,2.463330468622509,2.6420587766738985,2.787972950080547,2.8545677593420087,2.544201736720263,2.440436121756499,2.6703776415308655,2.3407793184693446,2.505384140907231,2.2621718246003932,2.511758349048663,2.677599884967493,2.7504297042831305,3.275849633261207,2.673535411738964,2.728023947761345,3.2049034033096313,2.5617668532323874,2.2600122718303046,2.1632428369954817,2.173910825564245,2.6262618942439606,2.5817338586572802,2.2155474504278105,2.1486652670805793,2.401585040386458,2.4494528759856204,2.622573527898173,1.8885832012313315,2.033935616273424,2.219834860169241,2.675970357644331,2.4913679818782217,2.4876633907571057,1.9904505824001997,1.6694003460395743,2.1933405792763097,2.1519981696475545,1.9161109748215759,2.2909192702124774,2.4615260400126995,2.408962584057164,2.4972569790516728,2.5352456125639056,2.5066397602788655,2.724823757473303,2.9238582491837115,2.526283657183378,2.487631416694286,2.784902536111513,2.44090750301742,2.6135765367680452,2.843875542730883,2.871583748694103,2.648001528514627,2.4358317713102746,2.6275843514080712,2.2870859223427615,2.4684794634495524,2.2445516629772304,2.4486410422799274,2.6981070633229556,2.7735114484041734,3.333311387988631,2.646867018573547,2.726801623893739,3.180138225297759,2.511621865244239,2.2766045458113253,2.1406741370322115,2.1171342689790165,2.6229573637259818,2.563323118451303,2.224844152557383,2.1454683224629187,2.447957555336853,2.4470255471551434,2.619471520669294,1.8660283608662718,2.010198179481189,2.176736687962933,2.6880757350067963,2.5793887896822736,2.5400431314545604,1.9933734773527243,1.684276423162745,2.2499603624657856,2.1855753750063305,1.9432322077628645,2.2992549730343437,2.5492710394319804,0.12875637460734118,0.13162974634098082,0.13658587439795697,0.13234865518839012,0.144840101074566,0.14173811853040416,0.13048164682020416,0.14566473909814837,0.12457079203666882,0.12534320420503928,0.14287015816808554,0.14078535786055543,0.13984447021641702,0.13805239731079652,0.13810675909009903,0.15275145109942315,0.12663481387438535,0.12200935401847919,0.1411435129366458,0.13469592966487626,0.15943201162344536,0.13200037565874945,0.15661830570876403,0.15633348274279352,0.1232769322497698,0.144602112848947,0.13599869082775815,0.13669794202224278,0.1298114910734508,0.13955471362900349,0.14010711729591474,0.1441743905189436,0.14239976072205254,0.12802912653975507,0.13078382100849195,0.16318146821758234,0.13390929418398298,0.13246192687149874,0.14839851393979653,0.13595825937376954,0.13810813540824338,0.14056705056249846,0.13581532627235765,0.12847442431986367,0.12596497447401714,0.12291502830740725,0.13631195499130644,0.11869978250723935,0.1243992452758434,0.12261226827115076,0.12660141181282403,0.12894063356738553,0.1343411243303436,0.13799234377234945,0.14358092703609684,0.14451012435290905,0.12889571976183353,0.1392862868437793,0.128724962404993,0.12334107912345757,0.14755648556152104,0.1433672211106219,0.14047244256909092,0.13960401776854944,0.14020264193761603,0.15105391340226348,0.12410842986232423,0.1218729146056883,0.14321295494510008,0.14066437242161323,0.15583546959168823,0.13065404873977,0.1582439451045258,0.15665256276295078,0.12339169487101086,0.1414499067791432,0.13868033494865345,0.13900227111507293,0.1319009823067516,0.14021554345394427,0.14127587743160175,0.14533624553787186,0.14295861496228746,0.1261563299481714,0.12534918522050406,0.16997442833924492,0.14104513609604435,0.1345920033525864,0.14733289724142923,0.1356121435214015,0.1418405867530989,0.1475743395312533,0.14154506084290971,0.12566093405663334,0.12273789668718961,0.12485875863744803,0.13910134705474245,0.1283459953984515,0.12895775750657432,0.12796269395799156
34.0,2.446526211271587,2.479123652377499,2.49834122065439,2.484225526494273,2.764021052495614,2.9217823058368375,2.578366455472509,2.538292944867614,2.7675702554568984,2.4599735170461545,2.6386848433447296,2.785167608961314,2.850968587830173,2.5406903794934137,2.438581534388263,2.6665001019464825,2.3391388446450967,2.5009255046324252,2.2615563653540343,2.5101057788041783,2.6759923647579162,2.7500245338049747,3.275213092753306,2.6678956012864816,2.723225500193229,3.19826804779527,2.5594745434224278,2.2589174905920606,2.162410980122857,2.1730658320995677,2.621168114743897,2.5771892783631642,2.2153283316406243,2.148837177364938,2.3999730101855894,2.4474050158260723,2.6181930002929814,1.889133660541657,2.032962127395383,2.216579562395589,2.6717375414171993,2.485677964255411,2.485406306546797,1.9897328030559638,1.667300000495883,2.1931614897804588,2.1498542754236767,1.9168428298398634,2.2896427201751206,2.461055288561644,2.408983379232065,2.4958455984733803,2.5329694712452935,2.50477715678712,2.721693354439637,2.918408324185809,2.5229150493748587,2.4856907126030516,2.7816206023967163,2.4374601193802503,2.6097879728689537,2.840977798827684,2.868583475026805,2.6443530425223947,2.433600470684463,2.6248021847086687,2.286030720545476,2.463992970572335,2.2437786821523025,2.446808342557564,2.6966289214632377,2.7731391433684296,3.3334436804423793,2.6414299865688515,2.7222298053466782,3.1734781653970687,2.5088012116763285,2.275681128498161,2.1395298596923693,2.1157189210038516,2.618085580791681,2.5588905418524797,2.2247957462816474,2.1448714395007475,2.4461952982323814,2.444940486512631,2.615276894508216,1.8662750114550062,2.0091008489320688,2.173760933505143,2.6836947501015733,2.5731964260886935,2.537239478216615,1.9921646476464347,1.681790730702989,2.2493503488664417,2.1835499784837205,1.9432623465354666,2.297787710314985,2.548901727483503,0.1286134933151265,0.13156391924356695,0.1364686514972495,0.13224470627187293,0.14459040175129687,0.14161366226911165,0.13016523024835994,0.14541520245981154,0.12420303652474501,0.12515526763489876,0.1428489143142089,0.14070936908576026,0.13998321953973444,0.13806938289354898,0.13814057038734665,0.15291901579493172,0.12648600032239324,0.12196825443315698,0.1410581918785471,0.13466024966969206,0.1594329886583312,0.13182305440225323,0.15661487213271175,0.15660425226893757,0.12314781378008875,0.14486679222714216,0.1361305769361252,0.136550948909723,0.12983782899316432,0.139763466792301,0.1404035352141472,0.14440800343755494,0.14261551515369134,0.12804619347842733,0.13066027448730508,0.1636658317447099,0.13376055706174858,0.13282277072048748,0.14872359332355248,0.13618516032654449,0.1382444331579478,0.14075069714505906,0.13592888303843256,0.12845971945569543,0.12586400970276046,0.12294333032887218,0.13621889269978027,0.11875280252187564,0.12423195374386084,0.12249465481606987,0.1262857901777685,0.12881393242285671,0.13419041072209661,0.13774375355516583,0.1432474301913023,0.14441662755945542,0.1286723802758834,0.13923601284934242,0.12859563475703686,0.12307291419307148,0.14743282365121535,0.14327915694708868,0.1405060100952929,0.13956795440691297,0.14020173184392323,0.15113542798207832,0.12387854336824392,0.1215252329829315,0.14313991017479738,0.14090815032700682,0.15578710232584433,0.1304749228855997,0.15789852931171713,0.15676347795173468,0.12309379249977925,0.14162277140307397,0.13881428818321745,0.13891581308772083,0.1318371298958083,0.14043561878738015,0.14138882339702577,0.1454889797142655,0.14303703478268795,0.12607841504331285,0.12514990127653441,0.17050415479704217,0.14081998593471345,0.13491671394879762,0.14760983231516864,0.1359151819297389,0.1418348007559224,0.14760861711908502,0.14142332145676753,0.12552136836974345,0.12274683415959318,0.1247503053139677,0.13898191008888863,0.12814193740356317,0.12898611651765152,0.12782916234270583
35.0,2.446978305340798,2.4783074827313136,2.4965153603634858,2.483694313786195,2.760415511114789,2.916903969366153,2.574674619645592,2.536300018570451,2.764480188767443,2.456978878491126,2.635782635320051,2.782714634010938,2.8476081188749576,2.5375932454751844,2.437126360006649,2.663078088114591,2.3378690288115513,2.4967104094136054,2.261436994497597,2.5089064614079333,2.674622497914612,2.749948712941969,3.274578751895654,2.662640691297829,2.71875445599161,3.191785278674011,2.557518812386833,2.258334375525754,2.1620027736461247,2.1726236542723236,2.6160832213801695,2.5727016569126073,2.2155107619538077,2.14947883397166,2.398742963801168,2.445578959039752,2.614159336549052,1.8898875316247001,2.032132676281526,2.2135412425465804,2.667837293657733,2.4803185517867834,2.4834993235802214,1.989425117002077,1.665573731790164,2.1933433737827923,2.1481161744025967,1.9177374348859249,2.2887470722777303,2.460942036359685,2.4095775322495423,2.4948304199473754,2.531002651021519,2.5034387866805985,2.71899304305369,2.9131454218542263,2.5198235795649273,2.4843393591927527,2.7786974362709436,2.434396821422992,2.6065067710548964,2.838384576983385,2.8659054038077674,2.6410996524625054,2.4317331431491698,2.622384329171319,2.2854022112245485,2.459763371275417,2.2434907881399577,2.4455128316052575,2.6954041558690114,2.773086368767873,3.3335568686906,2.6363367932450124,2.7180037398597494,3.166928285040544,2.5063223627425053,2.2752484882620854,2.138798789378963,2.1146895658108282,2.6132136665766708,2.5544910543602217,2.2251401998745157,2.1447293794864724,2.4447648822619272,2.443058849387434,2.6114145597231166,1.8667273455528475,2.0081337714794425,2.170993971356954,2.679659315811141,2.5673099347358272,2.5347351376246823,1.9913567031898252,1.6796870172227698,2.2491003570906467,2.181965611920611,1.9435350478639242,2.2967446570061454,2.548837366480306,0.12851496157388712,0.13153701052502115,0.13638305334975806,0.1321720623041715,0.14438613523927252,0.14153880532758006,0.12988448179924708,0.14519563217093628,0.123859513026334,0.12500337361351313,0.1428710225063347,0.14067226632271984,0.1401639719223592,0.13812333771506535,0.13821115368848683,0.15312303544824743,0.12637885715749136,0.12195585107706777,0.1410119253632184,0.13466000237528766,0.15946233709963567,0.13167908885341204,0.156651365391719,0.15692588041854838,0.12304408281237324,0.14518502028258662,0.1363056561273642,0.13643617045906672,0.12989320024956413,0.14000564621787864,0.1407433773702629,0.14469240907221342,0.14288024922956563,0.12809547236922927,0.13057175444592495,0.16420337064744495,0.13363837304534953,0.13322051092103954,0.1490845216499795,0.13645477549975857,0.1384196676332167,0.1409709580873736,0.13608365533073222,0.12848692735057193,0.12579833876394653,0.12300506746878892,0.13615581386933207,0.11884852748730337,0.12409670797247159,0.12240991463927059,0.12600622096414754,0.12872164618948234,0.13407604430482178,0.13753357981419398,0.1429589702708133,0.14437370100514174,0.12848555509984005,0.1392139864075647,0.12850017194315605,0.12283336618223667,0.14734710801868328,0.14324016366087747,0.14057982327968105,0.13956811308265718,0.14024415778654378,0.15126095904870476,0.12368391674757379,0.12120496944480355,0.14310277882447264,0.14118606656071483,0.1557672018206622,0.1303312813096877,0.15759039787816728,0.15691627609836942,0.12282269374206671,0.14184674517055956,0.13899631472150012,0.1388618403013474,0.13180588045395203,0.1406924841099172,0.14156322602372828,0.14570012172629956,0.143167066042086,0.12603935073962727,0.12497613227926975,0.17108487605751116,0.1406168979357996,0.1352841362263455,0.14792096386894812,0.13626099476848588,0.14186968694523983,0.14767559471794575,0.14133595111535788,0.1254194613416303,0.12279258665479216,0.12467343911756736,0.13889883045216916,0.12798560654369284,0.12904841812240386,0.1277345150532878
36.0,2.447919959468019,2.477885018097632,2.4950519221815664,2.4836237448020206,2.757159531909616,2.912165926243614,2.571191436718952,2.5348068885898116,2.761751696708275,2.4542999946259303,2.633302873418746,2.78057416491733,2.8444562547622674,2.534865640676312,2.4360140426541923,2.660069772581602,2.336913720124828,2.4927135213066665,2.2617423188460983,2.5081172257230087,2.673452511474896,2.7501597698963876,3.273931172404459,2.6577289653656235,2.714582244114566,3.185436483794301,2.555849486790078,2.2581927551316445,2.161961358744497,2.172525491223601,2.610998445587705,2.568256568426284,2.2160318692433347,2.1505264288110646,2.39784601006549,2.4439225822302175,2.6104291688378383,1.890799276869005,2.0314191360772114,2.210697496461833,2.6642369659236995,2.4752658161040673,2.4818937717110106,1.9894765457901367,1.6641939167959492,2.193837716917927,2.14673474901397,1.9187700619571164,2.2881854829327755,2.4611429971086087,2.4106759784826406,2.494149237745788,2.5292981253012137,2.5025645431439676,2.7166617447125994,2.9080343845390946,2.5169705203615274,2.483517316135689,2.776095298033596,2.431670176765634,2.6036849908074013,2.836058565721145,2.8635081821320094,2.6381947881564587,2.430178976432868,2.6202888172186523,2.285139888920686,2.455764954286902,2.243618786221409,2.444708314161389,2.6943931670080317,2.7733119545623066,3.3336352418390196,2.6315534407391605,2.714092834180814,3.160474386304373,2.504137595052506,2.275236670881508,2.1384243275364962,2.1139901623296904,2.6083311349768254,2.5501110160115115,2.2258125977683147,2.1449803591758934,2.4436203057704424,2.4413321325658908,2.6078437521879634,1.8673389812806531,2.0072680598986796,2.168412692162024,2.675935572757866,2.5617041657215647,2.5324852629323633,1.990904799498455,1.677943461113981,2.24916401511845,2.180771976319021,1.9440253060399457,2.296076772637656,2.549035399674253,0.12846010369555766,0.13154823090839343,0.13632873034925752,0.13213064043097214,0.14422707289325895,0.14151314949273922,0.12964050903828847,0.1450068687721795,0.12354149519576603,0.12488682620573713,0.1429346970979671,0.14067331794356025,0.14038452037134913,0.1382133387163382,0.1383176567555121,0.15336245569898033,0.1263124615298462,0.12197195854699007,0.14100464396853937,0.13469402035693412,0.15952077395130645,0.13156912114598582,0.1567277356061947,0.1572966152634708,0.12296586473430406,0.14555411667174337,0.1365219351121616,0.13635424227197304,0.12997750731058352,0.1402795739693525,0.14112425693849842,0.14502539348752647,0.1431914647750717,0.12817657390032888,0.13051786857054504,0.16479164978402813,0.13354349514849317,0.1336529850896542,0.14947901198193803,0.13676471495667225,0.13863265509411313,0.14122594456772836,0.13627774664972817,0.1285547589668702,0.12576697696530326,0.12309949600590085,0.13612231314729406,0.11898501443877806,0.12399317712842187,0.12235775163677727,0.12576280054044872,0.12866378003189188,0.133997533023354,0.13736284189539621,0.14271516272749618,0.14438013247659795,0.12833524998637127,0.13922039770638636,0.1284383513838454,0.12262283162737762,0.14729947318083425,0.1432492419912681,0.14069218969403122,0.1396040903711529,0.14032936632454604,0.1514294414844056,0.12352415335471288,0.12091325685650416,0.14310146520099584,0.141495368741109,0.1557765194734579,0.13022346865059214,0.15732059156929573,0.15710999282646324,0.12257992133538369,0.14211967001238052,0.13922448007204177,0.1388403891351493,0.13180798382792633,0.14098495667133537,0.14179656425596068,0.145967500048521,0.14334747244307958,0.12603910361501922,0.12482799125185406,0.17171450883414038,0.14043720947596258,0.135691390792236,0.14826517818665083,0.13664640040744458,0.14194486234769735,0.1477758421748812,0.1412838260136119,0.12535426770373323,0.12287293744988294,0.12462786246148884,0.13885158282775878,0.1278760614352524,0.1291431946701315,0.12767830628359927
37.0,2.4492791458032763,2.4777897220273153,2.4938972622236126,2.4839475932773136,2.754194720964695,2.907529862760832,2.567883144493723,2.5337560484234842,2.7593459587414646,2.4518903071190206,2.631196278459693,2.7787063413684248,2.8414828977780426,2.532462871107507,2.4351880263734915,2.6574333278939584,2.3362167677409733,2.4889095063674764,2.262400945214549,2.507694900612487,2.6724446324760667,2.7506152328704814,3.2732549159959228,2.653118707082412,2.710680293520141,3.1792030510046048,2.554416393296653,2.258422457910006,2.1622298765971686,2.172712542094453,2.605905018801439,2.563839587024869,2.2168287813852494,2.1519161537934273,2.3972332578108984,2.4423837620009916,2.606959129330772,1.8918233586631086,2.030793379927777,2.2080259199809866,2.6609039097728444,2.470495828838941,2.480540980792878,1.9898361109717433,1.663132932386764,2.194596004820467,2.14566088168743,1.9199159830507861,2.287911108552689,2.461614884510178,2.412209653304357,2.493739846140777,2.527808867493044,2.502094319361853,2.714638380813481,2.903040054590551,2.5143171443726406,2.483164543104149,2.7737764479840927,2.4292327530281295,2.601274691607926,2.833962453564065,2.8613504570945714,2.635591879425703,2.428887158264089,2.6184736812732514,2.2851832481745604,2.4519720083349092,2.244093481677835,2.4443485949643358,2.693556355348032,2.7737747307115295,3.333663088993385,2.6270459311883947,2.7104664950576813,3.154102271264703,2.5021991852160648,2.275575722134844,2.1383498756095194,2.113564669490184,2.603427499888011,2.5457367868433476,2.2267480243953943,2.145562595324864,2.4427155671028586,2.439711832834365,2.6045237077767633,1.8680635367592824,2.0064748269651345,2.1659939865639917,2.672489661564185,2.556353969143776,2.5304450073932445,1.9907640920878948,1.6765382407685137,2.249494950929925,2.1799187726810447,1.9447081153552248,2.2957350167393713,2.549453270317227,0.12844827674028972,0.13159683338218156,0.1363053455630653,0.13212037934747536,0.14411301269188367,0.14153633357841383,0.12943447474924782,0.1448497817110633,0.12325027712237797,0.12480495826551762,0.14303816914751405,0.14071180757571697,0.14064266225564095,0.13833846965577667,0.1384592675894081,0.15363623350857586,0.12628590498826006,0.1220164081726287,0.14103632339106487,0.13476116946370872,0.15960903668123153,0.1314938191328194,0.15684395644340704,0.15771472357254557,0.12291330411408534,0.14597141417349185,0.13677747108899954,0.1363058522053414,0.13009069088860564,0.14058360854249607,0.14154379963490948,0.1454047736654444,0.1435467081542892,0.12828914561819427,0.13049823389438028,0.16542826582070258,0.13347671703120487,0.13411806124513598,0.1499048127416473,0.13711264102488474,0.13888223743343442,0.14151378521634897,0.13650928647853233,0.12866195341993145,0.12576896837000767,0.12322588494568192,0.1361180086472022,0.11916035204633864,0.12392105931820897,0.12233789757374454,0.12555567972933757,0.1286403553331459,0.13395439292491415,0.13723260071888355,0.14251567822584063,0.1444347464539131,0.12822151801560483,0.13925547411804115,0.1284100031990934,0.12244175408744963,0.14729008179771005,0.14330540924093918,0.14084143760279955,0.1396754933411612,0.1404568372612254,0.15163981600398332,0.12339889828996613,0.12065129944223899,0.14313588759107157,0.14183332229602572,0.15581581867634597,0.13015184157756918,0.1570901984080009,0.15734366184908338,0.1223670762435951,0.14243941257851125,0.1394968966476609,0.1388515259806629,0.13184423920928265,0.1413118918344206,0.14208635986385137,0.14628897868474464,0.14357706168949663,0.12607767829215433,0.1247055926542235,0.17239100896270432,0.14028229587251695,0.1361356293781021,0.14864140122532452,0.13706826666528624,0.14205997979662646,0.14790995260567152,0.14126787016767597,0.12532487652921223,0.12298567690565097,0.124613293592397,0.13883966107594004,0.1278123823976673,0.12926897659834996,0.12766011050180234
38.0,2.4509838364965466,2.477955058071225,2.4929977366046314,2.4845996329476363,2.7514626843646437,2.902957465209371,2.564715980770986,2.5330899915691827,2.7572241543290694,2.449703257638893,2.6294135712618,2.77707130305216,2.8386579502081815,2.530340242779519,2.434591755207107,2.655126926598079,2.335722020816112,2.485273030651954,2.2633414804179806,2.507596314939449,2.6715610879554306,2.7512726300665213,3.2725345443862723,2.6487682000407986,2.707020033166385,3.1730663681533766,2.5531693585710284,2.2589533123610814,2.1627514683833664,2.173126006025945,2.600794172456305,2.559436286829041,2.217838626255505,2.1535842008291004,2.3968558158696465,2.4409103749556293,2.6037058501992747,1.8929142393955616,2.0302272809785618,2.205504108943631,2.657805476762953,2.465984661623093,2.479392280679464,1.9904528340984884,1.6623631554361278,2.195569723124995,2.144845454852617,1.9211504701642863,2.287877105549921,2.4623144122661866,2.4141094920876904,2.493540039404482,2.5264878510056414,2.5019680085189187,2.7128618727534572,2.8981272743587234,2.5118247242062153,2.483220999770435,2.7717031464218813,2.427037117830454,2.5992279329380032,2.832058929035294,2.859390875790469,2.633244356091736,2.4278068763713194,2.616896953757735,2.285471783526869,2.4483588221475454,2.2448456797904197,2.4443874787524944,2.692854121356768,2.774433527175354,3.333624699259453,2.622780266729883,2.7070941292382185,3.147797741997716,2.5004594098429225,2.276195687800472,2.138518835042537,2.1133570462220588,2.598492275206086,2.5413547268926884,2.2278815641881007,2.1464143046891877,2.4420046646041333,2.4381494469791796,2.60141366236348,1.8688546301096058,2.0057251854541596,2.1637147452065197,2.6692877228524714,2.5512341951003656,2.5285695242609365,1.9908897364737073,1.6754495345782527,2.2500467925051337,2.1793557020087264,1.9455584701014843,2.295670348841165,2.5500484216610864,0.12847886836222133,0.13168211137176702,0.13631257359063412,0.1321412391000452,0.14404377705288798,0.1416080319332026,0.12926760049582292,0.14472527255118817,0.12298718037690498,0.12475713043391848,0.14317968241721318,0.14078703325165726,0.14093619096873736,0.13849781694798446,0.13863521272743998,0.15394333457820772,0.12629828974657895,0.12208904712159889,0.14110698426523685,0.1348603474818662,0.15972788951610364,0.13145387901200722,0.15700002352171338,0.1581784873138611,0.1228865659205338,0.14643424981537925,0.1370703663371621,0.13629174151308285,0.13023273035409325,0.14091614004092054,0.14199963782062647,0.1458283903882977,0.1439435628945128,0.12843287297422198,0.13051247538517513,0.1661108412242662,0.1334388761114209,0.1346136310689295,0.1503597001433837,0.1374962636332719,0.13916727858542255,0.14183262135171087,0.13677642525422895,0.1288072775449928,0.12580338839430458,0.12338351702724744,0.13614254557340275,0.1193726599849934,0.1238800834839239,0.12235011357826343,0.12538506348875367,0.1286514106074512,0.1339461465472535,0.13714396051029568,0.14236023969551592,0.1445364008361416,0.12814445872552546,0.13931947859987368,0.12841501010066153,0.1222906272321054,0.14731912677165984,0.14340769665045217,0.14102591273543036,0.1397819401440866,0.14062608303619487,0.15189102468843965,0.12330783455565796,0.1204203783607314,0.1432059788534899,0.14219720360262025,0.15588588022756333,0.13011676983111453,0.15690035554005097,0.15761631257050204,0.12218584343908692,0.1428038570739959,0.13981171904691253,0.13889534785820074,0.13191549778262987,0.1416721785747315,0.14243016834933928,0.14666244961878977,0.14385467903963567,0.12615511563655543,0.12460905418301076,0.17311236624590917,0.14015357851646665,0.1366140246846264,0.14904859860057787,0.13752350300699032,0.14221472806049507,0.1480785474234968,0.1412890598099523,0.12533041291725666,0.12312860235514907,0.12462946652978345,0.13886257967462284,0.12779366853209911,0.12942429156093457,0.12767952261527815
39.0,2.4529620036979027,2.4783144897802294,2.4922997014395936,2.485513637548539,2.748905028194059,2.898410419880818,2.5616561833518157,2.532751211524662,2.7553474629331247,2.4476922878540117,2.6279054726439424,2.7756291896564416,2.835951314338625,2.5284530617030616,2.434168673197607,2.6531087412403878,2.3353733285063347,2.481778760215978,2.264492531271385,2.5077782975669893,2.6707641049502864,2.752089489686771,3.271754619291723,2.644635727833364,2.7035728920113824,3.167007823089075,2.552058209277694,2.259715146985164,2.163469275282282,2.173707082159127,2.5956571379872133,2.555032241959479,2.218998531730125,2.155466761828361,2.3966647930740637,2.439450297697669,2.60062596361482,1.894026381454904,2.029692712374915,2.2031096591894044,2.6549090184517703,2.4617083860882203,2.4783990012244326,1.9912757367219767,1.6618569628175777,2.196710357466107,2.144239350939195,1.922448795294959,2.2880366303368964,2.46319829407842,2.4163064302056467,2.4934876118090776,2.5252880492476435,2.502125503799793,2.7112711419296343,2.8932608861937528,2.5094545324701865,2.483626645806834,2.7698376536463356,2.4250358387925743,2.597496774279107,2.830310680657973,2.857588085314718,2.631105647976031,2.4268873184830615,2.6155166670946888,2.285944989518296,2.444899684452927,2.2458061858403324,2.444778770264226,2.6922468655019722,2.7752471739135776,3.3335043617429774,2.618722449500731,2.7039451434702526,3.1415466005795847,2.4988705455428053,2.277026613656807,2.1388746072800817,2.1133112514550567,2.5935149748269057,2.536951196196537,2.2291483015787494,2.147473704024727,2.4414415966192196,2.4365964717867126,2.5984728518221134,1.8696658794524776,2.0049902481411284,2.1615518587332394,2.6662958972451407,2.5463196936891874,2.526813966789044,1.991236888171438,1.6746555209350973,2.2507731678241454,2.179032465304121,1.9465513645704107,2.2958337284728736,2.5507782969576875,0.12855129510146748,0.13180339718116124,0.13635009986223184,0.1321932012415688,0.1440192112573745,0.14172795323339424,0.12914116979982893,0.1446342781420283,0.12275356104651676,0.12474273035966542,0.1433574902429705,0.14089830698886646,0.14126288835704096,0.13869046596030932,0.13884475577918243,0.1542827312560487,0.12634872552189852,0.12218973777210489,0.1412166919342033,0.1349904830715093,0.15987812972580967,0.13145002791146643,0.15719595312225904,0.15868620087089216,0.12288583685862196,0.14693995686660843,0.13739876291178071,0.13631270574122348,0.13040364420203013,0.14127558541691132,0.14248940535730115,0.14629410182941174,0.144379642815303,0.12860748043626055,0.1305602251894616,0.16683701880336374,0.13343085622623227,0.1351376036866395,0.15084147102701423,0.13791333564311803,0.13948666125196957,0.1421806025572862,0.13707732975017523,0.1289895260030824,0.1258693466644133,0.12357169027322457,0.13619560010964207,0.11962008877161179,0.12387001178873167,0.12239419191397775,0.12525121034546646,0.12869700271531156,0.13397232195798112,0.1370980705437532,0.1422486195274747,0.1446839840021672,0.12810421715300144,0.13941270781897674,0.12845330690430623,0.12216999757825182,0.14738683366205427,0.1435551475280685,0.1412439755381513,0.13992306104564217,0.1408366486560127,0.15218200761275683,0.12325067935474963,0.12022185668927322,0.1433116874838256,0.14258429287563326,0.1559875076640351,0.13011863761516285,0.1567522508305953,0.1579269684701358,0.12203799696494508,0.14321089908637888,0.14016713997337493,0.1389719831820248,0.13202266525985473,0.1420647355120032,0.14282557122885411,0.14708582641929074,0.1441792015609405,0.12627149127562953,0.12453849890288814,0.17387659982966297,0.14005253226000985,0.13712376147028393,0.14948577575857142,0.13800905332482602,0.14240883234786908,0.1482822813430144,0.14134842747066403,0.1253700394819203,0.12329951810564518,0.12467613121445587,0.1389198754432793,0.12781903540649903,0.12960766407991217,0.12773615846820457
40.0,2.455141619557317,2.4788014807051666,2.4917495128435188,2.4866233808156033,2.7464633585375715,2.8938504130667577,2.5586699900373366,2.53268220178768,2.7536770640157258,2.4458108394328884,2.626622703425015,2.7743401408692208,2.833332892455296,2.526756633888864,2.433862224387571,2.6513369443673174,2.335114539967719,2.4784013611154534,2.2657827045897907,2.5081976773581784,2.67001591049795,2.7530233399335042,3.270899702428491,2.6406795740526796,2.700310299013187,3.1610088036601525,2.5510327720811166,2.260637790282491,2.164326438473143,2.174396969635056,2.590485146829121,2.5506130265368507,2.2202456256850964,2.1575000287015413,2.3966112982564685,2.4379514068306607,2.597676101748829,1.8951142472296778,2.029161547262166,2.2008201665579277,2.6521818863970505,2.457643073866029,2.4775124722814663,1.9922538403938037,1.66158673140463,2.1979693934784166,2.1437934523767948,1.9237862304401727,2.288342839326091,2.4642232436486653,2.41873140303124,2.4935203576266938,2.524162435627679,2.502506698389133,2.7098051097391473,2.88840573244576,2.507167841772549,2.4843214408856644,2.768142229956894,2.4231814835344565,2.596033275112771,2.828680396955228,2.855900732762356,2.6291291849000538,2.4260776723278292,2.614290853706748,2.2865423606895385,2.4415688839791514,2.246905805108782,2.445476274237949,2.691694988251385,2.7761745008859906,3.333286365549679,2.614838481638067,2.7009889445016038,3.135334649086508,2.4973848689254594,2.277998545482255,2.1393605937666695,2.1133712441189245,2.5884851126463237,2.532512554791869,2.2304833209997126,2.1486790100872812,2.4409803614930654,2.4350044040432937,2.5956605120266425,1.8704509029087553,2.004241127801391,2.1594822177878252,2.663480325364602,2.541585315008136,2.5251334882311673,1.991760702696667,1.6741343782309341,2.251627704867009,2.17889876356929,1.9476617930537166,2.296176115164349,2.551600339458914,0.12866500113191548,0.1319600607148036,0.13641762039362446,0.13227626939936135,0.14403918250243716,0.14189583958559598,0.12905653095716,0.14457777378281575,0.1225508167958382,0.1247611721520377,0.14356985330306438,0.1410449548193247,0.14162051785149776,0.13891549774975,0.13908719618933507,0.15465340095692123,0.1264363269444199,0.12231835735653879,0.14136555619173782,0.1351505349658355,0.16006059393913588,0.13148302646597249,0.1574317811804799,0.15923616895967777,0.12291132684586153,0.14748585762133312,0.13776083742757075,0.13636959540786542,0.13060349056697462,0.14166038372947196,0.14301073319082416,0.14679977781467043,0.14485258564494063,0.1288127326713367,0.13064112257153263,0.16760445677473126,0.1334535898699644,0.13568789991732572,0.15134793604955118,0.1383616481483643,0.13983928395518488,0.14255588254640122,0.13741017885106532,0.12920752191421833,0.12596599014298104,0.12378972009017795,0.13627688361683513,0.1199008200442917,0.12389064252209679,0.12246995806066145,0.12515443159799824,0.12877720840405962,0.13403245245498913,0.13709612695838283,0.1421806369104481,0.14487641220992595,0.1281009827914947,0.1395354899911127,0.1285248796549945,0.12208046692899137,0.14749346344580472,0.14374681612470266,0.1414939988517353,0.1400984998756484,0.14108811216559874,0.15251170058158595,0.12322718054199011,0.12005718383332965,0.14345297918111388,0.14299186673930983,0.15612153258301686,0.13015784535077304,0.15664712420072635,0.15827464626897778,0.12192540427554895,0.14365844034899977,0.14056138677609817,0.13908159273557769,0.13216670429719693,0.14248850742303748,0.14327016964759728,0.14755703894913755,0.14454953308273097,0.126426914442568,0.12449405773192262,0.1746817541138092,0.13998069210478772,0.1376620288211873,0.1499519782969346,0.13852188926008177,0.14264205521743925,0.14852184737170013,0.14144706576365973,0.12544295759456847,0.12349623547544913,0.12475305385552612,0.13901110954310297,0.12788761333929036,0.12981761570305966,0.1278296556735353
41.0,2.4574506562248217,2.479349494396905,2.4912935269313747,2.4878626364843823,2.744079281479762,2.889239131058772,2.555723638628614,2.5328254558559804,2.752174137038892,2.444012354043974,2.625515984423909,2.7731642963784107,2.8307725868441067,2.5252062653476526,2.433615852819572,2.649769708525259,2.334889504356386,2.475115499406262,2.2671406071881943,2.508811283176082,2.6692787316357194,2.7540317090089714,3.2699543555127706,2.6368580222913507,2.6972036831298354,3.155050697715052,2.5500428736458005,2.2616510707533353,2.165266099135129,2.1751368675948015,2.585269430416943,2.5461642146818404,2.221517035996415,2.159620193358929,2.396646440249132,2.4363615789581403,2.5948128967727255,1.8961322991084295,2.028605658785654,2.1986132268888077,2.649591432156568,2.4537647965881866,2.4766840237042316,1.9933361666655707,1.6615248380708136,2.1992983167965114,2.143458641595075,1.9251380475972648,2.288748888929926,2.4653459746787005,2.4213153459374777,2.4935760711294757,2.523063983554432,2.5030514854715973,2.708402697579129,2.8835266554648955,2.5049259247212303,2.4852453446791922,2.766579135652959,2.4214266196760774,2.5947894949204557,2.827130766450216,2.8542874652284067,2.6272683966852934,2.4253271256341,2.613177546016505,2.2872033915812864,2.4383407094543372,2.2480753428769584,2.4464337954120206,2.6911588900727597,2.7771743380524145,3.332954999785335,2.6110943652790084,2.698194939080133,3.129147689594617,2.4959546566006012,2.279041529055206,2.139920195946835,2.1134809831434005,2.5833922025602303,2.5280251627156685,2.231821706883324,2.1499684396326817,2.440574957570593,2.43332474053528,2.5929358788510433,1.871163318599303,2.0034489372103277,2.157482713013921,2.6608071478332382,2.5370059091550874,2.5234832418409057,1.9924163355649434,1.6738642848576555,2.2525640316137823,2.178904297806298,1.948864749843109,2.2966484684454453,2.552471992416634,0.12881945747804122,0.1321515084900346,0.13651484201593328,0.13239047031460585,0.14410357960229567,0.14211146596324664,0.12901509951213117,0.1445567764143849,0.12238039399366957,0.12481189607931031,0.14381503831956202,0.14122631728932944,0.1420068182465077,0.13917198622698787,0.13936186821595714,0.15505432511830788,0.12656021154118627,0.12247479788173912,0.14155373101283947,0.13533949142716667,0.16027616453174443,0.13155367142105345,0.15770756253269755,0.15982670523437262,0.12296327065679535,0.14806925689953224,0.1381547959166645,0.13646331649646723,0.1308323677813615,0.14206899137020723,0.14356124564438547,0.1473432947208641,0.1453600471074678,0.12904843580223319,0.13075481458958166,0.16841082433070184,0.13350806003130528,0.13626244693859987,0.1518769131923027,0.13883902572002588,0.14022405842512844,0.1429566152645432,0.1377731597048792,0.1294601180099628,0.1260925065416267,0.12403694192902177,0.1363861471901549,0.12021306726568627,0.12394181355968152,0.12257727313272054,0.12509509030564528,0.12889212620039298,0.13412607694611092,0.13713937471106774,0.14215615530574213,0.14511262733635036,0.12813498847190724,0.13968818242391054,0.12862976435581802,0.12202269456529621,0.1476393156576049,0.14398176724956907,0.14177436596836687,0.14030791587703556,0.141380085664959,0.1528790339901525,0.12323711323669977,0.11992789937553033,0.14362983894843295,0.1434171904177776,0.15628882002374933,0.13023481180577076,0.1565862687222483,0.15865835588113175,0.12185002984973015,0.1441443843892418,0.14099271859666773,0.1392243709168726,0.13234863679146014,0.14294246218857218,0.14376157928431854,0.14807402913361611,0.14496459984652618,0.12662152714964534,0.12447587230897454,0.17552589520145778,0.13993965922885415,0.13822601354298852,0.15044629239488638,0.13905900402414248,0.1429141979241428,0.14879798180013146,0.14158613089281227,0.1255484083281704,0.12371657279161644,0.1248600174668788,0.13913586975047437,0.1279985462799765,0.13005266565593823,0.12795967478160034
42.0,2.459817085850428,2.479891994406305,2.490878099818177,2.4891651782904423,2.741694403105277,2.884538260148449,2.5527833669267754,2.5331234672273277,2.750799861464712,2.442250273355746,2.6245360364595007,2.7720617958719416,2.828240299790974,2.5237572620901587,2.4333730025361615,2.6483652062606975,2.3346420708284166,2.471895841144298,2.268494845881628,2.5095759438838225,2.668514795400893,2.7550721251154453,3.2689031402608006,2.633129356141944,2.6942244733194123,3.149114893102257,2.5490383406362027,2.2626848168979583,2.1662313984474886,2.1758679751794148,2.5800012201856304,2.541671380515115,2.222749890540094,2.1617634477108485,2.396721327884373,2.43462869068366,2.5919929808579565,1.8970349994796967,2.0279969200907266,2.196466436021679,2.6471050072880864,2.450049625886404,2.475864985346399,1.9944717370888707,1.6616436596896653,2.2006486130549776,2.143185801023666,1.9264795187635932,2.289207935560861,2.4665232008703146,2.4239891942973815,2.493592546589603,2.5219456664365123,2.5036997582317935,2.707002826846666,2.878588497601253,2.5026900539241996,2.4863383168597424,2.7651106310339575,2.419723814837405,2.5937174931836804,2.825624477666065,2.852706929807892,2.6254767131532133,2.4245848661304064,2.6121347764465632,2.287867576734219,2.435189449606607,2.249245604426015,2.447605138524825,2.6905989714338316,2.77820551537263,3.3324945535556596,2.6074561025606977,2.695532533953676,3.122971524180118,2.4945321851780027,2.280085610154075,2.140496815265096,2.1135844274582487,2.578225758464462,2.5234753800049234,2.233098543661925,2.1512802094167696,2.4401793831967757,2.43150897804902,2.5902581881693,1.8717567446449737,2.0025847891432806,2.1555302350551537,2.658242505273458,2.5325563262279203,2.521818380871867,1.9931589422918443,1.6738234192071553,2.253535776044558,2.1789987690171917,1.9501352292302843,2.2972017478460365,2.553350699082703,0.1290141617171561,0.13237718295145773,0.13664148310281765,0.1325358554107229,0.144212313358008,0.14237463999993083,0.1290183604098525,0.14457234787246548,0.12224379494692593,0.12489436852907401,0.1440913177319002,0.14144175045196283,0.14241949807677787,0.13945899573847487,0.13966814011325415,0.15548448871657397,0.1267194982981734,0.12265896633388255,0.14178141428805163,0.13555636995926063,0.16052577612582722,0.13166279829815394,0.15802337039617742,0.16045613156858282,0.12304192976395445,0.14868743619745223,0.13857886874447153,0.13659483078637355,0.13109041497021962,0.14249987720665883,0.14413855740700385,0.1479225309793562,0.14589969546377526,0.12931443873697063,0.1309009575552161,0.16925379768430765,0.1335953016460065,0.13685917331760783,0.1524262215419957,0.1393433215703554,0.14063990733102819,0.14338095118110059,0.13816446423833692,0.12974619830162518,0.12624812804284463,0.12431271451691571,0.13652318662986074,0.12055507683822694,0.12402340641700521,0.1227160366661594,0.12507360007934232,0.12904187868467829,0.13425274103463095,0.13722910972687383,0.14217508005802412,0.14539159495971368,0.1282065091731696,0.13987116875358674,0.12876804528876568,0.12199739923562816,0.147824731946716,0.1442590766284007,0.14208346902892852,0.14055098594186174,0.14171221687765426,0.15328293283032926,0.1232802766047292,0.11983563637426489,0.14384227376073158,0.1438575094789707,0.15649027398185988,0.13034997661936126,0.15657103149808055,0.15907710115493962,0.12181393806626202,0.14466663301643962,0.14145942411080417,0.13940054731107357,0.13256954605068896,0.14342558812953748,0.14429742651023972,0.14863474774541413,0.14542334685562247,0.12685550369540494,0.12448409827675609,0.17640710789174577,0.13993110638172623,0.13881289462133461,0.1509678453117748,0.13961740668003558,0.14322510223416934,0.14911146920290305,0.14176684589398247,0.12568567305276987,0.12395835528146566,0.1249968225859757,0.13929377300558357,0.1281509912906151,0.13031133198408992,0.12812590078816447
43.0,2.462168880584147,2.4803624442842165,2.49044958761891,2.490464779969342,2.7392503294987063,2.879709486627362,2.5498154127328867,2.533518729399433,2.7495154167552176,2.440478039036708,2.623633580350697,2.7709927790377478,2.8257059335818475,2.5223649301271087,2.4330771175799293,2.647081610120006,2.334316088539902,2.468717052385464,2.269774027485095,2.5104484883444593,2.6676863288307886,2.7561021164551964,3.267730618388769,2.6294518591970433,2.691344098539983,3.1431827776701957,2.5479689997168062,2.263668857216642,2.167165477589386,2.176531491529963,2.5746717475700795,2.5371200981573523,2.2238813171921383,2.1638659836676006,2.3967870699945024,2.4327006186107583,2.589172986175966,1.8977768107320245,2.0273072043227094,2.1943573897961426,2.6446899633493466,2.446473633392365,2.4750066870616236,1.9956095732153025,1.6619155731346977,2.2019717678884327,2.142925813092215,1.9277859159365045,2.289673135631339,2.4677116359252893,2.4266838834839275,2.493507578279187,2.5207604576825746,2.504391409854402,2.705544418938905,2.8735561012050077,2.5004215019894187,2.487540317099609,2.7636989763992914,2.418025636638409,2.592769329383935,2.8241242191259057,2.8511177735958317,2.6237075641253043,2.423800081545219,2.6111205774195154,2.288474410689027,2.4320893931640484,2.2503473950371826,2.44894410831476,2.6899756328023448,2.7792268628064565,3.3318893159664302,2.6038896956202424,2.6929711358700508,3.116791954919155,2.4930697312673624,2.281060834557252,2.1410338531659696,2.1136255359931955,2.5729752942548942,2.518849566696602,2.234248915767843,2.152552536195363,2.439747636716564,2.429508613370864,2.587586675855401,1.8721847991666365,2.001619796375625,2.153601674555213,2.655752538307661,2.5282114163245324,2.520094058577639,1.9939436783929188,1.6739899596713246,2.254496566139389,2.1791318782040436,1.951448225506955,2.2977869128959543,2.55419390270901,0.12924863818617324,0.13263656209866895,0.1367972748199304,0.13271250294478473,0.14436531761506627,0.14268520216029293,0.12906786984481325,0.14462559823466023,0.12214258528443028,0.1250080822496301,0.14439697038746274,0.14169062737578728,0.14285623055006672,0.139775579061732,0.14000541350844722,0.15594288036610976,0.12691330680740773,0.12287078517806552,0.14204884757331995,0.1358002172810024,0.16081042223849476,0.13181128415510796,0.158379296064301,0.1611227779999256,0.1231475944038585,0.14933764842538672,0.13903130556572288,0.136765156038483,0.1313778126736569,0.1429515175920583,0.14474027120878022,0.14853536315656557,0.1464692064904662,0.12961063456666994,0.1310792193256652,0.1701310565684067,0.1337164026752437,0.1374760043606288,0.15299367530540744,0.1398724126131633,0.14108576236342005,0.14382703372616282,0.13858228602517098,0.1300646802651976,0.12643213536166348,0.12461642367442433,0.13668784788376967,0.12092512962642017,0.1241353509394338,0.12288618980486629,0.1250904236882272,0.12922661517938797,0.13441199884604582,0.13736668130539478,0.14223735613921692,0.14571230278532746,0.1283158607690091,0.1400848558633115,0.1289398529127596,0.12200536098192201,0.14805010008921413,0.14457783201299873,0.14241970773170343,0.14082740723033269,0.14208419127907196,0.1537223178637577,0.12335649081497481,0.11978212411790658,0.1440903158336977,0.1443100410678433,0.15672684312955476,0.13050380324523592,0.15660281436483736,0.15952988140977614,0.12181929532688617,0.14522308361060512,0.14195981985529316,0.13961038864229344,0.13283057883332489,0.14393689169140386,0.1448753457713566,0.14923715216955408,0.14592473492703492,0.12712905050966072,0.12451890901996863,0.17732349322098387,0.13995678266779688,0.13941983870431762,0.15151580591315653,0.140194116849281,0.14357465274268244,0.1494631474620318,0.1419905036260308,0.12585407363439846,0.12421941480006497,0.12516328817000147,0.13948446824333666,0.1283441186373487,0.13059213318890595,0.12832804498555864
44.0,2.464434012576007,2.4806943075815022,2.489954346448553,2.4916952152566405,2.7366886667446533,2.874714496787102,2.5467860138480565,2.5339537358700794,2.7482819823724833,2.4386490927553313,2.622759336916381,2.7699173855637573,2.8231393905026083,2.520984575469235,2.4326716419934433,2.64587709264964,2.3338554066469417,2.465553799185654,2.2709067588136187,2.511385745421082,2.666755558962694,2.7570792112304656,3.2664213516129017,2.6257838150492434,2.688533987749577,3.137235739267338,2.5467846775521057,2.2645330202096097,2.1680114777400594,2.1770686157875008,2.569272244005254,2.5324959417292248,2.2248484438285154,2.165863993139504,2.3967947754118213,2.4305252393429817,2.5863095448981928,1.8983121952539603,2.026508384626961,2.1922636840518512,2.6423136518981383,2.443012890737766,2.474060458703575,1.9966986965964741,1.6623129552794373,2.2032192669314714,2.142629560230369,1.9290325111133608,2.290097645553785,2.4688679935453965,2.429330348870147,2.4932589604704023,2.519461330701253,2.505066333524049,2.703966395252961,2.8683943086262635,2.4980815415248294,2.488791305071062,2.7623064320483803,2.416284652699049,2.5918970630027216,2.822592679352871,2.849478643687255,2.621914379423039,2.422921959607051,2.610092981358001,2.2889633879864015,2.4290148288547933,2.251311519991616,2.450404509520195,2.689249274646033,2.7801972103136787,3.3311235761233617,2.6003611465947736,2.690480151577127,3.110594783887926,2.491519571478437,2.281897248043144,2.1414747110939993,2.1135482676780137,2.5676303238273626,2.514134082827705,2.235207907633432,2.1537236367242985,2.439233716474885,2.427275143287157,2.584880577783329,1.8724011002851422,2.000525071682707,2.151673922157716,2.65330338755827,2.5239460295427802,2.5182654282118273,1.9947256993837292,1.6743420846420476,2.255400029878322,2.1792533263689076,1.9527787329648223,2.2983549231250477,2.5549590465474052,0.12952243871408436,0.1329291594387208,0.13698196292430337,0.13292052079113154,0.14456255102672283,0.14304302630632784,0.1291652568216973,0.14471768929114015,0.12207840153352843,0.12515255689423124,0.14473028329920937,0.14197234019451535,0.14331464900164323,0.14012077581342317,0.14037312296254031,0.15642849302198875,0.1271407570080082,0.12311019316468412,0.1423563158632877,0.1360701095724174,0.1611311621126989,0.13200005047516855,0.15877544880206373,0.16182498332525042,0.12328058589593119,0.15001711317738833,0.13951037030072902,0.13697536604628952,0.13169478348623176,0.14342239119017622,0.14536397617941657,0.1491796625860166,0.14706625888056285,0.1299369620236947,0.13128928248048277,0.17104028116546993,0.1338725048124755,0.138110857737225,0.15357707801850407,0.1404241943977895,0.14156056267336284,0.1442929958326358,0.1390248174994504,0.13041451754940345,0.12664386218488002,0.12494748673421555,0.13688003302189553,0.12132154288927821,0.12427763067379645,0.12308771891705686,0.12514607149281215,0.1294465148861051,0.13460341564061307,0.13755349483587095,0.14234296602169344,0.14607375941474568,0.12846339871676438,0.1403296704698001,0.12914536132124266,0.12204742283169458,0.14831585849585552,0.14493713505830055,0.1427814883346656,0.1411369001784122,0.14249573479389985,0.15419610798525046,0.1234655941731093,0.11976919033577509,0.14437402652699402,0.14477196456536667,0.15699952681324025,0.1306967823412096,0.15668307446285362,0.16001569377590483,0.12186837140730811,0.14581162718047777,0.14249224913438896,0.13985420114961256,0.1331329472481727,0.14447539543910892,0.14549297816982693,0.1498792051171818,0.14646773844972416,0.12744240633923057,0.1245804999039782,0.17827316655674108,0.14001851772872012,0.14004399656877023,0.15208938518440654,0.14078615981379533,0.14396277972844526,0.1498539128249915,0.14225846952276017,0.1260529721944417,0.12449758934724728,0.12535925266676706,0.13970763951945275,0.12857711250599133,0.13089359036915443,0.12856584716141903
45.0,2.466540453976017,2.4808210478490276,2.4893387324221266,2.492790257887907,2.7339510209277487,2.869514976919244,2.5436614080733735,2.5343709801369916,2.747060737778551,2.4367168761800824,2.6218640269754374,2.7687957551378855,2.8205105728392112,2.5195715041272404,2.4321000198192637,2.6447098263959927,2.333203874305628,2.462380747600753,2.2718216466822,2.5123445439767624,2.6656847128339147,2.757960937643547,3.2649599016494237,2.622083507291101,2.685765569906296,3.131255165742146,2.545435200806575,2.265207134377151,2.1687125400787144,2.177420547093087,2.5637939409260673,2.527784485351428,2.2255883983252445,2.167693668036854,2.3966955529686227,2.428050429483866,2.5833592891960664,1.8985956154340424,2.0255723341488046,2.1901629146283996,2.6399434244921944,2.4396434695542903,2.472977630125927,1.997688128783977,1.662808182997413,2.204342595818671,2.142247924867781,1.9301945762915012,2.290434621740669,2.4699489874324394,2.4318595258290507,2.4927844874354057,2.5180012589012013,2.5056644224253994,2.702207677185953,2.863067962215166,2.4956314451383985,2.4900312404464278,2.760895258280653,2.4144534306392975,2.5910527535215526,2.8209925468701127,2.8477481871771864,2.6200505888678776,2.4218996880444035,2.6090100206845865,2.2892740031670384,2.425940045406929,2.2520687845705134,2.4519401468795325,2.6883802974326403,2.781075387854099,3.3301816231322348,2.5968364576214378,2.688028987822712,3.104365813162596,2.489833982420941,2.282524896390162,2.1417627904936833,2.113296581442418,2.5621803610777576,2.509315288435211,2.235910603691036,2.154731727759385,2.438591620816691,2.424760064584254,2.582099129827062,1.8723592661213602,1.999271727839902,2.1497238685063342,2.6508611936476454,2.5197350159805585,2.516287643028046,1.995460160779839,1.6748579725112251,2.2561997952414368,2.1793128145138363,1.9541017458955907,2.2988567380631757,2.5556035738497673,0.1298351439027998,0.13325452427418366,0.1371953101440032,0.13316004989971378,0.14480399953880282,0.1434480206728116,0.12931222444148743,0.14484983816581254,0.12205295893182423,0.12532733989221076,0.14508955452550212,0.142286302723441,0.1437923428449174,0.14049361127444773,0.14077073570494822,0.15694032530369892,0.12740096953238914,0.12337714645682787,0.14270414739124748,0.1363651530100411,0.1614891277602198,0.1322300662165911,0.15921195593100165,0.16256109633390037,0.12344125924047311,0.15072301248545605,0.14001433610935546,0.13722659055318168,0.1320415926996421,0.14391097356395513,0.14600724689197597,0.1498532925302421,0.14768853005052568,0.13029340698836134,0.13153084843645807,0.17197914944503534,0.13406480381354038,0.13876163933856364,0.15417421691276811,0.14099657589547654,0.14206325367323322,0.14477695654957762,0.13949024750938693,0.1307947032190546,0.12688270003335675,0.12530535758027952,0.1370997068053531,0.12174267263455589,0.12445028896882301,0.12332065967232266,0.12524109971156291,0.12970179050706884,0.13482657126576872,0.13779101486621803,0.14249192767565655,0.1464749934577582,0.12864951669306288,0.1406060553626653,0.12938478523810573,0.12212449237535934,0.14862250125600193,0.14533610399114466,0.1431672229462403,0.14147921191071036,0.14294661707330997,0.15470322380056717,0.123607440431883,0.11979876286118919,0.14469350091377559,0.14524041161032794,0.15730938139687184,0.13092943563804688,0.156813324727052,0.16053353634592316,0.12196354001157841,0.14643014716765432,0.14305508150368762,0.14013233342317502,0.1334779305054671,0.1450401363294089,0.14614797122759307,0.15055887426413217,0.14705134385327046,0.12779584277593903,0.12466909306584571,0.1792542562484695,0.1401182253250072,0.14068250054214948,0.15268783669364017,0.14139056198876854,0.14438946257918278,0.1502847250098907,0.14257218411590575,0.12628177039296845,0.12479072234128147,0.1255845752604517,0.13996300945094736,0.12884917235999613,0.1312142298893843,0.1288390781506691
46.0,2.468416176934186,2.4806761286376267,2.488549101654595,2.493683681598697,2.73097899813258,2.8640726133153933,2.540407833209932,2.534712955697945,2.7458128624355003,2.434634830979446,2.6208983713467546,2.767588027448076,2.8177893828775655,2.518081022111886,2.431305695099976,2.643537983905524,2.3323053406720415,2.459172563686663,2.2724472979058605,2.513281712874585,2.6644360174817767,2.758704823896685,3.2633308302145294,2.6183092195152295,2.6830102739681623,3.125222444943077,2.5438703961446922,2.2656210282195297,2.169211805784548,2.177528484587776,2.558228069767451,2.5229713031446095,2.2260383085583135,2.169291200269974,2.396440511497215,2.425224065636954,2.580278851241026,1.8985815336608158,2.024470926033599,2.188032677365401,2.637546632689289,2.4363414414736457,2.4717095311823556,1.9985268913294083,1.6633736331621587,2.205293240184655,2.141731789434072,1.931247383468274,2.290637220604416,2.4709113312881974,2.434202349733635,2.492021953446326,2.516333215691058,2.506125569743068,2.7002071861349997,2.857541904321842,2.493032485438078,2.49120008289799,2.7594277153955127,2.4124845380791364,2.590188460421909,2.8192865102007683,2.845885051160646,2.618069622281307,2.4206824545857955,2.6078297278219065,2.289345750771627,2.422839331548594,2.2525499940550517,2.4535048251311498,2.6873291016299206,2.781820225387536,3.3290477460987704,2.5932816308373408,2.685587051354663,3.098090844819332,2.487965240704648,2.282873825376682,2.1418414928095637,2.112814436216165,2.556614919901933,2.504379543556085,2.2362920883729926,2.1555150260564666,2.437775348086937,2.421914874048496,2.579201567860583,1.8720129147961417,1.9978308776225653,2.1477284042447162,2.648392097198238,2.5155532257357542,2.5141158562798833,1.9961022180968175,1.6755158016707374,2.256849490208779,2.179260043640905,1.9553922585909649,2.2992433172402085,2.5560849278679445,0.13018636497980252,0.13361224233669625,0.13743709917112545,0.13343126846331488,0.1450896796090791,0.1439001292606177,0.1295105509220254,0.1450233211102552,0.12206805951460857,0.1255320076729766,0.1454730972322622,0.1426319536693416,0.14428685400217023,0.1408930956413524,0.14119775153193354,0.15747738345348272,0.127693066671403,0.12367162009515485,0.14309271345348384,0.1366844846149793,0.16188553124086735,0.13250235105300984,0.15968896309697098,0.1633294776662969,0.12363000601901168,0.15145248701980618,0.1405414803372217,0.13752001502571853,0.13241854893194252,0.14441573147693754,0.1466676430995079,0.150554105854695,0.1483336923385355,0.13068000402881622,0.13180364255576546,0.1729453348863947,0.13429454943572242,0.13942623933364484,0.15478285740325481,0.14158747411826764,0.14259278620156723,0.14527701769934961,0.13997675921054523,0.1312042735522043,0.12714810360069934,0.12568953232952132,0.1373469039120567,0.12218691641567742,0.12465343585261568,0.12358510160890826,0.12537610852229336,0.1299926923882208,0.13508106451250876,0.1380807685608714,0.14268429268388488,0.14691505298548885,0.1288746451795763,0.14091446527851315,0.1296583765267759,0.12223754323493119,0.1489705837573181,0.1457738771035001,0.14357532911377102,0.1418541200879762,0.1434366553632256,0.15524259244307387,0.12378189627353488,0.1198728707352544,0.14504887304601602,0.1457124554210387,0.15765752701385313,0.13120232032487344,0.1569951343593762,0.1610824121472319,0.12210727849996805,0.14707651898278165,0.14364671283386626,0.14044517972481355,0.13386687650691878,0.1456301642325094,0.1468379798238289,0.15127413279840002,0.14767454879084468,0.1281896651267331,0.12478494281619812,0.18026490283681026,0.14025790630587,0.1413324628631762,0.15331045696842743,0.14200434674988333,0.14485473382045108,0.1507566123707249,0.1429331653373505,0.12653990820787198,0.12509666163211455,0.12583913729518553,0.14025034299701575,0.12915951496299785,0.1315525866064403,0.12914754274763657
47.0,2.4699891536005327,2.4801930134981762,2.487531810260975,2.494309260124581,2.72771420444377,2.8583490922670958,2.5369915270588375,2.534922156050662,2.744499535805355,2.4323563988219083,2.619813090849232,2.766254342182248,2.814945722903597,2.5164684354338887,2.4302321118781416,2.6423197377246397,2.3311036549023108,2.4559039134992737,2.2727123192996026,2.5141540809776406,2.662971699943571,2.759268398192158,3.261518699024435,2.6144192353141986,2.680239528893252,3.1191189647185706,2.5420400902309415,2.265704530237002,2.1694524160367763,2.177333627412656,2.552565861964352,2.518041969229465,2.226135302403724,2.1705927817491664,2.39598075982991,2.4219940244058047,2.57702486320452,1.8982244123228205,2.0231760334266644,2.185850568102499,2.635090628047197,2.4330828781275113,2.470207491726501,1.9991640057843667,1.663981682647188,2.2060226856640113,2.141032036358913,1.9321662046410453,2.29065859855749,2.471711738814444,2.436289755956917,2.4909091527753207,2.5144101744794507,2.5063896686617393,2.6979038434972384,2.851780977296421,2.4902459350318304,2.4922377920980354,2.7578660636923717,2.410330542638534,2.5892562431852837,2.8174372578679483,2.8438478827326783,2.6159249094848214,2.419219446959714,2.6065101351925564,2.2891181253408392,2.4196869760078745,2.2526859537264206,2.455052349013424,2.6860560877056168,2.7823905528737636,3.327706234128717,2.589662668379617,2.6831237489208166,3.0917556809343174,2.485865622939261,2.28287408078113,2.1416542194861514,2.1120457909290056,2.55092351419575,2.4993132082273317,2.236287446111639,2.156011748371367,2.4367388966305623,2.418691068466244,2.5761471277578805,1.8713156644303541,1.9961736338060563,2.145664420016487,2.6458622388324153,2.5113755089062333,2.511705221220953,1.996607026850217,1.6762937505124837,2.257302742760427,2.179044714752163,1.9566252653426497,2.2994656201859853,2.556360551853827,0.1305757462461645,0.13400193677446326,0.13770713630399076,0.13373439681754848,0.1454196421710424,0.14439933365057686,0.12976209035731343,0.1452394774869202,0.12212560051553109,0.1257661672704347,0.14587924500241015,0.14300876046135771,0.14479567380979444,0.14131822371890332,0.14165370285859338,0.15803868393774007,0.12801617397502799,0.12399360981914342,0.14352242824936853,0.13702727344349364,0.1623216721954441,0.1328179788325619,0.16020663471900956,0.1641285022848743,0.12384725761633222,0.15220263270711396,0.14109007940514434,0.1378568802594784,0.13282600472272632,0.1449351168570743,0.14734271017800776,0.15127994320001786,0.14899940957953003,0.13109683795487498,0.13210742030310008,0.17393650456474588,0.13456304496152222,0.1401025283916392,0.15540073766488213,0.14219480855198113,0.1431481160520004,0.14579126055897496,0.14048252830123534,0.13164231241635613,0.1274395966295357,0.12609955568058753,0.13762173688084253,0.12265271660213406,0.12488725573533685,0.12388119321949506,0.12555173999301947,0.13031951322115384,0.13536651845042008,0.13842434956941838,0.1429201444649387,0.14739300532185096,0.12913924999985735,0.1412553623886738,0.12996642018284954,0.12238761641502442,0.14936072891908786,0.14624961711217635,0.14400422973512142,0.1422614372328376,0.1439657189756656,0.15581315365370896,0.12398883895548789,0.1199936447323098,0.14544032194172793,0.14618509935350263,0.15804515478247871,0.13151603399355738,0.15723012934989852,0.16166133394564985,0.12230216675482973,0.1477486102700472,0.14426556596160614,0.14079318380381162,0.1343012032598533,0.14624454068052586,0.14756066830724993,0.15202296087014155,0.1483363620394951,0.1286242136237895,0.1249283417174815,0.18130325882164838,0.1404396509442099,0.14199097497737356,0.15395658575433904,0.14262453060702224,0.14535868377897534,0.15127067713611028,0.1433430106066191,0.1268268621919288,0.12541325825528635,0.12612284388267453,0.14056945161374676,0.129507377091511,0.1319072076962209,0.12949108298667472
48.0,2.471187356125068,2.479305165981537,2.486233214356248,2.4946007672011103,2.724098245945919,2.852306100065974,2.533378727421164,2.5349410746929,2.743081937350207,2.4298350213759594,2.6185589063017356,2.764754839028331,2.8119494952032293,2.5146890501039616,2.428822714196329,2.6410132603997667,2.329542666152489,2.4525494630944706,2.272545317678465,2.5149184771490027,2.661253987256594,2.759609188732206,3.259508069795364,2.610371838280595,2.677424763639629,3.112926112917085,2.5398941097297953,2.265387468929821,2.1693775120146013,2.1767771747087488,2.546798548951689,2.512982057726666,2.225816507737491,2.1715346043847377,2.395267406798995,2.4183081823939516,2.5735539572579724,1.897478713808603,2.0216595294733524,2.1835941826792844,2.6325427621236477,2.4298438511475897,2.468422841612061,1.9995484937004566,1.6646047083260318,2.20648241789133,2.140099548071931,1.9329263118071531,2.2904519120123195,2.472306923712955,2.4380526798718867,2.4893838796945555,2.5121851086750513,2.5063966123660113,2.695236570669761,2.8457500234890314,2.4872330665276134,2.4930843277188863,2.7561725634706318,2.4079440119374373,2.588208161293194,2.8154074783948175,2.841595328988282,2.613569880299875,2.4174598528946474,2.6050092752191274,2.2885306214153815,2.4164572675128992,2.252407468865812,2.456536523264746,2.684521656127471,2.7827452002726054,3.3261413763278345,2.5859455723853957,2.680608487269002,3.0853461235837125,2.483487405734523,2.2824557083819146,2.1411443719679863,2.110934604510679,2.545095657855065,2.4941026424859394,2.2358317613393193,2.156160111459917,2.435436264792521,2.4150401446238323,2.5728950453929476,1.870221133144853,1.9942711091657455,2.1435088064653396,2.643237759172589,2.5071767155898783,2.5090108911048423,1.9969297425556014,1.6771699974283498,2.2575131808764537,2.178616528849667,1.9577757604423465,2.299474606430361,2.5563878890592666,0.13100296814286425,0.13442326950018016,0.13800525577729375,0.1340697030851488,0.1457939773481198,0.1449456552334066,0.13006877321391586,0.14549971395088385,0.12222758311371247,0.1260294583366126,0.14630635846210863,0.14341622373099067,0.14531624040408445,0.141767975074777,0.1421381549137155,0.15862325669359836,0.12836942250838435,0.12434313426626252,0.14399374872121498,0.1373927221567272,0.16279894564210756,0.13317808128085398,0.16076515462293275,0.16495656254393645,0.12409348877819659,0.15297049775016602,0.14165840360881063,0.13823848177883577,0.13326435706931733,0.1454675603733526,0.1480299802952401,0.1520286316435926,0.14968333404301612,0.13154404536265124,0.13244197450758294,0.1749503175797818,0.13487164627181306,0.14078835404327483,0.1560255632654905,0.1428164953862672,0.14372820386354443,0.14631774255506574,0.14100572160710886,0.1321079562562211,0.1277567783945529,0.12653502795785165,0.13792440483323112,0.12313856416471776,0.12515201598413336,0.12420914758184283,0.12576867582868395,0.13068259334123955,0.13568258682732412,0.13882342231216083,0.1431995965934384,0.1479079371694472,0.12944383080539335,0.1416292113758467,0.13030922977573609,0.12257582150918973,0.14979363407391363,0.14676251643706295,0.14445235333715206,0.14270101559359943,0.14453373437550074,0.15641386714795436,0.12422815410559827,0.12016331727917566,0.14586807831555215,0.1466552646313077,0.15847353452953522,0.1318712201897188,0.1575199931190709,0.16226932989066037,0.12255088514294434,0.14844428190759898,0.14491009194046922,0.14117684320189214,0.1347824000974397,0.14688233782677007,0.14831371379478078,0.152803347948645,0.1490358041193799,0.12909986497026626,0.12509962741155278,0.18236748898625932,0.14066564060045023,0.14265510777823392,0.15462560612778348,0.1432481197267811,0.14590146590881062,0.15182810073541375,0.1438033987073954,0.12714214320223513,0.12573836494851706,0.1264356257035587,0.1409201978241946,0.12989201896636407,0.13227665713468562,0.12986958180133926
49.0,2.4719387566578135,2.4779460496385504,2.4845996700554065,2.4944919765638622,2.720072728723656,2.84590532300359,2.5295356720980284,2.5347122051224176,2.741521246532089,2.427024140310057,2.6170865385231727,2.7630496576742547,2.8087706020623773,2.512698172132833,2.427020946097124,2.639576724477336,2.327566223578709,2.4490838785281697,2.2718748998574445,2.5155317302517646,2.6592451064581497,2.7596847237191287,3.257283504243519,2.6061253120069896,2.674537407165354,3.1066252773870824,2.537382281305753,2.2645996727982776,2.168930234897245,2.17580032561714,2.5409173621643886,2.5077771427568756,2.2250190524355964,2.1720528600870006,2.3942515612367834,2.414114416204934,2.569822765572838,1.8962989005067024,2.0198932873189976,2.1812411169354093,2.6298703864764303,2.426600432165562,2.4663069106926887,1.9996293766292594,1.6652150870722169,2.2066239225012176,2.1388852070027906,1.933502976963956,2.289970317381346,2.47265359968556,2.43942205685158,2.4873839284761488,2.509610991686469,2.5060862940405735,2.6921442890497214,2.8394138852498254,2.4839551525333827,2.4936796494328153,2.7543094750297388,2.405277513595831,2.5869962742271353,2.813159860304499,2.8390860370224815,2.6109579645479375,2.4153528601191208,2.603285180324256,2.287522733535933,2.4131244947917625,2.2516453447544156,2.4579111526235016,2.682686207363201,2.7828429975438445,3.3243374618018624,2.5820963449917858,2.6780106731470545,3.0788479748436948,2.480782865700182,2.2815487539574137,2.140255351699571,2.1094248358909358,2.53912086477574,2.488734206368864,2.234860118488386,2.155898332077943,2.4338214509177742,2.410913599307627,2.569404556639754,1.8686829390605015,1.9920944164769885,2.141238454234892,2.640484798841171,2.502931695884574,2.5059880191851716,1.9970255207285361,1.6781227208102358,2.257434432536895,2.177925186935477,1.9588187381817699,2.299221235503178,2.5561243827361544,0.13146775095704463,0.13487594290332422,0.13833132482190705,0.1344375095611801,0.14621281992009127,0.14553915784304558,0.13043260655583497,0.1458055088306067,0.12237612155460424,0.12632155559406563,0.14675283329743755,0.14385388246976924,0.14584593660661022,0.14224131468414006,0.14265070606614896,0.15923014901485363,0.12875195178647508,0.12472023757343054,0.14450717436941896,0.13778006901322545,0.16331885003644317,0.1335838519693917,0.16136472686942668,0.1658120718441759,0.12436922151208385,0.15375308004531907,0.14224471179107906,0.13866616897443135,0.13373404787399498,0.1460114645768246,0.14872697433124413,0.15279798384625723,0.15038310372014424,0.1320218161426161,0.1328071437844492,0.17598442380631107,0.13522176042081724,0.14148153715918532,0.15665500182628758,0.14345044152619577,0.14433201536617535,0.1468544939719584,0.14154449602669006,0.13260039973320753,0.12809933086935424,0.12699561288153288,0.13825520302794914,0.12364300302825301,0.12544807641483033,0.12456924855800171,0.12602763491039307,0.13108232665851083,0.13602896163162512,0.139279726669772,0.14352279120318884,0.1484589550647366,0.1297889195054485,0.14203647407083886,0.13068714229943423,0.12280333771402356,0.15027007852813395,0.1473118034609122,0.1449181347856778,0.14317275262417758,0.14514069089496007,0.15704372129189578,0.12449973364773308,0.12038422173049022,0.14633243206823926,0.1471197771804611,0.15894402305356753,0.13226857462370753,0.15786646735790077,0.16290545001272794,0.12285621152645354,0.14916138976418536,0.14557877191042679,0.1415967140220015,0.13531202868354797,0.14754263760704828,0.1490948106794766,0.15361329610283692,0.14977190863161302,0.12961703421487905,0.1252991902774184,0.18345577127134255,0.14093814866453097,0.14332191282100024,0.155316944440856,0.14387210681776158,0.14648330280519667,0.15243014922678186,0.1443160914543392,0.12748529361124253,0.12606983447710543,0.12677744101606442,0.14130250025428778,0.13031272843414649,0.1326595209001055,0.13028296707411482
50.0,2.4721713273487986,2.476049128020097,2.482577533473456,2.4939166619483832,2.715579258861571,2.8391084473715247,2.5254285988905125,2.534178040836945,2.739778642813066,2.42387719729269,2.615346708332435,2.7610989378079367,2.8053789457669662,2.5104511075312472,2.424770251623075,2.6379683025037646,2.3251181763370243,2.4454818258562425,2.270629672651547,2.5159506691490097,2.65690728458557,2.7594525313551683,3.2548295640851266,2.601637940085985,2.671548888428473,3.1001978459770188,2.5344544316232582,2.2632709703426177,2.1680537258639103,2.1743442792788703,2.5349135330373866,2.5024127984407896,2.223680064374041,2.172083740766261,2.3928843319755844,2.4093606024422987,2.565787920320539,1.8946394348056625,2.017849180108943,2.178768966710472,2.627040852663296,2.4233286928131244,2.4638110288220605,1.9993556761223932,1.6657851957592742,2.206398685128265,2.1373398955811216,1.9338714721088004,2.289166971077029,2.472708480433994,2.4403288222689876,2.4848470933922795,2.506640796922367,2.5053986068700533,2.6885659200342085,2.8327374049289054,2.480373465657093,2.493963716912139,2.752239058669098,2.402283615233687,2.585572641468592,2.810657092120136,2.836278653930324,2.6080425920505212,2.4128476563616204,2.6012958829305166,2.2860339562432066,2.4096629465725874,2.250330386673405,2.459130041828055,2.6805101418805735,2.7826427746473112,3.32227877965655,2.5780809883359277,2.675299713302825,3.0722470367904404,2.4777042794459607,2.2800832632860417,2.1389305601254534,2.107460443999532,2.532988648853653,2.483194259913099,2.2333076019911653,2.1551646269812714,2.431848453351235,2.406262929303959,2.565634897372269,1.8666547002981575,1.9896146685151437,2.138830253968807,2.6375694984605365,2.4986152998882143,2.502591758715527,1.9968495168845841,1.6791300990500235,2.2570201257218314,2.176920390011653,1.9597291928526104,2.298656466934309,2.5555274761363256,0.13196985918786178,0.13535970192760272,0.13868524949902983,0.13483819981790515,0.14667635553858588,0.14617995077150653,0.1308556739812236,0.1461584166976489,0.12257345266449979,0.12664217175704104,0.14721710973850555,0.1443213198932497,0.14638208834278166,0.14273719409948432,0.1431909882704241,0.15985843006162545,0.12916291341512035,0.12512499240811498,0.14506324700866155,0.13818859033536293,0.16388299558473624,0.13403655056696098,0.16200557679337924,0.16669346885626193,0.12467502933015337,0.15454732500869756,0.14284724584413838,0.13914134390191912,0.1342355642666181,0.14656519655910347,0.14943120458283643,0.1535857976855027,0.15109633994679678,0.13253039491929514,0.1332028221697728,0.17703646294685807,0.13561484365178814,0.14217986852826403,0.15728667768241633,0.14409453837125857,0.14495852197195347,0.14739951468441212,0.14209699785479216,0.13311890206498528,0.12846702666202664,0.12748104609782904,0.13861453329728568,0.12416463505658282,0.125775899740912,0.12496185758234042,0.1263293705924368,0.13151916725658336,0.13640538192861476,0.13979508304184268,0.14388989745573297,0.14904518615597248,0.13017507863099162,0.14247760361603842,0.13110051238688708,0.1230714145799095,0.15079093182540607,0.14789674984579937,0.14540001651547516,0.14367659717896542,0.1457866470878167,0.15770174310656743,0.12480347383229885,0.12065879095152167,0.146833740543058,0.14757535349967957,0.15945807294328365,0.13270885210105052,0.1582713531461858,0.16356877358252253,0.12322101726759101,0.14989778724640973,0.14627011961110148,0.1420534161125429,0.13589172377700315,0.1482245311021405,0.1499016763829127,0.1544508242353441,0.15054372431176216,0.13017617694572306,0.12552748200819647,0.18456629818817377,0.14125954070971367,0.14398842455409508,0.15603007008207104,0.14449346840589983,0.14710449292650557,0.15307817884226382,0.14488293514888145,0.12785588402612907,0.12640551784238593,0.12714827788978092,0.14171633919505525,0.13076882593245287,0.13305441297784343,0.130731216090898
51.0,2.471831065131932,2.473563956129084,2.4801254432438222,2.4928227633484243,2.710574060244289,2.8318869447521817,2.521030740091197,2.533294488554969,2.737823199927801,2.420358854514244,2.6132992653123446,2.758871028712679,2.801750311468683,2.5079123593626655,2.4220271346731694,2.636152951500651,2.322156384646407,2.4417222480809686,2.268755466634806,2.5161405700572708,2.654210789707521,2.7588803152000936,3.252133466558887,2.596878239622647,2.668435706281925,3.0936297098224705,2.5310720073573516,2.2613482269172795,2.1667035632535128,2.1723639581905356,2.5287791610564083,2.4968766135971996,2.2217521728281704,2.171577804124752,2.39112802792021,2.4040095610108168,2.561416447279501,1.892466680133084,2.015504151818079,2.176158117134,2.6240269189115555,2.4200057516885636,2.460897788533309,1.9986880668579208,1.6662917489454432,2.2057688459445055,2.135425132580253,1.9340126542484777,2.288004917544107,2.4724367775202296,2.440720898630878,2.4817262118089762,2.503238603198762,2.504285355242778,2.684455692142768,2.8256941292906452,2.4764575805368576,2.4938909038938895,2.749931788404682,2.3989263481066203,2.5838974137207256,2.8078698943677005,2.833141362419581,2.6047879924188857,2.4099048758250134,2.5990066158629603,2.2840189251284735,2.4060513677140714,2.248409630633992,2.4601573281226,2.677962713034538,2.7821125436406926,3.319952018050985,2.5738739199204583,2.672450495194213,3.0655315019340716,2.4742147528688756,2.2780066860960293,2.137126284295879,2.1049989258159827,2.5266902507289624,2.477471590325713,2.2311255221945436,2.153911052837178,2.4294820971027336,2.4010537871337996,2.561555040726169,1.8641026111651253,1.986808805037142,2.1362642111720636,2.6344641230168855,2.4942043389498894,2.498787514658796,1.9963664235639886,1.6801727656267225,2.2562339788049792,2.1755624113302954,1.9604867783061413,2.2977414939624516,2.554564027274078,0.1325095549486306,0.13587425819950297,0.1390669947670051,0.13527225673998294,0.1471850661099334,0.14686789814687415,0.13133949231409653,0.14655993652706054,0.12282152388820645,0.12699142479746695,0.1476983974827634,0.1448180928213674,0.14692255986549077,0.1432544429461506,0.14375882101636447,0.16050780563163328,0.12960241384713617,0.12555753787178417,0.14566209372590233,0.1386180043699005,0.16449243202248062,0.13453670584352573,0.16268773066132092,0.1675994623929762,0.12501146934920349,0.1553507614468398,0.14346473349755207,0.13966487426584243,0.13476931282943225,0.14712761176493083,0.1501408188371558,0.15439069988426907,0.15182127807550216,0.13306984449553239,0.13362883818012788,0.1781043670341552,0.1360521057599808,0.14288152703352783,0.1579189076272439,0.144747072758292,0.14560675487399297,0.14795139421885894,0.14266169059197617,0.13366243505528763,0.1288593710682503,0.12799089176349115,0.1390025395062764,0.12470191152944504,0.12613535524782013,0.125387114304311,0.12667482174052938,0.13199319845399335,0.13681147410260103,0.1403706416774146,0.14430122732020909,0.14966598174549214,0.1306028842266371,0.14295304436119158,0.13154991975921662,0.12338123211452955,0.15135647391475004,0.14851642625544414,0.14589666330204168,0.14421203258442544,0.1464713637549202,0.1583875767544919,0.12513981259202878,0.12098865086591035,0.14737217948134101,0.14802034523711136,0.1600164676809936,0.13319205452146757,0.15873611455677952,0.1642587522935845,0.12364712721144373,0.1506516181730418,0.14698284585444452,0.1425474381899887,0.13652234576737216,0.14892712538920927,0.1507324825982759,0.15531440158259258,0.15135012152395555,0.13077709899406645,0.12578477747884345,0.18569734410624195,0.14163160554067233,0.14465220686139965,0.15676443557390554,0.1451101161000042,0.14776511649531124,0.15377303766842249,0.1455048779523176,0.12825301413444462,0.12674334917945723,0.1275477456562055,0.14216092083771856,0.13125887890807247,0.1334597552201121,0.13121384786861728
52.0,2.47093606607682,2.4705044547767576,2.477251168073799,2.4912148857904906,2.70507182795641,2.8242514278912214,2.5163433059585483,2.5320711078779206,2.735655568701383,2.4164786562527394,2.610940574101481,2.756367118053134,2.7978840157822433,2.5050832189016092,2.4188003385719328,2.634122766390265,2.3186947529771036,2.437801195990174,2.266267007417191,2.5161004986069484,2.6511580540183797,2.7579764802436526,3.2491930509934703,2.591855661772092,2.6651946391580847,3.0869247732075142,2.527242935225135,2.2588464552934453,2.164885074043794,2.1698691782707527,2.522509817910354,2.4911642358373958,2.219250012670761,2.170543071032361,2.3889897582655215,2.3980838850201573,2.5567169466561164,1.8897946040727764,2.0128554297394374,2.173400110495038,2.6208229701267665,2.416612915256532,2.457574833077551,1.9976338360197978,1.666728811927892,2.2047391632717077,2.1331449821481607,1.9339297204275054,2.2864867533565083,2.471837693946946,2.440614156979091,2.478034293467856,2.499412910961189,2.5027459883618954,2.6798290623846555,2.8182924227562514,2.47221027993146,2.493473240374151,2.7473909931186746,2.395215598012917,2.581963106573247,2.804801115584487,2.8296804876490698,2.6012015944236495,2.406530938609616,2.596411413556293,2.2814928399854573,2.4022863275972886,2.24589503556743,2.4609984787743895,2.675048585728879,2.781257044973307,3.3173534613576603,2.569483218710033,2.66945982911936,3.058699124520471,2.470320709015064,2.2753360879149707,2.1348503536841408,2.102051930519034,2.520223818019243,2.471564693493966,2.228330093103475,2.1521450259588306,2.4267305138415134,2.3953084482565274,2.557172908883741,1.8610431707144848,1.983677073726134,2.133532790794988,2.6311654349514724,2.4896834694235803,2.494581698815042,1.9955790814057595,1.6812411743678046,2.2550800717346875,2.1738538131436838,1.9610897866318733,2.296478444661849,2.553238553213318,0.133088959672146,0.13641904458061352,0.13947662740658512,0.13574035550540084,0.14774046222172302,0.1476017340681567,0.1318830631867937,0.14701110126475952,0.1231207189554657,0.12737094798076448,0.14819883317032959,0.14534349818764578,0.14746756732451458,0.1437914467637511,0.14435466952686998,0.16118045503584552,0.1300743682440662,0.12601818555853753,0.14630204167912503,0.13906967654383953,0.16514556795266397,0.13508168425132253,0.16341034601849497,0.16852975136887413,0.12537886224371367,0.15616343655764617,0.14409792209656094,0.14023531131864492,0.1353352332696373,0.14769965734636092,0.15085653423077988,0.15521469495147472,0.1525586733338316,0.1336393144900178,0.13408455499129818,0.1791872720105488,0.1365336095684343,0.14358634928495445,0.15855293550851535,0.145407977575912,0.14627596741469745,0.14851120469142884,0.1432383503509359,0.13422857724764412,0.129274463183961,0.12852375882946301,0.13941794115884654,0.12525244964657115,0.12652355249157834,0.12584399166608298,0.12706558345385802,0.13250280363752667,0.13724623844576794,0.14100459072444313,0.14475759530298574,0.15032153020564812,0.13107287960465736,0.14346325788374872,0.13203681750949484,0.1237334656059209,0.15196429712855583,0.1491689399766028,0.14640760222496568,0.14477648585949396,0.14719315974160868,0.1591031943926619,0.12551137354490197,0.12137185752014314,0.1479469537768574,0.1484600828604234,0.16061697282498485,0.13371495458571175,0.15926067830133045,0.1649762258534272,0.12413185641183377,0.1514221877089458,0.14771632740299803,0.14307852403818744,0.1372014034725713,0.14964955173704242,0.1515871341823411,0.15620424209960238,0.1521891993105717,0.13141686122616,0.1260704242002762,0.18684744890689303,0.14205351897376955,0.14531298161585493,0.15751927028951693,0.14572375735651333,0.1484641085417462,0.15451321929044,0.14617897352965778,0.12867380298846862,0.1270815952751169,0.12797383488335515,0.14263211791071195,0.1317783174372746,0.1338730903909595,0.1317283715945987
53.0,2.4695224510369367,2.466900636226437,2.4739747591890953,2.4891118005592365,2.6991018748825595,2.816222294825145,2.511374501242576,2.5305308716279407,2.7332842942315074,2.4122573673080754,2.608276128102366,2.7535966030893295,2.7937852581881653,2.5019741744752912,2.415111666500316,2.631876626570039,2.3147611968622046,2.4337189973180315,2.2631962443677085,2.515837967781882,2.647759550743881,2.756759606833069,3.2460088122400865,2.5865898912019154,2.661827535384221,3.080091443703352,2.5229867619541966,2.255797705096441,2.1626160223721995,2.1668834787936655,2.5161019433389193,2.4852733274708,2.216203720173908,2.169001928150895,2.386487832278886,2.3916211108812035,2.5517084122637326,1.8866490752476088,2.0099053119956234,2.1704892783725653,2.617428797884045,2.413132536948275,2.4538610683853235,1.9962119239184357,1.6670947876885032,2.203325049969064,2.1305141447765603,1.9336314526998442,2.284624963120436,2.4709189305769557,2.44004145548922,2.4737993912043903,2.4951833260625285,2.500791866634178,2.674716794891482,2.8105493541611546,2.4676426486298157,2.49273717041375,2.744628215409862,2.3911727143864905,2.5797703268375125,2.8014616363106226,2.825911890390377,2.597301626625238,2.4027437112900514,2.593511510847658,2.278486041658506,2.398368851733918,2.242814791134999,2.4616692935565196,2.6717812777545813,2.780090201192402,3.314481793002401,2.5649253790348183,2.666330006086498,3.051750049229479,2.466039400217951,2.2721059382202964,2.132123483369246,2.0986446453371945,2.513589225086336,2.4654744924752188,2.224953754637482,2.149887802570808,2.423612661901705,2.389063343866148,2.5525061612889295,1.8575054541857658,1.9802255492468623,2.1306315726492118,2.6276763210693024,2.485039308914509,2.489990974693614,1.9944998680735733,1.6823282341878627,2.2535725748529374,2.1718077299541405,1.961541169478862,2.2948796808155616,2.551564985780352,0.13371073195752917,0.13699342639442483,0.1399142703280777,0.13624326490972538,0.14834438891798957,0.14837993414958517,0.13248476880033455,0.14751288096235826,0.12347109347546664,0.1277828291141728,0.14872134637586518,0.14589679041016113,0.14801793568926286,0.1443464902307255,0.1449791808295457,0.16187920883397822,0.1305837517304106,0.12650731759838946,0.14698096118871445,0.13954541948103505,0.16584012672423257,0.13566803673817762,0.16417236247921715,0.16948429716346572,0.12577749987975897,0.15698604445992956,0.144748079160988,0.1408506037251848,0.13593316141123132,0.14828280623441992,0.15157973130521965,0.15606066975080493,0.1533099206467575,0.1342377203754922,0.13456923914069846,0.1802846130196492,0.13705911829927256,0.14429457972851545,0.15919073759095517,0.14607758794587072,0.14696547982048688,0.14908067924056764,0.14382710274957763,0.1348145214324975,0.1297100040971035,0.129077993264346,0.13985906790502087,0.12581358285556293,0.1269368629248329,0.12633115579062995,0.12750346928083553,0.13304593961167926,0.13770853315462317,0.1416943720785029,0.14525998656381842,0.15101225870127077,0.13158562609627128,0.14400873398282502,0.1325629192856467,0.12412868385332891,0.15261129662742262,0.1498521681302043,0.14693257893700296,0.1453668498921734,0.147949979039613,0.15985119123701477,0.12592140177990943,0.12180552528294013,0.1485570268673007,0.14890175198109756,0.1612565930373045,0.1342735075564357,0.15984460990441385,0.16572242450525074,0.1246713198710541,0.1522090900537065,0.14847008773753376,0.14364624207509516,0.13792553490956413,0.1503909185700691,0.15246599389784837,0.15712102731721123,0.15305885968944571,0.1320918185387408,0.12638355319410025,0.18801519453950222,0.1425237949623744,0.14597098836233074,0.1582937069583333,0.1463370375871445,0.14920010799945257,0.15529660075500076,0.14690124727219595,0.12911483461840276,0.12741857163552206,0.12842412969495287,0.14312491997358046,0.13232177380149118,0.13429173461897112,0.1322717860308794
54.0,2.4676263408658383,2.462782512741435,2.470316267815446,2.486532278939356,2.6926935139073342,2.807819943590402,2.5061325306932365,2.528696752627185,2.730717921615876,2.4077157524801938,2.6053114207175154,2.7505688810813025,2.789459238166925,2.4985957144110067,2.4109829216392553,2.6294134114374037,2.3103836318348305,2.429475979798761,2.2595751268553252,2.5153604905659477,2.644025753109786,2.755248275315611,3.2425812451498786,2.581100612579709,2.6583362432875655,3.073138128881158,2.5183230342722025,2.252234025951615,2.1599141723762023,2.16343039903341,2.5095519770818,2.4792015508068372,2.212643431609721,2.166976762142163,2.3836405592277004,2.3846587750048633,2.546409837915717,1.8830559622804488,2.006656096709248,2.1674199523455115,2.613844193758479,2.4095469701950303,2.4497754003872294,1.9944412708642691,1.6673880792091622,2.2015419188957606,2.1275473209571123,1.9331266331194388,2.2824320314421396,2.469688188273128,2.4390356523368695,2.469049557854098,2.490569454355705,2.49843435046647,2.669149653794918,2.8024819923407898,2.462765771420853,2.4917091380735235,2.7416549978770126,2.3868190466612615,2.5773196813248953,2.797862337086263,2.8218514314150736,2.5931063175840423,2.398561060441008,2.5903081425742167,2.275028870991923,2.3942999656356276,2.239197086997976,2.4621855722420256,2.6681743069026593,2.7786259348452,3.3113356964110583,2.5602168952249964,2.6630633171038207,3.0446844207409356,2.4613880788109364,2.268350706489383,2.1289663884302326,2.094802257498975,2.506786346292104,2.4592019103268243,2.2210289467160824,2.1471606388977333,2.420147499617357,2.382354905156672,2.547572457385723,1.85351853681849,1.9764603062640396,2.127556136546401,2.6239996681754256,2.4802584750278838,2.4850320058038644,1.9931411612311343,1.6834268540014956,2.2517256585017438,2.169437296263988,1.9618438784961865,2.292957564206666,2.5495572568014797,0.13437762258833155,0.13759677214631205,0.14038008530252108,0.13678181184605773,0.14899878961284263,0.14920100559743832,0.13314301097702652,0.14806631870208942,0.12387278709278647,0.1282292559895101,0.14926893602593333,0.14647725144261134,0.1485745117058046,0.14491786912794152,0.14563303044666193,0.16260693875272605,0.1311356775776955,0.12702535387724542,0.14769671630465744,0.14004709641223342,0.1665737977976399,0.136292281740316,0.16497271395655635,0.1704630811107248,0.12620771721538065,0.15781929616454027,0.14541649621108033,0.14150867833774014,0.1365629529614018,0.14887853860882783,0.15231181398353055,0.15693156077426249,0.15407642882739916,0.13486397206991657,0.13508217848097645,0.1813958230624962,0.13762838836551608,0.14500645472783918,0.15983429010643385,0.14675623122147063,0.14767462762326955,0.14966160306346493,0.14442810092821248,0.13541740389127194,0.13016362541673876,0.1296519032064106,0.14032420082907512,0.12638253684809334,0.12737159017121782,0.12684724921688675,0.12799037023604254,0.13362055598963207,0.13819722831192757,0.14243742232091158,0.14580945015184266,0.1517386333017155,0.13214172365704696,0.14459000542289338,0.1331300063739873,0.12456749043004843,0.15329433008800836,0.15056399414965455,0.14747133604055565,0.14597998607693236,0.14873974343855728,0.1606342075120832,0.12637324162539593,0.1222867182671972,0.14920135877825863,0.14935269940383814,0.1619323204612554,0.13486364966802553,0.1604875021285012,0.16649863314053706,0.12526155407295397,0.15301191205931755,0.14924362160525828,0.14425017587690075,0.13869133761222774,0.1511502973762293,0.1533694497048691,0.1580654749899001,0.1539569953355622,0.13279829411993543,0.12672330891059627,0.18919912991744736,0.14304094594034944,0.1466264325121104,0.15908682641756158,0.14695258756700433,0.14997173787931936,0.15612102248216056,0.14766765690780684,0.12957263890717508,0.12775253847748064,0.1288962054032391,0.1436342470691794,0.13288385130989094,0.13471298204127563,0.13284107193904032
55.0,2.4652838564170043,2.45818009658505,2.46629574517856,2.4834950922155152,2.6858760579153573,2.799064772223491,2.5006255990604815,2.526591723697804,2.727964995952175,2.402874576568984,2.602051945349454,2.7472933492890497,2.784911155199018,2.4949583270359468,2.406435907169673,2.6267320003898114,2.3055899734280763,2.425072471166543,2.2554356042490573,2.5146755799429896,2.639967134341812,2.75346106603851,3.2389108445740344,2.575407510573089,2.654722611195371,3.0660732363121475,2.5132712989067554,2.2481874674843048,2.1567972881932147,2.1595334782641413,2.5028563588787125,2.472946568154922,2.2085992832503103,2.164489959667986,2.38046624837932,2.3772344138020034,2.5408402174254383,1.8790411337941615,2.0031100820028858,2.1641864639928707,2.610068949325203,2.405838568428043,2.445336735013835,1.9923408171677202,1.667607089471744,2.1994051829110064,2.1242592111815046,1.9324240437402673,2.279920442927829,2.4681531678982815,2.4376296056976243,2.4638128462524542,2.4855909016936244,2.4956848002655665,2.6631584032265927,2.7941074061306077,2.457590733093513,2.4904155874142777,2.7384828831188672,2.3821759442711765,2.574611776846765,2.7940140984515214,2.817514971494747,2.5886338958605166,2.394000852637151,2.586802543573104,2.2711516688300657,2.3900806948140767,2.2350701128176307,2.4625631146039866,2.664241190964099,2.7768781684789463,3.307913855009456,2.555374261610739,2.6596620531795603,3.037502383734671,2.45638399712746,2.2641048621996864,2.1253997839461047,2.090549954232906,2.499815055998446,2.452747870106147,2.216588109258755,2.143984791164195,2.416353985322627,2.3752195633220756,2.5423894566180674,1.8491114938521824,1.9723874194423987,2.124302062298175,2.620138363074879,2.475327585368931,2.4797214556551097,1.991515338542115,1.6845299427232703,2.249553493023112,2.1667556465755426,1.9620008653329153,2.290724456618255,2.547229298103042,0.13509247365820434,0.13822844878840007,0.14087426967412364,0.13735687673154776,0.14970570471382647,0.15006348406678965,0.13385621164175177,0.14867253037752917,0.12432601760985139,0.12871252053307622,0.14984465876702194,0.14708418519210642,0.14913816682053188,0.14550388996744656,0.1463169225082273,0.1633665557328543,0.13173540242951529,0.12757275326498504,0.14844716196331684,0.14057662572661606,0.16734421880164987,0.1369508938949865,0.16581032092968928,0.17146610295799822,0.12666989317323812,0.15866392123385856,0.14610449751842608,0.14220744162749144,0.13722448290173372,0.1494883511302974,0.153054207433179,0.15783035909672616,0.15485962482407525,0.13551696904181437,0.1356226716821131,0.18252033419334343,0.13824117417501564,0.14572220626058696,0.16048557339427486,0.1474442331486465,0.14840276229993882,0.15025582056774167,0.1450415286707476,0.136034283388613,0.13063286266829366,0.1302437400995501,0.14081155007273513,0.12695640381268136,0.12782394553752174,0.12739087542627175,0.12852826385352586,0.13422458160066242,0.1387111933845958,0.14323116462493782,0.14640710625254783,0.15250115963274694,0.1327418150785947,0.1452076650736792,0.1337399442847069,0.12505052731000785,0.15401019799206145,0.15130229436151113,0.14802360497124825,0.14661270929769302,0.149560338001329,0.16145491755277638,0.12687034504686792,0.12281244894121514,0.14987889176698108,0.1498204760101648,0.16264111742097503,0.13548128237292764,0.16118896721751766,0.16730618894803226,0.1258985168063635,0.1538302267542948,0.15003638537925432,0.1448899187209195,0.13949535911824676,0.15192671907907462,0.15429790598257184,0.15903833414933038,0.1548814825647606,0.1335325655772948,0.12708883598681434,0.19039776436473788,0.1436034824397884,0.147279478016947,0.1598976496227782,0.1475730239352522,0.15077759099473506,0.1569842737641792,0.1484740805647949,0.13004368143315698,0.12808168584377705,0.1293876173747723,0.14415492991877898,0.1334591046355134,0.1351340848583941,0.13343317661075246
56.0,2.4625311185439447,2.453123400020595,2.4619332425041858,2.4800190116723977,2.678678819791244,2.7899771787608882,2.4948619110942998,2.524238757661938,2.7250340623381093,2.3977546043743816,2.5985031954007067,2.7437794049726167,2.780146208764935,2.491072500677412,2.401492426272518,2.6238312728246904,2.3004081371750367,2.4205087991555567,2.25080962591786,2.513790748896853,2.635594167665752,2.751416559348995,3.234998105363723,2.569530269849657,2.6509884874348972,3.058905173567521,2.507851102585496,2.2436900793198755,2.1532831339607346,2.1552162557600023,2.4960115284693343,2.4665060418244766,2.2041014113678155,2.161563907390161,2.376983209001139,2.369385563683537,2.5350185446062574,1.8746304584116191,1.9992695659991118,2.1607831448935553,2.6061028561592976,2.4019896850785574,2.4405639781956956,1.989929503139212,1.6677502214581403,2.1969302548740064,2.120664515941403,1.9315324666162632,2.277102682183732,2.466321570315262,2.435856173747088,2.458117309234967,2.480267273929174,2.492554576438287,2.656773807318162,2.785442664366016,2.452128618436707,2.4888829624968607,2.7351234137341978,2.37726475665013,2.5716472202144884,2.78992780094656,2.8129183714009782,2.583902590015062,2.389080954453118,2.582995948681441,2.2668847760172524,2.3857120647809467,2.2304620582552497,2.462817720415465,2.6599954477298886,2.7748608246408724,3.304214952223413,2.5504139725222092,2.656128505321924,3.0302040828905166,2.4510444075009064,2.259402874828608,2.1214443849958977,2.0859129227674957,2.492675228567192,2.446113294870525,2.2116636821850233,2.1403815155947803,2.412251077351597,2.367693749556387,2.536974818429927,1.844313400526371,1.968012963446654,2.120864929716218,2.6160952925726653,2.4702332575428496,2.4740759877567187,1.9896347776702161,1.685630409267798,2.2470702487590257,2.1637759153911222,1.9620150816381023,2.2881927198334036,2.544595041511332,0.13585821633102022,0.13888781692021554,0.14139705301780647,0.13796938877728396,0.15046726926027362,0.15096592993221053,0.13462281285110156,0.14933270375502805,0.12483107501405075,0.1292350211662279,0.15045161748519167,0.14771691186518604,0.14970979995602088,0.14610286918054757,0.14703158915576725,0.16416100736428,0.1323883281214027,0.12815001422966793,0.14923014086486452,0.14113598558539017,0.16814895875457816,0.13764029292537294,0.1666840832501943,0.17249337910518295,0.12716445131153345,0.15952066914348906,0.14681344800978033,0.1429447810660405,0.13791764427090228,0.15011376546376085,0.15380835551790636,0.1587601135186374,0.15566095730688767,0.13619559537210044,0.13619001825988225,0.1836575786256171,0.13889723308189378,0.14644206544105973,0.16114657511989292,0.14814192335542872,0.14914925135055246,0.15086524121096062,0.14566760309682966,0.13666212139503903,0.13111513019305798,0.13085168125430546,0.14131923390056558,0.12753211914667556,0.1282900246355945,0.1279605845583875,0.1291192214434127,0.13485591172529512,0.13924928581634793,0.1440730011229124,0.14705415192436017,0.1533003825816354,0.13338658924132238,0.1458623813580937,0.1343946968692413,0.12557847735251407,0.15475562454241562,0.15206492510742173,0.1485890986816631,0.147261773676069,0.1504095969981059,0.1623160194244447,0.12741627767042038,0.12337967630610858,0.15058853675509928,0.15031287304581575,0.16337990026636792,0.13612225688116744,0.16194862914160166,0.16814647859393578,0.12657808682027696,0.1546635874090726,0.1508477879770539,0.1455650686776885,0.14033408768509786,0.15271917039700245,0.15525177481221641,0.16004037958017261,0.1558301745510761,0.13429085171565394,0.1274792674800891,0.1916095610071178,0.14420991274100423,0.14793024057682058,0.16072512990578064,0.14820094960424543,0.1516162164008143,0.15788407887874192,0.14931630538894555,0.13052435298129103,0.1284041194695362,0.12989589048877329,0.14468168963147862,0.13404202012923414,0.13555223376922126,0.13404499934914715
57.0,2.459404248100163,2.4476424353113875,2.4572488110180295,2.4761228085946883,2.6711311124196,2.7805775612390797,2.4888496715446626,2.5216608273417584,2.721933665871352,2.3923766006962905,2.594670664273798,2.740036445392017,2.775169598345175,2.4869487236626244,2.396174282128735,2.620710108139473,2.2948660386088284,2.4157852915000144,2.2457291412307447,2.5127135104114084,2.630917326307312,2.7491333355943413,3.2308435223701344,2.56348857507699,2.6471357203333885,3.0516423482184547,2.5020819920360253,2.23877391108365,2.1493894738161874,2.1505022707951276,2.489013925593348,2.459877634124925,2.1991799522343216,2.158220991970503,2.373209750360526,2.3611497610603367,2.528963813271525,1.8698498047556866,1.9951368468205644,2.157204326626563,2.601945705835903,2.3979826735777916,2.4354760358633962,1.987226269089165,1.667815878150228,2.1941325476439344,2.1167779357285075,1.9304606838013991,2.273991233816082,2.4642010963868985,2.4337482146608442,2.4519909996371405,2.474618176915278,2.4890550393914377,2.650026630201258,2.776504835882478,2.4463905122393763,2.4871377073821095,2.7315881323217632,2.3721068332320727,2.5684266182394007,2.785614325111467,2.80807749190534,2.5789306286080995,2.3838192324635825,2.5788895927364077,2.2622585333978087,2.3811951010478825,2.225401112972104,2.4629651894495153,2.6554505949910507,2.7725878258782046,3.3002376714788038,2.54535252228957,2.652464964539126,3.022789662888335,2.4453865622647095,2.254279213853579,2.1171209066586245,2.0809163503312638,2.485366738360219,2.4392991076773245,2.2062881054143926,2.13637206841412,2.4078577340383864,2.3598138950535708,2.5313462022652673,1.8391533320805724,1.9633430129415435,2.1172403186121436,2.6118733434738286,2.4649621091548535,2.4681122656180468,1.9875118562791216,1.6867211625496616,2.244290096051484,2.1605112372130515,1.9618894790608328,2.28537471563518,2.5416684188526766,0.1366778671683693,0.13957422595483635,0.14194869376595012,0.13862032112392517,0.15128570955587037,0.15190692395270772,0.13544127639466358,0.1500480968623446,0.12538831537649456,0.1297992632266808,0.15109295001087633,0.14837476220807255,0.1502903400806262,0.14671313184595589,0.14777778919222437,0.1649932747374837,0.13309999994680508,0.1287576748164056,0.15004348006367146,0.14172721861635726,0.16898550247434138,0.13835683267683613,0.1675928734186942,0.17354494058629735,0.1276918603157833,0.1603903102569887,0.14754476031561628,0.14371856650572165,0.13864234632623249,0.15075633609348232,0.15457571780396087,0.15972393182261527,0.15648189960078004,0.13689871474292517,0.13678350916920448,0.18480698973131457,0.13959633053846598,0.147166265867752,0.16181929257752714,0.1488496401971779,0.14991347783069364,0.15149184397424367,0.14630657690093712,0.1372977634877354,0.1316076975511862,0.13147381381654027,0.14184525925141764,0.1281064405356804,0.1287657850633327,0.1285548603120059,0.12976541355911633,0.13551239616114735,0.13981034073294443,0.14496030580108824,0.14775186529555245,0.15413688500963882,0.1340767834192273,0.14655491198797882,0.13509633795267922,0.12615206571498686,0.15552723916607392,0.15284971030072486,0.14916750504442708,0.1479238590181228,0.15128529023467144,0.16322022512160575,0.12801472239819658,0.12398530366916792,0.151329160555807,0.15083795150800525,0.16414552439376842,0.13678235885434803,0.1627661158237047,0.16902093491296608,0.1272960633074461,0.15551152209234326,0.15167718233160554,0.1462752243361351,0.14120394320438626,0.15352659017427633,0.1562314672577227,0.16107240562568545,0.15680089475597345,0.13506929992063357,0.1278937146502476,0.1928329300920467,0.14485874264953333,0.1485787813948015,0.16156814541064501,0.14883895411000028,0.15248610656863046,0.1588180838165875,0.15019001668581497,0.13101095856897052,0.1287178472232736,0.13041850917320508,0.14520911674838813,0.13462699608304862,0.1359645386608256,0.13467337783734576
58.0,2.4559393659391944,2.4417672147207337,2.4522625019458215,2.471825254267036,2.6632622486850437,2.770886317694542,2.482597085161534,2.5188809055594077,2.718672351649637,2.386761330334644,2.5905598453712226,2.7360738678072756,2.7699865234202137,2.482597484318831,2.3905032779192363,2.6173673857316038,2.2889915932625327,2.410902275934108,2.2402260995567014,2.5114513774704936,2.6259470834922625,2.7466299751217598,3.2264475904444363,2.5573021109227243,2.643166158218099,3.044293167836153,2.4959835139859874,2.2334710124009756,2.145134071897024,2.1454150626436603,2.481859989990476,2.4530590073656873,2.19386504212195,2.154483600070812,2.3691641817248525,2.3525645423433197,2.5226950172346303,1.864725041449224,1.9907142225898171,2.1534443407708226,2.5975972899301047,2.3937998873570328,2.430091813947524,1.984250055327999,1.667802462529904,2.1910274740800086,2.1126141710344655,1.9292174773496211,2.270598582431085,2.461799446976051,2.431338586614508,2.4454619702944487,2.468663216504832,2.485197549531828,2.6429476360075466,2.767310989515403,2.4403874992904386,2.4852062661308247,2.7278885814803435,2.3667235234509207,2.5649505777329127,2.781084551486418,2.8030081937794025,2.573736240200044,2.3782335532432066,2.57448471057513,2.257303281816073,2.3765308291265983,2.2199154666294656,2.463021321479209,2.6506201505385465,2.7700730947381764,3.295980696201418,2.5402064052430093,2.648673721839387,3.0152592684079287,2.4394277137522953,2.248768348751991,2.1124500640132955,2.0755854241527434,2.477889459739404,2.432306231583883,2.200493818866374,2.1319777058467926,2.403192913717095,2.351616431007645,2.52552126756805,1.8336603637543265,1.9583836425917867,2.11342380879763,2.6074754025833924,2.4595007578101535,2.461846952748412,1.9851589520325224,1.6877951114834402,2.2412272052425077,2.1569747465436526,1.9616270092501649,2.2822828058066746,2.5384633619533843,0.1375545229356856,0.1402870092829883,0.14252947583810388,0.13931068583923076,0.15216333875486826,0.15288506228256024,0.1363100829630649,0.15082003571440483,0.12599815455268468,0.13040785727176252,0.1517718180666528,0.149057071611043,0.1508807485220949,0.147333009944278,0.14855630592147112,0.16586636871975569,0.13387610121597443,0.1293963119560846,0.15088498724412167,0.14235243668600936,0.16985123621133194,0.1390967902908777,0.16853553027755458,0.17462083073973822,0.1282526343063802,0.16127363632990427,0.1482999009337213,0.14452665156838448,0.13939851205579099,0.1514176574190421,0.1553577660786426,0.16072498005044303,0.1573239519626712,0.13762516532384833,0.13740241801678288,0.1859680028991333,0.14033824546060977,0.14789504679789278,0.16250573407578062,0.14956773497871595,0.150694839349971,0.15213768042829717,0.14695874011712184,0.1379379219046857,0.13210766746632321,0.13210812015078777,0.14238750383827145,0.12867592934300653,0.12924702510280206,0.12917210804391005,0.13046911363534336,0.13619182814444322,0.14039316181868217,0.14589041796933425,0.14850160816141608,0.15501128540768355,0.13481318463145003,0.14728611591848456,0.13584706042637493,0.12677206021025728,0.1563215585782789,0.15365442933886253,0.14975848095443525,0.14859555794570936,0.1521851097092286,0.16417025142061853,0.1286694805524862,0.12462617603105983,0.15209957390198806,0.1514040641998557,0.1649347704800482,0.13745729313284802,0.16364105135504342,0.1699310330836383,0.1280481652006945,0.15637352869359217,0.15252385742302163,0.14701998122253837,0.1421012682785969,0.15434786567628717,0.1572373845942805,0.16213521923446217,0.1577914305451426,0.1358639741039887,0.1283312584186712,0.19406622221423467,0.14554847548342761,0.14922510152192067,0.16242549163895448,0.14948961396230334,0.1533856853204924,0.15978384364113726,0.15109078756933017,0.1314997058733587,0.1290207660188424,0.13095290802842713,0.14573164946181807,0.1352083229302557,0.13636800946271896,0.13531507534909842
59.0,2.4521725929145073,2.435527750511952,2.4469943665132883,2.467145119974127,2.655101541472173,2.760923846163742,2.476112356694896,2.5159219651370384,2.715258664770632,2.38092955808934,2.586176232095536,2.731901069478417,2.7646021834705534,2.478029270973289,2.384501216824981,2.6138019849985104,2.2828127166692713,2.405860080192028,2.2343324502647035,2.510011863057973,2.6206939124463564,2.743925058278501,3.221810804437802,2.5509905620544435,2.6390816494162785,3.0368660399918235,2.4895752151630095,2.2278134328972183,2.140534692340697,2.1399781705797545,2.4745461614003865,2.446047823856177,2.1881868173027987,2.150374118352906,2.3648648123615037,2.343667443943371,2.5162311503089185,1.8592820371151133,1.9860039914294543,2.1494975189053007,2.5930574000170226,2.389423679847494,2.424430218378615,1.9810198021661487,1.6677083775790413,2.187630447041402,2.1081879223509827,1.9278116293148906,2.2669372126349807,2.459124322945537,2.4286601477836625,2.438558274042408,2.4624219985507407,2.480993467266277,2.635567588868649,2.757878194100235,2.4341306643788516,2.4831150828038413,2.7240363038086897,2.361136176740601,2.5612197055063506,2.776349360611524,2.7977263377947676,2.568337653351339,2.3723417833666542,2.5697825370347447,2.2520493621163715,2.3717202745287285,2.2140333088886237,2.463001916277608,2.6455176321633846,2.767330553768027,3.2914427098171077,2.5349921157126847,2.644757068230924,3.007613044129164,2.4331851142970504,2.2429047490012834,2.1074525721389623,2.0699453314604277,2.470243267066595,2.4251355896475495,2.1943132624604487,2.1272196841174056,2.398275574721844,2.343137788612633,2.519517673782221,1.8278635707871513,1.9531409270621087,2.1094109800842897,2.6029043567063908,2.45383582111396,2.455296712657178,1.9825884425941056,1.6888451649837386,2.237895746674062,2.1531795778852345,1.961230623855171,2.2789293521309677,2.534993802639759,0.13849135376324548,0.1410254794708281,0.14313970531405237,0.1400415287463495,0.1531025513298172,0.15389895074742924,0.13722773083888753,0.15164991134035846,0.126661061567753,0.1310635150503242,0.15249139653743188,0.14976317405314468,0.1514820209851279,0.1479608401333005,0.14936794410945825,0.1667833256377803,0.134722443944653,0.13006654004897453,0.15175244663834767,0.14301382571394305,0.17074343455456298,0.13985635551672604,0.1695108530847932,0.1757211024927099,0.12884733292452732,0.16217146046408284,0.14908039545730878,0.14536687501637205,0.14018607499848973,0.15209937010606037,0.15615598032541256,0.16176647968205735,0.15818864318866868,0.13837375453123216,0.13804599296312567,0.1871400561953266,0.1411227757775282,0.14862865615125426,0.1632079193916835,0.15029657556444243,0.1514927465432761,0.15280487636197584,0.1476244213925417,0.13857915926363118,0.13261195539630416,0.13275246467595642,0.14294369988604141,0.12923693429801317,0.12972936341552613,0.12981064410258925,0.13123269969982854,0.13689193418216863,0.14099651346742456,0.14686063633741328,0.14930482688456234,0.15592423440852782,0.13559663001219044,0.1480569633971114,0.13664918269866197,0.12743927056840182,0.1571349694047747,0.1544768053311216,0.15036164717387898,0.14927336375836414,0.15310665653555475,0.16516881146254903,0.12938447044983817,0.12529907709022536,0.152898520284823,0.15201986990325722,0.1657443319915258,0.13814266840948092,0.1645730482375716,0.17087828624694482,0.12883003025811574,0.15724907041454972,0.1533870308942243,0.14779892895416805,0.14302231942804272,0.1551818288522837,0.15826990944145689,0.16322963215873115,0.15879952696952415,0.13667084318251618,0.12879094269370991,0.19530772141346486,0.14627761234008074,0.14986913686147982,0.16329587403605966,0.15015549307231202,0.15431329655704099,0.16077881051790482,0.15201406911735707,0.13198669300103533,0.1293106491765645,0.13149646308963897,0.14624355088157756,0.13578016340745527,0.13675953712688318,0.13596676879173994
60.0,2.448140049879626,2.428954054948337,2.441464455946149,2.4621011770006627,2.646678303665617,2.7507105446831805,2.469403690894706,2.5128069788968026,2.711701150332044,2.3749020487603096,2.581525317849235,2.72752744766546,2.759021777976685,2.473254571953245,2.378189902026902,2.6100127853376365,2.2763573243621367,2.400659032007978,2.2280801427237544,2.5084024801577085,2.6151682863953303,2.7410371654118175,3.2169336592014264,2.5445736131397467,2.6348840422551785,3.0293693722566504,2.482876642294697,2.2218332221976964,2.135609099284682,2.134215133877542,2.4670688795628055,2.4388417459058123,2.182175414049003,2.1459149334786085,2.3603299515378535,2.334496002271359,2.509591206307765,1.8535466603762083,1.9810084514620885,2.145358192608963,2.5883258276717553,2.3848364044804296,2.418510155087261,1.977554449914032,1.6675320262795201,2.1839568793873343,2.10351389016973,1.9262519217511616,2.263019609033979,2.4561834251582026,2.4257457563439107,2.431307963716497,2.455914128905898,2.47645415300159,2.627917252916233,2.748223518472411,2.4276310922935056,2.4808906014620087,2.720042841905561,2.3553661425350314,2.557234608371097,2.7714196330269245,2.7922477847229996,2.5627530966223735,2.3661617894085767,2.564784306952418,2.246527115143042,2.3667644627659485,2.207782829410831,2.462922773617775,2.6401565576565753,2.7643741255149754,3.286622395751727,2.529726148028786,2.6407172947219455,2.9998511347318724,2.426676016232418,2.236722884078885,2.1021491461146193,2.064021259482842,2.462428034703693,2.417788104925706,2.1877788761161483,2.1221192594505545,2.393124675386721,2.3344143990624926,2.5133530803517754,1.8217920284185667,1.9476209410172334,2.105197412283809,2.598163092647866,2.4479539166714996,2.4484782088537016,1.9798127056275563,1.689864231965146,2.2343098906881775,2.149138865740151,1.9607032745249109,2.2753267163911413,2.5312736727381324,0.13949159448911996,0.14178892353095118,0.14377970719383387,0.1408139240229191,0.15410581630435166,0.15494719826858186,0.1381927340185257,0.15253917602018732,0.1273775515097133,0.13176904288945201,0.1532548631612947,0.15049239587220872,0.15209518924385804,0.14859496104935307,0.15021352598777923,0.16774720231345897,0.1356449554932608,0.13076900874045444,0.15264361453024713,0.14371365045206153,0.17165924868563537,0.14063162018050304,0.17051759595971402,0.176845815158987,0.1294765611215667,0.16308461643742522,0.149887832796527,0.14623706204633244,0.14100497531684428,0.15280316664671012,0.15697184407926631,0.16285170256748924,0.1590775315232109,0.13914325364833938,0.1387134493995505,0.18832259074599544,0.14194974409248734,0.14936735334218273,0.1639278792593894,0.15103654937301167,0.15230662101381104,0.15349563195527496,0.14830398875899994,0.13921787350382434,0.1331172708702044,0.133404582229021,0.14351141963449218,0.12978557753271175,0.13020821975172925,0.1304686864668794,0.13205865399333136,0.1376103648886122,0.14161911436035612,0.14786821371902162,0.15016305145696418,0.1568764100414004,0.13642800613994485,0.1488685439221526,0.13750515234377422,0.1281545465023928,0.1579637113931728,0.15531449365093652,0.1509765840322828,0.14995365913997022,0.15404742807930003,0.16621860712902542,0.13016372326527464,0.1260007258503689,0.15372466561796772,0.1526943390208325,0.16657080407040709,0.13883398181564974,0.165561699728151,0.17186424050505486,0.12963721390924626,0.15813757176213836,0.15426584228818682,0.14861164915189579,0.14396325840898297,0.1560272525827227,0.1593293967548047,0.16435645220826817,0.15982288069191186,0.13748577009406923,0.12927176982094735,0.19655563809895304,0.14704465269503766,0.1505107539258898,0.16417790055214498,0.15083914334880572,0.15526719381132062,0.1618003224747635,0.15295518106584408,0.1324678956106984,0.12958513430628638,0.13204648383900136,0.14673888526573084,0.13633653276455418,0.1371358747651285,0.1366250376251156
61.0,2.4438778576880678,2.42207614029322,2.4356928214701394,2.4567121966312855,2.638021848149987,2.7402668112893216,2.46247929251094,2.509558919660854,2.7080083534315533,2.3686995671474547,2.5766125960348583,2.722962399628442,2.7532505064191026,2.468283875585949,2.371591136705939,2.605998666146428,2.2696533318742405,2.3952994591161416,2.2215011263028326,2.5066307417535367,2.609380678564941,2.737984876868957,3.211816649586461,2.538070948846244,2.6305751850620376,3.021811572201835,2.47590734210869,2.215562429927765,2.1303750568663924,2.1281494918111816,2.4594245842174054,2.4314384358240413,2.175860968632657,2.141128432109713,2.355577908521263,2.325087753738194,2.5027941790445234,1.8475447798553866,1.9757299008102909,2.141020693460751,2.5834023644694204,2.38002041468708,2.4123505300040486,1.9738729388820702,1.6672718116132317,2.1800221839769844,2.0986067749823865,1.9245471367123952,2.2588582562343196,2.452984454476903,2.422628270470842,2.423739092152218,2.4491592134232216,2.471590967144588,2.620027392281934,2.7383640314673654,2.4208998678233633,2.4785592661661355,2.715919738369731,2.3494347702681426,2.552995893138509,2.766306249272756,2.786588395335692,2.5570007985735836,2.3597114379436324,2.5594912551652755,2.2407668817404036,2.361664419349943,2.201192217857384,2.462799693272773,2.6345504448091033,2.7612177325262746,3.2815184374310795,2.5244249965214585,2.6365566923206654,2.9919736848958753,2.4199176718918007,2.230257223462189,2.0965605010192916,2.057838395448512,2.4544436370125187,2.4102647004756785,2.180923099752984,2.116697688070861,2.387759174045854,2.3254826935512356,2.5070451467206354,1.8154748118881059,1.9418297591218896,2.1007786852078,2.593254497212808,2.441841662087966,2.441408104847293,1.976844118796567,1.690845221342239,2.230483807626836,2.1448657446106862,1.9600479129084605,2.2714872603702623,2.5273169040748003,0.14055853394742018,0.1425765983103546,0.1444498222875945,0.14162896848071832,0.15517566907665425,0.15602840927670714,0.13920361961477454,0.15348933857236832,0.1281481776829246,0.13252733219539614,0.1540653887550178,0.15124404935622104,0.15272132249305978,0.1492337101535772,0.15109388620911562,0.16876107035759425,0.1366496609540957,0.13150439976996775,0.15355621428191255,0.14445425909708667,0.17259569608786687,0.14141856785901558,0.17155446272270405,0.17799503061694982,0.13014096853354526,0.16401395733813431,0.15072386830151502,0.14713502541615125,0.14185515505529883,0.15353079606189085,0.15780683905811432,0.1639839634258601,0.15999220482500093,0.1399323923114413,0.13940396350095138,0.18951505072950714,0.1428190033341909,0.15011141193134078,0.16466765383278162,0.15178806573339196,0.15313589273644732,0.15421222049028838,0.14899784989922943,0.13985028416673823,0.13362010079956366,0.1340620680787052,0.14408806278316091,0.13031774309347255,0.13067879674374974,0.13114434680214376,0.13294956025236748,0.13834468696846156,0.14225963267632208,0.14891035237939518,0.15107789253013063,0.15786851158248735,0.13730824722834076,0.14972207185693726,0.13841754671967407,0.1289187744115546,0.15880386128942328,0.15616507088374781,0.15160282816794213,0.1506327059023013,0.15500480526891175,0.16732232224590918,0.13101137599902135,0.12672777279618153,0.1545765887510349,0.15343674995651788,0.16741067396218848,0.13952660345822307,0.1666065724012317,0.17289046920507806,0.13046518783425554,0.15903841510810365,0.1551593469592122,0.14945771412289816,0.1449201436470686,0.1568828469456474,0.16041616461880098,0.16551647345204243,0.160859134049046,0.1383045014036954,0.12977269849454157,0.19780810173926983,0.14784809536552496,0.1511497464599446,0.16507007411504843,0.15154310556106754,0.1562455306688521,0.16284559298120804,0.1539093031162789,0.13293915348699123,0.12984171189468494,0.13260020615793097,0.14721149319322654,0.13687127919719014,0.1374936190666466,0.1372863537736048
62.0,2.4394221371933185,2.4149240188099026,2.429699514310965,2.4509969501506803,2.6291614878098737,2.7296130440186497,2.455347366293582,2.5062007602513376,2.7041888191668764,2.3623428780507094,2.5714435600548966,2.718215322627374,2.747293568278305,2.463127670198638,2.3647267240430154,2.601758506822301,2.262728654738681,2.3897816892506976,2.21462735037092,2.50470416082931,2.603341562180922,2.73478677299714,3.2064602704440994,2.53150225384153,2.6261569261641355,3.0142010473985774,2.468686861332611,2.2090331057127663,2.1248503292233014,2.1218047836548046,2.4516097151039,2.4238355559202382,2.1692736173258846,2.136037000908006,2.35062699257914,2.315480234754777,2.495859062332553,1.8413022641755066,1.9701706375966803,2.1364793530396375,2.578286801985117,2.374958063898678,2.4059702490595227,1.9699942093806977,1.6669261365620605,2.1758417736695517,2.093481277280633,1.922706056252546,2.2544656388422295,2.449535111764445,2.419340548340054,2.4158797121850615,2.442176857955612,2.4664152701020674,2.611928771097387,2.7283168019205415,2.413948075757335,2.476147520977049,2.711678535799947,2.343363409373874,2.548504166619959,2.761020089889157,2.780764030404407,2.551098987765395,2.353008595546508,2.5539046165104606,2.23479900275279,2.356421169792363,2.1942896638895517,2.4626484750156594,2.628712811411968,2.757875297349149,3.276129518281024,2.51910515552089,2.6322775520353123,2.983980839301014,2.412927333608628,2.2235422366286297,2.090707351932009,2.051421926585956,2.4462899483549707,2.4025662993548145,2.173778373290447,2.1109762262029106,2.382198029033321,2.316379103272873,2.500611532332787,1.8089409964352925,1.9357734560408009,2.0961503786679496,2.5881814572062765,2.4354856749685845,2.4341030641473247,1.9736950597648302,1.6917810420296189,2.226431667832033,2.1403733489991694,1.9592674906548837,2.2674233458514323,2.5231374284760806,0.14169550188704788,0.14338772604355846,0.14515040427297496,0.1424877754041826,0.15631470158740274,0.1571411749101711,0.14025892432094386,0.15450195845626868,0.12897352269086515,0.1333413467156665,0.15492612810121917,0.1520174261654725,0.15336152835690406,0.14987542015815297,0.15200986565241778,0.16982800957644484,0.13774266105333852,0.13227342272932968,0.15448793081444573,0.14523808753860903,0.1735496518604567,0.142213063839729,0.1726201021907531,0.17916880869646468,0.13084124827385488,0.16496035343627724,0.15159022567388566,0.14805856628771757,0.14273655250629635,0.15428406764883812,0.15866243893020715,0.1651666096824246,0.16093427992467124,0.14073985289142432,0.1401166667698796,0.1907168828325966,0.1437304422289389,0.15086112207652216,0.16542929002672702,0.15255155755341715,0.15397999689623934,0.1549569856050238,0.14970645191334814,0.14047242020346248,0.13411669505344861,0.1347223697672028,0.14467084611900957,0.13082906815230597,0.1311360629260943,0.13183562409926586,0.13390809831745148,0.13909237654749948,0.1429166831992479,0.14998420004265856,0.15205103615912202,0.1589012518162037,0.13823833203377864,0.15061888937075893,0.1393890702437609,0.12973287248681398,0.15965131751284334,0.15702602431571702,0.15223987057761712,0.15130663604608688,0.1559760400635573,0.16848261660735503,0.13193166130424888,0.12747679557811561,0.15545277286843726,0.15425667544729507,0.16826031322905743,0.14021576103825253,0.16770719909463122,0.1739585663719933,0.13130933825204977,0.1599509379161788,0.15606651072592742,0.15033668631516145,0.14588892182403287,0.15774725555728233,0.16153048476377724,0.1667104652419323,0.16190586925176953,0.13912265762145082,0.13029264455318643,0.19906315323886767,0.1486864398487176,0.151785833062386,0.16597078495644085,0.15226991056631733,0.15724635209593477,0.16391170146600903,0.1548714669872579,0.1333961567701991,0.13007771490665174,0.13315478651126025,0.14765496573222647,0.13737806479458825,0.13782919223347215,0.13794707274368223
63.0,2.434809009248913,2.4075277027617075,2.4235045856943693,2.4449742088435404,2.6201265355299324,2.7187696409076647,2.448016116992575,2.502755473490405,2.700251092635699,2.355852746269984,2.566023703311883,2.7132956139222637,2.7411561630347707,2.4577964441185802,2.3576184672190905,2.597291186762705,2.255611208488538,2.3841060501458684,2.207490764297024,2.5026302503689037,2.597061410469044,2.7314614341436236,3.200865016625506,2.5248872127932067,2.6216311138886867,3.006546205418048,2.4612347466940916,2.202277299178039,2.1190526804928496,2.1152045486825606,2.443620711961975,2.4160307685038607,2.162443496400779,2.1306630265353443,2.3454955129788337,2.305710981731985,2.4888048499852373,1.8348449819594383,1.964332959943837,2.1317285029245734,2.572978931793964,2.3696317055464866,2.3993882181842765,1.965937201720324,1.6664934041078885,2.1714310613242334,2.0881520975561365,1.9207374624255649,2.249854241463915,2.4458430978836962,2.4159154481271456,2.407757876650537,2.4349866683559855,2.4609384222808455,2.6036521534942576,2.718098898667357,2.4067868008843525,2.4736818099556,2.7073307767949775,2.337173409286134,2.5437600356267973,2.7555720354162494,2.7747905507007347,2.5450658927582186,2.346071128791831,2.5480256258251277,2.2286538190245393,2.351035739604879,2.187103357168617,2.4624849186195026,2.622657175256164,2.7543607425308236,3.270454321727371,2.5137831193572406,2.627882164874084,2.9758727426271343,2.405722253716299,2.21661239305562,2.0846104139317934,2.044797040123678,2.437966843092906,2.394693824620493,2.166377136648044,2.104976130071297,2.3764601986832443,2.307140059421398,2.494069896632197,1.8022196572996507,1.9294581064386878,2.09130807247586,2.5829468594333003,2.4288725729185536,2.426579750263136,1.9703779061960245,1.6926646029418624,2.222167641645789,2.1356748134079386,1.9583649594132577,2.263147334617705,2.5187491777682935,0.14290585311477488,0.14422149012365168,0.14588181694744273,0.14339146779417067,0.15752555050064826,0.15828406274043574,0.14135718963747299,0.15557863836449476,0.12985418802324122,0.1342141061520527,0.15584021163404962,0.1528117906103926,0.15401695357140102,0.15051841508638641,0.15296230396359492,0.17095110029004146,0.13893010529649227,0.1330768095126001,0.15543640447529966,0.14606766296582818,0.17451784184080124,0.14301084549087043,0.17371310403693194,0.18036720155873467,0.1315781349219588,0.16592468922925974,0.15248869753133917,0.14900547464360445,0.14364909559637115,0.15506485364443323,0.159540102034123,0.16640300836555622,0.16190540108619733,0.14156426483102394,0.14085064170165995,0.1919275349831122,0.14468399037173765,0.1516167927446056,0.16621483759928493,0.15332748221961934,0.15483837011946935,0.15573233710569379,0.15043028060041722,0.1410801095832013,0.13460305468584327,0.13538278102480822,0.14525679564737856,0.13131493726337207,0.13157473721813592,0.13254040012521606,0.1349370356271284,0.1398508141218983,0.14358882665071507,0.15108684658169147,0.15308423593705106,0.159975347477749,0.1392192792797218,0.15156046629503317,0.14042254792128178,0.13059778390743573,0.1605017858338556,0.15789474219582245,0.15288715632815714,0.15197144452041547,0.15695824308810158,0.16970212075692814,0.13292889387489473,0.12824429411895572,0.15635159782626093,0.15516395803121005,0.1691159720982929,0.1408965247975289,0.16886307245599047,0.1750701391044571,0.1321649639008921,0.16087443077638192,0.15698620534972368,0.15124811854028575,0.14686541970041928,0.15861905206646648,0.16267257270030464,0.1679391599091569,0.16296060274285554,0.13993572444243296,0.13083048518145654,0.2003187369016954,0.14955818801905188,0.15241865595260168,0.1668783027394557,0.15302208099225262,0.1582675867206025,0.16499558492861538,0.15583654941064187,0.1338344321742848,0.1302903098586981,0.13370729777919452,0.14806261775228194,0.13785034744856287,0.1381388248126647,0.1386034262784074
64.0,2.430074594708331,2.399917204411915,2.417128086846073,2.4386627439945343,2.6109463041947394,2.7077569999928097,2.4404937493579144,2.4992460322002144,2.696203718935702,2.3492499366051987,2.560358519208357,2.708212670773169,2.7348434901690015,2.452300685673002,2.350288169415085,2.592595585365076,2.248328908656947,2.378272869535847,2.200123317450109,2.500416523356145,2.5905506966550442,2.7280274406556453,3.195031382981858,2.518245510368882,2.6169995965629704,2.9988554538314793,2.453570544920734,2.1953270599489363,2.112999874812516,2.1083723261685776,2.43545401453133,2.408021735884305,2.1554007421294727,2.125028895653506,2.3402017789877205,2.295817531080714,2.4816505358159104,1.8281988018300588,1.9582191659743655,2.1267624746945026,2.567478545471069,2.364023693061723,2.392623343308864,1.9617208562113762,1.665972017232598,2.166805459800238,2.082633936300592,1.9186501372854163,2.2450365487056,2.441916113697478,2.4123858280077197,2.399401638384125,2.4276082504772183,2.4551717840877427,2.5952283036041965,2.707727390543248,2.3994271279933335,2.471188577162587,2.702888003953597,2.3308861194388357,2.5387641069704006,2.7499729663941723,2.7686838169962478,2.5389197421124785,2.338916904254279,2.5418555179464106,2.222361671399966,2.3455091542991844,2.1796614873558444,2.4623248238573736,2.616397054132674,2.7506879906185553,3.264491531195978,2.5084753823606945,2.6233728218451953,2.9676495395540647,2.398319684548232,2.209502162220577,2.0782904020976543,2.0379889232902046,2.4294741955881842,2.38664819933005,2.1587518297452872,2.0987186559006332,2.3705646413297425,2.2978019931908182,2.4874378990628228,1.795339869720703,1.9228897849802882,2.0862473464432125,2.5775535906988947,2.42198897354309,2.418854826704064,1.9669050357538542,1.6934888129935826,2.2177058994100864,2.130783272339292,1.957343270832636,2.2586715884521813,2.5141660837777295,0.14419294835428578,0.1450770311485039,0.14664443168691021,0.1443411708320702,0.15881088296852586,0.15945560471000073,0.14249695547185937,0.15672101488262802,0.1307907816196683,0.13514866565454633,0.1568107380674817,0.15362637282734803,0.15468878437630312,0.15116100604187144,0.15395203070496377,0.17213341429989515,0.14021816004121399,0.1339153071773194,0.15639922422912964,0.14694560646475519,0.1754968378028815,0.1438075132161594,0.1748319953764877,0.1815902468032527,0.13235240142600757,0.16690785960178509,0.15342114446679958,0.14997352911443093,0.14459269419554116,0.15587509063531016,0.16044126281685328,0.16769652973135135,0.16290723745832025,0.1424041990349075,0.14160491871348302,0.19314645412637746,0.14567962262053716,0.15237875362395378,0.1670263437870456,0.15411632160772962,0.15571044603327996,0.15654074536260604,0.15116985927986665,0.1416689710806859,0.13507492332225934,0.1360404380808428,0.14584274164432715,0.13177048015885365,0.131989275222907,0.13325643698868628,0.1360392150467882,0.14061728147846841,0.1442745716438602,0.15221532142654673,0.15417930212009986,0.16109150759725857,0.14025214133437225,0.15254839639529924,0.14152091461557387,0.13151446774145054,0.1613507663432391,0.15876850510403911,0.15354408637631292,0.15262298417374795,0.15794837148034171,0.17098343139391387,0.13400745302933786,0.129026685023153,0.15727133350121458,0.15616867384473962,0.16997377642206415,0.14156379317699402,0.17007363936484235,0.17622679868782307,0.13302727370666353,0.16180813642778086,0.1579172049394969,0.15219155496056352,0.14784533631364463,0.15949673691070343,0.1638425773264196,0.1692032389547116,0.1640207797537914,0.14073904523032452,0.13138506714396578,0.2015726918596726,0.1504618461402495,0.1530477810412096,0.16779076844463098,0.15380213345019697,0.15930704011136274,0.1660940308405467,0.15679926635655145,0.13424932967594352,0.13047648999336853,0.13425472730125795,0.14842746064227702,0.1382813643600757,0.1384185399739525,0.1392515170242505
65.0,2.4252550144251015,2.3921225360238823,2.4105900689917887,2.4320813268883295,2.6016501066889193,2.6965955193105953,2.4327884681395644,2.495695409202904,2.6920552431646154,2.3425552138562606,2.554453501146817,2.702975890440088,2.7283607491614874,2.4466508831891733,2.342757633811943,2.5876705820268344,2.240909670777,2.3722824751548015,2.1925569591991856,2.4980704927748967,2.5838198939646757,2.724503372880452,3.188959864364338,2.5115968312361536,2.6122642225142165,2.9911372002100545,2.4457138027401863,2.1882144376507937,2.1067096763197166,2.1013316553870114,2.427106062551663,2.399806120371006,2.1481754907840585,2.119156994924306,2.3347640998731936,2.2858374192118416,2.474415113637961,1.8213895924102224,1.951831553810844,2.121575599928384,2.561785434591529,2.35811637987565,2.3856945303638697,1.9573641131642858,1.66536037891808,2.1619803819567496,2.0769414940056774,1.9164528628860535,2.24002504517352,2.437761860068643,2.4087845461573543,2.390839050221325,2.420061210172249,2.4491267159295496,2.5866879855588185,2.6972193463836565,2.3918801418732247,2.468694266658856,2.6983617598745595,2.324522889265937,2.5335169874621366,2.7442337633630705,2.7624596900625225,2.5326787643885917,2.3315637885085048,2.5353955277114526,2.2159529007234195,2.3398424393869104,2.171992244112517,2.4621839905023255,2.609945965832512,2.7468709641595423,3.2582398301126596,2.5031984388614155,2.6187518139568855,2.9593113747616457,2.390736878437852,2.2022460136009263,2.071768031508607,2.0310227633140725,2.4208118802026806,2.378430346540841,2.150934892501684,2.092225059915526,2.3645303153069133,2.2884013357751103,2.4807331990685904,1.7883307089379785,1.9160745663303227,2.080963780381642,2.572004537808093,2.4148214944474145,2.410944956979487,1.9632888261019925,1.694246581099345,2.213060611466923,2.12571186029558,1.956205376562087,2.2540084691379376,2.509402078330727,0.1455601312039982,0.1459534433034941,0.14743862509937525,0.14533800334995137,0.1601733794436902,0.16065428290650288,0.14367675162360827,0.15793074668922974,0.13178390277428267,0.13614809066721462,0.15784076811437184,0.15446036191359291,0.15537824667381409,0.15180148678545127,0.1549798549739072,0.17337800417935403,0.14161297113264742,0.1347896688673202,0.1573739201191187,0.14787463413536817,0.17648305507651801,0.14459852222749162,0.1759752383040634,0.18283795898150498,0.13316485457255312,0.16791076504521985,0.1543894924188895,0.1509604960362693,0.14556723124535387,0.1567167795011639,0.16136732169805407,0.16905052722575314,0.16394147937398093,0.1432581624532869,0.14237847449211172,0.1943730827612675,0.14671736248261813,0.1531473566482249,0.16786584624878884,0.15491858103659126,0.15659565006477325,0.1573847343222585,0.15192574718714857,0.1422344087417541,0.1355277823527393,0.13669231878492308,0.1464253171649377,0.1321905737577181,0.13237385783946418,0.13398137721035497,0.13721753836466333,0.14138896103076143,0.144972379726424,0.15336659174756515,0.15533808726092102,0.16225041941084806,0.14133799580904455,0.1535843894685299,0.14268719943429606,0.13248388708337866,0.16219354210055495,0.1596444788710189,0.1542100220397897,0.15325696351477025,0.1589432170389692,0.17232910719328423,0.13517176106121298,0.12982029513479248,0.15821013425208993,0.1572810839913563,0.17082972787620535,0.14221227973311168,0.17133829656538707,0.1774301501114012,0.13389138414935017,0.16275124999529567,0.1588581834018865,0.15316653284089873,0.14882423575919915,0.16037873447341242,0.16504056981669474,0.170503317520785,0.1650837691284181,0.1415278151991672,0.1319552197941019,0.2028227428197412,0.15139592711633584,0.15367269947193177,0.16870618598270687,0.1546125813313056,0.1603623890972681,0.167203671578903,0.1577541688695067,0.1346360103308586,0.1306330713794178,0.13479397786884528,0.14874217483056396,0.13866411801233314,0.1386641399825259,0.13988731585552497
66.0,2.420386389252712,2.3841737098608733,2.4039105833572663,2.425248728809605,2.5922672558970823,2.685305596897491,2.4249084780874877,2.492126577320651,2.687814210420107,2.335789342823089,2.548314142529799,2.697594670183052,2.7217131394927083,2.4408575249943314,2.335048663590603,2.582515056145449,2.233381410381779,2.3661351947369487,2.1848236389132247,2.495599671609038,2.5768794756236693,2.720907811165287,3.1826509556241316,2.5049608600626305,2.6074268400696985,2.9833998521249545,2.4376840668800615,2.180971481908964,2.1001998491519185,2.0941060756120087,2.418573295762662,2.3913815842733825,2.1407978786366666,2.113069711009553,2.329200784902616,2.2758081825362897,2.4671175772647462,1.8144432223227973,1.9451724215758794,2.1161622102051982,2.555899390730466,2.351892119419496,2.3786206852798655,1.9528859128894658,1.6646568921462048,2.1569712406529646,2.0710894711630536,1.914154421281433,2.2348322154738987,2.4333880378600226,2.4051444607516634,2.3820981649976405,2.4123651532939507,2.442814578213104,2.5780619634897914,2.6865918350240143,2.384156927312958,2.4662253225052315,2.693763587156624,2.318105068201342,2.5280192839133586,2.7383653068630567,2.7561340306711606,2.5263611881469825,2.3240296481291813,2.528646889957415,2.2094578478392126,2.334036620379762,2.1641238170999118,2.462078218327431,2.6033174281466636,2.742923585701049,3.251697901903263,2.4979687831895716,2.6140214322173465,2.950858392929724,2.3829910877185605,2.1948784166740807,2.0650640172437096,2.023923747423754,2.411979771298266,2.3700411893102142,2.142958764836735,2.085516598340565,2.3583761789488555,2.278974518368282,2.47397345609351,1.7812212501910019,1.9090185251535,2.075452954102804,2.566302587565922,2.407356753236739,2.4028668045987107,1.9595416549041351,1.6949308161737542,2.2082459481583157,2.1204737117790953,1.954954228250695,2.2491703384580455,2.5044710932536067,0.14701070046748235,0.14684977114554756,0.14826477683239675,0.14638306806686985,0.16161571289141263,0.161878512732416,0.14489508656050545,0.15920949966181702,0.13283412363879193,0.1372154265443134,0.15893331944522907,0.1553128991024717,0.15608660603419633,0.15243812924394917,0.1560465533386667,0.17468789049521813,0.14312062068744047,0.13570064237299426,0.15835795496140231,0.14885755614804982,0.17747275302123086,0.14537917543579756,0.1771412286749595,0.18411031914026418,0.13401632860942977,0.16893430588624497,0.15539572814492164,0.15196412754495872,0.14657255259455446,0.1575919836281272,0.16231963300638752,0.1704683133354342,0.16500983332560382,0.14412459304929717,0.14317023192408415,0.19560685389745058,0.14779728410731738,0.15392297700894747,0.16873536401038916,0.1557347869445948,0.15749339336189458,0.15826687317251778,0.15269853748656612,0.14277160966659014,0.13595685074212874,0.1373352450551513,0.1470009606779734,0.13256984927491006,0.13272238285951204,0.1347127467842169,0.13847494467094565,0.1421629381185992,0.145680674054237,0.15453756149623255,0.15656246778407848,0.16345273144592526,0.14247793467118441,0.15467025858481329,0.14392450448558644,0.13350699388641596,0.16302516996204866,0.16051970961871168,0.15488429276077745,0.15386894803826323,0.15993939481279226,0.1737416647389543,0.13642625686710602,0.13062135405260247,0.15916603462542975,0.15851157281786496,0.17167970819968545,0.14283650204468384,0.17265638790561597,0.17868177960387174,0.13475231635804183,0.16370292071195577,0.15980771307571792,0.15417258507617887,0.14979754084344843,0.16126339081720298,0.1662665315485615,0.17183992689218422,0.1661468585130816,0.14229707790449528,0.13253977371746742,0.20406648995897592,0.15235895287213128,0.15429283080741404,0.16962241351831406,0.15545593820707787,0.16143117716790079,0.16832098068460777,0.15869564101000602,0.13498943606997676,0.1307566929836492,0.13532187259830233,0.1489990826597761,0.13899136575732532,0.13887119584990673,0.14050666269708775
67.0,2.415504840044684,2.3761007381862393,2.3971096811682044,2.4181837210430426,2.582827064703838,2.6739076307899694,2.4168619839516645,2.4885625093755923,2.6834891657998856,2.32897308830562,2.541945936759807,2.6920784072620947,2.7149058606431797,2.4349310994157185,2.3271830619319736,2.5771278871183365,2.225772043004409,2.3598313560164725,2.176955305961229,2.493011572842393,2.5697399148577946,2.7172593358573787,3.1761051516123926,2.4983572815159003,2.602489297556639,2.975651817147396,2.429500884068001,2.1736302423487834,2.09348815744658,2.086719126117708,2.409852153904026,2.382745789900839,2.1332980419593923,2.1067894305710686,2.323530143343375,2.2657673574649353,2.4597769205096345,1.8073855601906599,1.9382440673920593,2.1105166371038813,2.5498202054629844,2.3453332651245327,2.3714207139874195,1.9483051956973414,1.6638599598988668,2.1517934487480823,2.0650925682644132,1.9117635945255085,2.229470544212957,2.4288023479344574,2.401498429966238,2.3732070355485497,2.4045396856952523,2.436246731345193,2.5693810015287593,2.6758619252997575,2.376268569101442,2.463808188762557,2.689105028398572,2.3116540056789887,2.522271603135432,2.7323784774342785,2.749722699593711,2.519985241948057,2.3163323496909527,2.521610839521414,2.202906853591682,2.3280927227893846,2.156084395979303,2.462023307105739,2.596524958866138,2.738859777790292,3.244864429993631,2.492802909675322,2.6091839676348036,2.9422907387381225,2.375099564723797,2.1874338409174623,2.0581990743819474,2.0167170628478015,2.402977743236789,2.3614816506955347,2.1348558866699485,2.078614527400353,2.3521211905896897,2.269557972164357,2.4671763295815254,1.7740405687192986,1.901727736114575,2.0697104474183305,2.560450626777419,2.399581367516268,2.3946370330710955,1.9556758998239678,1.6955344271313921,2.203276079826241,2.115081961292161,1.9535927775475193,2.2441695581955914,2.499387060372654,0.14854787703034447,0.1477650068556329,0.14912326745519533,0.14747744033176366,0.16314052364315698,0.16312662296635264,0.14615043278531364,0.1605589281509779,0.13394196648434978,0.13835366231595328,0.16009136303226482,0.15618307108011692,0.15681516765091524,0.1530691791009068,0.157152855927835,0.17606604650815452,0.14474707757013724,0.13664895582981404,0.15934871525730807,0.14989727304572276,0.17846203888866208,0.1461446178344858,0.1783282964965383,0.18540726196130897,0.13490767654114047,0.16997937548053482,0.15644189256136704,0.15298215850806904,0.1476084554273392,0.15850282507617217,0.16329949056999493,0.17195313082302754,0.16611401541297646,0.1450018553955367,0.14397906177763872,0.19684718403891197,0.1489195124471301,0.15470601349616722,0.16963688603908503,0.15656548300804085,0.1584030656873905,0.15918976669727466,0.15348885495088846,0.14327554590893246,0.13635709045599534,0.1379658892828861,0.1475659236516767,0.13290270557007824,0.13302846042355743,0.13544796182269445,0.13981438272743693,0.14293620692905973,0.14639785230883254,0.15572507141996128,0.1578543208564366,0.16469903333049246,0.1436730503924202,0.15580790170878436,0.1452359771390794,0.1345847098768588,0.16384047421321077,0.16139112162421138,0.15556620789809575,0.1544543660184503,0.16093333233309862,0.1752235741746261,0.13777536430804221,0.13142598537233693,0.16013694647257978,0.15987057257974915,0.1725194884708813,0.1434307735524876,0.17402720363572893,0.17998323972516606,0.13560499298937304,0.16466225544396038,0.16076426470976493,0.15520924352034235,0.15076052798904482,0.162148972206157,0.16752034076233893,0.17321349473740014,0.16720725005005804,0.14304172483348235,0.13313758598620695,0.20530139777454331,0.15334945671805963,0.15490752803340527,0.17053715450908297,0.15633472181621252,0.16251081098190198,0.1694422712922218,0.15961790052051916,0.1353043625463837,0.1308438220057097,0.13583516483123723,0.14919012234621673,0.13925561448842308,0.13903504141093598,0.14110527190462394
68.0,2.410646487654537,2.3679336332632643,2.3902074136503413,2.4109050748733063,2.573358845993811,2.6624220190245316,2.4086571904820575,2.485026178189877,2.6790886544016352,2.322127215103737,2.5353543772393676,2.6864364989372085,2.7079441120933767,2.428882094780598,2.3191826320170366,2.5715079543429327,2.2181094841779783,2.3533712867275747,2.168983909712179,2.49031370945883,2.562411684892799,2.713576527304003,3.169322947180308,2.491805780263573,2.597453443302316,2.9679015028485765,2.421183801031609,2.166222768595591,2.0865923653411302,2.0791943461782534,2.400939076715456,2.373896399562825,2.125706117024354,2.1003385402706485,2.317770484462841,2.2557524804086544,2.452412137185975,1.8002424746366779,1.9310487893819868,2.104633212203397,2.543547670364193,2.338422170421962,2.3641135224170933,1.9436409018983416,1.6629679851579453,2.1464624191013075,2.0589654858014446,1.909289164672241,2.2239525159969227,2.424012491154772,2.397879311976663,2.364193714709567,2.3966044132290456,2.4294345357326477,2.560675863807361,2.665046686046314,2.368226152027623,2.4614693094916285,2.684397626199131,2.305191051132785,2.5162745519397234,2.7262841556168778,2.743241557601774,2.513569154352258,2.308489759768497,2.5142886112406213,2.1963302588251645,2.322011772127453,2.1479021704119616,2.4620350566103304,2.5895820757819075,2.7346934629745077,3.2377380978095744,2.4877173126488668,2.6042417112174685,2.9336085568666688,2.3670795617869556,2.179946755808477,2.051193918002348,2.009427896814724,2.3938056703801442,2.3527526537541474,2.1266586979208344,2.071540103319493,2.345784308563511,2.260188128357301,2.460359478976602,1.7668177397623948,1.8942082738782455,2.063731840139892,2.5544515422476,2.3914819548912147,2.386272305905988,1.9517039385251833,1.6960503228868566,2.1981651768127093,2.1095497433371073,1.9521239761016156,2.2390184901336476,2.4941639115142022,0.15017476437919744,0.14869808802761147,0.15001447628927977,0.14862215510254123,0.16475038903483133,0.16439683215430503,0.14744120798987798,0.1619806515938487,0.13510787580781639,0.13956568796796986,0.1613178210155118,0.1570699035641271,0.15756527636819107,0.15369285164577703,0.15829943050130776,0.17751537984714194,0.14649814107902234,0.13763529998607535,0.16034350133749764,0.15099676849030005,0.17944687571702583,0.14688983282980606,0.17953470837083166,0.18672866001430322,0.13583975855425798,0.17104685233433753,0.15753007169100303,0.15401230209779962,0.14867467516882057,0.15945147833072806,0.16430811048192734,0.17350811879525782,0.16725574302981455,0.1458882372050195,0.144803786304935,0.1980934637442429,0.15008422110331449,0.15549688796557476,0.1705723570118682,0.15741122435686652,0.15932402710536536,0.16015604434966818,0.15429735336093087,0.14374098146521605,0.13672321871017376,0.13858078544442207,0.14811628408567248,0.13318333016622408,0.13328541344911168,0.13618433949125996,0.14123877634534548,0.14370568081102508,0.14712230453976669,0.1569259002052621,0.15921549583613476,0.16598983182371752,0.14492441858366847,0.1569992768677819,0.14662477481829087,0.13571790288304567,0.16463404376511506,0.1622555188463211,0.1562550733686213,0.15500851982650343,0.16192125976190563,0.17677725407817013,0.1392234547254035,0.1322301963911035,0.1611206576835864,0.16136847417418662,0.17334474462587302,0.1439891995048057,0.17544998226759506,0.18133603148009836,0.13644423497515182,0.1656283243794997,0.16172620896363707,0.15627604316450627,0.15170832387744682,0.16303366467038546,0.16880175758993135,0.17462432276132434,0.16826205675342432,0.14375649908169402,0.1337475731040318,0.20652478267664953,0.1543659855176433,0.15551608455396565,0.1714479484917995,0.15725145857310777,0.1635985579957735,0.17056369713441782,0.16051500296969157,0.13557533633772784,0.13089076603271185,0.13633055443636383,0.14930682395066178,0.1394491222457235,0.13915077336884638,0.14167874349881657
69.0,2.4058474529357414,2.3597024073552695,2.3832238320293975,2.403431561585097,2.5638919126515987,2.6508691596376277,2.4003023024286514,2.481540556585663,2.674621221323057,2.315272488017391,2.5285449573710057,2.6806783424684535,2.700833093323806,2.422720999416222,2.311069177026713,2.565654137216675,2.2104216494355966,2.346755314604448,2.1609413995350613,2.4875135944421896,2.554905258954412,2.7098779658523626,3.1623048371790614,2.485326040973244,2.5923211256339553,2.960157316799669,2.4127523644985214,2.158781110274742,2.079530236973047,2.0715552750677757,2.3918305039366525,2.364831075568735,2.118052240103676,2.0937394267700986,2.3119401175283865,2.2458010877783643,2.4450422211071454,1.7930398342837117,1.9235888856682513,2.0985062670826977,2.537081577009191,2.3311411887430626,2.3567180164994874,1.93891197180289,1.6619793709053285,2.1409935645718168,2.0527229242658067,1.9067399137755858,2.2182906154320077,2.419026168383836,2.3943199649585516,2.3550862553161807,2.3885789417482357,2.422389351782262,2.5519773144572433,2.654163186099124,2.3600407608804232,2.4592351287532943,2.679652923157092,2.2987375539966717,2.510028737137604,2.7200932219509757,2.736706465466931,2.507131153919983,2.3005197449364507,2.5066814399521617,2.1897584043839804,2.3157947939056487,2.1396053300591853,2.462129266614256,2.582502296684989,2.7304385638009325,3.2303175887769466,2.4827284864403647,2.5991969539735456,2.9248119919952296,2.3589483312414665,2.172451630824556,2.044069263183952,2.0020814365530413,2.3844634270901683,2.343855121543396,2.1183996385088895,2.0643145823226003,2.339384491204434,2.250901418141129,2.4535405637226817,1.7595818385598094,1.8864662131092502,2.057512712079116,2.548308220781505,2.3830451329668008,2.3777892866127366,1.947638148671477,1.6964714123547293,2.192927409459714,2.1038901924162468,1.9505507755620717,2.2337294960553002,2.4888155785045525,0.1518943018184158,0.14964789605975182,0.1509387790051107,0.14981819189241946,0.16644778689883596,0.16568722072464726,0.14876575110665904,0.16347622557206842,0.1363321843322782,0.14085424462426271,0.1626155662116063,0.15797235528146653,0.15833831691866915,0.1543073280825658,0.15948686432622777,0.17903871061639512,0.14837937736069687,0.13866030641474927,0.16133951678988148,0.15215909756086754,0.18042309501620246,0.14760964105536936,0.18075867250144764,0.18807430460235353,0.13681342697981783,0.17213759112571347,0.15866238493226922,0.15505224382259408,0.14977087075756412,0.1604401612180439,0.16534661050909838,0.17513627302163953,0.16843672452683464,0.1467819471648656,0.14564318492349085,0.19934504526632632,0.15129162733761295,0.15629604368939126,0.17154365978654995,0.15827256947792467,0.16025559825003532,0.16116834805623687,0.15512471267727343,0.1441624855161025,0.13704972847912586,0.1391763457930705,0.1486479671645454,0.133405729699926,0.13348628441336793,0.136919114053541,0.14275098173188552,0.14446820786630726,0.1478524366670413,0.1581367669453142,0.1606477795370795,0.16732552252487023,0.14623307651351133,0.15824636999213998,0.1480940212659817,0.1369073578786828,0.16540023381109975,0.1631095910885684,0.15695021402242887,0.15552660398408724,0.1628992013089401,0.17840506496879158,0.14077480302229545,0.13302986597926203,0.16211483278219244,0.16301552387105334,0.17415108063820964,0.14450567842795922,0.17692391552995895,0.18274158285576161,0.1372647582639302,0.16660016928002513,0.1626918196315941,0.15737252723768724,0.15263590442553313,0.16391557490724787,0.17011040702731392,0.17607256141034242,0.16930829979412695,0.14443600431586134,0.13436875279787305,0.20773379910111878,0.15540710144034237,0.15611774334542317,0.17235216168297676,0.1582086884801357,0.16469154519827237,0.17168125657980426,0.16138085026892166,0.1357966980514359,0.13089369384798777,0.1368047121164476,0.14934028849940112,0.13956390902068605,0.1392132591657921,0.14222258179585184
70.0,2.401143856741842,2.3514370727255645,2.37617898753109,2.3957819524630617,2.55445557756182,2.639269450665771,2.391805524541405,2.478128617385088,2.670095411661852,2.3084296718464716,2.5215231705572516,2.6748133351158243,2.6935780038149355,2.4164583016498207,2.302864500141929,2.559565315137018,2.202736454310363,2.339983767381278,2.152859724798871,2.484618740776337,2.5472311102683998,2.7061822318497177,3.155051316459813,2.4789377483125232,2.5870941928788334,2.9524276665718876,2.404226121196362,2.1513373170115804,2.072319536479768,2.063825452060439,2.382522875307304,2.355547480228002,2.110366547469444,2.087014476731252,2.306057351807377,2.2359507159849508,2.4376861660865004,1.7858035077546228,1.9158666543734368,2.092130133320747,2.5304217169730987,2.32347267351905,2.3492531021651506,1.9341373457214057,1.6608925201228972,2.135402298018818,2.0463795841491828,1.9041246238894933,2.2124973271244492,2.4138510804844633,2.3908532470874864,2.3459127102038826,2.3804828771057283,2.4151225399008664,2.5433161176100705,2.643228494293625,2.351723480448772,2.457132090608389,2.674882461871228,2.292314863704572,2.503534765540442,2.7138165569767025,2.7301332839607526,2.500689469211674,2.2924401717695053,2.4987905604931817,2.183221631112463,2.309442813635636,2.131222064582215,2.4623217368905697,2.575299139366375,2.7261090028167874,3.222601586321569,2.477852925379968,2.5940519869112837,2.915901188803614,2.350723125420744,2.1649829354431223,2.036845825005744,1.9947028692912707,2.3749508877287413,2.334789977120644,2.110111148353637,2.0569592206342504,2.332940696846555,2.2417342727098473,2.446737243263762,1.7523619403510804,1.8785076284723203,2.0510486430476527,2.542023549184164,2.374257519348217,2.369204638700692,1.9434909079265217,1.6967906044495955,2.187576948109266,2.098116443031925,1.9488761275779374,2.2283149377436335,2.4833559931700275,0.15370920945990735,0.15061325521034444,0.15189654473600855,0.15106645743274882,0.16823505194651883,0.16699569819963755,0.15012229230989366,0.16504710639422462,0.13761507197725414,0.14222186709960488,0.16398742335935768,0.15888931249489063,0.1591357145141072,0.15491075251954667,0.16071564368445523,0.18063874538074545,0.15039604812050178,0.13972452101356356,0.1623338572706885,0.15338736965218064,0.18138641511697506,0.14829870228956304,0.1819983468401118,0.18944388266533047,0.13782950716922113,0.17325241260836044,0.15984097034722367,0.15609963386636577,0.1508966081884943,0.16147112252192833,0.16641598557850443,0.17684039991652048,0.16965864656586552,0.14768111450497978,0.14649600211301328,0.20060122674043085,0.15254198371574657,0.15710394231079453,0.17255259404266154,0.15915006933402634,0.16119704894204595,0.16222931873497926,0.15597163602891292,0.1445344532769921,0.1373309189344184,0.1397488841227145,0.14915677439054834,0.13356377193365612,0.13362385017296105,0.1376494589584101,0.1443537357602072,0.14522059279786276,0.14858670041240732,0.15935433516988287,0.16215285453639997,0.1687063566994829,0.14759999687246006,0.15955115455335261,0.1496467531797914,0.1381537420430187,0.1661331729725598,0.16394992589228932,0.15765100266452334,0.15600373131151235,0.16386296835847228,0.18010930076735113,0.14243353675104337,0.13382073030996305,0.1631170156620381,0.16482170627855997,0.17493406098374803,0.1449739107926815,0.17844815696121347,0.18420122314100337,0.13806117073154495,0.1675768147193946,0.16365927880693698,0.15849825333401324,0.15353809681133407,0.1647927328537274,0.17144575937352488,0.17755818125163178,0.1703429069732124,0.14507472043817776,0.13500029583913503,0.20892542391833482,0.1564713830499521,0.1567117084291892,0.17324697750814536,0.1592089702679991,0.16578675889700606,0.17279080021370924,0.16220920459392993,0.13596259311605935,0.13084866700294134,0.1372543135375578,0.14928117161294854,0.13959177948462986,0.13921715485980965,0.1427322232173157
71.0,2.3965718199263204,2.3431676416374625,2.369092931381163,2.387975018791891,2.5450791536090906,2.6276432901454165,2.3831750615702885,2.4748133334103293,2.6655197705157208,2.301619531390917,2.514294510200595,2.668850874139363,2.6861840430472768,2.410104489808637,2.2945904045436403,2.553240367501367,2.195081814335382,2.333056972792263,2.1447708348725856,2.4816366614451355,2.539399712060501,2.7025079056433268,3.1475628798737603,2.4726605869490066,2.581774493364186,2.9447209597364186,2.395624617852752,2.1439234384314463,2.064978027998745,2.056028416430376,2.373012630567088,2.346043275850033,2.1026791753937886,2.0801860768158895,2.300140496567218,2.2262389014392925,2.4303629659373986,1.778559363672297,1.9078843936201555,2.0854991424964937,2.5235678818310197,2.315398978181186,2.341737685344659,1.9293359639643142,1.6597058357925312,2.1297040323015084,2.039950165943258,1.9014520770679293,2.2065851356804664,2.4084949283195023,2.387512016539072,2.336701132208171,2.3723358251544253,2.407645460495261,2.534723037397461,2.632259679465248,2.3432853955216038,2.45518663911773,2.6700977849402685,2.2859443296904103,2.496793243959584,2.707465041234203,2.723537873854816,2.4942623287877184,2.284268906842313,2.4906172077008355,2.1767502798549496,2.3029568568290766,2.1227805636423365,2.4626282672123656,2.5679861216170528,2.7217187025693366,3.2145887738692704,2.4731071237978686,2.58880910103886,2.9068762919716793,2.3424211966581727,2.1575751391415765,2.029544318546788,1.9873173822579278,2.365267926657723,2.325558143543237,2.101825667374563,2.0494952744790704,2.326471883824005,2.2327231232574496,2.4399671770437754,1.745187120375717,1.8703385946321665,2.0443352128571566,2.5356004142605943,2.365105731640697,2.3605350256791877,1.9392745939540075,1.697000808086061,2.18212796310336,2.0922416296864315,1.9471029837982947,2.222787176981722,2.4777990873369284,0.15562192416586554,0.1515929323694151,0.1528881323842754,0.15236776584178446,0.17011432410800834,0.16831996489216947,0.15150891600854222,0.16669460831921554,0.1389565169885002,0.14367081844871815,0.16543617215562423,0.15981958423163992,0.15995893592192081,0.15550122987525689,0.16198613085177538,0.18231804649831151,0.15255303131018177,0.14082837214698155,0.16332349885694358,0.15468472501623476,0.1823324661636171,0.14895152116814872,0.18325185099099167,0.19083694922730346,0.13888877366125146,0.174392092395059,0.16106796665326423,0.15715207763829175,0.1520513422545229,0.16254662581423956,0.16751707876828145,0.17862306363067681,0.17092315886452178,0.14858379079515574,0.14736095762261003,0.2018612323804945,0.15383556586045322,0.15792105909320672,0.17360085054265348,0.16004425317467239,0.16214758490435083,0.1633415814644513,0.15683884654763067,0.14485113600239258,0.1375609377153311,0.14029464669407013,0.1496384227221216,0.13365124186061825,0.13369064682831885,0.13837251599625994,0.14604959418372163,0.1459596260649124,0.14932363042745384,0.16057521871382635,0.16373224979861972,0.1701324026779915,0.14902605614640085,0.16091554218672718,0.15128585613323037,0.13945756319272892,0.16682677707663057,0.16477302734219706,0.15835689660947222,0.15643496865299633,0.1648081548414119,0.1818921774572955,0.14420357773146042,0.1345983661434005,0.16412463477242586,0.16679661414100921,0.1756892541855425,0.14538741678932235,0.18002183464973595,0.18571615237506417,0.13882796950156925,0.168557282745073,0.1646266842184142,0.1596528007035412,0.15440958538207503,0.16566309630096138,0.17280710762180373,0.1790809406497945,0.17136271271809236,0.14566702757267158,0.13564158902598633,0.2100964389322835,0.15755742545327955,0.15729715881438683,0.17412938723533183,0.16025488652877878,0.16688104544983587,0.1738880425121511,0.1629937088691272,0.1360669922500878,0.1307516845096963,0.13767608527035766,0.1491196732110552,0.13952436084715672,0.139156935499222,0.14320307527513604
72.0,2.392167463342707,2.334924126354279,2.3619857148053245,2.3800295318562785,2.5357919536780233,2.616011076113051,2.3744191182652874,2.471617677483508,2.660902842982353,2.294862831450621,2.5068644697035807,2.662800356799092,2.6786564105013264,2.4036700522199346,2.28626869341276,2.5466781737071753,2.1874856450437545,2.325975258571594,2.136706679125207,2.4785748694324194,2.5314215375564766,2.698873567580401,3.139840022272058,2.4665142415503016,2.5763638754172633,2.937045603864476,2.386967401195324,2.1365715241596868,2.0575234756674297,2.048187707451726,2.363296209455738,2.336316124744265,2.095020260148824,2.073276613685842,2.2942078610752663,2.2167031805522863,2.423091614473215,1.7713332706595817,1.8996444015309881,2.078607626188903,2.516519863158065,2.3069024561607026,2.3341906719685874,1.9245267668420356,1.6584177208961206,2.1239141802790895,2.033449370139718,1.8987310553648493,2.200566525706278,2.4029654127517928,2.384329131488911,2.327479574164532,2.3641573917472405,2.3999694739722544,2.526228837951068,2.6212738104494187,2.3347375908878485,2.4534252183421534,2.6653104349629935,2.2796473013881,2.4898047792063953,2.7010495552636007,2.716936095920696,2.487867961208584,2.2760238167295097,2.482162616412261,2.1703746914557667,2.2963379489976474,2.114309016900857,2.4630646573526853,2.5605767612280252,2.717281585605781,3.206277834845909,2.468507576024233,2.5834705873645043,2.8977374461792498,2.334059797287224,2.1502627113973563,2.022185458886072,1.9799501626815283,2.3554144182389964,2.3161605438685418,2.0935756354911956,2.041944000081652,2.319997010470861,2.223904400977918,2.433248024506677,1.7380864538732634,1.8619651862535225,2.0373680013192845,2.529041702815823,2.355576387449438,2.3517971110575684,1.9350015844176396,1.6970949321787054,2.176594624783991,2.0862788868820963,1.945234295872203,2.217158575552641,2.4721587928315842,0.15763452584450005,0.1525856375828534,0.1539138857089608,0.15372281615748218,0.1720874880151919,0.16965746754714736,0.15292351593469952,0.1684198526598317,0.14035623865400798,0.14520301639899058,0.16696455207534527,0.1607618983611502,0.1608094911280075,0.15607682493836791,0.16329853841758846,0.18407899634092506,0.15485473367928496,0.1419721328522595,0.16430528617068724,0.1560543040627059,0.1832568228129602,0.14956245744066798,0.18451728250147942,0.1922528949479488,0.13999192106481761,0.1755573486354925,0.16234549160486908,0.15820712452135155,0.1532343964562532,0.16366892901310146,0.1686505472675905,0.18048652578529775,0.172231856028389,0.14948795451726318,0.14823675901691022,0.20312418817209715,0.1551726558441033,0.15874787614350136,0.17468998048408665,0.16095561048045035,0.16310633233393235,0.16450772917436324,0.15772708404951974,0.14510668185436235,0.13773383713744514,0.14080985198107834,0.15008859538131994,0.13366191485130707,0.13367900697962148,0.13908543261846373,0.14784085898054744,0.14668212141551729,0.15006188933424341,0.1617959897295791,0.16538728301490288,0.17160350134907756,0.15051199701193912,0.16234132362869272,0.15301398880304512,0.14081912106019964,0.16747477078623776,0.16557534300116045,0.1590674825481051,0.1568153837423575,0.16573013548472407,0.18375581814719202,0.1460885758798676,0.13535817140458925,0.16513501107666717,0.16894930598162558,0.1764122893403075,0.14573956533466023,0.18164406854452164,0.1872874053099087,0.13955953900401205,0.16954061137712928,0.16559205897734677,0.16083577887786846,0.15524492238791773,0.16652455795136342,0.17419354127703904,0.18064034939492626,0.17236445999488953,0.1462072401654804,0.1362923102892387,0.21124341130407018,0.1586638392204316,0.15787326505217736,0.17499618096710495,0.1613490485485946,0.16797111276189514,0.17496857818198874,0.16372791506808138,0.13610372374791763,0.13059874320067008,0.13806686462904416,0.1488455350446932,0.1393531595305322,0.13902694074927072,0.14363056887976264
73.0,2.3879669078444845,2.3267365391393042,2.354877389029312,2.3719642629408684,2.5266232906532315,2.604393206605169,2.3655458993763476,2.4685646224268076,2.656253174159419,2.288180336825524,2.4992385424687336,2.6566711803550165,2.6710003056575555,2.397165477210965,2.2779211699302535,2.53987761315188,2.1799758619685776,2.318738952453473,2.128699206925712,2.4754408777220465,2.5233070599820606,2.6952977980081982,3.1318832385058917,2.4605183967840043,2.570864187365307,2.929410006527238,2.3782740179516964,2.1293136238216377,2.0499736436232783,2.040326864398646,2.3533700517129206,2.3263636892201043,2.087419938006642,2.066308474002905,2.288277754598913,2.2073810897348363,2.4158911055073213,1.7641510973393573,1.8911489762285387,2.0714499159769177,2.509277452529346,2.297965460888846,2.3266309679675117,1.9197286946649992,1.657026578415548,2.118048154810735,2.0268918972302306,1.895970340834204,2.1944539818081257,2.397270234644172,2.3813374501125826,2.3182760889084735,2.3559671827370754,2.3921059407386673,2.517864283402541,2.61028795608159,2.326091151336405,2.4518742723424776,2.660531954538179,2.2734451282315855,2.482569978092257,2.69458097960505,2.710343810929987,2.48152459503464,2.267722768005781,2.473428021464587,2.1641252067592402,2.2895871156530143,2.1058356140190266,2.4636467070845924,2.5530845759902934,2.712811574473361,3.1976674526773077,2.464070776389224,2.5780387368964317,2.888484796106159,2.325656179641272,2.143080121687866,2.0147899611026236,1.9726263977905987,2.3453902368344224,2.3065981011538916,2.0853934926230218,2.034326653666577,2.313535035121259,2.2153145370652805,2.4265974450964642,1.7310890160832233,1.8533934780011174,2.0301425882456567,2.522350301654901,2.3456561043796706,2.3430075583451955,1.9306842569810871,1.6970658856421132,2.170991103493146,2.0802413491212484,1.94327301544874,2.2114414952394745,2.466449041480295,0.1597486538673137,0.1535900253412342,0.15497412669145136,0.15513216719655923,0.1741561030499932,0.17100534853347601,0.15436374159308985,0.17022370824397076,0.14181363142935483,0.1468199519479751,0.1685752688848795,0.16171489864541716,0.16168893562297645,0.156635562804882,0.16465290086216733,0.18592375607882897,0.15730499539948062,0.14315587668128513,0.1652759205926214,0.15749920871628545,0.18415504574816605,0.1501257415459146,0.18579273812990998,0.1936909084834973,0.1411395291920253,0.1767488286251471,0.1636756164704823,0.15926225493430515,0.15444494111112508,0.16484025922413428,0.16981682286515506,0.18243267753809353,0.17358625618235907,0.15039151899711012,0.1491221164897645,0.20438909263420404,0.15655352085788843,0.15958487330092336,0.17582135948525215,0.1618845684784462,0.16407232011575942,0.16573030463607175,0.1586371015232668,0.14529518946371367,0.13784364659148193,0.14129074040511858,0.15050300606936268,0.1335896502084682,0.13358111205942977,0.13978540853319701,0.14972949430454197,0.1473849628124392,0.15080032126924225,0.16301318916198554,0.16711899428453608,0.17311921540650543,0.1520583842809458,0.16383009954975453,0.1548334947478476,0.14223845110006714,0.1680707183202264,0.16635330013967636,0.15978253028598266,0.15714010478253024,0.16662406766375057,0.185702233728941,0.14809183517373972,0.1360953428854279,0.166145369099953,0.17128815307431583,0.17709892752636142,0.1460236165786353,0.1833139925963265,0.18891580937644228,0.14025015021674658,0.1705258773035411,0.16655336397203202,0.16204683783397453,0.15603854457571611,0.1673749553366202,0.175603916100708,0.1822356280080993,0.17334480458818236,0.14668965309628462,0.13695251654941584,0.21236267180657453,0.15978924779359072,0.15843920853698407,0.17584393934602344,0.1624941004962829,0.16905353227815983,0.17602790373547458,0.16440532162659272,0.13606651976774062,0.13038591638080774,0.1384236754650558,0.14844804792686583,0.1390696407859983,0.13882143869672967,0.14401022616829884
74.0,2.3840062742851664,2.3186348922558926,2.3477880052788374,2.363797983330344,2.517602477419319,2.59281007965823,2.356563609653463,2.4656771410623546,2.6515793091446507,2.2815928123155294,2.4914222218985533,2.6504727420671674,2.663220927996476,2.3906012531089735,2.2695696372770304,2.5328375652329203,2.172580380642954,2.311348382172101,2.120780367643092,2.4722421992978747,2.5150667525630137,2.691799177273968,3.123693023426444,2.454692737317711,2.5652772775355817,2.9218225752959097,2.369564014849492,2.1221817870426576,2.042346296003755,2.032469426545267,2.3432305970783585,2.3161836315869833,2.0799083452393647,2.0593040444288833,2.282368486405512,2.198310165397817,2.4087804328530567,1.7570387123344955,1.8824004158353957,2.0640203434395072,2.5018404415199686,2.288570345796865,2.3190774792719946,1.9149606877436263,1.6555308113326987,2.1121213687556684,2.020292447706477,1.8931787155299464,2.188259988592222,2.3914170948594733,2.378569830585683,2.3091187292754873,2.3477848039768197,2.3840662212013104,2.509660137883532,2.5993191851971793,2.3173571616562465,2.4505602451795214,2.6557738862645657,2.267359159654774,2.475089447428519,2.6880701947986565,2.7037768796542645,2.475250458826339,2.2593836272457857,2.4644146576949844,2.1580321666097024,2.2827053823068493,2.097388544658121,2.4643902161811533,2.5455230836948313,2.708322591719321,3.1887563107893033,2.45981321922303,2.572515840642871,2.879118486432258,2.3172275960537405,2.1360618394905275,2.007378540275483,1.9653712748136494,2.3351952568058505,2.296871738456651,2.07731167868957,2.026664491458476,2.3071049161092816,2.206989962713517,2.4200330982570795,1.7242238822451392,1.8446295445396654,2.0226545534479525,2.5155290975828377,2.335331500036595,2.3341830310513934,1.9263349893080568,1.69690657739089,2.165331569572857,2.074142150906208,1.9412220941769611,2.2056482978253036,2.4606837651093714,0.1619654139275168,0.1546046966106829,0.15606914657712875,0.15659620984930378,0.1763213237650869,0.17236038843981352,0.1558269356326825,0.17210672309519143,0.14332769089181127,0.14852260096153896,0.17027100264132827,0.16267714284100723,0.1625988732450237,0.15717543087893535,0.16604904338220267,0.18785421892376333,0.15990698743804924,0.14437942700482506,0.1662319489876028,0.15902245545365779,0.18502273309975537,0.15063549626265646,0.18707634057391762,0.19514993360358096,0.14233202216817345,0.17796709440869735,0.1650603363526942,0.16031486600132014,0.1556819697820954,0.1660627825161111,0.17101606670052902,0.18446296391682632,0.17498777615027705,0.15129234429348923,0.15001575973167627,0.20565478238043208,0.1579783869725917,0.16043251643160353,0.17699614588632465,0.16283146470402335,0.16504445953060015,0.1670117804095613,0.15956966132484451,0.1454107760524437,0.13788446343284286,0.14173363515121162,0.15087747830956125,0.13342850888331045,0.13338906274036308,0.140469752638637,0.15171703096459113,0.1480651616039919,0.15153801429707217,0.1642233399921267,0.16892807112661895,0.17467877223595538,0.15366555411879307,0.1653832012475612,0.15674630135692005,0.14371526082148303,0.16860806442759216,0.16710335224997386,0.1605020555442544,0.157404394215619,0.16748489766595367,0.18773329837390365,0.15021623202882778,0.13680485106255516,0.16715285134895472,0.173820677756445,0.17774514982763617,0.14623278021825137,0.18503078172950152,0.19060193634076805,0.14089396168725146,0.17151222302053107,0.16750851313110288,0.163285679926623,0.15678479673368576,0.16821208401547083,0.1770368193655726,0.18386566257513937,0.1743003222550577,0.14710860169494488,0.13762274439351696,0.21345029092976622,0.16093228313401595,0.15899420368828773,0.17666902645425447,0.1636927225875213,0.17012474109282072,0.17706144482321157,0.16501942122623678,0.13594907869084055,0.13010945330420276,0.13874382175870303,0.14791607055023373,0.13866533572192374,0.13853471077371857,0.1443377459366556
75.0,2.3803216835182783,2.31064919796732,2.34073761477964,2.3555494643094046,2.508758826860902,2.5812820933087224,2.3474804538465937,2.4629782062123127,2.646889793035722,2.275121022720552,2.4834210013955613,2.644214439195578,2.6553234769985656,2.3839878682411983,2.261235898634047,2.5255569093477317,2.1653271165999857,2.3038038754616497,2.11298211064634,2.4689863471437627,2.50671108852507,2.688396285724946,3.1152698718848773,2.449056947819032,2.559604994255348,2.9142917177416834,2.3608569386163394,2.115208063448082,2.0346591969462673,2.024638933165733,2.332874285291723,2.3057736141543104,2.072515618119119,2.05228571162561,2.276498365762439,2.18952794395214,2.4017785903238065,1.7500219842678453,1.873401018474148,2.056313240155639,2.4942086217050448,2.2786994643159892,2.311549111812615,1.910241686388346,1.6539288226294513,2.106149234973075,2.0136657220601357,1.8903649615060483,2.1819970306647742,2.3854136942605466,2.376059131083831,2.300035548101072,2.3396298613194,2.3758616757669735,2.501647165525679,2.5883845666316385,2.308546706636281,2.4495095809141403,2.6510477727409234,2.2614107450916068,2.4673637940265554,2.681528081384573,2.697251162865104,2.4690637811440936,2.251024261024171,2.4551237599405824,2.152125911851473,2.27569377447082,2.0889959984794273,2.4653109844154386,2.5379058021326557,2.703828559890879,3.179543092607717,2.4557513988558037,2.566904189612021,2.8696386618373655,2.3087912988580657,2.1292423342827607,1.9999719114836578,1.958209980979195,2.324829352515158,2.2869823788341668,2.069362633610316,2.018978769681935,2.300725611769057,2.19896710911663,2.4135726434324702,1.717520127598529,1.8356794605338973,2.0148994767377904,2.5085809774046663,2.3245891920254103,2.3253401926855255,1.9219661590622232,1.6966099163396111,2.159630193365092,2.067994426739287,1.9390844837059384,2.1997913450932174,2.454876895545152,0.16428527642310878,0.1556282015344515,0.15719919389367518,0.15811513711699643,0.17858381104757487,0.17371894230145885,0.15731006216530383,0.17406904775470966,0.14489693277552979,0.15031133034940716,0.17205441681529382,0.16364710185973366,0.163540959358102,0.1576943825557563,0.16748654806012975,0.1898719580406968,0.16266310299128503,0.14564229999080772,0.167169753488419,0.16062692014269778,0.18585558276328015,0.1510857651076457,0.1883662709452131,0.19662862137026255,0.14356962153858782,0.17921260747287215,0.16650153617390473,0.16136225636837917,0.15694427426716503,0.16733856844999717,0.17224811828482145,0.18657830070800593,0.17643770299819683,0.15218825361744387,0.15091645644241417,0.2069198924666285,0.15944740807173705,0.1612912429628684,0.17821523327321512,0.1637965141798995,0.16602152141798232,0.16835453624865024,0.16052553089644953,0.14544766190679698,0.13785056456017344,0.14213501496963366,0.15120804147661449,0.13317289941803892,0.13309497067281628,0.14113595120243655,0.15380445997880357,0.14871992447748072,0.15227437170697722,0.16542296351066696,0.1708147653298464,0.17628100066959057,0.15533355655731587,0.16700160170358996,0.15875380614368148,0.14524885908796403,0.169080186578963,0.16782203648996732,0.16122639145411577,0.15760373791238552,0.16830737223751094,0.1898507192296789,0.152464126838938,0.13748141227289465,0.16815453631407612,0.17655338568209936,0.17834726331186604,0.14636029180520113,0.1867936832643571,0.19234604764609595,0.14148502313023634,0.17249888848904943,0.16845539174640786,0.16455207383684078,0.15747796328116337,0.16903371444674617,0.17849053035528895,0.18552895515001364,0.1752275193097197,0.14745853739135323,0.1383041227921234,0.21450205301938258,0.16209157942665808,0.15953752315314032,0.17746758454312686,0.16494763282765051,0.1711810436757765,0.17806458975167005,0.16556376004919265,0.13574514527510262,0.12976590165650911,0.13902500037792587,0.1472380616318386,0.13813198038423663,0.1381611605218577,0.14460910841521468
76.0,2.3769492563973174,2.3028094685368856,2.333746268757423,2.347237477162706,2.5001216518626017,2.5698296455931335,2.338304636705719,2.4604907906988283,2.6421931709303568,2.268785732840526,2.475240374362297,2.6379056690002645,2.647313152144333,2.377335810934904,2.252941757182238,2.5180345248937526,2.1582439853727857,2.2961057600563253,2.105336385304432,2.4656808342435563,2.498250541094008,2.6851077037083817,3.1066142787323883,2.44363071295558,2.5538491858518393,2.9068258414357526,2.3521723359798754,2.108424502663232,2.026930110588314,2.016858923534197,2.3222975560927175,2.295131299231503,2.0652718929179956,2.0452758622548752,2.2706857019371003,2.1810719618086676,2.3949045717329085,1.7431267817622809,1.8641530822674024,2.048322937704238,2.486381784659664,2.26833516987747,2.304064771519938,1.9055906309095683,1.6522190152876945,2.1001471663221474,2.0070264207828865,1.887537860816456,2.175677592632035,2.3792677337102237,2.3738382097825803,2.291054598220732,2.331521960617697,2.367503664842497,2.49385613046062,2.57750116922038,2.2996708710654246,2.4487487236071557,2.6463651565660085,2.255621233976002,2.4593936246977353,2.674965519902934,2.6907825213340946,2.4629827905483266,2.242662535915613,2.445556563038524,2.1464367833289,2.268553317656599,2.080686165144207,2.466424811560498,2.530246249094764,2.699343401535289,3.1700264815583963,2.451901809617715,2.561206074812097,2.860045467001333,2.3003645403876414,2.122656075541985,1.9925907898061648,1.951167703515763,2.3142923983242145,2.2769309453438047,2.061578797304801,2.011290744561552,2.2944160804346705,2.191282407468614,2.407233740066623,1.7110068273829167,1.8265493006485383,2.0068729379268415,2.501508827925414,2.313415797951352,2.3164957067569265,1.9175901439072804,1.6961688114028786,2.1539011452118775,2.0618113111228142,1.936863135684742,2.1938829988262816,2.449042364613922,0.1667079684456023,0.15665904266860886,0.15836445865679438,0.15968891245146083,0.1809436351614849,0.17507687021231108,0.15880962672109794,0.17611035142716844,0.14651930743707361,0.15218580133737303,0.1739281679743156,0.16462315989040568,0.16451690392946294,0.1581903425990102,0.1689647176143247,0.19197816976731968,0.1655748451040975,0.14694364200469512,0.1680855430288653,0.162315275507727,0.18664946638164254,0.15147054798185128,0.18966080696422755,0.19812527818696263,0.14485229380377668,0.18048571265995658,0.16800095226140765,0.1624016110272586,0.1582304185499089,0.1686695494357632,0.17351243918732198,0.1887789846631225,0.17793716185706004,0.15307705477820024,0.15182303182489965,0.2081828118868718,0.16096063040602585,0.1621614446422416,0.1794791974586061,0.1647797709521096,0.167002110917469,0.16976083327729014,0.16150547772020768,0.1454002727447003,0.13773654056642604,0.14249159952077456,0.1514910447192137,0.13281775636093995,0.1326910749667114,0.1417817479120158,0.15599211657207934,0.1493467322233475,0.15300919168967195,0.16660859879086717,0.1727788028492951,0.17792426231142056,0.1570620917330386,0.16868581821744352,0.16085675132186897,0.14683807941655416,0.16948045897056888,0.16850604214188913,0.16195626758665413,0.15773395055944966,0.16908605631643706,0.19205599989026467,0.15483727003036463,0.1381194588500464,0.16914746015086934,0.1794915952612631,0.17890202559732227,0.14639950889153255,0.1886020518894728,0.1941480338801111,0.14201728264496147,0.17348524711791355,0.16939187799512,0.16584587078638693,0.15811230892503855,0.1698376128778211,0.17996297608764242,0.1872235700358945,0.1761228472340029,0.1477341203334336,0.13899849587601376,0.21551342885457725,0.16326576477753466,0.16006852618608133,0.17823553141526047,0.16626158694843746,0.17221861259547316,0.17903272944398066,0.16603200928751538,0.13544860966467925,0.12935225451882842,0.13926543355407278,0.14640212673886022,0.13746169142468717,0.1376954483660055,0.14482070046884227
77.0,2.3739251137757655,2.2951457162279487,2.326834018437942,2.3388807931749254,2.491720265309015,2.5584731345479383,2.32904436298079,2.458237867344059,2.637497987926212,2.2626077074753512,2.466885834201287,2.631555828741253,2.639195152914256,2.370655569517335,2.244709016102533,2.510269291268403,2.1513589024944384,2.2882543636903283,2.0978751409863747,2.4623331735811145,2.489695583495534,2.6819520115714974,3.097726738820121,2.43843371739494,2.5480117006522995,2.8994333539493193,2.343529753667702,2.1018631543134982,2.0191768010673266,2.009152936924785,2.3114968492210455,2.2842543491280005,2.058207305908119,2.0382968829784938,2.2649488041968473,2.172979755378329,2.388177370893759,1.7363789734406854,1.854658905337746,2.0400437676642875,2.4783597219589595,2.2574598159125543,2.2966433643245447,1.9010264616177297,1.6503997922893106,2.094130575662095,2.0003892443664064,1.88470619551512,2.169314159100213,2.3729869140713493,2.371939924857585,2.282203932469926,2.3234807077246344,2.3590035488346737,2.4863177968200145,2.5666860617988596,2.2907407397326334,2.44830411731939,2.641737580338609,2.2500119757418866,2.451179546253406,2.668393390893864,2.684386815832799,2.457025715599447,2.2343163184947668,2.43571430182595,2.140995121886311,2.2612850373758446,2.07248723431375,2.4677474973894076,2.5225579423721363,2.69488103919976,3.160205161067166,2.4482809458389516,2.55542378725131,2.8503390466040006,2.2919645729758984,2.116337532745621,1.9852558903220279,1.9442696296518618,2.303584268594887,2.2667183610429027,2.053992609692497,2.0036216723219495,2.2881952804402346,2.183972288963498,2.401034047603482,1.7047130568378341,1.8172451395483238,1.998570516826737,2.4943155359501166,2.3017979354196165,2.307666236774949,1.9132193215069202,1.6955761714952666,2.1481585954551985,2.055605938559098,1.9345610017624408,2.1879356208075773,2.4431941041420067,0.1692323626884616,0.15769567853108962,0.15956505190300851,0.16131723726538363,0.18340017278256968,0.1764294637746708,0.16032158942079489,0.17822973310259052,0.1481921134684269,0.1541448734970857,0.17589491521511183,0.16560361524325426,0.16552847378976518,0.15866121407227116,0.17048253715062128,0.19417361332919877,0.16864271359548277,0.14828216288058482,0.16897534748233323,0.1640899229589332,0.18740051538812402,0.1517838442854556,0.19095836640053457,0.19963781118388754,0.14617969335468584,0.1817866214726981,0.16956012962072317,0.16342998741382328,0.15953871231091565,0.17005747534815813,0.174808052304966,0.19106459839038042,0.1794870800804236,0.15395656700727275,0.15273438807528528,0.2094416350923769,0.16251795369686395,0.1630434477200438,0.18078823859828566,0.16578108397799052,0.16798464012910047,0.17123278402995556,0.1625102630815972,0.1452633610562237,0.13753745374829093,0.14280044728212576,0.15172328938356439,0.13235875537686176,0.13216988684299416,0.14240523597021096,0.1582795570061334,0.1499434285872525,0.15374275418518996,0.16777682538836902,0.17481928885213066,0.1796063787604934,0.1588504408106144,0.1704358087171538,0.16305508858877277,0.148481199052617,0.1698023283618909,0.16915228935476542,0.16269289430922265,0.1577912973136775,0.1698153578469938,0.1943503975258556,0.15733670470843805,0.13871310831507333,0.17012864197620148,0.18263926822709192,0.17940678755379313,0.14634402822784176,0.1904553866115414,0.19600734940160697,0.1424845988934935,0.1744708455280932,0.17031586772704288,0.16716702325019836,0.1586821292310443,0.17062156649278692,0.18145168259221545,0.18894707660208038,0.17698272193376735,0.14793032961799985,0.13970855218234515,0.21647954736076552,0.16445345100788036,0.160586690389513,0.17896856150189325,0.16763737620035504,0.17323348751715184,0.1799613038484069,0.16641804916742461,0.1350536252539754,0.1288661221173264,0.13946402036997954,0.14539608043372182,0.136647182383609,0.13713265357568238,0.14496946124168714
78.0,2.3712853765071746,2.287687953303767,2.3200209150468836,2.330498183630751,2.483583980084765,2.547232958209618,2.319707837421801,2.4562424089701533,2.6328127891210173,2.256607711424944,2.4583628743150068,2.625174315678569,2.630974678788832,2.363957632315729,2.2365594785758693,2.5022600878691454,2.1446997834980595,2.280250014097832,2.0906303270611457,2.4589508781402962,2.4810566889554337,2.678947789661565,3.0886077469992883,2.4334856458047165,2.542094386984005,2.892122662853586,2.3349487384074656,2.0955560680241936,2.011417032520748,2.0015445126116598,2.300468604416389,2.273140426153214,2.051351993361587,2.0313711604582743,2.2593059818090615,2.1652888610719927,2.381615981619701,1.7298044279259053,1.8449207858077696,2.031470061614748,2.470142225178026,2.2460557558524776,2.289303796157005,1.8965681188232426,1.6484695566161751,2.0881148758520944,1.9937688933023794,1.8818787476560068,2.16291921467554,2.3665789362067517,2.3703971344843997,2.273511603684182,2.315525708493117,2.3503726881503297,2.4790629287355093,2.5559563132024974,2.281767397426814,2.44820220611166,2.637176586657464,2.244604319823187,2.4427221655049403,2.661822574897491,2.678079907132799,2.4512107848578752,2.2260034753362814,2.4255982111400085,2.1358312683680274,2.2538899591402415,2.0644273956493198,2.469294841675223,2.51485439975578,2.6904553954315413,3.150077814559872,2.4449053018496665,2.5495596179378923,2.840519545325184,2.28360864895623,2.1103211753710824,1.9779879281102726,1.9375409466160123,2.2927048376890418,2.256345548988819,2.0466365106929394,1.9959928091876962,2.2820821701198666,2.1770731847952516,2.3949912254870163,1.6986678912027975,1.8077730518979593,1.9899877932491417,2.487003988283802,2.2897222220354183,2.2988684462489486,1.9088660695248265,1.6948249055313738,2.142416714437031,2.0493914435504736,1.9321810335880993,2.181961572820183,2.437346045955712,0.17185636803071233,0.1587365271394496,0.16080097965153836,0.16299951884207706,0.18595200131668124,0.177771370718633,0.16184127406633145,0.1804256309733591,0.1499119157871742,0.15618651450384594,0.1779573282352886,0.16658668150181538,0.16657749301132296,0.15910488648008062,0.17203863456409788,0.19645854890183967,0.1718660955515617,0.149656067373387,0.16983501544588672,0.1659529216371689,0.1881052189535134,0.15201970331306852,0.19225755468927624,0.2011636732257614,0.14755110244744318,0.18311539498249468,0.17118037518669563,0.16444430453735576,0.16086718484057613,0.17150386429729333,0.17613347828686282,0.1934339120338138,0.18108814797524234,0.15482465328302905,0.1536495224984904,0.21069411106458968,0.16411909030356303,0.163937491032374,0.1821421196888483,0.16680004771291274,0.16896729930337664,0.17277231720760533,0.16354063405284833,0.1450321467585712,0.1372490203082691,0.14305906527002935,0.15190217964539116,0.13179256895774966,0.1315243656886985,0.14300496176522245,0.16066543182888765,0.15050831745555895,0.15447591277133893,0.16892428909491117,0.17693461109088898,0.18132455683425042,0.16069739319676266,0.17225086488346306,0.16534783724398566,0.1501758564928526,0.17003940095710532,0.1697580163498523,0.1634380489360746,0.15777263077367965,0.17048956051229913,0.19673487398181602,0.15996266880013252,0.13925613334505685,0.17109511250959222,0.18599884599952804,0.17985965214354072,0.14618782425012272,0.19235336729202443,0.19792294390639834,0.14288075991476532,0.17545544609550823,0.17122530248397394,0.16851560635514135,0.1591818116589918,0.17138341291952647,0.18295372254769546,0.19069648972827546,0.1778035482675469,0.14804259072426934,0.14043795473806056,0.2173951675169929,0.16565322187244885,0.16109164702917006,0.17966215192991822,0.16907782274553232,0.17422157170868305,0.18084585444043616,0.16671606498170297,0.13455474385427046,0.12830592691555467,0.1396205047833018,0.14420752322816943,0.13568202354715736,0.1364684630543246,0.14505304672323477
79.0,2.369066165445033,2.280466192027703,2.313327009810011,2.322108419814827,2.475742109074464,2.536129514614651,2.3103032647787103,2.454527388399256,2.628146119612438,2.2508065094892316,2.4496769881060225,2.6187705270722246,2.6226569292485475,2.3572524876573353,2.2285149477831987,2.494005794093402,2.1382945439167487,2.2720930390130545,2.0836338928977147,2.455541460904943,2.4723443306994173,2.676113618325802,3.0792577981210445,2.4288061828525023,2.5360990931741743,2.8849021757197355,2.326448836926763,2.0895352934206617,2.0036685690860527,1.9940571898689485,2.2892092614184585,2.2617871926165556,2.0447360915505217,2.024521081356034,2.2537755440411256,2.1580368153005427,2.375239397724094,1.7234290138408184,1.834941021800074,2.0225961511345463,2.461729085891981,2.234105343128484,2.282064972947889,1.8922345428365444,1.6464267112501894,2.082115479751349,1.9871800680824834,1.8790642992930724,2.156505243964232,2.3600515009792757,2.3692426968386355,2.2650056646989887,2.307676568776041,2.3416224431962704,2.472122290338739,2.545328992266725,2.2727619289369123,2.4484694340448283,2.6326937181213443,2.2394196156538273,2.4340220892637197,2.6552639524539736,2.6718776560056874,2.445556226884046,2.2177418730148357,2.4152095258178488,2.1309755636183896,2.24636910846145,2.0565348388122033,2.4710826441910014,2.507149139036681,2.686080392777856,3.1396431254623467,2.4417913719800417,2.5436158578800496,2.8305871078447464,2.275314020662078,2.1046414728957834,1.970807618249919,1.9310068416367365,2.2816539799685356,2.245813432238897,2.039542940225609,1.9884254113834154,2.2760957078076713,2.170621526157878,2.3891229331611887,1.6929004057173445,1.7981391123621828,1.981120347005677,2.4795770717314847,2.2771752754039825,2.2901189986882518,1.9045427656246876,1.6939079224257925,2.136689672499413,2.0431809605992535,1.929726182810788,2.1759732166471966,2.4315121218813656,0.17457682813183548,0.15977996909082157,0.16207211041213931,0.1647348402686641,0.18859679512596744,0.17909652106983254,0.16336327718190793,0.1826957347793613,0.15167447531526565,0.1583077219984346,0.1801180925972431,0.16757048836060756,0.16766583993504477,0.15951924451656874,0.173631240514454,0.1988326766241011,0.17524316487358868,0.1510629880978579,0.17066021690698005,0.16790591878462915,0.18876053292548228,0.1521722811916716,0.19355721491174938,0.20269981078873558,0.1489653706321929,0.1844719265923749,0.1728627075865661,0.16544133745839915,0.16221356046946928,0.17300995101666386,0.17748667146418032,0.1958847846839323,0.18274077656937276,0.1556792579518554,0.1545675424403181,0.21193759226432057,0.1657635246426475,0.16484370279303542,0.1835401033832087,0.1678359481903827,0.16994802747698692,0.1743811357557029,0.16459731291525892,0.14470247645390405,0.13686781571612422,0.14326552881431442,0.15202588981556656,0.1311171659184845,0.13074812929508553,0.14358003878283349,0.1631473604510872,0.15104026528516368,0.15521018832252323,0.17004773031982323,0.179122346006795,0.18307531480467626,0.16260117239147226,0.17412950637220526,0.16773294016014742,0.15191897115637007,0.17018553848046292,0.17032087192419043,0.16419415856796044,0.15767554094899203,0.1711028651136843,0.19921004168185244,0.16271450047782546,0.13974193500756169,0.17204394555152602,0.189571097225705,0.1802596453809131,0.14592540772311813,0.1942958874458419,0.19989319359320004,0.14319951058699043,0.1764390707178841,0.17211820059204028,0.16989184207947441,0.15960590716505962,0.17212107399240012,0.1844656606857239,0.19246820947307158,0.17858175045933358,0.14806691826901966,0.14119146389930645,0.21825465195159602,0.16686362029856996,0.16158322016423574,0.18031157515209756,0.1705857725144318,0.17517862533742012,0.18168208198624855,0.16692065358537425,0.133947064516207,0.12767111819393595,0.13973565536217797,0.14282393114348896,0.13456094654118628,0.13569938442269475,0.1450700096269607
80.0,2.3673036014428317,2.273510444663026,2.306772353953017,2.3137302730118785,2.4682239651627293,2.5251832017995044,2.3008388498014933,2.453115778453528,2.6235065244981977,2.24522486646812,2.440833668976836,2.612353860182261,2.6142471037739066,2.350550623869419,2.220597226905449,2.4855052893386023,2.13217109928361,2.2637837661701723,2.0769177878651095,2.452112434858915,2.463568981953271,2.6734680779114597,3.069677387036565,2.424415013205917,2.530027667550084,2.87778030011897,2.3180495959532594,2.0838328801282624,1.995949174900671,1.9867145079708133,2.2777152599669446,2.250192310827455,2.0383897367470443,2.017769032333559,2.2483758001604075,2.1512611544748865,2.3690666130203235,1.7172785998082958,1.824721911437253,2.013416367802667,2.453120095675923,2.221590931171816,2.274945800627757,1.8880446739680432,1.6442696591732198,2.076147800219076,1.980637469198383,1.876271632480267,2.150084731572531,2.3534123092517683,2.3685094700958786,2.2567141683498337,2.299952894426311,2.332764174379299,2.46552664576135,2.5348211678269936,2.263735419051852,2.4491322451796815,2.628300517329011,2.23447921266773,2.4250799243410777,2.6487284041034265,2.6657959232230444,2.4400802702383637,2.20954937810508,2.4045494806966152,2.126458348481729,2.238723510851149,2.048837753463672,2.4731267047098298,2.499455678005856,2.6817699537859516,3.1288997772004086,2.4389556505602505,2.537594798086001,2.8205418788424965,2.2670979404268348,2.0993328947971466,1.963735675819985,1.9246925019425518,2.27043156979525,2.235122933850503,2.032744338210044,1.980940735133708,2.270254851837744,2.1646537442453666,2.383446830069951,1.687439675620986,1.7883493956057204,1.9719637579080167,2.472037673098198,2.264143713130501,2.281434557602201,1.900261787470194,1.69281813109311,2.130991639984315,2.036987624207765,1.927199401079573,2.169982914071673,2.425706263745262,0.17738943597154616,0.16082434960370223,0.1633781354463913,0.16652193441790528,0.19133122968679755,0.1803980594179356,0.16488138251353787,0.18503690708148543,0.15347469916895878,0.1605044653068083,0.18237991037703083,0.16855308130644403,0.16879543893784685,0.15990217651444674,0.17525814921551064,0.20129507995917106,0.17877079756827013,0.1524999243287421,0.17144645223100477,0.16995008685341156,0.1893639978848716,0.1522359029389988,0.19485647746498447,0.20424261900695692,0.15042085688863774,0.185855924940883,0.17460780422989367,0.16641772003200997,0.16357523693077403,0.1745766349760618,0.17886495850192038,0.19841406937165326,0.1844450531453466,0.1565184490137857,0.15548767476415268,0.21316898666530829,0.1674504757630678,0.16576207726380823,0.18498088985689953,0.16888770592108332,0.17092448378180028,0.17606066665203263,0.16568098302930429,0.14427099918619382,0.13639150037555278,0.1434186083643847,0.1520935451829715,0.13033215662257627,0.1298357002864475,0.14413026935204198,0.16572181330744776,0.15153880406205872,0.15594785983428058,0.1711440143821222,0.18137917326209554,0.18485441366205757,0.1645593636204758,0.1760693815851368,0.1702071236220873,0.15370667001766486,0.17023496030828558,0.17083900857248577,0.16496437276867584,0.15749851417787628,0.1716494401755229,0.20177610577002905,0.16559055151008392,0.14016352262143172,0.17297229154086327,0.19335498250387786,0.18060689289581072,0.14555200164797763,0.19628307899488798,0.20191583555879217,0.14343459103353168,0.1774220436294692,0.17299269101492226,0.1712961262604823,0.15994921186927516,0.17283259340125878,0.1859834990877699,0.19425796211454743,0.1793138089712788,0.14800007030014561,0.14197504212017292,0.2190519442159371,0.16808313553405527,0.16206146982791592,0.18091192001012804,0.17216408552985266,0.17610025504711843,0.1824659081266145,0.16702693750390624,0.13322638971244194,0.12696239914466403,0.139811448989431,0.14123275333022678,0.13328019211520958,0.13482297801045212,0.14501998833981025
81.0,2.366033805354096,2.2668507234730635,2.3003769987016467,2.3053825145065527,2.461058861234158,2.514414417800682,2.2913227972401193,2.452030551955124,2.6189025488759614,2.2398835471615417,2.431838410329964,2.605933712268678,2.6057504018453903,2.343862529279214,2.2128281191235475,2.4767574530021963,2.1263573651317267,2.2553225233033896,2.0705139613322827,2.4486713129860664,2.4547411159427353,2.671029748765787,3.0598670085970285,2.42033182153255,2.523881958438977,2.87076544362249,2.3097705622145432,2.078480877772335,1.9882766141020596,1.979540006191375,2.2659830398015406,2.238353443095326,2.0323430652232464,2.011137400052693,2.243125059434285,2.1449994150059255,2.3631166213217294,1.7113790544511949,1.814265752841898,2.003925043198059,2.4443150461049683,2.2084948734137275,2.267965185127214,1.884017452528173,1.6419968033671588,2.070227250114436,1.9741557971417771,1.8735095292715493,2.143670162106636,2.3466690618870536,2.3682303124317325,2.2486651674722307,2.2923742912968392,2.3238092421062295,2.4593067591350017,2.524449908718724,2.2546989525605476,2.4502170835770736,2.6240085268792326,2.229804460298819,2.415896277548389,2.6422268103859956,2.6598505695564243,2.434801143481255,2.2014438571816806,2.3936193106134334,2.1223099638023513,2.230954191821002,2.0413643292649994,2.4754428230047507,2.491787534454277,2.6775380010030476,3.1178464531999053,2.4364146319204534,2.531498729563959,2.81038400299829,2.2589776605839442,2.0944299105526043,1.9567928158994894,1.9186231147619703,2.2590374815310317,2.2242749768809893,2.026273144565719,1.9735600366631725,2.2645785605442095,2.159206270251745,2.3779805756572903,1.6823147761532562,1.7784099762932892,1.962513605767793,2.464388679188982,2.2506141528202024,2.2728317865001686,1.8960355127250388,1.691548440447911,2.1253367872337674,2.0308245688783284,1.9246036400435218,2.1640030268767037,2.419942403373735,0.18028867369845705,0.16186797880695797,0.1647185211828847,0.1683591643647187,0.19415090102992533,0.18166828905918336,0.16638848800106884,0.18744512073293576,0.15530662190671174,0.16277165593788778,0.18474549404126178,0.16953241909399633,0.16996824460228502,0.16025158135001139,0.17691668163119845,0.2038441775459624,0.18244451048317883,0.15396319207640058,0.1721890690975911,0.17208607394326514,0.1899138632917359,0.15220512742649972,0.1961548058179431,0.20578790924677395,0.15191537854629236,0.187266897258975,0.17641594684133957,0.1673699594145272,0.16494926836751123,0.1762044310019948,0.18026498388018483,0.20101752639906179,0.18620069556831437,0.15734046391742856,0.15640926715987402,0.2143847169894848,0.16917886666185752,0.16669245281881984,0.1864625593255952,0.16995381751887484,0.17189402092297634,0.1778120006426421,0.1667922699482187,0.1437353548758597,0.1358190604747611,0.14351789884130106,0.15210541132256938,0.1294391839901783,0.12878278961438414,0.1446562705517968,0.16838400909803994,0.15200422821603923,0.15669204634753342,0.17221016269914716,0.18370080564996855,0.18665679843825736,0.16656884718093704,0.17806718149611686,0.17276576854573145,0.15553422714300613,0.17018234707624896,0.1713111700292773,0.1657526174534806,0.15724109489208365,0.17212348218658846,0.20443280454570625,0.16858811391980583,0.14051350452536154,0.1738774122093,0.19734754273362332,0.18090279273314736,0.1450637294519639,0.1983153237518358,0.20398791002590724,0.14357978840220442,0.17840503044514744,0.17384704947696017,0.17272905827736662,0.16020685752551694,0.1735161775252038,0.18750262530882206,0.19606074526262907,0.1799963043558379,0.1478397080558626,0.1427959270080253,0.2197805522611979,0.1693101913627842,0.1625267394273699,0.18145812339703707,0.17381562384221572,0.1769818997266453,0.18319353859949203,0.16703068227536239,0.13238937945755352,0.12618195574519744,0.1398512473843253,0.1394215101153271,0.1318378957861259,0.13383809887964393,0.14490389559726055
82.0,2.3652928980323384,2.2605170407211332,2.29416099528162,2.2970839155835225,2.454276110173383,2.5038435606546425,2.2817633118445584,2.4512946817261843,2.614342737843459,2.2348033163694065,2.4226967055679416,2.599519480591509,2.5971720229434925,2.337198692213974,2.205229427618439,2.467761164481617,2.120881256994219,2.2467096381469047,2.0644543626682412,2.44522560827025,2.445871205893539,2.6688172112360236,3.049827157653618,2.416576292500021,2.517663814168108,2.8638660138014793,2.301631282438264,2.073511335978201,1.9806686508276796,1.9725572238047901,2.254009040661944,2.2262682517295906,2.026626213251248,2.0046485711752187,2.238041631130139,2.1392891333045254,2.3574084164416975,1.7057562463923894,1.8035748441366084,1.9941165088996706,2.435313728754219,2.1947995232854374,2.261142032376802,1.880171818827354,1.6396065468138992,2.0643692422966455,1.9677497524043428,1.8707867717208828,2.137274020172767,2.339829459747987,2.3684380820217976,2.240886714901658,2.2849603652405057,2.314769006783882,2.453493394591313,2.5142322837773565,2.245663614251948,2.4517503932978317,2.619829289370759,2.2254167079810396,2.4064717556970354,2.635770051841796,2.654057455777431,2.429737075173154,2.1934431768192932,2.3824202504054672,2.1185607504246087,2.223062176882675,2.034142755877476,2.478046798848829,2.4841582261729496,2.673398456976382,3.106481836886682,2.4341848103908323,2.525329943322126,2.800113624991959,2.2509704334668004,2.08996698963955,1.949999753567461,1.912823867323506,2.247471589537765,2.213270484387701,2.02016179921216,1.9663045721964063,2.259085792261159,2.154315535371001,2.372741829367131,1.677554782553685,1.7683269290896226,1.9527654703966655,2.456632976808866,2.2365732120782886,2.26432734889148,1.8918763190529093,1.690091759404795,2.1197392845897514,2.0247049291132533,1.9219418513517035,2.1580459168453747,2.4142344725930855,0.18326778816942446,0.16290912944536212,0.16609245350978466,0.17024451287871334,0.19705026887432708,0.1828986349315202,0.16787655359900472,0.18991542078117193,0.15716342952267737,0.16510315649160293,0.1872175511040406,0.17050636781308026,0.1711862155936986,0.16056537221938505,0.17860365304215065,0.2064776882671044,0.18625843181588667,0.1554483917191688,0.1728832891702279,0.17431397499093915,0.19040921340826153,0.15207481218683877,0.19745203385742446,0.20733089549450628,0.15344617177179845,0.18870413350720333,0.1782869668508805,0.16829446630941466,0.16633235496356663,0.17789342581888945,0.18168266713285175,0.20368975055549995,0.18800700675330945,0.1581437571164434,0.1573317782264738,0.21558069207765163,0.1709473044618194,0.16763449318671353,0.18798252369473162,0.1710322985427018,0.17285366248263767,0.1796358201411574,0.16793171638030274,0.14309436963565703,0.13515105625979684,0.14356394547324,0.15206308461065082,0.12844235766177126,0.12758661647580916,0.14515959922593208,0.17112783555092237,0.15243767696331342,0.15744677244337874,0.17324338360539637,0.18608194236590608,0.18847655553906864,0.16862574211940426,0.18011857381387494,0.17540280191535973,0.15739602310641077,0.1700229397159559,0.1717367657776054,0.16656361979842577,0.15690404185775939,0.1725192857438824,0.2071793508018331,0.17170336580395448,0.14078409490873123,0.17475671520417793,0.20154381764838095,0.18115017202928682,0.144457808207194,0.2003932457221942,0.2061057158646365,0.14362900430793865,0.17938907003105342,0.17467973616282612,0.1741914731044981,0.16037440863975244,0.1741702383531811,0.18901776709985696,0.19787078022988594,0.1806259685338144,0.1475845525685992,0.14366265650680926,0.22043354117898784,0.1705431367325675,0.1629797073548636,0.18194501495735774,0.1755432373255497,0.1778188130807684,0.18386152506140133,0.16692841100297987,0.13143369053425077,0.12533367245765048,0.13985995161709086,0.13737787995949183,0.1302345010374135,0.1327451360420429,0.1447240941652238
83.0,2.365117000331045,2.25453940867054,2.2881443949186524,2.28885324752747,2.447905024864993,2.4934910283978953,2.2721685983647766,2.4509311405888665,2.6098356364983624,2.230004938891621,2.4134140480932693,2.5931205624107876,2.5885171665487143,2.3305696010009416,2.1978229555710707,2.458515303174307,2.1157706904041946,2.237945438434896,2.05877094124198,2.441782833695333,2.436969725031443,2.666849045669401,3.0395583290575106,2.4131681107758984,2.511375083064713,2.8570904182271457,2.2936513033520307,2.0689563043712336,1.9731430492149704,1.9657897000852012,2.241789702287855,2.213934399039666,2.0212693171031595,1.998324932362951,2.233143824515349,2.134167845781598,2.3519609921935687,1.700436044254742,1.7926514834439686,1.9839850964864751,2.426115935198796,2.1804872342182158,2.2544952483071015,1.8765267131760142,1.6370972924953076,2.058589189624905,1.9614340354777506,1.8681121418822135,2.130908790377184,2.3329012036974035,2.3691656370416654,2.2334068634736197,2.2777307221102436,2.3056548288190726,2.4481173162619525,2.504185361838323,2.236640488914972,2.4537586184027735,2.615774347402371,2.2213373051483,2.396806965598355,2.6293690090109725,2.648432442657647,2.424906293874452,2.185565203592569,2.370953534909862,2.1152410491928384,2.2150484915478312,2.0272012229623586,2.4809544320151353,2.47658127095286,2.6693652442531883,3.0948046116865506,2.43228268030154,2.5190907303687324,2.7897308895033444,2.24309351140882,2.085978601535415,1.9433772039029187,1.9073199468556905,2.235733768177321,2.2021103794279897,2.0144427420688715,1.9591955979580071,2.2537955053227092,2.1500179707971236,2.3677482506434675,1.6731887700617805,1.7581063286594418,1.9427149316062717,2.4487734527628704,2.2220075085099826,2.255937908285472,1.8877965841174895,1.6884409968783398,2.114213302394256,2.0186418394148653,1.9192169866531892,2.1521239457607595,2.40859640322963,0.18631881287231372,0.1639460310987439,0.16749877414688322,0.1721755837006495,0.2000226324250539,0.18407963316436368,0.16933657931295368,0.19244191943458336,0.1590375381662907,0.16749183757788338,0.18979875694848797,0.17147269029930787,0.172451275355177,0.16084147540126936,0.1803153473160375,0.209192614531956,0.1902053117248135,0.15695039998414717,0.17352424637843725,0.17663333134162326,0.1908500893611926,0.1518401742050129,0.1987483896026386,0.20886620646562992,0.15500986885103094,0.19016669162568195,0.18022019232322406,0.16918760518702397,0.1677208413692754,0.1796432444103559,0.18311317739484703,0.2064241183280052,0.18986283093296516,0.1589270470246862,0.15825475311317025,0.21675229589873862,0.17275407582814847,0.16858767376199257,0.18953749263238398,0.1721206305479078,0.17380008568380123,0.181532313678105,0.16909974947596398,0.14234825007449933,0.13438986711768183,0.1435583585133977,0.15196967441046239,0.12734872508739933,0.12624626211656956,0.14564286967265155,0.17394580258767622,0.1528411917120597,0.1582170085074419,0.17424110139491875,0.18851625423627968,0.1903068927038436,0.17072536533102753,0.18221816504905808,0.17811061823598462,0.1592855320604304,0.16975262659987742,0.17211592443351834,0.16740289294442617,0.15648946823073207,0.1728313237967915,0.21001437706334228,0.174931342230128,0.14096714254782094,0.175607787548067,0.20593680073278642,0.1813534124304407,0.1437327374277662,0.20251767806653692,0.20826478545037502,0.143576339660664,0.18037559537958864,0.17548943407870937,0.17568447522904374,0.16044796311193585,0.17479343694215452,0.19052295828300875,0.1996814751858526,0.1811997438579556,0.1472345269181597,0.14458502836128412,0.22100353874436215,0.17178024015846713,0.16342144245931273,0.18236737747386694,0.177349747610139,0.17860604462602736,0.18446682153263902,0.1667175085050891,0.1303580846588693,0.12442331552820085,0.13984411624061696,0.1350897591079794,0.1284731835852219,0.1315462319322823,0.1444845435240161
84.0,2.365542233103742,2.2489478395845848,2.28234724883848,2.28070928162308,2.441974918193628,2.4833772190668917,2.2625468615507613,2.4509629013653287,2.605389789938377,2.225509179528112,2.403995931308482,2.586746354986534,2.579791032141535,2.3239857439673783,2.190630506162369,2.4490187484776893,2.1110535808947306,2.229030251901568,2.053495646422471,2.4383505022451373,2.4280471465821982,2.665143832413183,3.029061017659871,2.410126961027816,2.5050176134560522,2.850447064470683,2.2858501716834816,2.0648478325767776,1.9657175734013936,1.9592609743067497,2.2293214644189736,2.2013495473349796,2.016302513051097,1.9921888702777002,2.228449948857274,2.129673088848015,2.346793342390709,1.695444316661122,1.781497968886576,1.9735251375374108,2.416721457013797,2.1655403596432845,2.2480437388486862,1.8731010758845685,1.6344674433932758,2.052902504958408,1.9552233468536708,1.8654944218095064,2.124586957326086,2.3258919945981256,2.3704458356669202,2.226253666023602,2.270704967758949,2.296478068618582,2.443209288278566,2.494326211737055,2.2276406613385547,2.456268202952738,2.6118552435728146,2.217587601234507,2.386902514063726,2.623034562433663,2.642991390968638,2.4203270281455853,2.1778278040761943,2.3592203989637355,2.1123812009513543,2.2069141613281618,2.020567920180933,2.484181522276725,2.4690701865850264,2.6654522853806935,3.082813461025357,2.4307247359827637,2.5127833817120027,2.7792359412122756,2.2353641467434358,2.0824992157176285,1.9369458819848804,1.902136540587034,2.2238238918115436,2.19079558505921,2.009148413055341,1.9522543701725945,2.2487266580629672,2.1463500077241187,2.3630174989302453,1.6692458139170925,1.7477542496674756,1.9323575692082575,2.4408129938560226,2.2069036597204854,2.2476801281915115,1.8838086855824678,1.6865890617831496,2.1087730109892844,2.012648434285499,1.9164319975970432,2.14624947540594,2.403042127109659,0.18943264621622896,0.16497686001496498,0.1689359099514356,0.17414961709316448,0.20306014760600458,0.18520095552833593,0.1707586231713144,0.1950178322891272,0.16092073861265052,0.16992969126915228,0.1924917132316128,0.17242902976221544,0.1737652568040533,0.1610778219204086,0.1820475005494382,0.2119852485719773,0.19427658050400817,0.15846339301778162,0.17410703868908517,0.17904316562622224,0.19123760047938557,0.1514968422037586,0.20004449968533372,0.21038793045203294,0.15660249752468502,0.1916533842306685,0.18221439831393116,0.17004576861757448,0.1691107261608791,0.1814530303242235,0.1845509310877936,0.20921276139773498,0.19176651367443023,0.15968935943909787,0.15917778165044497,0.21789439984148257,0.174597161820971,0.1695512747331362,0.19112345998902522,0.1732157156768324,0.17472961097485445,0.1835010757256083,0.17029663889929228,0.14149876669102632,0.13353992005274604,0.14350390795433055,0.151829965257437,0.1261687686470063,0.12476305273756233,0.14610985635932633,0.17682903649443707,0.15321773675736808,0.1590086761447161,0.17520098222840697,0.1909964094544598,0.19214014845714622,0.17286221128787924,0.1843594976354319,0.18088004116651665,0.16119534462308333,0.16936801067031293,0.172449518302908,0.16827666916296813,0.15600095274583167,0.17305433825712654,0.21293588782182135,0.17826593662216167,0.14105418762503957,0.1764284270193817,0.210517435780447,0.1815185270366572,0.14288847222809925,0.20468959900012546,0.2104598850277257,0.1434161974491683,0.18136643954159484,0.17627508692468105,0.1772094736966518,0.16042425230916557,0.175384725374677,0.19201152094286564,0.20148540271458396,0.18171485022045558,0.14679087067909344,0.14557397581637616,0.22148275763920164,0.17301968902706322,0.1638534624651034,0.1827200256880857,0.17923793032932087,0.17933842205707545,0.18500683055789546,0.16639630615251588,0.12916248668084418,0.12345866095813818,0.1398120018186969,0.1325452722273347,0.12656026296091874,0.13024546148856234,0.14419089888469952
85.0,2.366604717203919,2.2437723457266014,2.2767896082668306,2.2726707891550255,2.436515103043873,2.473522530698116,2.2529063061524663,2.4514129368777153,2.601013743261198,2.2213368030787963,2.3944478486160974,2.5804062555787532,2.5709988192024644,2.317457609440516,2.1836738825732804,2.4392703797892104,2.1067578439989645,2.2199644062811013,2.048660427578703,2.4349361269035503,2.4191139437715483,2.6637201518145983,3.0183357183118877,2.4074725279233613,2.4985932536693776,2.843944360103282,2.2782474341602232,2.061217970220151,1.9584099875243972,1.9529945857435773,2.2166007667949836,2.1885113589249516,2.0117559373671674,1.9862627715812844,2.223978313423309,2.1258423989146946,2.3419244608465153,1.6908069322344055,1.7701165985870337,1.9627309636314514,2.4071300857743205,2.1499412529918995,2.241806409932126,1.8699138472634516,1.631715402489683,2.047324601156341,1.9491323870238049,1.8629423935567098,2.1183210056256976,2.318809533313011,2.37231153607318,2.219455175387108,2.2639027080395167,2.287250086589261,2.4388000747727885,2.4846719023090027,2.218675216311622,2.4593055910085484,2.6080835204808603,2.2141889456736155,2.376759007904521,2.6167775926500045,2.637750161481968,2.416017506546976,2.1702488448448083,2.3472220774042634,2.1100115465444818,2.1986602117353184,2.014271037194469,2.4877438694066685,2.4616384908604263,2.6616735029061394,3.0705070683289337,2.4295274717646613,2.5064101883601335,2.7686289247986022,2.2277995918040445,2.0795633016635877,1.9307265028923646,1.8972988357460518,2.2117418348023157,2.1793270243387313,2.004311252091104,1.9455021450647532,2.2438982088160286,2.143348077345993,2.3585672336714283,1.6657549893591221,1.7372767667784461,1.9216889630142877,2.4327544868933586,2.1912482833150153,2.2395706721189423,1.8799250011115334,1.6845288630338011,2.1034325807168517,2.006737848227463,1.9135898358323267,2.140434867563993,2.397585576059538,0.19259919416365814,0.16599972376919786,0.1704017968417095,0.1761635215583135,0.2061538933048862,0.18625147688494142,0.17213186829794547,0.19763556247623046,0.1628044149253227,0.17240800721794086,0.1952988896107333,0.1733728868543983,0.17512982867031351,0.1612723299930642,0.1837952970080903,0.21485120572178504,0.19846245985839164,0.15998090648179278,0.17462679510343096,0.18154205699089782,0.19157401708088173,0.15104089563197384,0.20134136913810194,0.21188969930802404,0.1582195071017262,0.19316276710183883,0.1842677626593047,0.17086547926243378,0.17049768446802524,0.18332144389188185,0.18598961835741654,0.21204657237888508,0.19371586781982386,0.1604300640663069,0.160100436471863,0.2190014034615195,0.17647427562126736,0.17052438229569764,0.19273571681471321,0.17431384218923482,0.17563819922274368,0.18554099149492775,0.17152244430472133,0.14054941483050057,0.13260788573932,0.14340458858552374,0.15165054569286857,0.1249169120498452,0.12314096417537113,0.14656557316600796,0.17976732252373173,0.1535711708995226,0.15982860907753565,0.17612095585057103,0.19351414744554235,0.19396783756703448,0.1750299572352102,0.18653508794292023,0.18370033507158864,0.16311723451147503,0.16886644842569112,0.1727391531873193,0.16919177139864108,0.1554436080008316,0.17318344148791176,0.215941221573489,0.1816999368595636,0.14103655260424475,0.17721667104479744,0.21527465874155752,0.1816531708327827,0.14192656872324333,0.20691003225426735,0.21268504624430729,0.1431434022022649,0.18236382297042558,0.17703593508805826,0.178768217282105,0.16030073561894953,0.17594338467836654,0.19347606939675926,0.2032742951528186,0.1821688603365314,0.14625621159262314,0.14664134352151684,0.22186303833339754,0.17425959435744817,0.16427779360775235,0.18299790622301093,0.18121049559916888,0.180010539488629,0.18547943336960587,0.16596413776133156,0.12784797245358442,0.12244954195376548,0.13977354325585592,0.12973270606127704,0.12450556967167649,0.1288489475915325,0.14385054251993393
86.0,2.3683405734851095,2.2390429393598867,2.271491524429415,2.2647565414079707,2.4315548923003605,2.4639473613280614,2.243255136919877,2.4523042199481724,2.596716041564516,2.217508574343592,2.3847752934186337,2.5741096614474896,2.562145727211978,2.310995685747619,2.176974887984737,2.4292690765063014,2.102911395249956,2.210748229307709,2.044297234079681,2.431547220654403,2.4101805898252597,2.6625965842208688,3.007382925864731,2.405224496130128,2.492103852031952,2.8375907126961497,2.2708626375099032,2.0580987669267157,1.9512380557214184,1.9470140736698276,2.203624049155586,2.175417496118986,2.0076597263234937,1.9805690229355082,2.219747227480805,2.1227133123925115,2.337373341374304,1.6865497595974484,1.7585096706679253,1.9515969063475445,2.397341613055505,2.1336722676952897,2.235802167487996,1.8669839676230724,1.6288395727664247,2.04187089107791,1.9431758564798165,1.8604648391777843,2.112123419882244,2.311661520704883,2.374795596436025,2.2130394443996204,2.2573435488048705,2.2779822431378913,2.434920439876276,2.475239502389575,2.209755238623092,2.462897226631027,2.604470720725282,2.2111626878995465,2.3663770539320916,2.610608980200119,2.6327246149692582,2.4119959576390317,2.162846192473085,2.3349598050685567,2.10816242681657,2.190287668280982,2.008338763664249,2.491657273178025,2.454299701570066,2.658042819376765,3.057884117023115,2.4287073819774263,2.499973441321334,2.7579099849421493,2.220417098924076,2.0772053288507184,1.9247397817044014,1.8928320195612605,2.199487471511491,2.1677056203238627,1.9999636990956486,1.9389601788590816,2.2393291159160094,2.14104861085673,2.3544151143109713,1.6627453716274079,1.7266799546570766,1.9107046928359854,2.424600818679903,2.1750279968987773,2.231626203577103,1.8761579083683815,1.682253309544892,2.098206181918944,2.0009232157430765,1.9106934530081208,2.1346924840179984,2.392240681905529,0.1958075816857154,0.1670126402136835,0.17189380101153315,0.17821392255925841,0.20929399185952535,0.18721939271954208,0.17344474657005593,0.20028683659554852,0.16467984126782748,0.1749176137074558,0.1982225472096212,0.174301590022588,0.17654640206106656,0.16142287634333063,0.18555338042539787,0.21778548711349185,0.20275212973784093,0.16149593690766614,0.17507875929791425,0.18412825853011977,0.19186283636966064,0.15046888574655276,0.20264033187260763,0.21336481645877856,0.1598558248614331,0.1946931298431256,0.18637782922961277,0.17164352184980047,0.17187710558074695,0.18524668171192163,0.18742226304006007,0.21491524779484364,0.1957081476503725,0.16114890058612547,0.16102218972385907,0.22006730763072038,0.17838292512934906,0.17150589835078967,0.19436889710780603,0.17541066405307143,0.17652145643943748,0.18765010745300387,0.1727769512478461,0.1395055407567768,0.13160282475896823,0.14326564577574916,0.15143988951859957,0.12361201209201646,0.1213870382276465,0.14701632039855006,0.18274920118466326,0.1539061582709415,0.16068446091191185,0.17699923266110656,0.1960604064909665,0.1957807379343461,0.17722149772191054,0.18873650870066336,0.1865592748530479,0.16504227579312233,0.1682460537639095,0.17298712089599358,0.1701554160846491,0.15482409154430793,0.1732142296123504,0.21902702473697688,0.18522509839218856,0.14090547222184915,0.1779708235403551,0.2201954862833162,0.1817665675714,0.14085028995766907,0.2091799101468343,0.21493363324804451,0.14275333228195952,0.18337031947093999,0.17777154813765916,0.18036282846029975,0.16007568390324514,0.1764690556982025,0.19490854125406035,0.20503906043579737,0.18255978315917984,0.14563457919268746,0.14779955249088356,0.22213591634535795,0.17549800063870422,0.1646970286891866,0.18319622094180407,0.1832700662236388,0.1806167577139068,0.1858829978489245,0.16542135704644936,0.12641666661224998,0.12140779088669719,0.1397402123085356,0.1266403310298176,0.12232272812491554,0.12736488897754475,0.1434725281518486
87.0,2.3707859228008066,2.234789632747758,2.2664730485519633,2.256985309666602,2.4271235988476887,2.4546721089932015,2.2336015586029387,2.4536597233988666,2.5925052299460214,2.21404525812241,2.374983759118611,2.567865969852765,2.55323695565057,2.304610461215927,2.170555325577671,2.4190137180264,2.099542150180839,2.201382048715595,2.0404380152943706,2.4281912964815726,2.40125755796905,2.6617917099792834,2.9962031351695724,2.4034025503157417,2.4855512568709908,2.831394529820484,2.2637153284601284,2.055522272321809,1.944219542129932,1.9413429773596498,2.190387751240471,2.1620656212265215,2.0040440161921658,1.9751300110021661,2.2157750002971706,2.1203233656923612,2.3331589777874693,1.6826986673731181,1.7466794832518546,1.9401172972646445,2.3873558304324276,2.1167157571847217,2.23004991744686,1.8643303772738657,1.6258383572053718,2.036556787582299,1.9373684557133857,1.8580705407266942,2.1060066847019576,2.3044556576365887,2.377930874931064,2.2070345258966535,2.251047095907897,2.2686858986713085,2.4316011477206625,2.466046080814225,2.2008918130619084,2.4670695538810214,2.6010283869048307,2.208530177346219,2.355757258957804,2.6045396056241517,2.62793061220206,2.4082806099822047,2.1556377135356692,2.3224348167937916,2.1068641826119463,2.181797556476816,2.0027992892515543,2.49593753336387,2.447067336504928,2.6545741573397814,3.044943290533743,2.428280960951211,2.4934754316038417,2.747079266322752,2.2132339204369345,2.0754597667564623,1.919006433500007,1.8887612792611903,2.1870606763009572,2.1559322960720033,1.9961381939884857,1.9326497277802,2.2350383376970275,2.1394880394503457,2.3505788002928516,1.6602460359614701,1.7159698879680998,1.8994003384850178,2.416354876020688,2.1582294180769988,2.223863386075328,1.8725197850166944,1.679755310231011,2.0931079849375656,1.9952176713346705,1.9077458007734875,2.1290346865510377,2.3870213764739714,0.19904643253575918,0.16801351059280809,0.1734086412119818,0.18029722753924854,0.21246978548923537,0.18809239187971524,0.17468512342537304,0.20296289222460698,0.16653855435847542,0.17744918058877665,0.20126464333203928,0.17521225987132935,0.178016017331836,0.16152725498997683,0.18731588366894777,0.22078257194033324,0.20713394902808296,0.16300108590765525,0.17545839079134215,0.1867998543023973,0.19210881320058018,0.14977783497041272,0.20394296886119273,0.2148064313058241,0.1615059443230025,0.19624248919106457,0.18854148061106013,0.17237710554120206,0.17324414677886482,0.1872265196258034,0.18884131941563023,0.21780737165188305,0.19774003356319303,0.16184599079847917,0.1619423086438985,0.22108582199776738,0.18032050030604832,0.1724945578412405,0.19601706173752323,0.17650119703643785,0.17737464489284632,0.18982548983144976,0.17405959528340514,0.1383744205014822,0.13053626631130796,0.14309355345148836,0.1512083755116982,0.12227780330200183,0.11951179743582101,0.1474696913264006,0.18576212036562964,0.15422800894950991,0.1615845535910572,0.17783431655027096,0.19862550761866085,0.19756902243230454,0.17942901069412573,0.19095451604433444,0.18944328004344302,0.16696101555154444,0.16750566218611326,0.17319631680569605,0.17117494505819436,0.15415054677795617,0.17314290912309954,0.22218923838616658,0.18883225407000656,0.14065226591759555,0.17868948132096626,0.22526514981889484,0.1818693393512844,0.13966466271296252,0.2114999008352064,0.21719844766140814,0.1422420580169628,0.18438879937039188,0.1784818520024211,0.18199583444690481,0.1597482459951399,0.17696175951854778,0.19630026014709162,0.20676982009400027,0.18288615510629966,0.14493134645443306,0.14906115109728205,0.2222927168775955,0.17673289909903445,0.16511437950937438,0.1833105753986701,0.1854191525635931,0.18115122407269058,0.18621635812695866,0.164769308371686,0.12487153388177902,0.12034705459787765,0.1397247568271234,0.12325606733846746,0.12002930832201156,0.1258034789526753,0.14306742276362136
88.0,2.373976886004511,2.2310424381535054,2.261754231860211,2.249375865215601,2.423250535570481,2.4457171717300175,2.2239537759516557,2.4555024200519324,2.5883898535034273,2.21096761921517,2.3650787391185513,2.561684578054573,2.5442777039987408,2.2983124241726856,2.1644369985330156,2.408503183746953,2.0966780243246976,2.191866192238904,2.037114720591773,2.424875867368885,2.392355321428688,2.6613241094370523,2.9847968410775962,2.4020263751477686,2.4789373165137825,2.825364219047447,2.256825053738532,2.0535205360307898,1.9373722108873763,1.9360048360871804,2.1768883127893535,2.148453396556971,2.0009389432453197,1.9699681224430934,2.212079941139767,2.118710095225145,2.3293003638993715,1.6792795241842915,1.7346283344614084,1.928286467961717,2.3771725294802155,2.0990540748914106,2.2245685657393093,1.8619720165262474,1.622710158788416,2.0313977035287283,1.931724885216195,1.8557682802573832,2.099983284691055,2.2971996449709753,2.38175022973388,2.201468472713701,2.2450329552015087,2.2593724135962976,2.4288729624376013,2.457108706418381,2.1920960244169887,2.4718490168193417,2.5977680616182597,2.2063127634475515,2.344900229793035,2.598580349462222,2.6233840139519535,2.4048896921368668,2.1486412746072405,2.3096483474170886,2.1061471547749275,2.1731909018344866,1.9976808036176532,2.500600449737241,2.4399549134560274,2.6512814393424367,3.031683272286637,2.428264703016185,2.4869184502158603,2.736136913620255,2.2062673086760385,2.0743610848582,1.9135471733582041,1.885111802074343,2.1744613235325496,2.144007974640474,1.9928671766891213,1.9265920480526975,2.231044832493168,2.1387027943208268,2.3470759510610266,1.6582860576008436,1.7051526413762284,1.887771479773023,2.408019545720729,2.140839164454874,2.216298883122979,1.8690230087201642,1.6770277740067383,2.0881521601147095,1.9896343495045519,1.9047498307774888,2.123473836946188,2.381941591591178,0.20230421058998888,0.1690000872693172,0.17494231701326976,0.18240970454295707,0.21567006584124912,0.18885788673462564,0.17584054428275672,0.2056547116667986,0.16837279084839327,0.17999357456587772,0.2044267184315356,0.17610176938077174,0.17953921339160744,0.16158312295586566,0.18907647949202552,0.2238365365779189,0.21159572343406371,0.16448874538728753,0.17576148373934794,0.1895549478581479,0.19231794829986482,0.14896521216961955,0.2052509934428574,0.21620775894675104,0.1631640443855178,0.19780858560935488,0.19075492206619044,0.1730640544841621,0.17459380380874223,0.18925837983575677,0.19023880682989383,0.22071054070981055,0.19980762937314303,0.16252183388585592,0.1628597325424806,0.22205050589627007,0.18228438242200357,0.17348895134687548,0.1976738246110145,0.17757983267333982,0.1781926983407333,0.19206307525068694,0.175369375091802,0.13716528054637014,0.12942220297974216,0.14289593804283246,0.1509682333011356,0.12094325314329607,0.11752964174167506,0.14793453141052715,0.18879264159399015,0.1545424441379058,0.16253766430993558,0.17862501494037158,0.2011993930757691,0.1993224365249705,0.18164405511146212,0.19317921732634166,0.1923376158458595,0.1688637035619957,0.16664475481918725,0.17337013068122248,0.1722574912129888,0.15343246388276383,0.17296643875373774,0.2254230973200558,0.19251145730870572,0.14026855345721112,0.1793715631272829,0.2304672709776467,0.1819732308841888,0.13837647939746306,0.21387020577246318,0.21947187094066614,0.1416064752961664,0.1854223504906556,0.17916714889177504,0.1836701930539144,0.15931849254462974,0.17742190377744313,0.19764203334258876,0.20845596956961968,0.18314713834605903,0.1441530887939374,0.15043826033137822,0.22232467853917517,0.1779622413021708,0.16553371835704742,0.18333715293525463,0.18766012242503405,0.18160792044639135,0.18647876049853157,0.16401024497384212,0.12321605421487877,0.11928247013652349,0.13974080722876372,0.11956694144526267,0.1176467944028055,0.12417669900108196,0.14264703720828148
89.0,2.3779495839497358,2.2278313678404817,2.2573551255798683,2.2419469793396294,2.4199650153533523,2.437102947574985,2.2143199937159754,2.4578552827295455,2.5843784573344277,2.208296422421795,2.3550657268209703,2.555574883312979,2.5352731717369767,2.292112062945151,2.1586417100317217,2.397736353065389,2.0943469332146476,2.1822009876118895,2.034359299340878,2.4216084463002168,2.383484353429909,2.6612123629414244,2.973164538439971,2.4011156552938426,2.4722638792875515,2.819508187948287,2.2502113600727456,2.052125607678974,1.930713826131203,1.9310231891265675,2.163122173541901,2.1345784844197726,1.998374643755048,1.965105743920079,2.208680359275965,2.1179110374017265,2.325816493523365,1.676318198653827,1.722358522419176,1.9160987500177122,2.3667915017739816,2.080669574246616,2.219377018295899,1.8599278256906502,1.6194533804974351,2.026409051776378,1.9262598454799218,1.8535668398238068,2.0940657044557622,2.28990118357087,2.3862865190200724,2.1963693376862397,2.2393207325386055,2.2500531483196924,2.426766648158743,2.448444448037484,2.183378957477285,2.4772620595068253,2.5947012874643525,2.204531795637492,2.3338065732491313,2.59274209225449,2.6191006809905257,2.4018414326634767,2.1418747422624413,2.296601631775612,2.1060416841498575,2.1644687298656664,1.9930114964238246,2.5056618220712235,2.4329759502143453,2.648178587931974,3.018102745707639,2.4286751025025253,2.4803047881656104,2.725083071514486,2.199534515974821,2.073943752633368,1.9083827163580114,1.8819087752292438,2.16168928756816,2.1319335790866574,1.990183087117058,1.9208083959011746,2.2273675586385417,2.1387293066621784,2.3439242260594515,1.6568945117850433,1.694234289546204,1.875813696511647,2.3995977145850715,2.12284385363763,2.2089493582294,1.865679957142479,1.6740636097866735,2.083352877792382,1.9841863847550425,1.9017084946692036,2.118022296986532,2.377015259083449,0.20556960900674454,0.16996993721673453,0.1764900490182749,0.18454756946395862,0.21888334867041134,0.18950329926207496,0.17689853803058841,0.20835329088779928,0.1701759695236481,0.1825422501760926,0.20770976819651812,0.17696670303316528,0.18111588406342205,0.1615879335438458,0.19082845449772987,0.2269411946725179,0.21612500863233527,0.16595131792762657,0.1759843024125788,0.19239186837268712,0.19249742813111043,0.14802888357014085,0.20656610618623888,0.21756233993538374,0.16482413533088242,0.19938888405590924,0.19301367851022255,0.17370302116715144,0.17592099739146602,0.1913394209214516,0.19160648058756966,0.22361152981805063,0.20190647400074985,0.16317728268812118,0.16377293643450636,0.22295493856758422,0.18427206936495596,0.17448754895239926,0.19933252305210708,0.1786403701090006,0.17897023822524605,0.19435751962712994,0.17670475693893178,0.1358892521702285,0.12827698822155773,0.1426814456677544,0.15073340625761666,0.11964277465975086,0.11545920650542918,0.1484208456950679,0.19182669457038945,0.15485528682686941,0.16355275404516828,0.17937044846710098,0.2037719127012699,0.20103051917015802,0.18385769730619814,0.19540027141362107,0.19522665981741005,0.17074057626918965,0.16566334692607856,0.1735123248610815,0.17340959074752235,0.15268045620369716,0.17268268873259698,0.2287231395542645,0.19625215201053975,0.13974651121391277,0.1800163457833017,0.23578407202110654,0.18209072848923435,0.13699424464944754,0.21629033832044553,0.22174604033447257,0.1408444211499213,0.18647417983250694,0.1798281280126281,0.18538931044284399,0.15878743217547117,0.1778502711749712,0.19892428543090507,0.21008625928129043,0.18334262471725585,0.1433073549710306,0.15194193512357398,0.22222310599613876,0.17918394854730105,0.16595960217292458,0.1832729133872744,0.18999516386887882,0.1819807479069537,0.18666977212736152,0.16314719245119214,0.12145378205096119,0.11823020107014201,0.1398023524741338,0.11555826309855097,0.11520031718080441,0.1224979810144579,0.14222404741738695
90.0,2.3827401374899915,2.2251864340719463,2.253295780936661,2.2347174233233797,2.4172963510809016,2.4288498345645895,2.2047084166458646,2.460741284253828,2.580479586536701,2.2060524325421964,2.3449502156283955,2.5495462828879885,2.5262285583457587,2.28601986586057,2.1531912632547305,2.3867121053791407,2.0925767923837837,2.1723867625686957,2.0322037009106744,2.4183965462594093,2.3746551271984795,2.6614750508396448,2.9613067221078797,2.4006900754215597,2.4655327935195612,2.8138348440941527,2.2438937941903876,2.0513695368917335,1.9242621519988714,1.9264215757519494,2.149085773237844,2.1204385471243077,1.9963812539934642,1.960565262094941,2.2055945639731456,2.1179637286330215,2.3227263604728106,1.6738405594045982,1.7098723452477684,1.9035484750115896,2.3562125388888124,2.061544608681582,2.214494181047194,1.8582167450774947,1.616066425314317,2.021606245184438,1.9209880369962522,1.8514750014799388,2.0882664286023043,2.282567974299123,2.3915726009652487,2.1917651736497876,2.233930033772096,2.240739463248299,2.4253129690157134,2.440070374506955,2.1747516970316934,2.483335126004295,2.5918396070418512,2.203208623349944,2.3224768961374656,2.58703571454105,2.6150964740893645,2.3991540601224313,2.135355983075948,2.283295904706488,2.106578111581054,2.1556320660820307,1.9888195573313416,2.5111374501388832,2.4261439645708847,2.645279525655601,3.004200394222592,2.429528653740396,2.4736367364612963,2.7139178846852947,2.193052794666671,2.0742422395593763,1.9035337775784504,1.8791773859544145,2.1487444427696567,2.1197100324678866,1.9881183651918124,1.9153200275502322,2.2240254744672643,2.1396040076683978,2.341141284732087,1.6561004737535951,1.683220907142741,1.8635225685125498,2.391092269418743,2.104230103230457,2.201831474903941,1.862503007947324,1.670855726485408,2.0787243083125815,1.9788869115884753,1.8986247440976909,2.1126924284551527,2.3722563107770993,0.2088319664855925,0.17092040323370872,0.1780462378395739,0.18670707464027597,0.22209818049696212,0.1900163973486157,0.17784696760066374,0.21104992702690145,0.17194318866037367,0.18508765290414536,0.21111410567145883,0.17780331903286745,0.18274512885124833,0.16153885929999298,0.1925648075185177,0.23009024924481675,0.22070943190773343,0.16738146246865443,0.17612373111036214,0.19530937510942872,0.1926555129283046,0.1469670415502407,0.207889825021108,0.21886433027643956,0.1664802245833299,0.20098058012400016,0.19531260619274024,0.1742937136945567,0.17722067394128999,0.19346664752452347,0.19293603459575617,0.22649649274875838,0.20403156879983544,0.1638135000766581,0.16467978949967743,0.22379291119544434,0.18628130823661693,0.1754887200256707,0.20098643154807028,0.17967606433655706,0.17970158727049967,0.19670205357735132,0.17806357456330874,0.13455925532646257,0.12711912806677758,0.14245955429422757,0.15051932674421983,0.11841623276388799,0.11332365661897432,0.1489396528963517,0.19484987016168914,0.15517208662089424,0.16463864725230798,0.18007006341375664,0.2063331461356504,0.2026828608324845,0.18606066040831382,0.19760710908426798,0.19809422857356168,0.17258218716255533,0.164561851513642,0.17362691851271592,0.17463676358179475,0.15190595457945658,0.172290619037107,0.23208322318405797,0.20004335982127766,0.139079162848363,0.1806235131488898,0.2411966130046027,0.1822345835996228,0.1355280726559546,0.21875889920164437,0.22401305125584178,0.13995475573477006,0.18754750128843425,0.1804658653276467,0.18715704707706884,0.15815699604831882,0.1782479867339079,0.2001372267496713,0.21164889306339593,0.18347334289985162,0.14240235136679566,0.15358147780998666,0.22197954900072658,0.18039591148478734,0.16639727242386712,0.18311581327574494,0.1924262387213559,0.1822636552848797,0.18678915187309425,0.16218375987264866,0.11958780262117155,0.11720685175046008,0.13992310264627578,0.11121242727497924,0.11271810284875255,0.12078174503304005,0.14181152119494003
91.0,2.388384667478779,2.223137649111263,2.2495962491563253,2.2277059684515086,2.415273855637744,2.420978230735318,2.1951272494913283,2.464183397446949,2.576701786207955,2.204256414376283,2.334737698943349,2.54360817403961,2.517149063305615,2.280046321246177,2.148107461382954,2.3754293200856504,2.091395517365202,2.162423844843558,2.030679874670139,2.41524768023033,2.3658781159601276,2.662130753478958,2.9492238869324936,2.400769320198505,2.458745907537065,2.8083525950562747,2.2378919028190682,2.0512843732943935,1.9180349526278258,1.9222235352374715,2.1347755516168503,2.106031246980028,1.9949889102326888,1.9563690636294901,2.2028408644986923,2.1189057053299254,2.320048958561087,1.6718724750594631,1.6971721010697651,1.8906299745223074,2.345435432399847,2.041661531627531,2.2099389599237913,1.8568577149972,1.6125476962209488,2.017004696612107,1.9159241602568435,1.8495015472797145,2.0825979417368976,2.275207718018567,2.397641333744992,2.1876840334398278,2.2288804647548783,2.2314427187889234,2.4245426891401696,2.432003554662246,2.166225327869171,2.4900946603725767,2.5891945629495434,2.20236459601885,2.3109118052694,2.5814720968620772,2.6113872540200216,2.396845803074165,2.12910286362241,2.2697324010468667,2.107786777912862,2.146681935995242,1.9851331760014799,2.5170431337132575,2.41947247431663,2.6425981750605754,2.9899749012573187,2.430841851059976,2.466916586111139,2.702641497812505,2.1868393970850155,2.0752910151136588,1.8990210720985452,1.876942821478369,2.1356266634988814,2.1073382578415094,1.9867054508328763,1.9101481992244767,2.2210375383134493,2.1413633285335023,2.3387447865228954,1.6559330187460293,1.672118568830564,1.8508936755873726,2.3825060970267598,2.084984530838593,2.194961896655928,1.859504538798392,1.6673970330175265,2.0742806220173016,1.9737490645071625,1.8955015307120218,2.1074965931351324,2.3676786784984656,0.21208168392891943,0.1718485656596644,0.17960444912247434,0.18888458958353593,0.22530345962743062,0.19038567126214903,0.1786744124306197,0.2137365033532492,0.17367170038921648,0.18762360517278726,0.21463922040110156,0.17860751962209587,0.18442510810466922,0.16143270843584326,0.194278372342114,0.23327744543691895,0.22533701181723584,0.16877235190558104,0.1761774347223264,0.19830683705481142,0.19280137235023992,0.14577811619518938,0.20922329942755463,0.22010880751119902,0.16812649237379254,0.2025806130934677,0.1976459208317589,0.17483712464251716,0.17848791739043057,0.1956370346602467,0.19421932843399253,0.22935119115915276,0.2061774211657009,0.16443189591561555,0.1655774193747381,0.22455863028458636,0.18831022415155535,0.17649074277839422,0.20262901462067662,0.18067968795309308,0.1803807773062243,0.1990883543304975,0.17944293057266456,0.1331898128399788,0.12596896469205862,0.1422403375946531,0.1503426045303181,0.11730867186617394,0.11115088557427627,0.1495027882433602,0.19784773888470322,0.15549769607880667,0.16580367895680054,0.18072365007468097,0.2088737436161054,0.20426938876066664,0.18824348854359585,0.19978915808661044,0.20092395466027616,0.17437976998074906,0.16334093446580053,0.17371809856722664,0.17594309140880626,0.1511208303819129,0.1717904767633914,0.23549654707970255,0.20387387337099058,0.13826069435747584,0.18119322390394993,0.24668504688721732,0.18241726102227113,0.13398954745547278,0.22127336812687157,0.22626517585431333,0.13893739470769703,0.1886454167941721,0.1810818110585931,0.18897770736176556,0.1574299884617783,0.17861646101157658,0.20127105234352616,0.21313163899990326,0.18354096518304064,0.14144654914024823,0.1553637525791875,0.22158600252964145,0.1815959739958693,0.16685262394253497,0.1828650418134506,0.19495502496972975,0.18245081615754363,0.1868366863292495,0.16112390600875082,0.11762011199771791,0.11622879659364543,0.14011577137543577,0.10650719847678844,0.11023060311280047,0.11904283492690773,0.14142238001262944
92.0,2.394919294769611,2.221715025221708,2.2462765814645667,2.220931386008705,2.413926841908505,2.4135085341236366,2.185584697002294,2.468204595131062,2.573053601445874,2.202929132723987,2.3244336701683412,2.5377699540278877,2.508039886097,2.2742019174292456,2.1434121075973644,2.36388687658235,2.0908310236920133,2.1523125621706325,2.0298197699882583,2.4121693611968067,2.3571637929406255,2.663198051206602,2.936916527765011,2.4013730742922923,2.4519050696673013,2.8030698484058334,2.2322252326864307,2.0519021665123067,1.912049992155515,1.918452606857278,2.120187948418623,2.091354246296342,1.9942277487448363,1.9525395351855286,2.200437570119973,2.1207745039033163,2.3178032816015492,1.670439814241302,1.6842600880077656,1.8773375801288152,2.3344599738821588,2.0210026965157386,2.205730260856243,1.855869675760193,1.6088955961992093,2.0126198189185986,1.9110829157533968,1.8476552592771018,2.077072728465785,2.267828115592033,2.404525575534901,2.184153969891843,2.224191631339873,2.2221742753483746,2.424486572663777,2.4242610573387795,2.157810934778626,2.497567106672509,2.5867776977861614,2.2020210630781176,2.299111907456304,2.5760621197576734,2.6079888815540935,2.3949348900790883,2.1231332504764935,2.255912355633891,2.1096980239895955,2.137619365116968,1.9819805420955192,2.5233946725674463,2.4129749972425967,2.64014845869412,2.9754249502376426,2.432631188791439,2.4601466281233546,2.6912540555759614,2.1809115755632846,2.0771245487736243,1.8948653149973156,1.8752302690296172,2.1223358241177275,2.094819178264885,1.9859767839597728,1.905314167148503,2.21842270851119,2.144043700451449,2.336752390875853,1.6564212220018661,1.6609333492744094,1.8379225975477567,2.3738420842141665,2.0650937540672296,2.1883572869947288,1.8566969273593712,1.6636804382976194,2.070035989248542,1.968785978013429,1.8923418061612673,2.1024471528095328,2.363296294073835,0.2153106108400936,0.17275120813462466,0.18115743185329705,0.19107666351236216,0.22848875093239707,0.190600736287948,0.1793705633406881,0.21640574799001205,0.17536131802244465,0.19014564252218089,0.21828364339896375,0.17937483476677568,0.18615291473034093,0.16126584014232373,0.19596196312259026,0.23649671127511782,0.22999645368545296,0.17011792679785584,0.17614402443162963,0.2013843631655179,0.19294487155496629,0.14446067690210443,0.2105671198303072,0.22129207521113858,0.16975746553115875,0.20418568769637216,0.20000724410501064,0.17533574616971678,0.17971806776454294,0.19784766025042744,0.19544862923705877,0.23216124202342675,0.2083381044213966,0.16503404654847403,0.16646209558943562,0.22524691988508772,0.19035743293728002,0.17749179769933277,0.20425421080442616,0.18164360255037612,0.18100154945812838,0.2015064454335933,0.18083910740652404,0.1317968009331214,0.12484825647050436,0.14203419203775486,0.1502206349876253,0.11636968980566607,0.10897358127351757,0.15012266070859348,0.20080618007124038,0.15583582443418614,0.1670553314121688,0.18133136942102931,0.2113852637491147,0.20578066642091775,0.19039671568071945,0.20193605618788485,0.20369970000640017,0.17612561566004628,0.16200138224572133,0.17379017602580246,0.1773308283999282,0.1503369665396021,0.17118400997339375,0.2389556723072735,0.20773244360210352,0.1372867801237171,0.18172620329249253,0.2522288844220251,0.18265034210631884,0.13239156332354463,0.22382993262034265,0.2284950854159067,0.1377932777846441,0.18977079970111463,0.18167776443403633,0.1908560077864922,0.15661000294293195,0.1789573075651588,0.20231616439237188,0.21452194652656448,0.1835482086671936,0.140448232068566,0.15729255842857506,0.22103512002458559,0.18278189602052464,0.16733213722930998,0.18252126418508263,0.19758284730309297,0.18253685448023757,0.18681199843972465,0.15997167343022903,0.11555096020717831,0.11531148051494931,0.14039132622987527,0.1014132452730234,0.10776929484392461,0.1172958903612736,0.14106883862597222
93.0,2.4023801402159917,2.2209485746665965,2.2433568290871424,2.214412447279649,2.4132846227777938,2.406461142766035,2.1760889639287653,2.4728278501283123,2.5695435773481754,2.202091352385207,2.3140436227058956,2.532041020112843,2.4989062262004254,2.2684971427370044,2.139127005078867,2.3520836542666816,2.090911226897334,2.1420532422841445,2.029655336234045,2.409169102142713,2.348522631365703,2.664695524369825,2.9243851394565707,2.40252102237052,2.4450121282375306,2.7979950117140233,2.226913330520103,2.0532549661708277,1.9063250347194018,1.915132329885505,2.105319403382872,2.0764052073826624,1.994127905802005,1.949099063424871,2.1984029901043547,2.123607660764088,2.316008323407556,1.6695684455729731,1.6711386041843672,1.8636656234100821,2.3232859549108875,1.9995504567774325,2.20188698977514,1.855271567676894,1.6051085282309787,2.008467024963094,1.9064790039775872,1.8459449195260618,2.0717032733951655,2.2604368678823845,2.4122581845105717,2.1812030358413614,2.219883139379961,2.2129454933334594,2.425175383718147,2.416859951371987,2.149519602549,2.505778908964912,2.5846005541504935,2.202199373961678,2.2870778095095456,2.5708166637679946,2.6049172174631696,2.3934395496976246,2.117465010212867,2.2418370033047066,2.112342190655596,2.1284453789588773,1.9793898452747314,2.5302078664744796,2.406665051139762,2.6379442991034594,2.960549224589425,2.4349131612649453,2.4533291535061776,2.6797557026555032,2.1752865824348704,2.079777310016684,1.8910872213537793,1.8740649158366895,2.108871798988044,2.0821537167953754,1.985964804491999,1.900839187546922,2.2161999433945967,2.14768155461627,2.335181757234902,1.657594158760636,1.6496713231389841,1.8246049142053504,2.365103117785982,2.0445443905216028,2.1820343094296777,1.8540925512939448,1.6596988512402728,2.0660045803483107,1.964010786609588,1.8891485220944928,2.097556469261451,2.359123089329525,0.21851236972285148,0.1736247915592537,0.1826971765227274,0.193280059511714,0.23164457287867718,0.19065274434249016,0.17992660766087787,0.21905144290478534,0.1770147103950273,0.19265126702577728,0.2220448280378684,0.18010042403638948,0.18792447586626795,0.16103408569810945,0.19760853897864744,0.23974227414251859,0.23467739946455268,0.17141312856013238,0.1760232212468807,0.20454286050845263,0.19309631402147992,0.14301333308021444,0.21192113453471037,0.2224119460184412,0.17136817690539782,0.20579230649228478,0.20238967058605667,0.1757937539691051,0.1809068410552547,0.2000958387526193,0.19661685735068538,0.23491237242003,0.21050733338408006,0.1656216000671231,0.16732914684003078,0.22585340950829136,0.19242212572152592,0.17848994042293287,0.20585673587042938,0.18255983544162765,0.18155734707174212,0.2039446360205076,0.18224749759059644,0.1303971469030201,0.123779666033946,0.14185154271661515,0.1501711391733782,0.11565239127565068,0.10682911258351235,0.15081197349247163,0.20371170666188776,0.15618860159798742,0.16839988662093464,0.18189378866522157,0.21386048374574387,0.20720819149837746,0.19251102840376413,0.20403783664672956,0.20640598943375818,0.17781343929313603,0.1605440055116976,0.17384760011204226,0.17880008137694153,0.14956580328553293,0.17047469133656387,0.24245254264413482,0.21160795041667302,0.136154904147307,0.18222386136290644,0.25780726233147805,0.1829439210294117,0.130748164368314,0.2264233740610524,0.23069606333447437,0.13652426356211855,0.190926189464463,0.18225583634255801,0.19279701810020952,0.15570130524718037,0.1792722345879554,0.20326340850368452,0.21580706320055137,0.1834989241436031,0.13941501044118848,0.15936812053617538,0.22032042938037777,0.18395129182857867,0.1678427710820945,0.18208686056035336,0.20031059682194835,0.1825171135647076,0.18671434024817044,0.15873090804035445,0.11337820540902649,0.11446876123380982,0.14075826577124353,0.09589051508014979,0.10536517062990775,0.115554707045144,0.14076187499008289
94.0,2.4108033246714355,2.2208683097092634,2.240857043249741,2.208167923549015,2.413376511130211,2.3998564546989782,2.166648255020707,2.4780761352608565,2.566180259012543,2.2017638381598834,2.303573049958539,2.5264307695544757,2.4897532830963742,2.2629424854967066,2.1352739570084145,2.34001853253609,2.091664042514233,2.1316462129182785,2.030218522776456,2.4062544160519206,2.3399651044611125,2.6666417533158686,2.911630216858375,2.4042328491008043,2.43806893157501,2.7931364925520628,2.221975743047705,2.055374821895273,1.900877844456929,1.9122862435963113,2.0901663562492696,2.0611817925484344,1.994719517676319,1.9460700350093283,2.1967554337192383,2.127442712323143,2.3146830777924774,1.6692842376773465,1.6578099477221564,1.849608435945054,2.3119131670611224,1.9772871658438358,2.1984280526110305,1.8550823310577351,1.6011848952981542,2.004561727604795,1.9021271254210863,1.8443793100805446,2.0665020611312874,2.25304167575242,2.4208720188475996,2.1788592841238463,2.2159745947280647,2.2037677331510195,2.426639886434938,2.4098173055973118,2.1413624159692253,2.5147565113106225,2.582674674641296,2.2029208781034644,2.2748101182404743,2.5657466094331625,2.6021881225188146,2.392378010490189,2.1121160094061686,2.227507578896453,2.1157496187551885,2.119161003032664,1.9773892752003988,2.5374985152074316,2.400556153799127,2.635999618835832,2.945346407738495,2.4377042628106707,2.446466453267779,2.6681465837309566,2.169981670033212,2.0832837683202823,1.8877075062469602,1.8734719491280973,2.0952344624717085,2.069342796490311,1.9867019523490654,1.8967445166443235,2.214388201297782,2.152313322221976,2.334050545044025,1.659480904261858,1.638338565089031,1.8109362053718117,2.3562920845472295,2.0233230578069024,2.1760096274701333,1.851703788265815,1.6554451807600914,2.062200565658601,1.959436624797976,1.8859246301607608,2.092836904273969,2.355172996091861,0.22168258915450262,0.17446544078303408,0.1842150183588629,0.19549175188068765,0.23476263686539367,0.19053478532410514,0.18033558179272055,0.22166856294888146,0.17863754050463815,0.19514008845688688,0.22591905750876323,0.1807791002669793,0.18973449796953765,0.16073268333589966,0.19921138233105684,0.24300874273412285,0.23937061385937572,0.17265409648931046,0.1758160082928193,0.20778400295507515,0.1932661509104513,0.1414346437896663,0.21328428630279636,0.22346798296581355,0.17295429863784162,0.2073968145460602,0.20478585727065302,0.1762171418083205,0.182050444123313,0.20237924877400598,0.1977178243849407,0.23759067016711644,0.21267855451872894,0.1661961716408288,0.16817292689471022,0.22637469553755804,0.19450411534606624,0.17948305238499504,0.20743238988285198,0.18342015773975381,0.18204130460370344,0.20638951090285776,0.1836625640314197,0.12900848850449498,0.12278617410822673,0.14170254582377784,0.15021165243812723,0.11521187928423417,0.1047591836667129,0.15158341912425843,0.20655177189858295,0.15655618957468004,0.16984212236321306,0.18241192368847572,0.21629365665835754,0.20854467547228248,0.1945774127743153,0.20608507412146318,0.2090284457162345,0.1794387102952548,0.15896960109102315,0.1738950326770796,0.18034859334750966,0.1488178904549778,0.16966793980156805,0.24597850498095708,0.21548954863762604,0.1348646594366639,0.18268843583889355,0.2633992105143311,0.18330603741358134,0.12907440061945308,0.22904702694748144,0.23286219601087305,0.13513294723335054,0.19211370582859497,0.18281840203794228,0.19480607043804896,0.15470868668618623,0.17956291275328454,0.2041043123957871,0.21697414483499622,0.18339816448164223,0.13835333219102014,0.1615867546664232,0.2194365397939277,0.1851015431947785,0.16839181582396148,0.18156614644135743,0.20313864324411085,0.18238795693155102,0.1865423846989614,0.15740498548292817,0.1110967291216635,0.11371237020093475,0.14122198550743073,0.08988267078439001,0.1030469841638127,0.11383164583999293,0.140510786287157
95.0,2.4202249689894457,2.2215042426129963,2.2387972751781127,2.202216586101472,2.4142318198503787,2.3937148679589626,2.15727077502807,2.48397242335084,2.562972191536658,2.2019673548479184,2.2930274453287938,2.5209485996128396,2.4805862562653442,2.2575484340356144,2.1318747665669373,2.327690390788001,2.093117386075825,2.12109180180721,2.0315412789845047,2.4034328159082494,2.3315016854526114,2.669055318391965,2.8986522548215934,2.4065282391507283,2.431077328006973,2.788502698491118,2.2174320169968462,2.0582937833110084,1.8957261855055523,1.9099378872638269,2.0747252467575326,2.0456816641030584,1.996032720639882,1.943474836600706,2.1955132102319865,2.132317194991364,2.3138465385696865,1.6696130591772924,1.6442764167437318,1.8351603493126938,2.300341401907983,1.9541951771462172,2.195372355294492,1.8553209062131293,1.5971231003826005,2.000919339702898,1.8980419805755773,1.842967212994501,2.0614815762803547,2.2456502400650153,2.430399936721593,2.1771507675748163,2.212485603237085,2.1946523552078356,2.4289108449458046,2.4031501888501814,2.1333504598282116,2.524526357770457,2.581011601857332,2.2042069249373943,2.2623094404604647,2.560862837293312,2.5998174574926147,2.3917685010172196,2.107104114631079,2.21292531724628,2.119950649132709,2.1097672628499526,1.9760070215337957,2.545282418539387,2.394661823011706,2.6343283404384876,2.9298151831106645,2.441020987758768,2.4395608184163997,2.656426843482167,2.165014090691711,2.087678393161807,1.8847468847558846,1.8734765561323585,2.081423688930574,2.05638734040708,1.9882206674504668,1.8930514106653165,2.2130064405548384,2.1579754344625273,2.3333764137471595,1.6621105337450683,1.6269411497892663,1.7969120508587773,2.347411871302932,2.0014163735283557,2.1702999046254123,1.849543015938658,1.6509123357716446,2.0586381155214206,1.955076627080896,1.882673082009146,2.0883008196301582,2.3514599461871355,0.22481902221122566,0.17526894859080225,0.1857017888106622,0.19770888165142783,0.23783602289046796,0.1902422582008014,0.18059266992600362,0.2242533309980431,0.18023841468705426,0.19761383099333604,0.22990138914633787,0.18140537667584875,0.1915764673648794,0.1603562352704957,0.2007642836554926,0.2462911479649377,0.24406809435151558,0.17383831569616168,0.17552476127231248,0.2111101017056193,0.19346466988801034,0.13972304583908882,0.21465447902491305,0.22446168033961414,0.17451223961350637,0.20899545751911733,0.20718813756903873,0.17661378902707126,0.18314567797308456,0.20469604824986112,0.19874645308413905,0.24018281954071136,0.21484504919328773,0.1667592337836121,0.16898684251108015,0.2268084664653369,0.1966038380268367,0.18046877149213927,0.20897834980725352,0.18421616082617906,0.18244623872466217,0.20882598110456976,0.18507784113175876,0.1276488117691599,0.12189044189601286,0.1415968061192602,0.15035898138545756,0.11510329067548317,0.10280919997609163,0.1524493620925807,0.20931504669748857,0.156936478759136,0.1713850774165211,0.18288728319413575,0.21868069151346933,0.20978428762100867,0.19658727776981205,0.2080689846716094,0.2115542066408573,0.180998918058617,0.1572789902539564,0.17393747279943692,0.18197165651063482,0.1481024797564207,0.16877132302393777,0.24952433342749694,0.21936678525671327,0.13341800873928275,0.18312315185541844,0.268983916180314,0.18374218955172247,0.12738621176153211,0.23169282060356522,0.23498853111677442,0.13362240596283909,0.19333498862676082,0.18336804770430862,0.1968886326399322,0.15363729315351926,0.17983082382929186,0.20483131456601103,0.21801035372782498,0.18325222344240408,0.1372680256035175,0.16394074629680408,0.2183793272256417,0.18622969080275556,0.16898671153036815,0.1809655575476903,0.20606674544703235,0.18214708354987932,0.1862940332714639,0.15599656830517816,0.10869795568132115,0.11305156333758233,0.14178428983486827,0.08330800213388996,0.10083936207134264,0.1121371524484822,0.1403228821467622
