,Mean (mm),Mean (mm),Mean (mm),Mean (mm),Mean (mm),Mean (mm),Mean (mm),Mean (mm),Mean (mm),Mean (mm),Mean (mm),Mean (mm),Mean (mm),Mean (mm),Mean (mm),Mean (mm),Mean (mm),Mean (mm),Mean (mm),Mean (mm),Mean (mm),Mean (mm),Mean (mm),Mean (mm),Mean (mm),Mean (mm),Mean (mm),Mean (mm),Mean (mm),Mean (mm),Mean (mm),Mean (mm),Mean (mm),Mean (mm),Mean (mm),Mean (mm),Mean (mm),Mean (mm),Mean (mm),Mean (mm),Mean (mm),Mean (mm),Mean (mm),Mean (mm),Mean (mm),Mean (mm),Mean (mm),Mean (mm),Mean (mm),Mean (mm),Mean (mm),Mean (mm),Mean (mm),Mean (mm),Mean (mm),Mean (mm),Mean (mm),Mean (mm),Mean (mm),Mean (mm),Mean (mm),Mean (mm),Mean (mm),Mean (mm),Mean (mm),Mean (mm),Mean (mm),Mean (mm),Mean (mm),Mean (mm),Mean (mm),Mean (mm),Mean (mm),Mean (mm),Mean (mm),Mean (mm),Mean (mm),Mean (mm),Mean (mm),Mean (mm),Mean (mm),Mean (mm),Mean (mm),Mean (mm),Mean (mm),Mean (mm),Mean (mm),Mean (mm),Mean (mm),Mean (mm),Mean (mm),Mean (mm),Mean (mm),Mean (mm),Mean (mm),Mean (mm),Mean (mm),Mean (mm),Mean (mm),Mean (mm),Mean (mm),Mean (mm),Mean (mm),Mean (mm),Mean (mm),Mean (mm),Mean (mm),Mean (mm),Mean (mm),Mean (mm),Mean (mm),Mean (mm),Mean (mm),Mean (mm),SD (mm),SD (mm),SD (mm),SD (mm),SD (mm),SD (mm),SD (mm),SD (mm),SD (mm),SD (mm),SD (mm),SD (mm),SD (mm),SD (mm),SD (mm),SD (mm),SD (mm),SD (mm),SD (mm),SD (mm),SD (mm),SD (mm),SD (mm),SD (mm),SD (mm),SD (mm),SD (mm),SD (mm),SD (mm),SD (mm),SD (mm),SD (mm),SD (mm),SD (mm),SD (mm),SD (mm),SD (mm),SD (mm),SD (mm),SD (mm),SD (mm),SD (mm),SD (mm),SD (mm),SD (mm),SD (mm),SD (mm),SD (mm),SD (mm),SD (mm),SD (mm),SD (mm),SD (mm),SD (mm),SD (mm),SD (mm),SD (mm),SD (mm),SD (mm),SD (mm),SD (mm),SD (mm),SD (mm),SD (mm),SD (mm),SD (mm),SD (mm),SD (mm),SD (mm),SD (mm),SD (mm),SD (mm),SD (mm),SD (mm),SD (mm),SD (mm),SD (mm),SD (mm),SD (mm),SD (mm),SD (mm),SD (mm),SD (mm),SD (mm),SD (mm),SD (mm),SD (mm),SD (mm),SD (mm),SD (mm),SD (mm),SD (mm),SD (mm),SD (mm),SD (mm),SD (mm),SD (mm),SD (mm),SD (mm),SD (mm),SD (mm),SD (mm),SD (mm),SD (mm),SD (mm),SD (mm),SD (mm),SD (mm),SD (mm),SD (mm),SD (mm),SD (mm),SD (mm),SD (mm)
,17Networks_LH_VisCent_Striate,17Networks_LH_VisCent_ExStr,17Networks_LH_VisPeri_StriCal,17Networks_LH_VisPeri_ExStrInf,17Networks_LH_VisPeri_ExStrSup,17Networks_LH_SomMotA,17Networks_LH_SomMotB_Cent,17Networks_LH_SomMotB_S2,17Networks_LH_SomMotB_Ins,17Networks_LH_SomMotB_Aud,17Networks_LH_DorsAttnA_TempOcc,17Networks_LH_DorsAttnA_ParOcc,17Networks_LH_DorsAttnA_SPL,17Networks_LH_DorsAttnB_TempOcc,17Networks_LH_DorsAttnB_PostC,17Networks_LH_DorsAttnB_FEF,17Networks_LH_DorsAttnB_PrCv,17Networks_LH_SalVentAttnA_ParOper,17Networks_LH_SalVentAttnA_FrOper,17Networks_LH_SalVentAttnA_Ins,17Networks_LH_SalVentAttnA_ParMed,17Networks_LH_SalVentAttnA_FrMed,17Networks_LH_SalVentAttnB_IPL,17Networks_LH_SalVentAttnB_PFCd,17Networks_LH_SalVentAttnB_PFCl,17Networks_LH_SalVentAttnB_Ins,17Networks_LH_SalVentAttnB_OFC,17Networks_LH_SalVentAttnB_PFCmp,17Networks_LH_LimbicA_TempPole,17Networks_LH_LimbicB_OFC,17Networks_LH_ContA_Temp,17Networks_LH_ContA_IPS,17Networks_LH_ContA_PFCd,17Networks_LH_ContA_PFCl,17Networks_LH_ContA_PFClv,17Networks_LH_ContA_Cingm,17Networks_LH_ContB_Temp,17Networks_LH_ContB_IPL,17Networks_LH_ContB_PFCd,17Networks_LH_ContB_PFCl,17Networks_LH_ContB_PFClv,17Networks_LH_ContB_PFCmp,17Networks_LH_ContC_pCun,17Networks_LH_ContC_Cingp,17Networks_LH_DefaultA_IPL,17Networks_LH_DefaultA_PFCd,17Networks_LH_DefaultA_pCunPCC,17Networks_LH_DefaultA_PFCm,17Networks_LH_DefaultB_Temp,17Networks_LH_DefaultB_IPL,17Networks_LH_DefaultB_PFCd,17Networks_LH_DefaultB_PFCl,17Networks_LH_DefaultB_PFCv,17Networks_LH_DefaultC_IPL,17Networks_LH_DefaultC_Rsp,17Networks_LH_DefaultC_PHC,17Networks_LH_TempPar,17Networks_RH_VisCent_Striate,17Networks_RH_VisCent_ExStr,17Networks_RH_VisPeri_StriCal,17Networks_RH_VisPeri_ExStrInf,17Networks_RH_VisPeri_ExStrSup,17Networks_RH_SomMotA,17Networks_RH_SomMotB_Cent,17Networks_RH_SomMotB_S2,17Networks_RH_SomMotB_Ins,17Networks_RH_SomMotB_Aud,17Networks_RH_DorsAttnA_TempOcc,17Networks_RH_DorsAttnA_ParOcc,17Networks_RH_DorsAttnA_SPL,17Networks_RH_DorsAttnB_TempOcc,17Networks_RH_DorsAttnB_PostC,17Networks_RH_DorsAttnB_FEF,17Networks_RH_DorsAttnB_PrCv,17Networks_RH_SalVentAttnA_ParOper,17Networks_RH_SalVentAttnA_PrC,17Networks_RH_SalVentAttnA_FrOper,17Networks_RH_SalVentAttnA_Ins,17Networks_RH_SalVentAttnA_ParMed,17Networks_RH_SalVentAttnA_FrMed,17Networks_RH_SalVentAttnB_IPL,17Networks_RH_SalVentAttnB_PFCd,17Networks_RH_SalVentAttnB_PFCl,17Networks_RH_SalVentAttnB_PFClv,17Networks_RH_SalVentAttnB_Ins,17Networks_RH_SalVentAttnB_PFCmp,17Networks_RH_SalVentAttnB_Cinga,17Networks_RH_LimbicA_TempPole,17Networks_RH_LimbicB_OFC,17Networks_RH_ContA_Temp,17Networks_RH_ContA_IPS,17Networks_RH_ContA_PFCd,17Networks_RH_ContA_PFCl,17Networks_RH_ContA_Cingm,17Networks_RH_ContB_Temp,17Networks_RH_ContB_IPL,17Networks_RH_ContB_PFCld,17Networks_RH_ContB_PFClv,17Networks_RH_ContB_PFCmp,17Networks_RH_ContC_pCun,17Networks_RH_ContC_Cingp,17Networks_RH_DefaultA_Temp,17Networks_RH_DefaultA_IPL,17Networks_RH_DefaultA_PFCd,17Networks_RH_DefaultA_pCunPCC,17Networks_RH_DefaultA_PFCm,17Networks_RH_DefaultB_Temp,17Networks_RH_DefaultB_AntTemp,17Networks_RH_DefaultB_PFCd,17Networks_RH_DefaultB_PFCv,17Networks_RH_DefaultC_IPL,17Networks_RH_DefaultC_Rsp,17Networks_RH_DefaultC_PHC,17Networks_RH_TempPar,17Networks_LH_VisCent_Striate,17Networks_LH_VisCent_ExStr,17Networks_LH_VisPeri_StriCal,17Networks_LH_VisPeri_ExStrInf,17Networks_LH_VisPeri_ExStrSup,17Networks_LH_SomMotA,17Networks_LH_SomMotB_Cent,17Networks_LH_SomMotB_S2,17Networks_LH_SomMotB_Ins,17Networks_LH_SomMotB_Aud,17Networks_LH_DorsAttnA_TempOcc,17Networks_LH_DorsAttnA_ParOcc,17Networks_LH_DorsAttnA_SPL,17Networks_LH_DorsAttnB_TempOcc,17Networks_LH_DorsAttnB_PostC,17Networks_LH_DorsAttnB_FEF,17Networks_LH_DorsAttnB_PrCv,17Networks_LH_SalVentAttnA_ParOper,17Networks_LH_SalVentAttnA_FrOper,17Networks_LH_SalVentAttnA_Ins,17Networks_LH_SalVentAttnA_ParMed,17Networks_LH_SalVentAttnA_FrMed,17Networks_LH_SalVentAttnB_IPL,17Networks_LH_SalVentAttnB_PFCd,17Networks_LH_SalVentAttnB_PFCl,17Networks_LH_SalVentAttnB_Ins,17Networks_LH_SalVentAttnB_OFC,17Networks_LH_SalVentAttnB_PFCmp,17Networks_LH_LimbicA_TempPole,17Networks_LH_LimbicB_OFC,17Networks_LH_ContA_Temp,17Networks_LH_ContA_IPS,17Networks_LH_ContA_PFCd,17Networks_LH_ContA_PFCl,17Networks_LH_ContA_PFClv,17Networks_LH_ContA_Cingm,17Networks_LH_ContB_Temp,17Networks_LH_ContB_IPL,17Networks_LH_ContB_PFCd,17Networks_LH_ContB_PFCl,17Networks_LH_ContB_PFClv,17Networks_LH_ContB_PFCmp,17Networks_LH_ContC_pCun,17Networks_LH_ContC_Cingp,17Networks_LH_DefaultA_IPL,17Networks_LH_DefaultA_PFCd,17Networks_LH_DefaultA_pCunPCC,17Networks_LH_DefaultA_PFCm,17Networks_LH_DefaultB_Temp,17Networks_LH_DefaultB_IPL,17Networks_LH_DefaultB_PFCd,17Networks_LH_DefaultB_PFCl,17Networks_LH_DefaultB_PFCv,17Networks_LH_DefaultC_IPL,17Networks_LH_DefaultC_Rsp,17Networks_LH_DefaultC_PHC,17Networks_LH_TempPar,17Networks_RH_VisCent_Striate,17Networks_RH_VisCent_ExStr,17Networks_RH_VisPeri_StriCal,17Networks_RH_VisPeri_ExStrInf,17Networks_RH_VisPeri_ExStrSup,17Networks_RH_SomMotA,17Networks_RH_SomMotB_Cent,17Networks_RH_SomMotB_S2,17Networks_RH_SomMotB_Ins,17Networks_RH_SomMotB_Aud,17Networks_RH_DorsAttnA_TempOcc,17Networks_RH_DorsAttnA_ParOcc,17Networks_RH_DorsAttnA_SPL,17Networks_RH_DorsAttnB_TempOcc,17Networks_RH_DorsAttnB_PostC,17Networks_RH_DorsAttnB_FEF,17Networks_RH_DorsAttnB_PrCv,17Networks_RH_SalVentAttnA_ParOper,17Networks_RH_SalVentAttnA_PrC,17Networks_RH_SalVentAttnA_FrOper,17Networks_RH_SalVentAttnA_Ins,17Networks_RH_SalVentAttnA_ParMed,17Networks_RH_SalVentAttnA_FrMed,17Networks_RH_SalVentAttnB_IPL,17Networks_RH_SalVentAttnB_PFCd,17Networks_RH_SalVentAttnB_PFCl,17Networks_RH_SalVentAttnB_PFClv,17Networks_RH_SalVentAttnB_Ins,17Networks_RH_SalVentAttnB_PFCmp,17Networks_RH_SalVentAttnB_Cinga,17Networks_RH_LimbicA_TempPole,17Networks_RH_LimbicB_OFC,17Networks_RH_ContA_Temp,17Networks_RH_ContA_IPS,17Networks_RH_ContA_PFCd,17Networks_RH_ContA_PFCl,17Networks_RH_ContA_Cingm,17Networks_RH_ContB_Temp,17Networks_RH_ContB_IPL,17Networks_RH_ContB_PFCld,17Networks_RH_ContB_PFClv,17Networks_RH_ContB_PFCmp,17Networks_RH_ContC_pCun,17Networks_RH_ContC_Cingp,17Networks_RH_DefaultA_Temp,17Networks_RH_DefaultA_IPL,17Networks_RH_DefaultA_PFCd,17Networks_RH_DefaultA_pCunPCC,17Networks_RH_DefaultA_PFCm,17Networks_RH_DefaultB_Temp,17Networks_RH_DefaultB_AntTemp,17Networks_RH_DefaultB_PFCd,17Networks_RH_DefaultB_PFCv,17Networks_RH_DefaultC_IPL,17Networks_RH_DefaultC_Rsp,17Networks_RH_DefaultC_PHC,17Networks_RH_TempPar
Age (years),,,,,,,,,,,,,,,,,,,,,,,,,,,,,,,,,,,,,,,,,,,,,,,,,,,,,,,,,,,,,,,,,,,,,,,,,,,,,,,,,,,,,,,,,,,,,,,,,,,,,,,,,,,,,,,,,,,,,,,,,,,,,,,,,,,,,,,,,,,,,,,,,,,,,,,,,,,,,,,,,,,,,,,,,,,,,,,,,,,,,,,,,,,,,,,,,,,,,,,,,,,,,,,,,,,,,,,,,,,,,,,,,,,,
5.0,1.8815343722105415,2.5318426364487787,1.973359356792616,2.620994462425232,2.4020036058180296,2.553876636762488,2.474524264827578,3.0480750159764574,3.0932380175934755,2.8869171305297545,2.844261171843437,2.7832848949142956,2.61259510012912,2.935156221163828,2.7070486241671987,2.7669995702592916,3.0261346533000464,2.9493230426118187,3.049197508737843,3.3795001104641043,2.8020758240841936,3.188677887607592,3.035986076311516,3.2773651518540907,2.7822278064080033,3.2006845332605196,2.891630247028199,3.191266172657337,3.2624448621756277,2.9978572891857946,3.0965238991962414,2.7420201486588303,2.8478560786872684,2.785970008733226,2.6533944222400527,2.5889560202090522,3.0288798695185775,2.888299561885939,3.010083282832515,2.8945963747312575,2.8085898272317107,3.482273267935852,2.8376480124639705,2.5986589065747694,2.9998610930876204,2.8454556290481703,3.116432782861985,3.0744440473219754,3.138145074979518,2.980508561278219,3.342736321833134,3.0289485956995597,3.1225326558927797,3.0321553573884774,3.1464365729085153,2.9772898723784493,3.0551159001007617,1.9072794435668496,2.569115715434525,1.9899911709759417,2.6469675215530764,2.386740545284782,2.5256153251402544,2.4093200451108947,3.0959690945966476,3.1802809778261785,2.9812984382831287,2.896158450658366,2.818250452294298,2.605798806000339,2.8266198372551297,2.730744608514966,2.723522440159259,2.9975848606750617,3.0112324266716723,2.9080318422544607,3.0853117550012166,3.3673808390232125,2.828528012004316,3.152974472310458,2.927721063957939,3.234489309300238,2.747490215626904,2.7541210876026314,3.0790906201726522,3.217123420930212,2.3743117485741254,3.2808098522902926,3.0003151529537737,3.118733440308776,2.7120206109849394,2.8323710259708816,2.733421504507115,2.0871102908125163,3.0763311479677866,2.906654878074182,2.9306416608099495,2.797790476493138,3.507273303487523,2.8875975460202783,2.443404102085107,3.334713750533159,2.953697312649113,2.861372732908242,3.1486849511886734,3.0719217768926868,3.317047330568868,3.1633179460061984,3.3436099226111304,3.2229251688001312,2.957655944982838,3.193488123131973,2.9568158140376783,3.084442372308876,0.17112475817651424,0.11532843610492995,0.14846638140809312,0.15055226493699828,0.14739017871185725,0.12841223848597674,0.14927546874227696,0.1484390343050836,0.23041161632732146,0.15979613933457254,0.1397689023354307,0.1524717315611466,0.13917531286576498,0.22444538307193987,0.13434215993845297,0.17359334164343385,0.20880419682003756,0.1714004382745962,0.1531657302197492,0.15289385720120247,0.14965926609321759,0.15660704548734766,0.24118453354592584,0.27056698551099706,0.16961956282734178,0.13669852225047702,0.2724591191238965,0.19031527279235663,0.14791131307924849,0.13746890517324795,0.18558284067668498,0.14235429010820566,0.19069221120431892,0.13764128627647626,0.1847136917048742,0.33179211119464447,0.2244437592187422,0.16329451380686102,0.1875397308523668,0.18018209176721034,0.16666816692795955,0.2545619927400204,0.15160546102393901,0.23207313338223234,0.1661788332902408,0.17073601313648598,0.13415342692183338,0.15268380203568838,0.14442416893066057,0.16211466151807913,0.16184475444594446,0.19329833963271914,0.14221947827379033,0.2022733422727797,0.19473335849232754,0.18654680676090513,0.145027277296837,0.18847080507513667,0.12352619297557606,0.15994329933226745,0.15458385229946026,0.14361992175753777,0.12637168541384272,0.15522366981159694,0.1503565310571184,0.22313493553295227,0.15275174065453173,0.13893617674564526,0.155211532419146,0.14088732338706095,0.22154804221658722,0.1322821799337424,0.17926256757648434,0.2284848541829975,0.155493063084067,0.244965452979895,0.1530848287432506,0.16454688368171086,0.15375235082212851,0.1611473134446572,0.20467863536537148,0.23715351863077838,0.16459221290615025,0.19912882131769502,0.13830556729515853,0.18702523711597877,0.3635977914229067,0.14792224315029187,0.13936319473781952,0.20384383128720754,0.1452027959625214,0.18921634880795604,0.13058775938458123,0.32672122764050227,0.20121156005600901,0.15647520767926457,0.1479139848377539,0.14896416290698314,0.23588425835960009,0.14667862051097302,0.23049349723113524,0.2277957136928117,0.15971482512510674,0.17627591109124627,0.14648248573222264,0.14343525620263373,0.20424111563760353,0.18408881771232208,0.18623416331126907,0.15560341175746134,0.2083089859464301,0.19370901047667627,0.1930668749393942,0.13748022139684682
6.0,1.872100772420956,2.5050878808443557,1.9501572786019223,2.5875602025736772,2.366781347955055,2.5288667560111913,2.458662016592972,3.0198731359568023,3.0676743352418594,2.8624320474081633,2.815827207374832,2.7491910012151277,2.57368652746352,2.902244458162148,2.6708640688201637,2.756003099985942,3.012303855998049,2.9148684321293707,3.0292041919745416,3.355629512983258,2.761234812451109,3.156637749033637,3.004239517024305,3.257737180791138,2.7485650715816283,3.1768839762487593,2.8467895083315145,3.159611154119775,3.250043210291763,2.962758513807124,3.068035206598691,2.705068934679804,2.830513923894533,2.763485037285707,2.6186109861696605,2.570670207393825,3.002071822406532,2.851721729849541,2.9905035329187313,2.8657991688468805,2.7670756624490234,3.449032943626115,2.795519836221505,2.581253682997085,2.9589210102300934,2.8203909884923184,3.0737424615578535,3.0326146326157084,3.1125833078885536,2.944724128117677,3.3070455841409125,3.0077760437767673,3.0903974098845324,2.9905580775467095,3.1108694437923226,2.953341569449591,3.0238524216452114,1.8963534024350222,2.5416916389349002,1.9676746777384018,2.612067053345491,2.3542041838266377,2.501134105011596,2.3927517423978917,3.065293919272017,3.155925317591658,2.958123326204885,2.86970941657442,2.784382566955352,2.5673708683062393,2.798008152390694,2.694314838907664,2.7120656516637176,2.981579238074535,2.981384597135658,2.904872064750747,3.0655375780760203,3.348155759559062,2.7887771828022023,3.126257398904352,2.901268219648966,3.2137495172964545,2.710390567221208,2.7151174815602537,3.056118048892444,3.187106884501414,2.3657154015726243,3.2684331979022403,2.9650601407450097,3.0916356223222974,2.6762938966454226,2.8162933616731336,2.707143016423777,2.0874288679032573,3.051751988847254,2.870541337735231,2.9039776519459997,2.7554551346606,3.469463537597842,2.845273158437326,2.429401085386033,3.307096622099061,2.9184358811033766,2.8331097672077226,3.107869359433226,3.0290703722941608,3.2837035127756895,3.1379744120708626,3.3064320625443666,3.191366871090452,2.917383307462583,3.1566744272259823,2.93179556024403,3.0516305715505236,0.16859600457582088,0.11425295610133981,0.14709316521358085,0.1491137498042965,0.14549889393417773,0.12680706672151282,0.14735709461904198,0.14677291407539153,0.22855890683383237,0.1576271169880945,0.13893135447683513,0.1511286112836922,0.1378013105191031,0.22198242837139204,0.13281496976802792,0.17128972361029152,0.20616628234902928,0.16904064786727058,0.1522193510264735,0.15085997284179747,0.14907669725711492,0.15546969881944395,0.23794337183013126,0.26746723880961815,0.16751726210488074,0.1361942216190368,0.26939705519162194,0.18805429041530264,0.14657943950326213,0.13604654161129848,0.184094548544999,0.14122026573410867,0.1890649907650235,0.13658598963544497,0.18256202153959486,0.3274469870826466,0.22179339876451368,0.16153114268705018,0.18580354323608683,0.1789555020778776,0.164318755254135,0.2516536079028927,0.15034089922521912,0.22981606417423517,0.16436218285644918,0.1695857819666147,0.13304785066880512,0.15161547729749383,0.14255415121761342,0.16063231099879619,0.16014506705435116,0.19113942499015518,0.1408455560813286,0.1999461675806045,0.19225065000734706,0.1864761982601058,0.1433216148512696,0.1861990462529878,0.12195083519464328,0.1576817103227095,0.15311778780722365,0.1420960870980807,0.12504816201587013,0.15269307968417065,0.14940070979222478,0.22102637805040376,0.1521124978498006,0.13799243075684134,0.1539202731900393,0.1393988508582247,0.21994510619571875,0.1309473683471657,0.1766774100108156,0.225207976141533,0.15428062532083542,0.24019211471386342,0.15180356476644635,0.16196055286397945,0.15296441394787383,0.15942154782736426,0.2019246215089664,0.23392489645711173,0.16251812935572602,0.19721338148026446,0.1373365631633965,0.18561347134089007,0.35841359069648027,0.14702205384815714,0.13767230534907626,0.2018357090128042,0.14427913163708717,0.1872216123556963,0.13029078938254976,0.3222674077900927,0.19868965369250863,0.15542260525282836,0.1462975203310124,0.1477862162906822,0.23377641065130508,0.14590923203813486,0.2280302383929943,0.22498360472022338,0.15848800151291859,0.17484829246892827,0.1455385138979796,0.142494228493225,0.20165161793214637,0.18168957146472103,0.1839399586264741,0.15433150606164614,0.20623966462194904,0.19222049309762582,0.19263160192854756,0.13640627865873967
7.0,1.8631728931724514,2.4798913576690818,1.9281000865982663,2.5558775900058937,2.333476785240343,2.5052988490221373,2.44350820362008,2.993028402210708,3.0432450843871566,2.838977949055515,2.7889778568607477,2.716983336681316,2.537062117907139,2.8711268173955036,2.6367181407381883,2.7453116169674305,2.9990492481225157,2.882319074303208,3.0100128848099086,3.3327555548835486,2.722531956376148,3.126186038739678,2.97422013181926,3.2390765711359704,2.716784290444569,3.154057403812165,2.804583927399365,3.129427734434514,3.238283647661792,2.92952646532771,3.0410707806459,2.6701174830624947,2.8139782105297133,2.7419985234060795,2.5857477141399805,2.5530844689771306,2.976674444857221,2.8171635199225116,2.9718234775455996,2.838480979496183,2.7279321159163588,3.4173962059640948,2.7557559710514643,2.564680881097032,2.9202770583352495,2.7965836021599673,3.0334113649016174,2.9930019637318486,3.088228720819621,2.910884588458269,3.2731730619742683,2.9875852659368896,3.0598726840794606,2.9513324588406165,3.0770283410722903,2.9307279657632885,2.994235929652617,1.8859127435041898,2.5158224812628704,1.9464010210708311,2.5790119552396447,2.3233799003423217,2.4780591245563803,2.3769714451454913,3.0361014547363276,3.132559196368025,2.935922167312314,2.844711436513224,2.7524086203739255,2.531136809262365,2.770909478200307,2.6599130984958785,2.700987904306579,2.9662612141371447,2.953143774345199,2.901647057364169,3.046525236102036,3.3296405802671556,2.7510857003958304,3.1008109050795034,2.8762657002834566,3.1938982904843245,2.6754159359915364,2.6783076210688317,3.034118402766102,3.158467677816552,2.3571645801015393,3.2567723615337445,2.9316577867881666,3.0660530631739036,2.642520517514716,2.800934621780784,2.6821194488521556,2.0873197557670977,3.028452337746452,2.8363700888888137,2.878637338045853,2.715549832294243,3.4335327377549008,2.8053252009257936,2.416142179188336,3.2808553548832258,2.885160723711286,2.8063227166330877,3.0692536682629394,2.9885064673862187,3.2519285675454035,3.1139368302831696,3.2711617372461457,3.1613886336718395,2.8794877099249145,3.1215859836008653,2.908169205368134,3.0205233941769607,0.16622531307337693,0.11322141015403549,0.1457802710065058,0.14775534765700538,0.1437121324185544,0.12531964004818244,0.14556739035788846,0.145216132938657,0.2268178896694199,0.15560427107030672,0.13810010522971145,0.14985736400857025,0.13650467546331466,0.21967298447727776,0.13138404915279595,0.16914575231563017,0.20371011900979505,0.16683698765820043,0.15130598566962306,0.1489645564027592,0.14847458360563337,0.15437872525484614,0.23490644143302974,0.2645430560286695,0.16552739777015713,0.13568217779624023,0.2665066091445476,0.1859325522981345,0.14532375757091232,0.13469540739368022,0.18266674970467997,0.1401422014106519,0.18750786348241913,0.13558435360153337,0.180526455482353,0.323463748530413,0.2193120862475132,0.159874543709649,0.1841303216438272,0.17777953633870405,0.1621083880099995,0.2489023679202156,0.14912772956293951,0.22770911585913217,0.16264621220082454,0.16844874081683459,0.13199366286925363,0.1505834313156051,0.1408213425658376,0.1592276808845976,0.1585170202276954,0.18910609666292705,0.13952333130791697,0.19775589853693024,0.18992438596586747,0.18637410017433412,0.14172323775436343,0.18406176055130405,0.12045610498174729,0.15554828898775241,0.1517209848997885,0.1406295592712516,0.12381843367678551,0.1503497505337776,0.14847745588928563,0.21904405035396265,0.15147250981348184,0.13707535313754324,0.15269667807441825,0.13799286452223417,0.21842228485221885,0.12968960504396415,0.17426259454283102,0.222148190520626,0.15311254962839901,0.2357630493521431,0.15057577346216347,0.15955661082568282,0.15218547134741645,0.1577857119512177,0.19935083733257342,0.2308924711592619,0.16055840458834744,0.19537297419200994,0.13638741548189498,0.184258581637019,0.3536415830161947,0.14614290214185288,0.13608104644196473,0.199934483900951,0.1433882584001192,0.18534475172300582,0.12994053419174686,0.3181693424422377,0.19630985934040265,0.15440227990577762,0.14474919933218555,0.14662784861347494,0.23174767333984467,0.14515296241946468,0.22574731089075611,0.22234565909904808,0.15732086899720876,0.17346926779904961,0.14460971340756806,0.1415899669055319,0.1992316130442096,0.1794479458208092,0.181754545830378,0.15309851548847117,0.20429620167285065,0.19079954879745403,0.19218803344816593,0.13537663055036653
8.0,1.8547376193333973,2.456208755994511,1.9071590209020772,2.5258988227674988,2.3020375516492386,2.483128907108106,2.429044040285525,2.967504639753162,3.01992214194161,2.816528659794871,2.7636691565836915,2.686609442656119,2.502656062201019,2.8417533214492874,2.604552760649767,2.7349174108474,2.986351272670103,2.851620736739875,2.9916026451757953,3.3108529472049173,2.685909047934377,3.0972776612906032,2.945877262217384,3.2213510163492907,2.686830657060004,3.1321812310375936,2.764942439113869,3.100675806967313,3.227146570599673,2.89811179852803,3.0155895435471685,2.6371107447488766,2.798225353099809,2.7214841786033355,2.5547504704148603,2.53618261788863,2.9526494413872615,2.7845673283910597,2.954016256512664,2.812599714832629,2.691092308692384,3.3873170504046852,2.718289512609594,2.5489178448247816,2.8838634477828924,2.773997824650686,2.995374161127889,2.955546112407319,3.0650492377993914,2.8789348705873277,3.2410663509530058,2.968346673205181,3.0309138800828253,2.914410620944705,3.0448684626400437,2.9094096371797784,2.966219964048417,1.8759478252128277,2.491464766757975,1.9261457217886349,2.547752160892792,2.2942221527556454,2.456347273067409,2.361957418387184,3.0083524734522524,3.110158213934899,2.9146686227686742,2.821123918252657,2.722275188062655,2.4970338126425684,2.7452816502298334,2.627481793215061,2.6902786656737594,2.9516099942649077,2.9264634095274564,2.8983544620794075,3.028255156706343,3.31181758935892,2.7153978051396908,3.0765989451126927,2.8526699926516774,3.174908428956094,2.642505092654543,2.6436296781831072,3.0130668870235393,3.131168562440437,2.348662510376683,3.245805073465445,2.9000600221136565,3.041941857662238,2.610646124994094,2.7862740112375435,2.6583173060981133,2.0867993905062585,3.0063970096176753,2.8040859089858423,2.8545829355260195,2.6780070238336973,3.3994276491778876,2.7676861686784724,2.4036053483287088,3.2559518193503982,2.853814001288696,2.7809693113737857,3.032777965727727,2.9501685906817383,3.221680996922636,3.091169486613586,3.237744705090051,3.1329461923357,2.8438993900237484,3.088179885123799,2.885896145527093,2.9910730397019907,0.1640053620850889,0.11223284339336885,0.14452576284173507,0.14647281574094995,0.14202492944305775,0.12394480027287987,0.14390159704624333,0.14376369715110915,0.2251834201538119,0.15372041475673193,0.1372770912732309,0.14865419197780327,0.13528273427692958,0.21750933959593216,0.1300453949775476,0.1671518198708463,0.20142567569501033,0.1647823354573567,0.15042523214190825,0.1471997041126073,0.1478573729273297,0.15333354617977166,0.23206439710495055,0.26178723856329783,0.16364416489981215,0.13516393512234645,0.26377901420891703,0.1839436235190233,0.14413976058272965,0.13341216401673303,0.18129875855530864,0.1391186731314783,0.186018890995904,0.13463354838918717,0.17860123171236827,0.3198220136082559,0.21699167818447798,0.15831980710079313,0.18251899884848563,0.17665245703539165,0.1600295930545916,0.24630117840666285,0.14796466787376406,0.2257438463472403,0.16102627644449785,0.16732664156895086,0.130988394522497,0.14958638446612638,0.13921556141456604,0.1578967186096743,0.15695772555318116,0.18719206220371362,0.13825100437746396,0.19569606363318828,0.18774593556807617,0.18624496678643082,0.14022554795917688,0.1820507818203262,0.11903796000140526,0.1535393973871135,0.1503906591237329,0.13922159062317863,0.1226787266649346,0.14818450528308935,0.14758627398161392,0.21718140434936647,0.15083495718678433,0.13618476923673434,0.15153705452642136,0.13666479739797266,0.21697514729999434,0.12850547111576097,0.17200652545057132,0.21929278384051729,0.15198808615584888,0.23165843875238096,0.14939960948748182,0.1573240092937984,0.151416557425111,0.15623565988946803,0.1969461711476781,0.2280473672053997,0.15870752912694094,0.19360596248662687,0.13546056616101126,0.1829584126304024,0.34925917851258004,0.14528376547187494,0.1345863055580221,0.19813439553389722,0.1425293978261062,0.18357905045913195,0.12954433443943839,0.31440689037035846,0.19406508160190344,0.15341393537737869,0.14326692904816093,0.14549023743615236,0.2297962523040486,0.14441022345675503,0.22363289937832231,0.21987380170655643,0.15620968694705603,0.1721374728503878,0.1436960714830838,0.1407220247596527,0.19697123783872725,0.17735580078463078,0.17967347293563682,0.15190575392564373,0.20247078439495234,0.18944280900354496,0.19173840718534715,0.13438974648083826
9.0,1.8467818357721653,2.433995764892253,1.8873053216337428,2.497576098904092,2.2724112811571158,2.4623129215818453,2.415250740965968,2.943265673599119,2.9976773848174116,2.795058003949298,2.7398571428262017,2.658016860482699,2.470402551086216,2.8140739929088965,2.574309849283402,2.7248127712695362,2.9741903726374677,2.822719187045934,2.9739525310040813,3.2898964009872866,2.6513078792008407,3.069867521251297,2.9191602497397575,3.204528209891859,2.658649365491098,3.1112318730119037,2.727793978357132,3.0733152650839575,3.2166123754194236,2.8684651681885582,2.99155041751179,2.6059936706810016,2.7832317661118386,2.701915714386435,2.5255651192580757,2.519948467057985,2.9299585165133166,2.7538755515413853,2.9370550096195176,2.7881132830097353,2.65648936183575,3.358749472402799,2.6830535565516795,2.533941918130491,2.8496143889528205,2.752598010564093,2.959565518471296,2.9201871503789976,3.0430127828544746,2.848819902792175,3.2106730466969573,2.9500306766068585,3.0034763994998714,2.8797246835334858,3.014345006387201,2.8893471595592866,2.9397580647580446,1.8664490059993615,2.468575019759726,1.9068843007072125,2.518237603962229,2.2666853989904063,2.4359554398374987,2.3476879271564806,2.9820077478825184,3.088697970071952,2.8943363537372195,2.798906269570601,2.6939288455341575,2.464999062220707,2.7210825040251394,2.5969633290006566,2.679927403351175,2.9376047838597867,2.9012969539095805,2.894991920881118,3.0107077675160396,3.294669075045765,2.6816577373881962,3.0535854732807217,2.83043758354386,3.1567527328039984,2.6115968079268526,2.6110218249578163,2.9929387068946918,3.1051722999379234,2.34021241861391,3.2355090639780335,2.870218777751869,3.0192581005859074,2.580616370484798,2.772290734987058,2.635703092467531,2.0858842082230256,2.985550819413172,2.773633575477269,2.8317766608029546,2.64275916371866,3.367095017085976,2.7322885568881787,2.391768557643868,3.2323478859652535,2.824337874651469,2.757007281619252,2.998382339877483,2.9139952706936434,3.1929193029519802,3.0696366670325674,3.2061267244496374,3.1059952828733515,2.8105485854130148,3.0564132246619757,2.864935776837977,2.9632317076394044,0.1619292529082788,0.11128634039131799,0.14332791116747,0.14526238619695578,0.14043269110884604,0.12267758499593467,0.142355086033855,0.1424109011416844,0.22365071500063105,0.15196872894598312,0.13646410239040282,0.14751567619406214,0.13413288390168238,0.21548433413497747,0.12879516416670583,0.16529913433182822,0.1993036381244256,0.1628699342872279,0.14957678282851114,0.1455581083745201,0.1472291328537226,0.15233363654122198,0.22940838242224823,0.25919300648452265,0.16186221773727524,0.13464110546117108,0.2612062370207889,0.18208151182272633,0.143023410554232,0.13219376706424435,0.1799898594687536,0.13814826144385017,0.18459630857817022,0.13373106000546847,0.17678103449899749,0.3165027551238268,0.21482458248888794,0.15686233122557072,0.18096859210084362,0.17557279186526317,0.15807549285794603,0.24384342759874691,0.14685054727619684,0.22391255924131348,0.15949806539072492,0.16622112248763896,0.13002988899028886,0.14862329059265783,0.13772762345078424,0.15663574001694341,0.15546454425754092,0.1853915688138688,0.13702700018371902,0.1937606303911423,0.18570733559495475,0.18609298432593788,0.13882253790837146,0.18015872015708137,0.11769267182555354,0.15165133482164908,0.14912430401476165,0.1378729319655294,0.12162540514022738,0.14618852338910313,0.14672681497124365,0.21543238834165332,0.150202740428094,0.13532061101390572,0.15043813737912048,0.13541050947931516,0.2155997815746138,0.12739176523988965,0.16989868612956052,0.21663000802410193,0.15090659170171172,0.2278597323414599,0.14827345318549429,0.15525252414992194,0.1506587097760826,0.15476761804894842,0.19470041683174164,0.2253811966817808,0.15696032428333964,0.19191080082762657,0.13455811657228103,0.18171109042476158,0.34524514092771397,0.1444439481863229,0.13318493376517934,0.19643028351830918,0.1417019529638669,0.1819184002249852,0.12910880056049368,0.3109612061765972,0.19194874866519154,0.1524573881612524,0.1418487517945807,0.14437449469186855,0.22792050091574267,0.14368157754613406,0.2216762985174298,0.21756047487116562,0.15515129328970684,0.170851697811668,0.1427978213953017,0.1398899388821961,0.19486144267448768,0.17540554045979836,0.1776925477126173,0.15075430085528832,0.2007563997000367,0.18814741020775214,0.19128507712914541,0.13344421803317189
10.0,1.8392924273571418,2.4132080734338883,1.8685102289136848,2.4708616164613035,2.244545607739314,2.442806883756137,2.402109520038024,2.9202753287635863,2.9764826899268213,2.7745398058418513,2.7174978518707977,2.6311531315042647,2.440235775303768,2.788038854359735,2.5459313273675868,2.714989987877492,2.9625469910212496,2.7955601928279443,2.9570416002266167,3.2698606272705795,2.618670242250592,3.0439105231866206,2.8940184359074244,3.188575845224402,2.6321856098009975,3.0911857448219813,2.6930674800112624,3.047306002150205,3.20666145843506,2.8405372290897533,2.9689123247490987,2.5767112118008595,2.7689738640727994,2.683266842264397,2.4981375249334143,2.5043658294148705,2.9085633747520023,2.725030585659706,2.920912876665767,2.764979592180965,2.62405639640508,3.331647467413329,2.649981198533457,2.5197304449643148,2.8174640922248457,2.732348514499765,2.9259201051664547,2.8868651493838167,3.0220872800115246,2.82048461336017,3.181940744825943,2.932607687167181,2.977515643935863,2.8472067662814196,2.9854131702053786,2.870501108762049,2.914803771706923,1.8574066443022526,2.447109764607637,1.8885922786419673,2.4904182181051944,2.240724096970452,2.4168405141594937,2.334141236486866,2.9570280504898077,3.0681540645588012,2.87489902138119,2.7780178982449026,2.6673161683010593,2.434969741770651,2.698269875132084,2.568300111788083,2.6699235849247445,2.9242247883237913,2.8775978587187288,2.891557075753995,2.993863496158201,3.278177325539088,2.649809737495839,3.0317344438603593,2.809524959750265,3.139404002120256,2.5826298525251197,2.5804222334476954,2.973709067609501,3.0804416518738065,2.3318175310290536,3.2258620633521597,2.8420859847332367,2.997957886743556,2.5523769053880923,2.7589639979730185,2.6142433122662823,2.0845906450196687,2.9658785820851965,2.744957865814049,2.8101807302931845,2.6097387063887485,3.3364815866983424,2.699064860747712,2.3806097719705086,3.2100054251925236,2.796674504615465,2.7343943575589016,2.966006878762099,2.8799250359348245,3.165601987678071,3.0493026575105806,3.1762535536985044,3.0804916410761876,2.7793655337466276,3.0262430950825965,2.84524749541787,2.9369515975029823,0.15999048507366678,0.1103810281685553,0.14218515478841603,0.1441207000774456,0.13893116636561867,0.1215132306334229,0.14092335759133703,0.14115331196389663,0.22221532184435308,0.15034275740935923,0.13566278936230952,0.14643873708662244,0.13305260124804444,0.21359131263676234,0.1276296726512914,0.16357964545789205,0.19733535666228166,0.1610933708891879,0.1487603986002281,0.1440330162793952,0.14659356467031348,0.15137850720497786,0.2269299997016541,0.25675396094261954,0.160176635474352,0.1341153311495107,0.2587809053977619,0.1803406328196996,0.14197109751901288,0.13103743841923804,0.17873930864352067,0.13722956201273373,0.18323849038346843,0.13287465509522234,0.17506095153665105,0.31348820901360264,0.21280370979509952,0.15549780094994275,0.1794781782966989,0.17453928312707423,0.15623974760743037,0.24152294726645662,0.14578429719357766,0.2222082276401789,0.15805757233602044,0.165133706396584,0.12911625618207628,0.14769329776810536,0.13634925040711973,0.15544139497060275,0.15403506615540905,0.1836993412300956,0.13584993422468966,0.1919439680733585,0.1838012310141422,0.1859220722635835,0.13750874016407463,0.17837888574549263,0.11641680956751385,0.14988037141622165,0.1479196572761224,0.13658392057691532,0.1206549757548572,0.14435334883230344,0.14589884393962527,0.2137914105264853,0.14957850256398986,0.13448289373548508,0.14939703268334384,0.13422624818316864,0.21429272561988533,0.12634549473353315,0.16792954699402535,0.21414900399454143,0.14986750656743625,0.22434957371687156,0.14719587016158708,0.15333269829516372,0.14991294661343116,0.1533781390668426,0.19260420542541326,0.2228860286637513,0.15531192154704096,0.19028601069233944,0.1336818550087416,0.18051497978906528,0.3415795119523443,0.1436230229284776,0.1318737736012388,0.19481751681596993,0.14090547445350074,0.18035724136807577,0.1286398790842143,0.3078146601201725,0.18995477538815736,0.15153254137280053,0.1404928279427781,0.14328164779464245,0.22611888979616876,0.14296769271555507,0.21986780842417947,0.21539859127361227,0.1541430139941296,0.16961085852006766,0.14191538092213218,0.13909322883222208,0.19289391915002949,0.1735900696417328,0.17580782353756277,0.14964501565713634,0.19914674386514727,0.18691091095816653,0.19083044088227807,0.13253875727704093
11.0,1.8322562789566894,2.3938013706909955,1.850744982862292,2.445707573484741,2.2183881653711937,2.424566784943746,2.389601591878338,2.8984974302615254,2.956309934182,2.754947889795584,2.696547319999984,2.605965797064004,2.4120899255947488,2.7635979283871817,2.519359115630835,2.7054413503149184,2.951401570818092,2.7700895216924515,2.9408489107752644,3.25072033709474,2.5879379291586853,3.0193615716614763,2.870401162241426,3.173461615807644,2.6073845840528604,3.072019261554671,2.6606918789583847,3.0226079115318094,3.1972742159605607,2.814278636012093,2.947634187468367,2.549208319050445,2.7554280614897055,2.6655112737462088,2.4724135517047054,2.489418517888932,2.888425720619982,2.697974827032218,2.9055629974509722,2.7431565504998225,2.5937265334590465,3.3059650308911785,2.619005534210701,2.5062607692764556,2.787346767978772,2.713213691057301,2.8943725894479706,2.855520181158656,3.0022406532971715,2.7938739305786227,3.1548170409597818,2.9160481159113716,2.952987014996044,2.816788988863047,2.9580281519862046,2.8528320606483013,2.8913106248205014,1.84881109855994,2.4270255256412203,1.871245176408303,2.4642439369789955,2.216292704619555,2.398959385326195,2.3212956114118586,2.933374153736813,3.048502097175079,2.8563302868638187,2.758418212053449,2.6423837318759995,2.4068830350662305,2.6768015990965504,2.5414345475127913,2.660256677980402,2.9114492130589413,2.8553195751820493,2.8880475686826705,2.977702770259914,3.2623246290503145,2.619798045817053,3.0110098111284227,2.789888608061136,3.122835036997106,2.5555429971660053,2.5517690757074822,2.9553531743978745,3.056939379812941,2.3234810738379443,3.2168418018684655,2.815613574088154,2.977997310933797,2.5258733811052583,2.7462730051391175,2.593904469800241,2.0829351369984423,2.947345112586055,2.718003557447131,2.7897573604131733,2.5788781062836454,3.3075341032341923,2.667947575449871,2.3701069561453343,3.1888863074969476,2.7707660519965236,2.713088269382166,2.9355916704314673,2.8478964149181927,3.139687553145533,3.030131744018074,3.1480709512102036,3.056391002735586,2.750280472678524,2.9976265892528597,2.826790697383847,2.9121849088065432,0.1581829322348609,0.10951607794707,0.14109606941601338,0.14304474968737768,0.13751642076122267,0.12044717356788978,0.13960203897574264,0.13998675419075918,0.22087309114832462,0.1488363988248476,0.1348746722682367,0.14542059898188656,0.1320394506577578,0.21182407981590584,0.12654539361063832,0.16198597730876352,0.1955127964669576,0.15944655565553503,0.14797588817853183,0.14261818976003596,0.14595402092795728,0.1504676919886332,0.22462128188408897,0.2544640512523631,0.15858288994941494,0.1335882560583041,0.25649624250372866,0.17871577860200175,0.14097960145761296,0.12994064053776858,0.17754633683427037,0.13636119440663744,0.18194392225975306,0.13206234866524752,0.17343643588326507,0.3107617865225021,0.21092242997391034,0.15422216756563173,0.1780468757996959,0.17355084557011635,0.15451650418549645,0.23933397798274064,0.14476492630017052,0.2206244248940834,0.15670106645411985,0.16406580223692493,0.12824583306371867,0.14679571541382824,0.13507298495773068,0.15431063603641806,0.15266709101024664,0.1821105274121166,0.1347185836863356,0.1902408137489539,0.18202082089564225,0.18573588789864579,0.13627918044548828,0.17670521893074462,0.11520722308239557,0.1482227768943186,0.14677467105124822,0.1353545556067768,0.11976409061931106,0.14267089457278426,0.14510221408667015,0.21225330491830874,0.14896465064118744,0.1336716967338071,0.14841116836059176,0.13310861364425988,0.21305090726949333,0.12536386640235192,0.16609048056655368,0.21183973103337103,0.14887033613365075,0.22111173137387552,0.14616557828863366,0.15155578775220802,0.14918025067260685,0.15206406269388933,0.19064894080107092,0.22055436100049272,0.15375774373486276,0.18873016140533444,0.1328332838772862,0.17936864873685093,0.338243537361761,0.14282078165051737,0.13064968239722172,0.19329193139007753,0.14013963206214428,0.17889050984452146,0.12814291394580288,0.3049507603996275,0.18807752901505076,0.1506393634731176,0.13919742222811907,0.142212628158668,0.22438998320017994,0.14226930676373795,0.21819863794283792,0.21338149191680242,0.15318258525531595,0.16841397334017857,0.14104930313295935,0.1383313982695157,0.19106103375370564,0.17190275384800754,0.17401558646603413,0.14857855297067185,0.19763614167296142,0.18573122200988781,0.19037688365668634,0.13167219407967137
12.0,1.8256602754391873,2.375731345735178,1.8339808235999822,2.4220661680200344,2.1938865880281093,2.4075486164574222,2.3777081708635572,2.877895803107909,2.937130994495223,2.7362560801335856,2.676961583496302,2.582402398505124,2.3858991927001716,2.7407012375766415,2.4945351348016382,2.6961591482255027,2.940734555024665,2.7462529412460093,2.925353520581908,3.2324502414996963,2.5590527320002,2.996175571240733,2.848257770262823,3.1591532151023287,2.584191482309864,3.053708838296833,2.630596110080617,2.9991808865945737,3.188431044309934,2.7896400437360516,2.927674927878923,2.5234299433717893,2.7425707728695836,2.6486227203408617,2.4483390638357303,2.4750903454098427,2.8695072586338553,2.672650671945122,2.890978511774732,2.722602066119757,2.565432894056297,3.2816561582912542,2.59005965923916,2.493510235017041,2.759196626594415,2.6951578948362784,2.8648576395504652,2.826092317440429,2.983440826738065,2.7689327827348964,3.129249530718285,2.900322373864677,2.9298459142856568,2.788403470952855,2.932145149621279,2.836300591078269,2.8692321640241953,1.8406527272108673,2.408278827200009,1.85481851482162,2.439664694240881,2.193345679861548,2.3822689426304415,2.309129316964955,2.911006830086243,3.0297176677004356,2.8386038113483854,2.740066618774113,2.6190781117716138,2.380676125881323,2.656635511464403,2.5163090421102137,2.65091615010405,2.899257263467186,2.8344155545267102,2.8844610416518495,2.9622060174482834,3.2470932737908726,2.5915669027062935,2.9913755293616884,2.7714850152667143,3.107018637526785,2.5302750125661206,2.5250005237919217,2.9378462324897545,3.0346282453201394,2.3152062732564103,3.2084260098076016,2.7907534768470295,2.9593324679552486,2.50105144903752,2.734196961429014,2.5746530693752763,2.0809341202616145,2.929915225867977,2.692715427827446,2.770468767579429,2.550109817843015,3.280199311912695,2.6388691961874517,2.360238075005052,3.1689524033432126,2.746554677610493,2.6930467472785016,2.907076802935493,2.817847936156656,3.1151345013989684,3.0120882125255353,3.121524675358323,3.033649103642895,2.723223639862602,2.9705208000399277,2.8095247788530187,2.888883841063863,0.15650081854323034,0.10869070585818136,0.1400593417328544,0.14203182841138248,0.13618481169770913,0.11947504957625742,0.13838688220570464,0.13890729524936218,0.21962015034028015,0.14744389615429565,0.13410114912261248,0.1444587580478821,0.1310910893228734,0.21017686030727672,0.125538955030381,0.1605113668211051,0.19382849003648148,0.15792370380663073,0.14722309203858552,0.14130786741020543,0.14531352598635094,0.14960073856088663,0.2224746661677369,0.2523175460092785,0.1570768152266912,0.13306150338052677,0.25434600699449567,0.17720208909858454,0.14004605678680773,0.1289010528066764,0.1764101526406114,0.13554180923342596,0.1807111808252251,0.13129237472459027,0.17190327200277813,0.3083079901284218,0.20917453301647906,0.15303163008428503,0.17667383174924467,0.1726065315996884,0.15290035051563056,0.2372711378539091,0.14379150900391383,0.2191552619529552,0.1554250682854666,0.16301870933303678,0.12741714994110895,0.14592998696147758,0.13389211175526003,0.1532406898913223,0.15135861188450359,0.18062065110859624,0.13363186287770604,0.18864624135826155,0.18035980912845592,0.1855378336119078,0.1351293339216141,0.17513222624596866,0.11406102589439454,0.14667484427152727,0.1456874857393711,0.13418456218915403,0.11894954862265975,0.1411334431320617,0.14433684577544448,0.21081329922792286,0.14836337597111854,0.13288714766527793,0.14747825113364676,0.13205452778858273,0.21187159200815683,0.12444427717520619,0.16437368260810503,0.20969290132386353,0.14791463646343145,0.21813103239727005,0.1451814209971622,0.14991371063213335,0.14846155824950397,0.15082248261472295,0.18882673901479155,0.218379094023916,0.15229348764035283,0.1872418557524805,0.13201364622651196,0.17827083904128885,0.33521959466651047,0.14203719488665392,0.1295095513820398,0.19184977525911986,0.13940419102137905,0.1775135894778605,0.1276227034981062,0.3023540777810244,0.18631179709051135,0.1497778711457743,0.1379608930261789,0.14116826577448388,0.22273242089155365,0.14158719918924478,0.21666081549696664,0.21150290860922855,0.15226808689017143,0.16726014490380173,0.14020023772337764,0.13760393783586497,0.18935576684734284,0.1703373825246929,0.17231234325821504,0.1475553788230643,0.19621947422518227,0.18460654777035224,0.18992673635242827,0.1308434723102379
13.0,1.8194913016730154,2.358953687638009,1.818188991247176,2.399889598112778,2.1709885096854253,2.3917083696099506,2.366410471370315,2.858434272317739,2.91891774777867,2.718438201178898,2.6586966786422668,2.5604104771708225,2.3615977673611233,2.719298804513494,2.4714013056085222,2.687135671252888,2.9305263866375957,2.7239962190951688,2.9105344875783854,3.215025051525362,2.5319564428501464,2.9743074264892786,2.827537601492644,3.1456183365691994,2.5625514986351567,3.0362308901353323,2.602709108260072,2.9769848207042138,3.180112339797158,2.7665721070420983,2.9089934681900713,2.4993210357068976,2.730378412719415,2.6325748935573214,2.4258599255903164,2.4613651249072666,2.8517696933102945,2.649000516684632,2.877132559436627,2.7032740471942907,2.5391085992554614,3.2586748450684504,2.5630766692746056,2.481456186136249,2.7329478784515717,2.6781454804363105,2.837309923708546,2.7985216299660367,2.965655724360838,2.7456060981163097,3.1051858097212977,2.885400872052328,2.908047743409957,2.7619823322253247,2.9077193610022456,2.8208672759121987,2.848521929243451,1.8329218886934964,2.3908261936235067,1.8392878146973217,2.416630423548133,2.171837480620227,2.3667260753650603,2.2976206181796277,2.8898868520007714,3.0117763759145024,2.8216932559981305,2.722922526184761,2.5973458835005236,2.356286197989791,2.6377294477814903,2.4928660015158157,2.64189146888162,2.8876281449505643,2.814839247979858,2.8807951366461855,2.947353665350372,3.2324655479721454,2.565060548518029,2.9727955528369736,2.7542706681572535,3.0919276038015084,2.5067646694421444,2.500054749755726,2.9211634471150574,3.0134710099602176,2.3069963555003024,3.200592417450238,2.7674576240402753,2.9419194526065438,2.4778567605861506,2.722715071786408,2.5564556152972613,2.07860403091145,2.913553736883259,2.6690382544059665,2.752277168208436,2.5233662955064675,3.2544239579530396,2.61176221815327,2.3509810933863706,3.1501655831960633,2.723982542273261,2.6742275214373246,2.8804023643240626,2.789718128163101,3.091901334482989,2.9951363490033973,3.0965604845164196,3.0122216795894956,2.6981252729528094,2.944882820311032,2.7934091359424382,2.8670005937887377,0.15493869551811792,0.10790417280134226,0.13907374806548645,0.14107948722081642,0.13493296506839536,0.11859269171218884,0.1372737617127096,0.13791123120493623,0.2184528800193457,0.14615982382898582,0.13334350475201043,0.143550953408604,0.13020527083862032,0.20864426177561887,0.12460713663981075,0.15914960768072556,0.192275492218812,0.15651931766504293,0.14650187016292576,0.14009672800046366,0.1446747986677451,0.1487772024656502,0.22048296920407687,0.25030900764606934,0.1556545790077112,0.13253665896234468,0.25232443871141874,0.17579502567220898,0.13916791933854628,0.12791654994698304,0.1753299461091206,0.1347700937943606,0.179538917652448,0.1305631598169274,0.1704575454380458,0.30611233319144354,0.20755419360675284,0.1519226177616315,0.17535821378800878,0.1717055028118632,0.15138627473184302,0.2353293940418671,0.1428631750222971,0.21779533087032293,0.15422632792434388,0.1619936237285478,0.12662890192377052,0.14509566729180454,0.1328005845106358,0.15222903120442047,0.15010780015541353,0.17922557045160792,0.1325888024577589,0.18715563346666741,0.17881235947029367,0.18533106622170778,0.13405508461662674,0.17365492206503272,0.11297557802613993,0.1452329085396142,0.14465640689327813,0.1330734455291399,0.11820829519020766,0.1397336433476001,0.14360270988377757,0.20946698441376208,0.14777667321578397,0.13212940974744541,0.1465962291222737,0.13106120645320476,0.21075233748159347,0.12358430457834685,0.1627720986042216,0.20769991920200967,0.14700000329904336,0.21539329839112908,0.14424234584308301,0.14839899871367007,0.14775775229561103,0.14965071827267296,0.18713037108869376,0.216353505824533,0.15091510797402247,0.1858197197833827,0.13122395133737633,0.17722044155657346,0.3324911222128807,0.14127237806324788,0.12845032098232648,0.19048766012134435,0.13869899257325438,0.176222268813474,0.12708355366222876,0.30001017258745766,0.18465275724881905,0.1489481157015669,0.13678168415828112,0.14014928861990153,0.22114490452220667,0.14092216968974636,0.21524710719967788,0.20975693039884158,0.1513978855582959,0.16614854597502757,0.13936890124336831,0.13691032903084482,0.18777165648222247,0.16888813512254905,0.1706948101575774,0.1465757872249376,0.19489211467377177,0.18353533738531858,0.18948224533253513,0.13005164499058985
14.0,1.813736242526531,2.343424085471073,1.803340725924254,2.379130061808604,2.1496415643184807,2.377002035714078,2.3556897077752392,2.840076662905982,2.9016420709445807,2.701468077254575,2.64170864172041,2.5399375744042985,2.3391198403186406,2.6993406517831398,2.4498995487799653,2.678363209040759,2.9207575086535424,2.7032651228464863,2.896370869696589,3.1984194782116977,2.5065908537836097,2.9537120419719978,2.8081899974519544,3.1328246736689795,2.5424098270919036,3.01956183215703,2.576959808378848,2.955979607226535,3.172298498736266,2.7450254807107206,2.8915487306111007,2.47682654699777,2.718827395546244,2.61734150490462,2.4049220012322348,2.448226669310858,2.8351747291659084,2.626966757536953,2.8639982802362525,2.685130401876877,2.514686770115201,3.2369750866776856,2.5379896599727925,2.4700759665842362,2.7085347339300454,2.662140802456978,2.811664110156835,2.772748190472388,2.948853270192124,2.723838805010218,3.082573473588625,2.8712540214995514,2.8875479039741943,2.737457692354979,2.8847059840207034,2.806492691010304,2.8291334604036944,1.8256089414462626,2.3746241492512468,1.8246285968508231,2.3950910585580125,2.151722564819406,2.3522876728228543,2.286747780089415,2.869974991943131,2.9946538215969283,2.805572281976308,2.706945342063269,2.577133622575375,2.3336504351654717,2.6200412435937,2.4710478316650044,2.633172101899027,2.876541062911041,2.7965441067686485,2.8770474956503675,2.933126141593293,3.218423739805588,2.5402232236067,2.95523383583104,2.738202053522989,3.077534735913518,2.484950738510696,2.476869925653671,2.9052800235037344,2.9934304352980137,2.2988545467854617,3.1933187550770246,2.7456779466983017,2.9257143596862956,2.456234967152413,2.7118065411549606,2.5392786118720774,2.0759613050502073,2.8982254605841526,2.6469168146336264,2.7351447787166854,2.498579993713701,3.2301547865744036,2.5865591365401137,2.342313976125977,3.132487717520191,2.702991806800644,2.656588322048057,2.855508442647087,2.7634455194504475,3.06994655444224,2.979240439422135,3.0731241370580897,2.9920644663667537,2.6749156096030315,2.9206697429333315,2.778403164769197,2.846487366494981,0.15349141946125977,0.10715578363128776,0.13813813690387886,0.14018549709986863,0.1337577532066317,0.11779612683396934,0.1362586719405813,0.13699507300983985,0.2173678920791717,0.14497907319502956,0.1326029198040912,0.14269514114535828,0.12937984711113693,0.20722124107415701,0.12374686630476034,0.15789499893755632,0.19084733773692572,0.15522816990495922,0.1458120930181007,0.13897985571940655,0.14404027627910085,0.14799664361246767,0.218639363699675,0.2484332699039732,0.1543126558147711,0.13201525917161472,0.25042620948409844,0.1744903465986217,0.1383429357483192,0.12698518238306322,0.17430489246060105,0.1340447764426372,0.1784258475529481,0.12987329936267758,0.1690956156765167,0.30416126331380494,0.20605593882669018,0.15089177374909585,0.1740992052689957,0.1708470069199492,0.14996962862441696,0.23350403658521707,0.14197910159242583,0.21653965398105832,0.15310180554889263,0.16099164602113883,0.1258799249630885,0.14429240424562248,0.1317929589129216,0.15127335878349576,0.14891299194873173,0.17792144180716796,0.13158853194155218,0.1857646554366142,0.17737305450316138,0.18511850794771878,0.13305268778701032,0.17226877552484557,0.11194846890410373,0.14389336065191002,0.14367988481090316,0.13202053616760392,0.1175374206231928,0.13846450360338178,0.14289981477421027,0.208210285772452,0.14720635834187826,0.1313986715040126,0.1457632594665383,0.13012613405960013,0.20969095387704365,0.12278169713671677,0.16127935521842066,0.20585282471193048,0.1461260638865783,0.21288528324089556,0.14334738747527703,0.14700475146742537,0.14706965871040825,0.14854629088514362,0.18555320905840808,0.21447122883870617,0.14961880242525677,0.1844623961596948,0.1304649992023243,0.1762164754686526,0.3300425498100264,0.1405265637679302,0.12746899272896475,0.18920251878488484,0.13802393816766065,0.17501270201831123,0.12652932751016827,0.29790552413590754,0.18309594864607573,0.14815017246105214,0.13565831878342463,0.13915632583091309,0.2196261876682855,0.14027502212505366,0.21395094185136151,0.20813797341951024,0.15057058653507466,0.16507840876796395,0.13855605471286353,0.13625004866892554,0.18630274660876547,0.16754954972896013,0.16915990228141126,0.14563991695061598,0.1936498711118589,0.18251624401357894,0.18904555175788096,0.12929586854030875
15.0,1.8083819828681285,2.3290982283059636,1.7894072677516457,2.3597397571531196,2.129793385902647,2.363385606082597,2.3455270944549818,2.8227867998876315,2.8852758409051695,2.68531953268369,2.6259535090132555,2.520931231548733,2.318399602313774,2.6807768019709823,2.4299717850444766,2.669834051232746,2.9114083640691772,2.684005420106519,2.8828417248683547,3.1826082325985974,2.4828977568756385,2.9343443222537657,2.790164299661786,3.12073991986241,2.523711661743263,3.0036780794487927,2.5532771453190795,2.936125139527298,3.164969917441218,2.7249508195223697,2.8752996373513278,2.4558914281864146,2.7078941358570576,2.6028962658917103,2.3854711550253054,2.4356587915502743,2.8196840707173725,2.6064917907882905,2.8515488139731815,2.6681290383210157,2.492100527694172,3.2165108785738394,2.514731726989474,2.4593469203111753,2.68589140340965,2.64710821549788,2.7878548671299423,2.748712070696376,2.933001388258569,2.70357583170393,3.0613601179400782,2.857852233231605,2.868301797583626,2.714761671016302,2.8630602165682837,2.7931374122328325,2.811020297430363,1.8187042439076204,2.3596292184227297,1.8108163820975038,2.374996532927809,2.1329553903828873,2.338910624296654,2.2764890677277947,2.851232022375979,2.9783256045273294,2.7902145504461453,2.692094474187503,2.55838790450877,2.3127060211822204,2.6035287344469054,2.4507969384932347,2.6247475167421834,2.865975222750647,2.7794835821202315,2.8732157606490434,2.919503873804093,3.2049501375025815,2.5169991683267674,2.9386543326206938,2.723235658154181,3.0638128339550335,2.46477199048844,2.455384223540472,2.89017116688568,2.974469282898348,2.2907840733276985,3.1865827529686115,2.7253663758515025,2.910673283993148,2.4361317201375616,2.7014505744783537,2.523088563405589,2.0730223787801596,2.883895211922933,2.626295885961369,2.7190338155206675,2.4756833669043665,3.207338542995974,2.563192446540783,2.3342146880605905,3.1158806767803258,2.6835246320085235,2.640086879300153,2.8323351259544602,2.7389686385316057,3.049228663321311,2.964364769752203,3.051161391356884,2.9731331997660337,2.653524887467231,2.8978386607740334,2.7644662614503783,2.827296358696351,0.1521541294855192,0.10644488583170764,0.13725141462927695,0.13934781668424887,0.1326562741081977,0.11708157097225566,0.13533772490690674,0.13615553323339255,0.21636200959577687,0.14389683664208927,0.1318804797806339,0.14188947092071758,0.1286127688583981,0.20590307316979597,0.12295521595864577,0.156742297907068,0.18953800124769468,0.15404528767641956,0.14515363519277732,0.13795270715900676,0.14341213935955713,0.1472586246642384,0.21693735629137623,0.2466854177606991,0.15304780187753764,0.1314987824533618,0.24864637860895403,0.1732840841710056,0.13756911516197637,0.1261051584712584,0.1733341558022474,0.1333646298351964,0.1773707401032888,0.129221536678614,0.1678140918124864,0.30244208939177025,0.20467461854393468,0.14993593979419748,0.17289600313569956,0.17003035923114304,0.14864609483990904,0.2317906541580574,0.14113850787049306,0.2153836382537804,0.15204865398648698,0.16001379020473683,0.12516917587545642,0.14351992357111046,0.13086433111384807,0.15037157381295227,0.14777267579884745,0.1767046881875042,0.13063026502525926,0.18446923177925822,0.1760368581074577,0.18490285855363392,0.13211873512656128,0.17096966234488029,0.11097750050209311,0.14265265727151644,0.14275649649111963,0.13102502755958376,0.11693415720107092,0.13731938199037894,0.14222819629019615,0.2070394355191975,0.14665408546395517,0.13069513859994134,0.14497768035319356,0.1292470405089517,0.20868546942067379,0.12203436480410478,0.1598896964895446,0.20414424111987411,0.14529247113204138,0.21059461252829612,0.14249565424547955,0.14572459241417676,0.14639804514308005,0.14750690295029364,0.18408917517225987,0.21272622756740506,0.14840099770732493,0.18316854041018765,0.12973740379098872,0.17525807078923827,0.3278592310423949,0.1398000790387534,0.12656263817066515,0.1879915677095562,0.13737897679759548,0.17388137340474605,0.1259634914903772,0.29602746273891656,0.18163724487255595,0.14738413263425676,0.13458939495810876,0.13818991370945416,0.21817506880377432,0.13964655296193076,0.21276634241532646,0.20664075366044754,0.1497849928837167,0.1640490171140392,0.1377624872869361,0.13562257359983867,0.18494353929682075,0.16631649396001005,0.16770472352416135,0.14474776824701135,0.19248893588827615,0.1815480910266469,0.18861867861346568,0.1285753963124582
16.0,1.8034154075661721,2.315931805214259,1.7763598568497398,2.34167088219194,2.1113916084132733,2.3508150720282464,2.3359038457861674,2.8065285082776463,2.869790934572647,2.669966391789306,2.611387316803317,2.5033389899473573,2.299371244087575,2.663557277662403,2.411559935130563,2.6615404874725472,2.902459395881118,2.666162878481804,2.869926111025564,3.167566025726022,2.460818944201296,2.916159171899461,2.7734098496432047,3.1093317686102147,2.5064021966523935,2.9885560470974677,2.531590053962865,2.9173813109722717,3.1581069922260463,2.7062987782575156,2.8602051106200594,2.4364606302148504,2.6975550481588706,2.589212888027614,2.367453251233317,2.423645304555211,2.8052594224812744,2.58751801272484,2.8397573004470082,2.6522278646802016,2.471282993051016,3.197236216211829,2.4932359659804098,2.4492463912672275,2.664952097270186,2.6330120741586027,2.765816862862481,2.726353342374911,2.9180680025868173,2.684762106484805,3.041493338395499,2.8451659182737195,2.8502648258434995,2.693826387883795,2.842737256536596,2.7807620154400055,2.7941359802488877,1.8121981545160133,2.3457979254774903,1.797826691252795,2.3562967803147785,2.1154904152345093,2.326551819079285,2.266822746128257,2.8336187157620363,2.962767324485362,2.775593722570907,2.6783293303353473,2.541055304813378,2.2933901398139147,2.58814975588696,2.4320557279359365,2.6166071809970326,2.855909829871336,2.7636111252617828,2.86929757362689,2.906467289609896,3.192027029274556,2.495332623032683,2.923020997482737,2.7093279688410665,3.0507346980182937,2.446167196091991,2.435535815470853,2.8758120824908397,2.9565503143260368,2.2827881613428693,3.1803621414056606,2.7064748425303073,2.896752320325699,2.41749267094285,2.691626376700283,2.507851974203688,2.069803688203566,2.870527805851864,2.607120245840139,2.7039064950368825,2.454608869518129,3.1859219724369225,2.5415946433481005,2.326661194026916,3.1003063314411836,2.665523178712735,2.624680923383038,2.8108225022960753,2.716226013919465,3.029706163164841,2.9504736259640643,3.0306180057863896,2.9553836155787043,2.6338833441992984,2.8763466667003232,2.7515578221030705,2.809379769906673,0.15092222623630705,0.10577086781402292,0.13641253391737002,0.13856456446546653,0.13162583190411956,0.11644542372795474,0.13450714770983035,0.13538951328576895,0.21543224833535662,0.14290859080200868,0.13117718399480974,0.14113226497783393,0.127902084941124,0.20468532257886626,0.12222939715575143,0.15568667697239655,0.18834185991869953,0.15296593752104393,0.14452637120391038,0.13701108004965612,0.1427923366153197,0.14656271084246383,0.2153707665835449,0.24506076942151625,0.15185703164761521,0.13098864385729134,0.24698035258538456,0.17217252324577292,0.13684470315979677,0.12527482846684523,0.17241689272304347,0.1327284732587848,0.1763724136934468,0.128606744504226,0.1666098106533291,0.3009429123286496,0.20340537811938383,0.14905214192596927,0.17174781780025222,0.1692549279291343,0.14741165735641887,0.23018511150123216,0.1403406511091276,0.21432303432220973,0.151064203048681,0.15906099311195734,0.12449571579387844,0.14277801674436585,0.13001028145545146,0.1495217600276982,0.1466854813842702,0.17557197160717294,0.12971328732187873,0.18326552447483727,0.17479908110559209,0.18468660830369996,0.13125012265066852,0.16975382116882903,0.11006067086610359,0.14150732682506642,0.14188492967209484,0.13008600702086953,0.11639587524322338,0.13629197392140646,0.14158791027038778,0.20595094685205345,0.14612136260084713,0.1300190274029024,0.14423798685880812,0.12842188007007102,0.20773410034005355,0.1213403695241585,0.1585979246247661,0.20256732608559214,0.14449889965938756,0.2085097245694271,0.14168631781199736,0.1445526277412247,0.14574362175003447,0.14653042065196284,0.1827326941546176,0.21111277730148703,0.14725833647058878,0.18193681949284224,0.12904161505085515,0.17434445354953798,0.32592737746308487,0.13909332686401923,0.1257284051780242,0.1868522740348851,0.13676409500731573,0.1728250652409639,0.1253891584661595,0.2943641043925953,0.1802728282346651,0.14665009728076212,0.13357358248821777,0.13725050379225612,0.21679038660611194,0.13903754334527157,0.21168786353875285,0.20526026223027846,0.14904007099228875,0.16305970094850766,0.13698900480587586,0.13502738545647539,0.18368895063175059,0.16518413785198144,0.1663265569053996,0.14389921925026145,0.19140584064899968,0.18062984404142288,0.1882035238232336,0.1278895716317333
17.0,1.7988234014890385,2.3038805052675544,1.764169733338964,2.3248756349706845,2.0943838658257095,2.3392464248638176,2.3268011761454312,2.7912656130910136,2.8551592288592333,2.655382478894485,2.5979661013731046,2.4871083909433396,2.2819689563810828,2.647632101442788,2.3946059197667187,2.653474807403787,2.8938910470860364,2.649683265578918,2.857603086100079,3.1532675686338894,2.4402962078356243,2.8991114954739787,2.757875988917261,3.0985679133731425,2.4904266258824537,2.9741721501899345,2.5118274691923412,2.8997080149272034,3.1516901194047358,2.689020011696638,2.846224072626617,2.4184791040250797,2.687786546958712,2.5762650828212825,2.350814154120088,2.4121700212552932,2.7918624889742705,2.569987819632814,2.8285968794573138,2.6373847891078874,2.452167287244369,3.1791050950465483,2.4734354726013805,2.439751723402551,2.6456510258914676,2.619816733038728,2.7454847655890666,2.705612077244882,2.9040210372034894,2.667342557640169,3.022920730574695,2.83316548765112,2.833392390359055,2.674583962631968,2.823692301817262,2.769327076492064,2.778434048784704,1.8060810317098894,2.333086794755038,1.7856350451320815,2.3389417343762005,2.0992820972980426,2.315168146463571,2.257727080324306,2.817095844563985,2.9479545812506642,2.761683459513853,2.6656093182846576,2.525082399001791,2.2756399748344087,2.5738621434597233,2.4147666059285626,2.6087405622494657,2.846324089675129,2.748880187420428,2.8652905765685723,2.8939968166377863,3.179636703332921,2.4751678280789116,2.9082977846939406,2.6964354723738992,3.0382731281955118,2.4290751260380268,2.41726287349959,2.862177975549147,2.9396362911459253,2.2748700370468016,3.174634650668816,2.6889552777651047,2.8839075634825915,2.4002634709695503,2.682313152764405,2.4935353485722165,2.0663216694226896,2.8580880573232292,2.5893346717209003,2.6897250336818104,2.435288955994614,3.165851820116454,2.521698222154837,2.319631458861636,3.0857265519674764,2.648929607729152,2.6103281844861295,2.7909106597218227,2.6951561741269385,3.0113375560174296,2.937531294028188,3.011439738720172,2.9387714495961323,2.615921217453182,2.8561508535793974,2.7396372428443514,2.792689799639735,0.1497913513833361,0.10513315696096799,0.13562048437288698,0.1378339949752075,0.1306639185653857,0.11588426188137099,0.13376327995289525,0.13469409114473685,0.21457579974585256,0.1420100791620533,0.13049395436546274,0.14042199928461177,0.12724594074656523,0.20356381708104251,0.1215667563286413,0.15472368395311076,0.18725365847386324,0.15198561100970273,0.1439301730440049,0.13615108373650095,0.14218260960737364,0.14590847075438929,0.21393370725358632,0.24355486004065013,0.15073759586179455,0.13048619193958502,0.2454238487126384,0.1711521810962174,0.1361681577880625,0.12449267010223268,0.17155225570172453,0.13213517419720006,0.17542973150562394,0.1280279088376666,0.16547981696013772,0.29965255936278046,0.20224363314404706,0.14823757707059118,0.1706538744673746,0.1685201225128522,0.14626257480755328,0.22868352832901245,0.1395848242450995,0.21335389971812344,0.15014594540659656,0.15813412413091438,0.12385869653574165,0.1420665311725933,0.12922682309386568,0.14872216567806137,0.14565016921642587,0.1745201688379448,0.1288369461501705,0.1821499130745278,0.17365534976239388,0.18447205142745637,0.13044402110685635,0.16861781406061818,0.10919615814169135,0.1404539724339164,0.1410639687103054,0.12920248100918066,0.11592007832902661,0.13537629773864296,0.14097902714566646,0.20494158950939553,0.1456095663779867,0.1293705599598807,0.14354281007638767,0.1276488120910681,0.2068352247240671,0.12069791601582218,0.157399345256967,0.20111572622507162,0.14374504340357813,0.20661981313769137,0.1409186051863014,0.14348340711989788,0.14510704345954611,0.14561485866535953,0.18147864845416145,0.20962544376722422,0.14618766498752683,0.18076591212510718,0.12837793962458333,0.17347493325609492,0.3242339948692069,0.13840677120135017,0.12496352200057735,0.1857823265343139,0.13617930915857643,0.17184082856242888,0.12480912772081307,0.29290428825863923,0.1789991653337164,0.14594817299115506,0.13260962074888552,0.13633847234198868,0.21547101708819208,0.13844875406250295,0.21071053467654316,0.2039917427533576,0.14833492155787809,0.16210983265797885,0.13623642223357674,0.13446397526327192,0.182534269992855,0.16414792853404714,0.16502285531617567,0.14309404192721795,0.19039741645875896,0.17976058784815035,0.18780185810217873,0.12723782054042346
18.0,1.7945928495050985,2.2929000175374386,1.7528081373397073,2.3093062135349673,2.078717792115323,2.3286356559020436,2.318200299909428,2.7769619393427236,2.84135260067716,2.641541618322276,2.585645899005157,2.472186975879882,2.2661269299353686,2.6329512958975636,2.379051659681455,2.6456293006701688,2.885683760680578,2.634512349004401,2.8458517080237598,3.1396875723621327,2.4212713398536843,2.8831561975421924,2.743512059004988,3.088416047611922,2.4757301434966212,2.9605028038130445,2.4939183258895943,2.883065144757892,3.145699695291292,2.6730651746202168,2.8333154455802836,2.4018918005591083,2.6785650467635644,2.564026561781741,2.335499727949411,2.4012167545801986,2.7794549747130186,2.5538436077984072,2.8180406908036826,2.623557719757593,2.434686531332888,3.1620715105329014,2.4552633425081174,2.430840260667331,2.6279223996532988,2.6074865467378756,2.7267932435443125,2.6864283470432033,2.8908284161352373,2.6512621134573653,3.005589890097491,2.8218213523890534,2.8176398927355564,2.6569665149353114,2.8058805503019015,2.7587931712492346,2.7638680429632325,1.8003432339276917,2.3214523505948907,1.7742169645507682,2.322881328769341,2.0842848944973222,2.3047164957423276,2.249180335349452,2.8016241812445406,2.933862974602867,2.748457422438207,2.6538938458133137,2.510415762586675,2.259392710017541,2.560623732711074,2.398871978406554,2.6011371280854303,2.837197207564019,2.735244219823345,2.861192411458793,2.8820728825148345,3.1677614478890956,2.456449023819911,2.8944486485311054,2.684514655542934,3.0264009245789434,2.4134345510431716,2.400503569681379,2.8492440512905324,2.923689974922822,2.267032926655342,3.169378011038753,2.672759612586307,2.87209510826246,2.384389771618912,2.6734901076144197,2.4801051908170737,2.062592758539792,2.8465407812892662,2.572883941054586,2.676451647871948,2.4176560807734906,3.147074831253749,2.5034356781538247,2.3131034474014855,3.0721032088239313,2.633686079873618,2.5969863927988857,2.77253968628161,2.675697647666931,2.9940813439237,2.925502059914996,2.9935723485318158,2.9232524376096993,2.5995687448827582,2.8372083142784574,2.7286639197913005,2.7771786474093143,0.14875736795365316,0.10453121751711852,0.13487428502703921,0.13715447842540637,0.12976819681997223,0.11539483238133741,0.13310257106206255,0.13406650958890784,0.21379001530568723,0.14119729439370643,0.12983164397599148,0.1397572866090305,0.12664257582704408,0.2025346235007931,0.12096476982680915,0.15384920574488398,0.18626847663020854,0.1511000110436404,0.14336490910496136,0.13536911137524424,0.14158451685310078,0.14529547792255765,0.21262056514654376,0.24216342689493056,0.14968696107252452,0.12999270754203662,0.24397286217619812,0.1702197884743893,0.13553812758210396,0.12375727564943664,0.17073939628123172,0.13158364928934682,0.17454159894405138,0.1274841148691334,0.16442134555384086,0.29856052194775157,0.2011850459727104,0.14748960054769306,0.1696134154619616,0.1678253848304129,0.14519535628390173,0.22728225956189252,0.1388703545783384,0.21247256585689334,0.14929152380964342,0.15723399494437099,0.12325734942432356,0.1413853623585086,0.12851035516276224,0.14797118714723123,0.1446656211803069,0.17354635008524705,0.12800064206667336,0.18111897641723915,0.1726015768632328,0.18426129984112066,0.12969784875564908,0.16755849080162488,0.10838230520192163,0.1394892722869047,0.14029248209163858,0.12837339561456637,0.11550439786758407,0.13456667882831894,0.14040162824678076,0.20400836682773307,0.14511995571829125,0.12874996012690312,0.14289089905214095,0.1269261833988454,0.2059873597832926,0.12010534286348498,0.1562897170199777,0.19978353482672448,0.14303061442860007,0.20491477198138203,0.1401917927575916,0.14251188667548262,0.14448891337704642,0.1447583669499786,0.18032233639532794,0.20825906363229535,0.14518602152779317,0.17965451041464098,0.1277465602869626,0.17264889225035526,0.3227668218449775,0.1377409249296691,0.12426529941550858,0.18477960999713,0.13562465958982994,0.17092595673095182,0.1242259220810454,0.29163751702381996,0.17781298389482952,0.14527846898264618,0.13169631720235409,0.1354541307447932,0.21421587213768115,0.1378809227818399,0.2098298083770795,0.2028306706003028,0.14766875521029063,0.16119882489950507,0.1355055591443979,0.13393184779338907,0.18147512245565484,0.1632035665073366,0.16379123263265438,0.14233191739672518,0.18946075841167428,0.17893950743296255,0.1874153264241653,0.12661964443848628
19.0,1.7907106364827259,2.2829460310954786,1.74224630897239,2.2949148159304014,2.064341021257457,2.3189387564557293,2.3100824314547856,2.76358131204774,2.828342926938631,2.628417634395749,2.5743827459820037,2.4585222861001963,2.2517793554914634,2.619464883612072,2.3648390756032662,2.637996256915347,2.8778179796613865,2.620595896364804,2.8346510347284792,3.126800747950675,2.403686132330531,2.868248182668976,2.7302674014274415,3.0788438647872907,2.4622579435580287,2.9475244230536717,2.477791558936759,2.86741259383008,3.1401161161997027,2.6583849218087043,2.821438151690372,2.386643670758951,2.669866962080464,2.5524710364179617,2.321455836985085,2.390769317459594,2.7679985842141286,2.5390277735078493,2.808061874285694,2.610704564782768,2.4187738463752217,3.146089458125805,2.438652671356406,2.422489347011699,2.611700428935483,2.5959858698556064,2.7096769649628447,2.668742223506778,2.8784580634087065,2.6364657022237226,2.9894484125837133,2.811103923512753,2.802962734578227,2.6409061644683294,2.7892571998821336,2.7491208755717635,2.7503915027099284,1.7949751196078778,2.3108511173365764,1.763547970324269,2.3080654971514827,2.0704532647561438,2.295153756208384,2.2411607762372014,2.7871644982663932,2.9204681043216,2.7358892725072423,2.643142320699195,2.497001971080642,2.2445855291371863,2.548392359186879,2.3843142513053466,2.5937863460908193,2.828508388940003,2.7226566736976774,2.8570007202821976,2.8706759148681438,3.156383551154496,2.439120450610123,2.8814375432710295,2.6735220051383997,3.015090887260803,2.3991842418240665,2.385196076070991,2.836985514944905,2.9086741272215595,2.259280056384311,3.1645699527961093,2.6578397780243415,2.8612710494638955,2.369817224292192,2.6651364461939977,2.4675280052441297,2.0586333916571506,2.835850792702266,2.5577128312921484,2.664048554023789,2.4016426982944448,3.1295377510679763,2.486739506537839,2.3070551244831474,3.059398172475251,2.61973475596198,2.584613278510726,2.755649670025331,2.6577889630523375,2.977896028928275,2.914350209595012,2.976961593594876,2.9087823154107593,2.584756164141997,2.8194761416646688,2.7185972490609975,2.7627985127292307,0.14781634156665518,0.10396454841258697,0.13417297839250641,0.13652448333858694,0.12893648425866389,0.11497404486861797,0.13252157747691276,0.13350416493610237,0.21307239211307477,0.14046646065461457,0.12919104534081524,0.13913686132887226,0.12609032097083708,0.2015940253659267,0.12042103880720423,0.15305943496361354,0.1853816988255602,0.1503050387694644,0.14283044417107058,0.1346618138136237,0.1409994570877107,0.144723312763954,0.21142598329148432,0.240882395779952,0.1487027905636126,0.1295094040378266,0.24262363628064063,0.1693722718037289,0.13495343146097488,0.12306734034423186,0.1699774679828826,0.13107286480925726,0.17370696213312825,0.12697453479446258,0.16343180505498248,0.2976568971062702,0.20022550386830254,0.14680571440088813,0.1686257032134586,0.1671701822289404,0.14420673929480557,0.22597787676919912,0.13819660327179067,0.21167560836091542,0.14849871947827006,0.1563613691033157,0.12269097615330322,0.1407344476684079,0.12785762012201957,0.14726735408746847,0.14373083184039537,0.17264776017110076,0.12720382187384044,0.18016947581301063,0.17163393512154163,0.18405629692230918,0.1290092463649771,0.16657295665525168,0.10761760495162476,0.13860997798655703,0.13956941139427032,0.12759765304150503,0.11514658719449916,0.1338577327106896,0.13985580350537768,0.20314849429549317,0.14465368457368588,0.1281574506344215,0.14228110512005288,0.12625251226661516,0.20518914207435446,0.11956111397682086,0.15526520526603585,0.198565252506029,0.14235534271096217,0.20338514126338036,0.1395052019055827,0.1416333940620187,0.1438897870298757,0.14395921918859578,0.17925943314295523,0.2070087258300629,0.1442506253531629,0.17860132239627982,0.12714755411783643,0.17186577667383232,0.32151427073055566,0.1370963402398964,0.12363113128069378,0.183842182597204,0.13510020635075587,0.1700779615079927,0.1236418223138195,0.29055390019131283,0.17671125081618447,0.14464109534767025,0.1308325463956091,0.13459773640533815,0.21302389911884326,0.13733476304781925,0.2090415132993775,0.20177273371337595,0.14704087207050273,0.16032612956487502,0.13479723756009074,0.1334305256061029,0.18050743408889708,0.16234698339542558,0.162629455176105,0.14161245052115914,0.18859319419722495,0.1781658724147399,0.18704545218752935,0.1260346127785301
20.0,1.7871636472903063,2.273974235013278,1.7324554883574135,2.2816536402026166,2.0512011872274734,2.3101117178376183,2.302428785158143,2.7510875562210537,2.816102084555859,2.6159843514379615,2.5641326785861414,2.4460618629474644,2.23886042379042,2.607122887171763,2.351910088260666,2.63056796578295,2.870274147025111,2.6078796752666893,2.8239801241460865,3.1145818064394533,2.387482377341211,2.8543423554192144,2.718091357705665,3.0698190583599807,2.449955220129851,2.935213422998657,2.4633761032159533,2.852710255509555,3.134919778443973,2.6449299080425916,2.810551113166182,2.3726796655666136,2.661668707416395,2.5415722182389406,2.308628345490919,2.380811522823143,2.757455021994254,2.525482713047324,2.7986335697029614,2.5987832323369293,2.40436235343003,3.1311129332801295,2.4235365548019874,2.4146763263858513,2.596919324117832,2.5852790569915425,2.69407059807926,2.652493778372511,2.8668779030505243,2.622898252226587,2.9744438936531705,2.8009836120474643,2.789316317492359,2.6263350309055102,2.773777448449582,2.740270765319866,2.7379579679502166,1.7899670471888849,2.301239619319593,1.7536035832679722,2.2944441731798855,2.057741665998326,2.2864368171545615,2.233646668021029,2.773677568092213,2.9077455701865413,2.72395267088419,2.6333141507201647,2.484787599996314,2.231155615967188,2.537125858433006,2.371035830560371,2.5866776838515713,2.820236839205062,2.711071000270597,2.852713145023447,2.859786341324774,3.1454853013405146,2.4231263488040096,2.8692284231904983,2.663414007950549,3.004315816333319,2.3862629690973916,2.3712785647231485,2.8253775717422047,2.8945515096069685,2.2516146524495557,3.160188206221543,2.6441477051095776,2.8513914818855493,2.3564914803906483,2.6572313734468174,2.4557702961592454,2.0544600048770163,2.825982906514493,2.5437661198845354,2.652477968553818,2.387181262997094,3.1131873247783197,2.4715422024996943,2.3014644549433276,3.04757331338616,2.6070177968101182,2.5731665718110697,2.740180699002887,2.641368648796071,2.9627401130757782,2.904040029038647,2.9615532322829528,2.8953168187906773,2.5714137128847963,2.80291142860525,2.709396626770544,2.749501595113258,0.14696452261969276,0.10343268109197992,0.13351562582364196,0.13594256175866928,0.1281667386012973,0.11461896387239562,0.13201695970826935,0.13300459628085762,0.2124205596092668,0.13981401607988678,0.12857289833722177,0.138559565796168,0.12558759485809998,0.20073850227170137,0.1199332840397756,0.15235083935087704,0.1845889861209688,0.14959678106559493,0.14232664022473068,0.1340260751147131,0.1404286915039259,0.1441915648226938,0.21034484378204302,0.23970786844069994,0.14778292657000858,0.12903742870663895,0.24137263551509078,0.1686067364393314,0.1344130403725356,0.12242165205633848,0.1692656289484476,0.13060183678098636,0.1729248071827429,0.1264984172946683,0.16250876305840015,0.296932332164892,0.199361098607471,0.14618355651813306,0.1676900236304277,0.16655400241443102,0.14329366962296428,0.22476715072812029,0.1375629654474538,0.21095982034351116,0.14776544152552765,0.15551697130065256,0.12215894133440248,0.1401137614037585,0.12726566494750174,0.14660931594598497,0.14284490043640471,0.17182180186460405,0.12644597287598844,0.17929833956089491,0.1707488326952531,0.18385883117706175,0.1283760542628097,0.16565854328708585,0.10690068636324805,0.1378129113535621,0.13889376154723582,0.12687412477528487,0.11484451535556908,0.1332443475155318,0.13934165027896545,0.20235937958320685,0.14421181375692788,0.12759325091028492,0.14171236828029551,0.12562647383655642,0.20443931030445428,0.11906381046981646,0.15432233971875178,0.19745575060264853,0.14171897667333228,0.2020220560478691,0.13885819587681997,0.14084359559150983,0.14331017720302128,0.14321580259263417,0.1782859543798625,0.2058697536712749,0.14337886627157928,0.17760507515128976,0.12658090943578265,0.17112508878771904,0.3204653711406926,0.13647360104986803,0.12305849377732422,0.18296825586083693,0.13460602623867632,0.16929455142283367,0.12305889895672666,0.28964410032808563,0.1756911514188852,0.14403616223484347,0.13001724926626232,0.13376950382137937,0.21189408125522988,0.13681096460832853,0.20834181154861803,0.20081381483806027,0.14645064463347415,0.15949123762005624,0.13411228156274851,0.1329595527282069,0.1796273999416685,0.16157432106506625,0.16153543350490862,0.14093518369061853,0.18779225614451628,0.1774390243210205,0.18669364333684996,0.1254823559490337
21.0,1.7839387667962012,2.265940318362426,1.7234069156151846,2.2694748843972046,2.039245924000718,2.302110531360481,2.2952205753961294,2.739444496877643,2.8046019504410866,2.6042155937719826,2.5548517331001306,2.4347532477648968,2.227304325573305,2.5958753291619847,2.3402066183821457,2.623336716916691,2.863032705768414,2.596309453316605,2.813818034208455,3.103005458868396,2.372601866960798,2.8413936203578,2.7069332693607127,3.0613093217907306,2.438767167275261,2.9235462187348706,2.4506008936092685,2.838918023162063,3.1300910783380935,2.6326507881023336,2.8006132522170457,2.3599447359241057,2.6539466972783843,2.531303818753684,2.296963117730703,2.371327183600498,2.747785992570023,2.513150822703044,2.7897289168550437,2.587751630573545,2.3913851735559475,3.117095931450801,2.4098480885006244,2.407378542739924,2.5835132955801505,2.5753304627452627,2.6799088111281906,2.637623083377295,2.8560558590873204,2.610504691753282,2.960523928925689,2.7914308290183993,2.7766560430831704,2.6131852339213575,2.7593964938958604,2.732203416353776,2.7265209786095235,1.7853093751091664,2.292574380883479,1.7443593241972948,2.281967290511836,2.046104556147688,2.2785225678736856,2.226616275734454,2.761124163184725,2.8956709719772737,2.712621278732315,2.6243687436540943,2.4737192248463393,2.2190401542814158,2.526782065995326,2.3589791221070704,2.5798006089536103,2.812361763761217,2.700440650769222,2.8483273276672243,2.8493845895118475,3.1350489866585938,2.408410958756014,2.8577852425663153,2.6541471507696386,2.994048511888728,2.374609503579754,2.358689207692594,2.8143954269123532,2.8812848836438527,2.2440399410669123,3.156210501595715,2.631635324872452,2.842412500326043,2.344358191315541,2.649754094316566,2.4447985678683106,2.050089034301653,2.8169019376782125,2.5309885842826962,2.641702107878532,2.3742042293211054,3.097970297603984,2.457776261232204,2.2963094036187237,3.0365905020213835,2.5954773632338513,2.5626040028893753,2.726072861264161,2.6263752334110464,2.948572098410803,2.894535804216382,2.9472930229695993,2.8828116835408366,2.559471628765078,2.7874712679673705,2.701021449037006,2.7372400940752004,0.14619832946019207,0.10293517740840727,0.13290130397372327,0.1354073366840103,0.12745704409036082,0.11432680080285651,0.13158547926448488,0.13256547522128595,0.21183226733867574,0.13923659564053026,0.12797789777397875,0.1380243380936727,0.12513290043075267,0.19996471079665457,0.11949934068316818,0.1517201337171757,0.18388625015164473,0.14897149856357986,0.14185335785323605,0.13345898967021266,0.13987336484845012,0.14369983510746448,0.20937225147125474,0.23863611088396527,0.14692537372252404,0.12857786496402768,0.24021652116651715,0.1679204509420181,0.13391606056856087,0.12181908209831196,0.16860304430979806,0.13016963082414848,0.1721941599869755,0.1260550784761767,0.16164993257284568,0.29637797276500755,0.1985881074265439,0.14562089049910773,0.16680568966458859,0.16597634968098013,0.1424532828484823,0.2236470350219066,0.1369688706953731,0.210322188313914,0.14708971728300477,0.15470149625406104,0.12166066641656409,0.1395233109267138,0.1267318058337116,0.1459958297568008,0.14200702350212766,0.17106602105108598,0.12572661818887682,0.17850264868374857,0.1699428906166198,0.18367054967459956,0.12779629129636985,0.16481278255215231,0.10623030128160416,0.13709496011950664,0.13826459224950477,0.1262016620395133,0.11459616071810198,0.13272166619180154,0.13885927307188586,0.20163860401526704,0.14379532193867167,0.12705757551635927,0.14118370532104765,0.1250468868874254,0.2037366903789267,0.1186121229939856,0.1534579758288421,0.1964502371402815,0.1411212842909645,0.2008171969438778,0.1382501776557788,0.14013846536225075,0.14275055916071164,0.1425266088457289,0.17739822258715354,0.20483768771934976,0.14256829469715732,0.17666451824893828,0.1260465415229,0.1704263804336298,0.31960971612150013,0.1358733170971239,0.12254494359915134,0.18215617689482586,0.13414221090366243,0.16857361222779893,0.12247904174557728,0.28889928226391365,0.17475006988268665,0.14346377977713842,0.12924943262538863,0.13296961559518392,0.2108254385649543,0.1363101947260545,0.2077271599396542,0.19994997501407416,0.14589750345042923,0.15869367959871708,0.13345151821684936,0.13251849796656312,0.17883145453648727,0.16088191204257674,0.16050721452835576,0.14029960974982852,0.18705565632198606,0.17675836621868052,0.18636119984904145,0.12496255845249149
22.0,1.781022879868788,2.258799970214496,1.7150718308661066,2.2583307465597864,2.028422865552563,2.2948911883370693,2.2884390165454005,2.728615959032486,2.793814401506523,2.593085185720868,2.546495945806441,2.4245439818956833,2.2170452515811574,2.585672232168154,2.329670586696217,2.6162947999601998,2.856074098887931,2.5858309981211054,2.8041438228474593,3.0920464162774346,2.358986393264312,2.8293568820496,2.696742477913634,3.0532823485402636,2.42863897905739,2.912499225349187,2.4393948649988304,2.8259957901533896,3.1256104121960804,2.6214982167684258,2.791583491052234,2.3483838327734334,2.646677346173445,2.521639549471146,2.2864060179682504,2.3623001127213263,2.7389532004580746,2.5019744987612067,2.781321055541536,2.577567667646089,2.379775427811621,3.1039924480927192,2.39752036810808,2.400573340024109,2.5714165537022398,2.566104441716346,2.667126272344219,2.6240702102580356,2.84595985554576,2.599229949091164,2.9476361140210976,2.7824159854508315,2.76493731295592,2.601388893190371,2.7460695341125803,2.724879404533739,2.7160340746132885,1.7809924618071635,2.284811926367745,1.735790713927631,2.27058478280459,2.035496393128001,2.2713678976585645,2.2200478644109567,2.7494650560066356,2.8842199094734537,2.701868757214859,2.6162655072788517,2.4637434211433447,2.2081763278537196,2.5173188174196945,2.348086531880889,2.573144588982837,2.804862368010438,2.6907190764207467,2.843840910198215,2.8394510870564367,3.125056895320148,2.394918520820613,2.8470719556752595,2.645677920385916,2.98426177401926,2.364162615987806,2.3473661770340506,2.8040142856852888,2.868837010897066,2.2365591484522125,3.152614569199286,2.6202545683433613,2.8342901995839886,2.333363008468138,2.6426838137469066,2.4345793246771907,2.045536916033331,2.808572701145694,2.519325001937569,2.63168318841442,2.3626440517061673,3.083833414764128,2.445374177928146,2.2915679353460563,3.026411608845612,2.5850556160490616,2.5528833019350543,2.713266244859073,2.6127472454101452,2.9353504869779874,2.885801821098668,2.9341267240283706,2.871222645452594,2.548860149436768,2.773112752618237,2.693431111977468,2.725966209128851,0.14551433256776963,0.10247162763174407,0.13232910217772484,0.13491749141155873,0.12680559897495638,0.11409490584724266,0.13122399545692587,0.13218459606254934,0.21130537365786972,0.1387310145118937,0.12740670058009634,0.13753020103741148,0.1247248210835718,0.19926946683283298,0.11911715307757476,0.15116425421666468,0.1832696289955211,0.14842561417240588,0.14141045808374145,0.1329578408459486,0.1393345253020928,0.14324773842345506,0.20850351843699458,0.2376635424494007,0.14612828364128705,0.12813173522248023,0.2391521292244343,0.16731083231865723,0.13346171839223284,0.12125857707467444,0.1679888882944817,0.12977536181026836,0.17151408637709836,0.1256438940797824,0.16085315958033403,0.2959854140362332,0.19790297520935807,0.14511559622838055,0.16597204491650996,0.16543674222567187,0.14168288735679735,0.22261465061182187,0.1364137838487217,0.2097598704012009,0.1464696834246143,0.15391561714108884,0.1211956247097716,0.13896313363373533,0.12625359610050083,0.14542574908137879,0.1412164880480128,0.17037809347533425,0.1250453129385344,0.1777796237754586,0.16921292196218243,0.18349297115624766,0.127268135551905,0.16403338288424263,0.10560531201958646,0.13645307288037617,0.13768101043251288,0.12557910407136277,0.11439960453110165,0.13228506873983956,0.13840878396048029,0.20098390543519967,0.14340511587762098,0.12655063308393108,0.14069419943093658,0.12451270183849329,0.20308018239640652,0.11820484454789837,0.15266925958226057,0.19554422518368442,0.14056205462582022,0.19976274299363003,0.1376805886098293,0.13951425632564587,0.14221137608502096,0.14189022600012546,0.17659283580895255,0.2039082694096188,0.14181661216934258,0.17577842730645893,0.12554430717502815,0.16976924745363225,0.31893741099889944,0.1352961194209592,0.12208811531698519,0.18140441258027581,0.13370886582516614,0.1679131892439159,0.12190398680388112,0.2883110652119008,0.17388557085437717,0.14292405861299917,0.12852816871948494,0.13219823320037907,0.20981702916506959,0.13583310019453135,0.20719427482423433,0.1991774382122485,0.1453809251622999,0.15793302657051134,0.1328157794241792,0.13210695785487211,0.17811624470141113,0.1602662611707093,0.15954297393446965,0.13970518404109428,0.18638126432033916,0.17612335429347958,0.18604932211703493,0.12447495246096373
23.0,1.7784028713764517,2.252508879641078,1.7074214742305978,2.248173424735993,2.0186796458583562,2.288409680080169,2.2820653229825747,2.71856576770056,2.7837113146643873,2.5825669516076712,2.539021352987661,2.4153816066830287,2.208017392555024,2.5764636187756547,2.320243913931375,2.6094345045571434,2.849378769380331,2.5763900772867347,2.79493654799495,3.081679389706509,2.3465777483268484,2.818187045059514,2.687468324885472,3.0457058320693284,2.4195158495394096,2.9020488579284542,2.4296869522667572,2.813903449849286,3.1214581763319234,2.61142284882131,2.783420751881065,2.33794190705661,2.639837068608594,2.512553121900351,2.276902910467368,2.3537141231152954,2.7309183501750502,2.4918961375080357,2.7733831255620283,2.568189251708059,2.36946623725571,3.0917564786607725,2.3864864892801085,2.3942380621885557,2.5605633088639,2.5575653485044083,2.655657649962,2.611775230751642,2.8365578164524625,2.5890189525275504,2.935728044559202,2.7739094923699703,2.7541155287158707,2.5908781283870517,2.7337517669913645,2.718259305719979,2.7064507958869397,1.7770066657213368,2.277908780111906,1.7278732732743853,2.260246583715424,2.02587163486313,2.264929695802038,2.2139196990840406,2.7386610190206055,2.8733679824547425,2.6916687674950732,2.6089638493723304,2.45480676439995,2.19850132045795,2.5086939482519943,2.338300465817251,2.5666990915251824,2.797717857354739,2.6818597284523045,2.839251534601058,2.829966261585627,3.1154913155365747,2.382593275352243,2.837052516794133,2.6379628035896077,2.974928402817142,2.3548610770382026,2.3372476448022703,2.794209353290936,2.857170652931409,2.2291755008212784,3.1493781393128875,2.609957366552729,2.826980674458013,2.3234515832496974,2.63599973668155,2.42507907089175,2.040820086174322,2.8009600118691975,2.508720150300111,2.622383426577975,2.352433184591897,3.0707234214779504,2.4342684477803243,2.287218014962029,3.0169985043235967,2.5756947160716,2.543962199137548,2.7017009378374914,2.600423213306278,2.9230337808219438,2.877802365655975,2.922000093832882,2.8605054403173162,2.539509512553788,2.759792975425048,2.6865850117090213,2.7156321397880006,0.14490923975813838,0.10204164861136497,0.13179812061939572,0.1344717605235643,0.12621070404524015,0.11392075986165484,0.13092946210114276,0.1318598664821507,0.21083783531388117,0.138294252063816,0.12685993260747738,0.1370762522956253,0.12436201676463846,0.1986497292084878,0.11878476959374568,0.15068033476287496,0.18273546482829972,0.14795570207779857,0.14099780450665417,0.132520081097751,0.1388131431082373,0.1428349056193772,0.20773414917927494,0.23678672554046992,0.14538994060544524,0.12770000420586372,0.23817645034761412,0.16677543218571633,0.13304934646468292,0.12073915168157061,0.16742234608208958,0.1294181933962991,0.17088369249358976,0.12526429278234724,0.1601164115909888,0.29574665481174195,0.19730229783572673,0.1446656611148541,0.1651884671767023,0.164934710314763,0.14097994867664496,0.22166727132656283,0.13589720590920712,0.2092701766305497,0.1459035777971686,0.15315999355542692,0.12076333728729567,0.13843329460897358,0.12582879701646632,0.14489801398846175,0.14047266525463795,0.16975581283317934,0.1244016412107577,0.177126612867997,0.1685559126095792,0.18332749875095752,0.12678990669618526,0.1633182080452177,0.10502467975439754,0.13588425362647355,0.13714216366481327,0.12500528466708624,0.11425302453668966,0.13193015469868147,0.13799030356201386,0.20039316240619234,0.1430420399523816,0.12607262565745764,0.14024299109080435,0.12402298988328213,0.20246874933381737,0.11784086377414953,0.15195359550206025,0.19473350344004736,0.14004109967040174,0.19885132686902374,0.13714890772787114,0.13896747322599717,0.14169304459350762,0.1413053311758386,0.17586663877779088,0.20307742539535786,0.1411216622897985,0.17494560751110083,0.1250740181148301,0.1691533249147506,0.3184390249404127,0.13474265699367174,0.12168571811901129,0.18071153547782629,0.13330610999480638,0.16731147141234864,0.12133534175689027,0.28787147775844596,0.17309538221490506,0.14241711087280676,0.12785259480069897,0.13145550737151762,0.2088679507990043,0.13538030983576005,0.20674010014599858,0.19849257702887546,0.14490042250395757,0.15720889143976935,0.1322059044112741,0.1317245592478175,0.1774786045886735,0.15972402846362815,0.1586410089254945,0.1391513355556687,0.18576708739309675,0.1755334910397878,0.18575911986747637,0.12401931181046183
24.0,1.776065626187552,2.2470227357137587,1.7004270858290613,2.2389551169714226,2.009963898893448,2.2826219979025435,2.276080709084305,2.7092577478968534,2.7742645668268744,2.5726347157554756,2.5323839909262675,2.4072136634701264,2.2001549392359627,2.568199511569884,2.311868520816129,2.6027481203511944,2.8429271602422417,2.5679324584200676,2.786175267582793,3.071879090195528,2.3353177242234446,2.807839013952413,2.679060151797284,3.0385474658386555,2.4113429727845013,2.892171531559541,2.4214060902951684,2.8026008956155337,3.117614767059619,2.6023753390414837,2.776083956912858,2.3285639097156396,2.6334022790908174,2.504018247550279,2.2683996594918443,2.34555302771206,2.723643146237577,2.482858135229713,2.76588826671609,2.5595742909129493,2.3603907229468533,3.0803420186098864,2.3766795476724774,2.388350053183418,2.5508877714449514,2.5496775377090177,2.645437612216125,2.6006782165950044,2.8278176658340737,2.579816630349795,2.9247473161598343,2.7658817608010655,2.744146091968263,2.5815850591859006,2.722398390423858,2.712303695772727,2.6977246823559073,1.7733423452901182,2.2718214664554894,1.720582523052965,2.250902626901613,2.0171847392768405,2.2591648515969243,2.2082100447872315,2.7286728246893586,2.8630907907007566,2.6819949707362105,2.6024231777123767,2.4468558301288086,2.189952315867989,2.500865294038083,2.3295633298516196,2.560453584166575,2.7909074371961093,2.673816058091054,2.834556842860447,2.820910540726496,3.1063345355192973,2.3713794627053666,2.8276908801997127,2.630958287170975,2.9660211983745985,2.346643657447566,2.3282717830519832,2.784955834959224,2.846248571311724,2.221892224389982,3.1464789422172004,2.6006956505309526,2.8204400197467514,2.3145695670614588,2.6296810680641425,2.416264310817886,2.0359549808268684,2.794028684801006,2.4991188068212646,2.613765038785694,2.3435040824179634,3.058587062964621,2.4243915659815656,2.283237607303314,3.0083130589200175,2.5673368241173087,2.5357984246862917,2.6913170282493337,2.589341665612359,2.91158048198729,2.87050172385876,2.9108588907566952,2.850615803926379,2.531349955770053,2.7474690292549764,2.68044254434873,2.706190085566444,0.14437988240999877,0.10164488212604611,0.13130746916638494,0.13406892228639739,0.12567075217563067,0.1138019663365439,0.13069892413368206,0.13158929864102303,0.21042769782009038,0.13792343655669373,0.12633819504991492,0.13666165551012682,0.12404322005688455,0.19810258449556647,0.11850033756949407,0.1502656854098567,0.18228028323703077,0.14755847719168744,0.14061526557582477,0.13214331349350372,0.13831012794306874,0.14246098569450666,0.20705982651457525,0.2360023559364629,0.14470874823097168,0.1272835825761568,0.23728661168884618,0.16631192381671167,0.13267837116274722,0.1202598823755353,0.1669026154310866,0.12909733748960814,0.1703021252764807,0.12491575043270313,0.15943776708680443,0.29565405476089923,0.19678280662272035,0.14426917195995165,0.16445437182790307,0.16446979510911666,0.1403420750202691,0.22080231022044502,0.13541867503323243,0.2088505510184324,0.14538973188003693,0.15243527897239514,0.1203633695767466,0.13793388482083185,0.1254553512740163,0.14441164197212317,0.13977500463037465,0.16919708001969122,0.12379521363492714,0.17654108023646445,0.16796900344573057,0.1831754322514376,0.12636004980930035,0.1626652580141213,0.10448745372387509,0.13538555611032008,0.13664723441114848,0.12447903738275454,0.11415468871742246,0.13165272607119086,0.13760396241415845,0.19986437968174092,0.1427068850626076,0.12562374837653592,0.13982927006903562,0.12357693314998319,0.20190140719740488,0.11751915874581415,0.15130861758582095,0.19401410896358023,0.13955825640591837,0.19807599241485238,0.136654651307021,0.1384948473438017,0.14119596022457326,0.14077068394147343,0.17521669627424533,0.2023412526048618,0.14048142204026465,0.17416489698744925,0.12463545330780088,0.16857828300688987,0.318105545223784,0.13421359430148336,0.12133553210015148,0.1800762112260044,0.13293407616768638,0.1667667768799682,0.12077460892804126,0.2875729156526001,0.1723773789892803,0.1419430515260646,0.12722191265566585,0.13074158802167316,0.20797734247216804,0.13495243730394157,0.20636177841672326,0.19789189936736518,0.14445553595862143,0.15652093045907245,0.13162274261181262,0.13137096158132094,0.17691553273965469,0.15925201312478554,0.15779973125547475,0.13863747720105749,0.18521125267152308,0.17498831977928106,0.18549162133293962,0.12359544647787803
25.0,1.773998029170472,2.2422972275041335,1.6940599057818992,2.230628021311719,2.0022232586332054,2.2774841331169564,2.2704663892272094,2.700655724636342,2.7654460349062298,2.563262302487319,2.5265398959047776,2.399987693600167,2.193392082365013,2.5608299331362456,2.3044863280789607,2.5962279369860224,2.836699714470324,2.5604039091276327,2.777839039542848,3.0626202287844313,2.325148113029152,2.798267693293169,2.671467300170109,3.0317749433089816,2.4040655428557973,2.8828436613292974,2.414481213966172,2.7920480208178997,3.114060580693164,2.5943063422094097,2.7695320283569203,2.320194791692531,2.62734939212716,2.4960086379299002,2.2608421293054843,2.3378006394412947,2.717089293162299,2.4748028882124675,2.7588096188033147,2.551680693414221,2.3524820059437004,3.069703063394938,2.368032638940952,2.3828866569588696,2.5423241518252038,2.5424053639297943,2.6364008273412236,2.5907192395250362,2.819707327717225,2.571567910845216,2.914641524442812,2.7583032017693547,2.734984404318337,2.573441805261424,2.711964602301636,2.7069731505522285,2.6898092739456376,1.7699898589519676,2.266506509738005,1.7138939840787732,2.2425028460204284,2.009390164292971,2.2540302543360315,2.2028971665539925,2.7194612454755696,2.8533639339911376,2.672821028101509,2.5966029000768756,2.4398371938425267,2.182466497857662,2.4937906903238285,2.321817529919432,2.5543975344929164,2.784410312936542,2.6665415165641644,2.8297544769610488,2.812264352106149,3.097568843479711,2.36122132323444,2.818951000168807,2.6246208579202754,2.957512960783871,2.3394491279325678,2.3203767638379507,2.776228935920073,2.8360335276028295,2.2147125453741285,3.1438947081928643,2.592421351308427,2.8146243302488294,2.306662611304694,2.6237070128383735,2.408101548761449,2.030958036093247,2.787743534893384,2.490465748951969,2.6057902414540592,2.3357891996240294,3.0473710844433453,2.415676027724643,2.2796046772066534,3.000317143099625,2.559924101002053,2.5283497087707074,2.6820546041444873,2.579441130841288,2.9009490925186405,2.863864181677478,2.9006488731733633,2.8415094720711465,2.5243117167394904,2.736098006975234,2.6749631060136942,2.697592245977988,0.14392320270673842,0.10128099344745962,0.13085626677766732,0.13370779226493187,0.12518421883423045,0.11373624350041761,0.13052951416569816,0.13137100072392646,0.2100730865651484,0.1376158306037288,0.125842070488176,0.13628563232102306,0.12376723229870301,0.19762523290750497,0.11826209835780958,0.1499177725374616,0.18190077407006283,0.1472307850296523,0.14026271699759293,0.13182527457619916,0.13782634504213395,0.14212564772959532,0.20647639813554086,0.235307253622934,0.14408321709323688,0.12688333076263195,0.23647986039750127,0.16591809003753538,0.13234830128646843,0.11981990183755037,0.1664289080992978,0.1288120536883593,0.16976857300038753,0.1245977850811453,0.15881540576253775,0.29570029431265543,0.19634135380133472,0.14392430741920673,0.16376921505855288,0.16404154799294002,0.13976700391921987,0.22001730675832976,0.13497776751099408,0.2084985552840356,0.14492656380776936,0.1517421277252425,0.11999532848303136,0.13746501975192735,0.1251313588735418,0.14396571971636096,0.1391230285924922,0.16869989337184263,0.12322566550487482,0.17602059607007847,0.16744947390702639,0.18303797992259702,0.12597712058752952,0.16207265181660482,0.10399276121482529,0.13495407826395012,0.13619543506997125,0.12399919971399175,0.11410294924789617,0.1314487708264905,0.1372499026554794,0.19939567487755103,0.1424003969645848,0.12520418944269326,0.13945226837479277,0.12317381579037705,0.20137721644681925,0.11723879123712379,0.1507321629284533,0.1933823018330612,0.1391133889981186,0.19743015455421656,0.13619737297104156,0.13809331297037467,0.14072050280254778,0.14028512027933046,0.17464026859457632,0.20169600399468857,0.13989399344878972,0.1734351699252804,0.12422837022361014,0.1680438235044183,0.3179283341818909,0.13370960970930026,0.12103540424741159,0.17949718724664485,0.13259291156860686,0.16627753996148098,0.1202232067683864,0.28740810231065106,0.17172956838053363,0.1415020000043515,0.1266353880595393,0.13005663362247688,0.20714438610671673,0.1345500840594822,0.20605662433695046,0.19737203604948864,0.14404582679404743,0.15586884486564515,0.13106715675807915,0.13104585881988887,0.17642417106652783,0.15884713869507433,0.15701766056481897,0.13816301520353538,0.18471199120891899,0.17448742027640338,0.18524778246707319,0.12320319756957658
26.0,1.7721869651935833,2.238288044083766,1.6882911742095252,2.223144335802455,1.995405359052972,2.272952077036169,2.265203577787956,2.6927235229339916,2.7572275958146752,2.5544235361262695,2.521445104205746,2.3936512384163553,2.187663012683233,2.5543049060601084,2.29803925644841,2.5898662441052704,2.8306768750612323,2.5537501970159986,2.7699069218069954,3.0538775165131575,2.3160107068190285,2.789427987646677,2.6646391115250028,3.0253559579410245,2.3976287538164778,2.8740416623246086,2.4088412581618726,2.7822047188221486,3.110776013546562,2.5871665131055477,2.7637238884225246,2.3127795039292933,2.6216548222245866,2.4884980045482274,2.254176184172093,2.33044077123265,2.7112184954658436,2.4676727927424698,2.7521203216232895,2.544466367365372,2.345673207304901,3.059793608470843,2.360478858741283,2.3778252174650896,2.5348066603844437,2.5357131817662943,2.628481963571889,2.5818383712786566,2.812194726128571,2.564217722301166,2.905358265027964,2.7511442263000645,2.7265858673713605,2.5663804862881046,2.702405600516353,2.7022282459186937,2.6826581105815572,1.7669395651453264,2.2619204342989634,1.7077831771672138,2.2349971747291377,2.0024423678353003,2.249482793312221,2.1979593294178392,2.7109870538419707,2.8441630121055335,2.664120600754228,2.5914624242436943,2.4336974310537536,2.1759810502008485,2.4874279726550967,2.3150054719561086,2.5485204100901426,2.7782056899780363,2.6599895550987642,2.8248420788875217,2.804008123351659,3.0891765276292618,2.3520630972939256,2.8107968309782003,2.6189070026277443,2.9493764901371806,2.3332162592098467,2.3135007592148753,2.7680038614034173,2.8264882833695437,2.207639689989567,3.1416031675205427,2.5850863999155904,2.80948970076285,2.2996763673806675,2.6180567759479385,2.4005572890283315,2.0258456880757256,2.782069377098588,2.482705754143183,2.5984212509995515,2.32922099064975,3.0370222311332813,2.4080543282023754,2.2762971895087367,2.992972627327118,2.5533987075416777,2.5215737815802384,2.6738537535728604,2.5706601375059557,2.8910981144606183,2.8578540250825943,2.891315799456482,2.8331421805429913,2.518325033116027,2.7256370014529887,2.670106092820996,2.6897908205364036,0.14353624187669303,0.10094967013854221,0.13044364140433745,0.1333872179859577,0.12474965351592321,0.11372141661384327,0.13041844899378022,0.1312031688928273,0.20977219859701937,0.1373688174388771,0.12537212857692207,0.13594745520990328,0.12353291979018494,0.19721497520495368,0.1180683825039899,0.1496342006932722,0.18159377370878038,0.14696959199638265,0.1399400441406235,0.1315638185030372,0.13736263011285302,0.14182858262003967,0.20597986380695774,0.23469835409100032,0.14351195323618204,0.126500062909966,0.23575354864159892,0.16559181193686776,0.13205871782178222,0.1194183941653899,0.1660004510837946,0.12856164873237094,0.16928226580151626,0.12430995267959692,0.15824759948433623,0.295878337243135,0.1959748989792561,0.14362933102431147,0.1631324968554243,0.16364953028051393,0.1392525898660261,0.21930991479149145,0.13457409868863326,0.2082118540022906,0.14451257189966998,0.1510812015031516,0.11965885991549115,0.13702683837516913,0.12485505519611435,0.14355939562433445,0.13851632743680178,0.16826233976925456,0.12269265535590014,0.17556282694598452,0.16699472674675403,0.18291626982841117,0.12563977180470962,0.16153861211447076,0.10353979832954535,0.13458695683133598,0.13578600372347796,0.12356461652352747,0.11409623670434618,0.13131444708242337,0.13692827991791348,0.19898526627486005,0.14212328410292066,0.12481413033127477,0.13911125404882246,0.12281301590542062,0.20089527452705244,0.11699890146738545,0.15022224779400367,0.19283454168238387,0.13870639106956556,0.1969075615509078,0.13577666392904258,0.1377599855401438,0.1402670416151649,0.13984754705684607,0.17413478900274115,0.20113807498481756,0.1393575955755433,0.17275533940887905,0.12385251508730623,0.16754967670091922,0.31789908877348183,0.13323139447135435,0.12078324424315566,0.178973282599996,0.13228277896013993,0.16584229933537048,0.11968248966048571,0.2873700519412159,0.17115007590600814,0.14109408203188956,0.1260923501340029,0.12940082000282715,0.20636830814793244,0.13417384241032723,0.20582210081340174,0.19692972930629915,0.14367087125747818,0.15525238256738844,0.13054002603804118,0.1307489811119013,0.17600178563004262,0.15850643929772945,0.15629341800706775,0.1377273576739895,0.18426762364355098,0.17403040526017455,0.18502849604559224,0.12284243283893223
27.0,1.7706193191252608,2.234950874524265,1.6830921312323401,2.2164562584892784,1.9894578341281097,2.268981820972946,2.2602734891431586,2.6854249678048006,2.7495811264644,2.5460922409954048,2.5170556521116882,2.388151839261895,2.1829019209316822,2.548574452926889,2.292469226652949,2.583655331352601,2.8248390850116163,2.547917089691724,2.76235797230708,3.045625664421626,2.3078472976681264,2.781274801577819,2.6585249273830085,3.019258203195544,2.391977799729693,2.8657419496323118,2.4044151577643973,2.773030882994042,3.107741461933822,2.58090650651039,2.75861845931901,2.306262997367945,2.6162949838901564,2.4814600589142524,2.248347688355465,2.323457236015796,2.705992457664868,2.4614102451059714,2.7457935149756114,2.537889220919881,2.339897448089116,3.0505676492925025,2.3539513027292176,2.373143078652229,2.528269507502497,2.5295653458181544,2.6216156891427533,2.57397568359272,2.805247785094736,2.5577109930049646,2.896845133535102,2.7443752454184343,2.7189058827325674,2.560333221940438,2.6936765829596037,2.698029557732376,2.6762247321890937,1.7641818223086392,2.2580197644779054,1.7022256231336794,2.2283355466850105,1.9962958078276736,2.2454793578182666,2.193374798412272,2.7032110222512125,2.835463624823559,2.6558673498576164,2.586961157990709,2.428383117275113,2.1704331566713875,2.481734976577767,2.3090695618971004,2.5428116785441595,2.7722727737225905,2.6541136249220263,2.819817290624549,2.796122282090124,3.081139876179355,2.3438490252382644,2.8031923269047088,2.6137732080836162,2.9415845865267687,2.3278838219960303,2.307581941237512,2.7602558166391753,2.817575600176708,2.200676884452123,3.139582050480892,2.578642727382818,2.8049922260874514,2.2935564866906297,2.6127095623364998,2.3935980359243945,2.0206343728765637,2.7769710263688943,2.4757835998458537,2.5916202838386933,2.3237319099347795,3.027487248253623,2.401458962607565,2.2732931090462594,2.9862413820672242,2.5477028045520433,2.515428373304312,2.666654564584338,2.5629372141192768,2.8819860498578374,2.8524355400445756,2.8828054279796143,2.8254696651332716,2.5133201425535634,2.7160431055554417,2.66583090088771,2.682738008755506,0.14321612940893294,0.10065062110382031,0.13006873031863514,0.13310607451060075,0.12436567205731226,0.11375541049440283,0.13036302608615388,0.13108407963762725,0.20952329503028286,0.13717988801219488,0.12492893139419557,0.1356464410898601,0.12333921012228259,0.1968692005381882,0.11791760506304663,0.1494126959569777,0.18135624865527178,0.1467719760610572,0.13964714441511353,0.1313569023967188,0.13691980307285545,0.14156950460076614,0.20556636317105578,0.2341727000664889,0.14299364751533294,0.1261345508839203,0.2351051200113079,0.16533105836213768,0.13180926471103246,0.11905459073327752,0.1656164877077574,0.1283454759920049,0.16884247616004378,0.1240518433465053,0.15773270389713254,0.2961813958024864,0.19568049654684674,0.1433825847352119,0.16254376375645227,0.1632933132015433,0.1387967928856008,0.2186778912945766,0.13420732379830233,0.20798820104945465,0.14414632864916535,0.15045317538786865,0.1193536466175336,0.1366195024075629,0.12462479106524528,0.14319187304029418,0.1379545546667677,0.1678825864790629,0.12219586393110259,0.17516552705090793,0.16660227393841337,0.1828113606749454,0.12534674093032266,0.16106145139298145,0.10312782151265351,0.1342813623406744,0.13541820054270923,0.12317414293619346,0.11413305457285121,0.13124606804009714,0.13663926536009988,0.198631461686648,0.14187622499579608,0.12445374621984343,0.13880552569272264,0.12249399822314305,0.2004547093680907,0.11679870330278505,0.14977704591804633,0.19236746597390886,0.13833718799984598,0.1965022596058031,0.13539215340405714,0.13749214134669258,0.13983594035459582,0.1394569369424051,0.1736978430478504,0.20066399056199158,0.1388705567929522,0.17212435990900632,0.1235076321668351,0.16709559874415708,0.3180098027132027,0.13277965227277283,0.12057702018464454,0.17850337885761278,0.13200385799711828,0.1654596873461426,0.11915376622778,0.28745203518870777,0.17063713261127353,0.14071943160987874,0.12559219059705087,0.12877434853852726,0.20564838107251793,0.13382429854502628,0.205655797153946,0.19656182210310882,0.14333025574560437,0.15467133982041686,0.13004224920949795,0.1304800961719622,0.17564574910090472,0.1582270469430447,0.1556257201634058,0.1373299223716425,0.18387654730012537,0.17361691769753607,0.18483460053956743,0.12251304274057963
28.0,1.769281975833879,2.2322414078972077,1.6784340169707532,2.2105159874177858,1.9843283178339663,2.2655293562400662,2.2556573376694566,2.6787238842637304,2.7424785037676576,2.538242241417767,2.5133275759051092,2.383437037479982,2.1790429978513988,2.543588596321972,2.2877181594210803,2.5775874883716994,2.8191667873181223,2.5428503547613373,2.7551712489749733,3.0378393835497812,2.300599677651506,2.7737630396514685,2.6530740892651834,3.0134493725332714,2.3870578746585958,2.8579209383392876,2.401131847655861,2.7644864066993504,3.1049373221689254,2.5754769772043904,2.7541746632556734,2.300590222950486,2.6112462916308434,2.4748685125369603,2.24330250611941,2.3168338467203866,2.7013728842759894,2.455957641589136,2.739802338659846,2.5319071622312346,2.3350878493549727,3.041979181314817,2.348383066560543,2.3688175844704427,2.522646903559168,2.523926210684929,2.6157366722884228,2.5670712482041806,2.798834428642359,2.551992651243968,2.8890497255840377,2.7379666701497025,2.711899852007227,2.555232131892941,2.685732747523011,2.694337661853501,2.670462678693691,1.7617069888803543,2.254761024614337,1.6971968427935862,2.2224678955453325,1.9909049421938696,2.2419768371470106,2.1891218385707965,2.696093923166019,2.82724137192488,2.648034936574916,2.5830585090957867,2.423840828019229,2.1657600010431466,2.476669537637688,2.30395220567785,2.5372608074409153,2.766590769572199,2.6488671772611214,2.8146777541568095,2.7885872559486304,3.073441177341397,2.3365233474219154,2.7961014422250914,2.6091759610781566,2.9341100500448585,2.3233905870077805,2.3025584819606055,2.7529600068572897,2.809258239589133,2.1938273549776466,3.1378090873545657,2.5730422647405438,2.801088001021262,2.288248620635853,2.6076445769477434,2.3871902937555127,2.0153405265980133,2.772413297656565,2.4696440635109354,2.5853495563879516,2.3192544119187852,3.0187128810235633,2.3958224261329946,2.270570400655927,2.9800852777846334,2.542778552849013,2.509871214132368,2.6603971252288123,2.556210889194178,2.87357140075491,2.8475730125338754,2.8750635171163204,2.818447661633364,2.5092272827060373,2.7072734121497852,2.662096926330936,2.676386010149087,0.14296007321597962,0.10038357590540047,0.12973068081743014,0.13286326079911664,0.12403094979290707,0.11383624230280674,0.13036062005904533,0.13101208250969865,0.20932469403037637,0.13704662891899694,0.12451303847834028,0.1353819455830921,0.1231850886587315,0.1965853751651345,0.11780826106306126,0.1492510907057729,0.1811852803393815,0.14663511780615446,0.13938392958390933,0.13120257284688927,0.13649868066061333,0.14134815256068917,0.20523216413702675,0.23372743363848966,0.14252706572743384,0.12578752829198012,0.23453209718443124,0.16513387617478986,0.1315996405512057,0.11872776666318687,0.165276278583218,0.1281629350162568,0.1684485193136745,0.12382307810644864,0.15726915062068084,0.29660289825898395,0.19545528398861084,0.14318248299442732,0.16200261135422286,0.16297247808770338,0.138397667971124,0.2181190858396087,0.13387713867315026,0.20782542721536473,0.1438264751336442,0.14985874344956807,0.11907940622038328,0.13624319578922767,0.12443901461823584,0.14286240410215198,0.1374374226587715,0.16755887365052083,0.12173499348234135,0.17482653010309596,0.1662697236359786,0.1827242521766367,0.12509683881218772,0.16063955960006912,0.10275613981758615,0.13403449450479046,0.13509130479738413,0.12282664687719705,0.11421197408517714,0.1312400877172692,0.13638304778604052,0.19833264832124767,0.1416598752265878,0.12412320661352108,0.13853440765535072,0.12221630745277168,0.20005467373464614,0.1166374798974574,0.14939486884282765,0.19197786991373186,0.13800573921570733,0.1962085597495245,0.13504350917901195,0.13728719876940695,0.13942756178995688,0.1391123237167705,0.17332714963445978,0.2002703930380333,0.13843130733825232,0.1715412294146134,0.1231934721450333,0.1666813693142823,0.3182527310817969,0.13235509920610158,0.1204147542960924,0.1780864118837262,0.13175634680706827,0.16512842030062877,0.11863831626918084,0.2876475471883322,0.17018906333417522,0.14037819311291305,0.12513436289886787,0.12817745371662084,0.20498392476396812,0.13350203550470882,0.20555540924802218,0.19626524825461983,0.14302357279968866,0.15412556285187004,0.12957474759162402,0.1302390104067198,0.17535352479932007,0.1580061798509634,0.15501337324082307,0.1369701437046881,0.18353722457705302,0.17324662869385057,0.18466688868222117,0.122214937021464
29.0,1.7681618201878158,2.2301153332741777,1.6742880715451762,2.2052757206336104,1.9799644441459112,2.2625506741502805,2.2513363377434934,2.672584097325787,2.735891604636637,2.5308473617164178,2.510216911868535,2.3794543744138146,2.176020434183427,2.5392973588307517,2.283727975481325,2.571655004806209,2.8136404249774007,2.5384957598314157,2.748325809742553,3.030493384937535,2.294209638844213,2.7668476064325067,2.6482359386925607,3.0078971594149246,2.3828141726663663,2.850555043532365,2.3989202627183785,2.756531183303846,3.1023439905658643,2.570828579968033,2.750351422441829,2.29570613161892,2.6064851599536842,2.4686970769253263,2.2389865017277324,2.3105544162760876,2.69732147981586,2.451257378478199,2.734119932475594,2.5264780994529232,2.331177532161129,3.0339821999926895,2.343707245890987,2.3648260788699096,2.5178730589342417,2.5187601309662253,2.6107795812435124,2.5610651368499036,2.792922580798083,2.547007625305497,2.881919636794608,2.7318889115191056,2.705523176800565,2.5510093358201185,2.678529292098219,2.6911131341423045,2.6653254900207757,1.7595054232989291,2.252100739047776,1.6926723569623312,2.217344154967359,1.9862242288577285,2.23893212059129,2.18517871492689,2.6895965290490857,2.819471853189115,2.6405970220693904,2.579713885336796,2.4200171387987495,2.161898767089982,2.4721894913807447,2.2995958092337934,2.531857264366282,2.7611388829288486,2.6442036633431667,2.8094211114689585,2.781383472554255,3.0660627193267946,2.330030304199344,2.789488131216147,2.60507174840162,2.9269256807836634,2.3196753249617346,2.2983685534388774,2.7460916372876745,2.801498963171651,2.187094327781959,3.1362620084222024,2.5682369430191714,2.797733120362898,2.2836984206175734,2.6028410247253495,2.381300566827561,2.0099805853423627,2.7683610059138815,2.4642319225893536,2.5795712850638277,2.3157209510413983,3.010645874662279,2.3910772139714873,2.2681070291744643,2.9744661849441028,2.5385681132484246,2.50486003425383,2.6550215235562056,2.550419691243535,2.8658126691964623,2.84323072852094,2.868035825240206,2.8120319058346332,2.5059766912273753,2.699285014103234,2.6588635652677133,2.6706870242309235,0.14276535071049515,0.10014828435563396,0.12942865125582975,0.13265769677211375,0.12374421551362079,0.11396201461088931,0.13040867915387924,0.13098559322506784,0.20917476433351057,0.13696671115621084,0.12412501158072815,0.1351533579383171,0.12306959519463526,0.1963610319932153,0.11773892111513756,0.14914730967155942,0.18107805105808092,0.14655629183459376,0.13915032797979573,0.1310989535019728,0.13610008796875947,0.14116429115095958,0.20497365183125815,0.23335978876384192,0.1421110394850571,0.12545969449226438,0.23403207075154894,0.16499838124194108,0.13142959114691635,0.11843723785679859,0.16497910247953343,0.12801347115577155,0.16809975358775503,0.12362330602913353,0.15685543998172302,0.29713645874230954,0.19529647106659606,0.14302750725838326,0.16150868654727257,0.16268661670154433,0.13805335532799864,0.21763143078864586,0.13358328033428876,0.20772142887744982,0.1435517158124172,0.14929862392463356,0.11883588946351156,0.13589812434847934,0.12429625482636368,0.14257028417226622,0.1369646986458889,0.16728950738208484,0.12130976736168475,0.1745437419337932,0.1659947681237618,0.18265589496044649,0.1248889393409857,0.16027139310673688,0.10242410789041848,0.1338435781058122,0.13480461242602768,0.12252101139062455,0.1143316294011467,0.1312930875067006,0.1361598358072532,0.19808728358218985,0.14147487408982284,0.12382267615500311,0.1382972458100412,0.1219795622477439,0.1996943403284741,0.11651457975283112,0.14907414810919173,0.19166268791684865,0.1377120404418219,0.19602100698168,0.1347304382228775,0.13714270093925726,0.13904227215449685,0.13881279794242463,0.1730205437405956,0.19995403045047172,0.13803837211973102,0.17100499119387055,0.12290979962573344,0.16630678960280812,0.3186203573278274,0.13195846410250128,0.1202945186889357,0.1777213644358127,0.13154046374883271,0.1648472896610669,0.11813740642692626,0.28795027792329925,0.16980427598905934,0.14007052346611643,0.12471838124289418,0.1276104100662953,0.2043743077326387,0.13320763606024572,0.20551872156605633,0.19603702328632494,0.1427504178052409,0.15361494939113246,0.12913846787838193,0.13002556979733657,0.17512265221373063,0.1578411317437433,0.15445526755025957,0.13664747900979674,0.1832481724911182,0.1729192359222377,0.1845261156782508,0.12194804184258455
30.0,1.7672457370554355,2.2285283397267674,1.6706255350760169,2.20068765618236,1.9763138470392885,2.2600017660163707,2.2472917037419,2.666969432005925,2.7297923059835774,2.5238814262144302,2.5076796962844967,2.376151391406575,2.1737684206688366,2.5356507630386087,2.2804405955621796,2.5658501702998042,2.808240440986101,2.534799072508499,2.7418007125416737,3.0235623796248334,2.2886189733213165,2.7604834064858155,2.64395981718621,3.002569257301253,2.3791918878161447,2.8436206802984607,2.3977093378340393,2.749125106173286,3.0999418634386715,2.566911969581798,2.7471076590867556,2.2915556743152647,2.6019880033656744,2.4629194635883693,2.235345539444221,2.3046027576125767,2.693799948801105,2.447251852059342,2.7287194362224434,2.5215599407384217,2.3280996175662327,3.0265307007810236,2.339856936376343,2.3611459058007944,2.513882184007562,2.5140314612616392,2.606679084242639,2.5558974212668133,2.7874801655885486,2.5427008434769016,2.875402462786636,2.7261123805519016,2.699731258717853,2.5475969533964404,2.672021414576818,2.688316550458995,2.6607667060957896,1.757567484002804,2.2499954321177347,1.6886276864553182,2.212914258608376,1.9822081257430277,2.2363020974439145,2.181523692514064,2.683679612363105,2.812130668395905,2.633527267504272,2.5768866944916224,2.416858625126287,2.1587866385857666,2.4682526733527914,2.2959427785003634,2.526590516906223,2.755896319194541,2.640076534395342,2.8040450045456615,2.774491359534088,3.058986790346982,2.3243141359249817,2.7833163481546643,2.6014170568442316,2.9200042788354446,2.3166768065745384,2.294950327727077,2.7396259131602774,2.7942605324890963,2.1804810290809153,3.134918543964483,2.564178693249082,2.794883678910993,2.2798515380370596,2.598278110612992,2.3758953594464107,2.004570985211859,2.764778966093106,2.459491954532076,2.5742476862828068,2.3130639817422947,3.0032329743889448,2.387155821315828,2.2658809594385407,2.9693459740103143,2.535013646566152,2.500352563858128,2.6504678476163948,2.545502148780255,2.858668357227117,2.8393729739762694,2.8616681107248163,2.8061781335284497,2.5034986057714845,2.6920350042829373,2.656090213815186,2.6655932505148243,0.14262930075971322,0.09994451639536402,0.12916181237451924,0.13248832099057953,0.12350424619060806,0.1141309087636213,0.13050472172145589,0.13100308712565117,0.20907191926558813,0.13693787968820995,0.12376541916566858,0.1349600965508165,0.12299182081092043,0.19619376090168394,0.11770822716611617,0.14909935719231668,0.18103183096939512,0.14653285852130749,0.13894628661311284,0.13104423369425808,0.13572486895244337,0.14101771169607208,0.20478731808625042,0.23306708412985833,0.14174445780005548,0.12515171857760252,0.2336026891142675,0.16492275014475177,0.13129890285204399,0.11818235854132808,0.16472425712814195,0.1278965752718495,0.16779558063483138,0.12345220170581704,0.15649013423642158,0.2977758492726517,0.19520132984567332,0.1429162009831,0.16106168954114805,0.16243533166471943,0.13776207137684288,0.217212932192182,0.13332552744520781,0.2076741576505007,0.14332081368670704,0.1487735639990821,0.11862287854316285,0.13558451562515608,0.12419510652050036,0.14231484680322384,0.13653620100806246,0.16707285329879112,0.12091992986846511,0.17431513369371002,0.1657751726994555,0.18260720002855646,0.12472197002269556,0.15995546487190057,0.1021311196477587,0.13370585939226015,0.13455743412680798,0.1222561368407611,0.11449071314758387,0.1314017635689014,0.1359698600186566,0.19789388674829356,0.14132185093454483,0.12355231561289488,0.13809340386901708,0.12178344971914411,0.199372897563759,0.11642941317256884,0.14881341915137403,0.19141897653862025,0.1374561258901774,0.19593435159763484,0.13445268737284166,0.137056299774631,0.13868044524472492,0.1385575029624576,0.17277596068672585,0.19971174559337443,0.13769036376094834,0.1705147351839399,0.1226563998248411,0.16597168056299627,0.3191053625653545,0.1315904891503888,0.12021443120704554,0.17740725951285322,0.13135644931241303,0.16461515405203678,0.11765230468398176,0.2883540847743148,0.16948125183912333,0.13979659438040204,0.12434381949463366,0.12707353845381683,0.2038189481686357,0.13294168547698054,0.2055435908353923,0.1958742359973135,0.14251038630086163,0.15313945007994342,0.12873438473870905,0.12983966054840812,0.1749507339057749,0.15772926205486426,0.15395037226157968,0.13636141415415842,0.1830079532729172,0.1726344625058615,0.1844130070271009,0.12171229742025912
31.0,1.766520611305123,2.2274361163265675,1.6674176476836724,2.196703992109641,1.9733241604894542,2.257838623151078,2.2435046500413316,2.661843713319143,2.7241524847207015,2.517318259234862,2.5056719654355173,2.373475629801482,2.172221148048665,2.532598831530966,2.27779794039214,2.5601652744961503,2.8029472783408695,2.531706060399168,2.7355750153041867,3.0170210786515907,2.2837694731578595,2.7546253443762856,2.6401950662671445,2.997433359652981,2.37613621417111,2.837094263724388,2.397428007884996,2.742228068673452,3.097711337101328,2.5636778008261265,2.744402295399789,2.2880838019815326,2.597731236373827,2.4575093840350593,2.2323254835326862,2.2989626836594925,2.69076999574836,2.443883458618777,2.723573989699957,2.517110594241217,2.325787226628938,3.0195786791347103,2.3367652336723337,2.357754409213242,2.5106084891588996,2.509704556170756,2.6033698495204227,2.551508173191807,2.782475107040394,2.5390172340455055,2.8694457991799234,2.7206074882732985,2.6944794993643377,2.544927104296425,2.6661643128504346,2.6859084866638425,2.656739866844148,1.7558835294304185,2.248401628163745,1.6850383520879557,2.2091281401256406,1.9788110907735998,2.2340436569977,2.1781350363658256,2.6783039455707716,2.8051934173248987,2.6267993340428157,2.574536344338131,2.4143118625144844,2.1563607993043274,2.4648169190996985,2.2929355194130094,2.5214500326466402,2.750842283771284,2.636439241644786,2.7985470753716006,2.767891344515224,3.0521956786133626,2.3193190829533226,2.777550047317465,2.5981683731962377,2.9133186442924104,2.3143338025628384,2.2922419768799283,2.73353803970501,2.7875057091062727,2.1739906850903323,3.133756424262044,2.5608194464607164,2.792495771464157,2.27665362429557,2.593935039554354,2.3709411759179573,1.9991281623087758,2.7616319931464943,2.4553689367900344,2.5693409764613717,2.3112159584611356,2.9964209254227594,2.383990743358837,2.2638701562848818,2.9646865154480064,2.532057313618029,2.49630653313469,2.646676185459265,2.5413967903172514,2.852096966891472,2.835964034870269,2.8559061319437467,2.800842080506185,2.5017232639922873,2.6854804755561292,2.6537362680903898,2.6610568885145764,0.14254931647916497,0.09977206226505525,0.12892934889128957,0.13235408889344458,0.12330986242965376,0.11434117853953417,0.1306463327145799,0.13106309298860974,0.20901461122763146,0.1369579437950226,0.12343484069151378,0.1348016050576499,0.1229509049401692,0.19608119980879657,0.11771488838625728,0.14910530557092838,0.18104396607202247,0.14656225609640527,0.13877177316225886,0.1310366580439114,0.1353738959656982,0.1409082329206449,0.2046697514475476,0.23284671636242749,0.1414262593451039,0.12486424333335283,0.23324164938461733,0.16490521258697358,0.13120739664044034,0.11796251928628063,0.16451105999465515,0.12781178353846737,0.16753544558254835,0.12330946301319494,0.1561718512431252,0.2985149738674805,0.1951671855336412,0.14284716504406048,0.16066137560468297,0.16221823695598062,0.13752210047277844,0.21686166138562446,0.13310370063619933,0.20768161094323473,0.14313258580123825,0.14828434422183553,0.11844018556739537,0.13530261883397895,0.12413421679473718,0.14209545920404584,0.1361517958618769,0.16690733059103433,0.12056524632525836,0.17413873565563406,0.16560876544426253,0.18257904780518588,0.12459490339328114,0.1596903357078497,0.10187660262516986,0.13361860299250045,0.13434909393348546,0.12203094306857842,0.11468797231623111,0.13156291505525416,0.13581337516912256,0.1977510314837039,0.1412014312434574,0.12331228304683764,0.13792226019230017,0.12162772044985837,0.19908954595206002,0.11638144908927722,0.14861130676217318,0.1912438987969368,0.1372380703722829,0.19594352263666645,0.13421004405954337,0.13702574132107206,0.13834246624168955,0.13834563120864618,0.17259142186764662,0.19954046566684777,0.1373859758700625,0.1700695990168417,0.12243308449815864,0.16567588141404416,0.3197005970673162,0.1312519307452948,0.12017265137622428,0.17714315439556305,0.13120456813221468,0.16443093201186712,0.11718429377569041,0.28885296715226616,0.16921853672317927,0.13955659463070544,0.1240103099833964,0.12656721174275734,0.20331731482458365,0.13270477416311743,0.20562793127247128,0.19577404067825227,0.14230307182269247,0.15269906973766537,0.1283635031859706,0.1296812095098398,0.17483542371426247,0.15766798699465637,0.15349773043277326,0.13611146850448988,0.18281516592586125,0.1723920562966907,0.18432826594988214,0.12150765617160028
32.0,1.765973327805254,2.2267943521451583,1.664635649488564,2.1932769264610794,1.9709430184717658,2.2560172368672067,2.2399563910183944,2.6571707662804007,2.7189440177601933,2.5111316851007657,2.5041497556041104,2.3713746309417196,2.1713128070639556,2.530091586893192,2.2757419306997133,2.554592607038897,2.7977413800383624,2.5291624911099353,2.7296277759619647,3.010844193057747,2.279602930428904,2.7492283246687963,2.6368910274564517,2.9924571599308556,2.373592345794406,2.8309522088970245,2.398005207753339,2.7357999641701007,3.0956328078678212,2.5610767284815252,2.742194253590218,2.2852354655597207,2.5936912734851543,2.452440549774382,2.2298721982569303,2.293618007346519,2.688193325174267,2.441094594442715,2.718656732707747,2.5130879681147893,2.3241734804078917,3.0130801305086656,2.33436523343476,2.354628933057443,2.507986184768079,2.5057437702931753,2.6007865453114603,2.5478374643617756,2.7778753291802536,2.5359017252986598,2.8639972415943156,2.715344645708533,2.6897233003452565,2.5429319081945647,2.660913184810696,2.6838495186170555,2.653198512191294,1.754443918020234,2.247275851525307,1.6818798746756365,2.205935733176448,1.9759875818732453,2.232113688545479,2.174991011515667,2.6734303011347844,2.798635699755709,2.620386882848273,2.572622242654192,2.4123234264759623,2.154558433019536,2.4618400641673523,2.2905164379071645,2.5164252791734474,2.7459559820610533,2.6332452363186754,2.792924965931454,2.761563855124752,3.045671672337365,2.3149893856387824,2.7721531829813104,2.5952821842479015,2.906841577246804,2.3125850836432744,2.2901816729521953,2.727803222151803,2.781197254588013,2.1676265220260493,3.132753379595554,2.558111133684469,2.790525492821022,2.2740503307943687,2.5897910164931264,2.3664045205480404,1.99366855273537,2.7588849020263337,2.451807646814187,2.5648133720160393,2.310109335637566,2.990156472982892,2.3815144752932937,2.262052584550189,2.960449679721878,2.529641275219917,2.4926796722729807,2.6435866251347457,2.5380421443674352,2.8460570002341634,2.832968197173447,2.8506956472705545,2.795979482559189,2.500580903543729,2.6795785207899683,2.651761124210424,2.6570301377439964,0.1425228388260224,0.09963073297490753,0.1287304613332665,0.13225397154605492,0.1231599246237127,0.11459114410700469,0.1308311601860261,0.13116418717555345,0.2090013266190057,0.13702476816791256,0.12313387070932845,0.13467734898944758,0.12294603265640262,0.19602102645516276,0.11775767718062559,0.1491632844649816,0.18111186711009822,0.14664199304800568,0.13862677784678876,0.1310745169905079,0.13504807837845087,0.1408357015076216,0.2046176276792966,0.2326961535707853,0.1411554253677406,0.12459788917761051,0.23294668922716089,0.1649440444900443,0.13115492285221986,0.117777145451839,0.1643388490497149,0.12775867734080762,0.16731883709374995,0.12319480912547036,0.15589925855092998,0.29934784462343483,0.1951914081117364,0.14281905357243338,0.16030755658966128,0.1620349584609547,0.13733178730389806,0.2165757472811384,0.13291766270737135,0.2077418233679705,0.14298589907215317,0.1478317825722731,0.1182876511113415,0.1350527049579713,0.12411227267521908,0.14191151818025494,0.13581139394817537,0.16679140647764804,0.12024550336345827,0.1740126315895568,0.1654934278438374,0.18257229679712983,0.12450674921757567,0.15947460655448945,0.10166001297271299,0.13357908932796742,0.13417892824421268,0.12184437154934413,0.1149222045164796,0.13177343314674012,0.13569066231716842,0.19765733913350939,0.1411142424817483,0.12310273515185181,0.1377832050579441,0.12151218396813247,0.19884349504752352,0.11637021223839072,0.14846651201614872,0.19113470981702776,0.13705799132371443,0.19604360338022364,0.13400233707199835,0.1370488523321357,0.1380287352765313,0.13817642080534193,0.1724650218682134,0.19943719253420844,0.1371239765239963,0.16966876869527328,0.12223969715831096,0.16541924839187203,0.32039905385152917,0.13094356052413128,0.12016737646156064,0.1769281353369217,0.13108511109363105,0.1642935954316676,0.11673468358913927,0.28944104310705987,0.16901473320193236,0.13935073236836928,0.12371754220426959,0.12609185982336496,0.20286892773296442,0.1324975002095705,0.20576970127139446,0.1957336499370419,0.14212806422986235,0.15229386846254492,0.12802686071449873,0.1295501843751606,0.1747744161766575,0.15765477140824297,0.15309645431135907,0.13589719930745575,0.18266843867894691,0.17219178951114064,0.18427258042473452,0.121334081345512
33.0,1.7655907714241856,2.226558736254108,1.662250780611086,2.190358657282286,1.9691180549615903,2.254493598477477,2.236628141049766,2.652914415904695,2.7141387820143144,2.5052955281352083,2.5030691030728023,2.3697959361704863,2.1709775884557807,2.528079051710684,2.2742144872133836,2.549124457571727,2.792603189075236,2.5271141322473683,2.723938052446882,3.0050064338832274,2.276061137209504,2.744247251928228,2.6339970422751637,2.987608351595606,2.371505476749211,2.825170930903242,2.399369872321195,2.729800686029011,3.093686672052151,2.559059407328431,2.7404424558673615,2.282955615991834,2.589844529206668,2.4476866723153545,2.227931547880758,2.2885525416033214,2.6860316415954753,2.4388276558173603,2.713940805045384,2.5094499705126267,2.323191499961729,3.0069890503577765,2.3325900313193473,2.3517468212835406,2.5059494812148992,2.5021134582284725,2.5988638398503845,2.5448253665136575,2.7736487560347753,2.5332992455236996,2.8590043856496115,2.710294263882869,2.6854180632658715,2.5415434847653686,2.6562232283492007,2.6821002221788786,2.6500961820626667,1.7532390082106837,2.246574626541952,1.6791277750337756,2.2032869714180485,1.9736920569657699,2.230469081380076,2.1720698829970817,2.6690194515178347,2.792433115468001,2.614263575083913,2.5711037972176785,2.4108398925233727,2.1533167235052373,2.4592799441015925,2.288627939918278,2.5115057240725904,2.7412166194658636,2.630447969644154,2.7871763182098817,2.755489318989754,3.0393970597303737,2.3112692843358422,2.7670897094230176,2.592714976789479,2.900545877790841,2.311369420532499,2.2887075879985863,2.7223966657305865,2.775297930499152,2.161391766103912,3.1318871402456545,2.5560056859507556,2.7889289377802213,2.271987308934704,2.5858252463729707,2.3622518976425453,1.9882085925939148,2.7565025076848735,2.4487528620554837,2.56062708936328,2.3096765677112607,2.9843863622885447,2.379659512312017,2.260406209071163,2.956597337296657,2.52770769218768,2.489429711462395,2.6411392546927113,2.535376739443676,2.8405069592997942,2.830349746856244,2.845982415078798,2.7915460754788626,2.500001762079688,2.674286232851663,2.650124178292372,2.6534651977168378,0.14254735095207438,0.09952036107923934,0.12856436809190055,0.13218695486618876,0.12305332977372123,0.11487918626764657,0.1310569117843965,0.13130498811493224,0.20903058117314136,0.13713626471078635,0.12286312281759891,0.13458681296824426,0.12297643219903294,0.19601095088096251,0.11783542530990668,0.14927147124058346,0.18123299935018902,0.14676964083361155,0.13851131518895096,0.13115613820362879,0.13474837032579168,0.1407999925059848,0.204627700750287,0.23261292922386248,0.14093097323619813,0.1243532581011859,0.2327155795979775,0.16503756176373463,0.13114135656778472,0.11762569603315555,0.16420698357029595,0.1277368832706517,0.1671452873468948,0.12310797874470496,0.15567106787449767,0.30026855967651483,0.19527140473354207,0.14283057019205755,0.1600001022242835,0.16188513456570378,0.13718952993697414,0.21635336935672406,0.1327673187239629,0.20785285896337655,0.14287966643070016,0.14741673820672382,0.11816514288002115,0.1348350669690167,0.12412798995472475,0.14176244652855083,0.13551494782045534,0.1667235910666865,0.11996050940578723,0.17393495369147255,0.16542708623309146,0.18258779190094454,0.12445654742123206,0.15930691168178776,0.10148083107467995,0.13358461249237094,0.1340462852737784,0.12169538757442483,0.11519225457318023,0.13203029088493576,0.13560203097077675,0.19761147276653104,0.14106091974542323,0.12292382878764758,0.13767563836885044,0.12143670464707161,0.19863396091572222,0.11639528065417647,0.14837780055694208,0.1910887437380089,0.13691605073519372,0.1962298088255544,0.13382943736709882,0.1371235280322141,0.13773967077331345,0.13804915246194102,0.1723949168927651,0.19939899357634,0.13690320195952624,0.1693114789377372,0.12207611763330091,0.16520165374844759,0.3211938442549997,0.13066616654535537,0.1201968376220624,0.17676131287386807,0.13099839751946946,0.16420216363657505,0.11630482261294742,0.2901125278085548,0.16886849358821415,0.13917923746424768,0.12346526142942896,0.12564797401672695,0.20247335876929431,0.1323204718391482,0.2059668914675714,0.1957503280838617,0.14198494847286516,0.15192396255346416,0.12772552921456495,0.12944659365709524,0.17476543709239203,0.15768712135765087,0.15274572090653896,0.13571820552538663,0.1825664222791176,0.17203345869778017,0.1842466298481999,0.12119154611785958
34.0,1.76535982703031,2.226684957725026,1.6602342811716564,2.1879013826188847,1.9677969039342595,2.2532236992946952,2.233501114512044,2.649038487207,2.70970865439526,2.499783612661255,2.502386044124118,2.36868708683099,2.171149682965166,2.52651124856885,2.2731575306616856,2.543753115738284,2.7875131484481233,2.5255067514180456,2.718484902690803,2.999482512167987,2.27308588557471,2.7396370307194453,2.6314624522443246,2.982854628107963,2.3698208010986557,2.8197268448298836,2.4014509364706633,2.7241901276159446,3.0918533259683363,2.557576492147334,2.739105824440507,2.281189204219896,2.5861674180453855,2.4432214631669495,2.2264493966679546,2.2837500993595192,2.6842466495286037,2.437025039028919,2.7093993465124586,2.5061545095882223,2.3227744063491107,3.0012594341369625,2.33137272298188,2.349085417841711,2.504432588879172,2.4987779745762593,2.597536401371803,2.5424119513843113,2.7697633116305935,2.5311547230079223,2.854414826965649,2.705426753821515,2.681519189731434,2.54069395368332,2.652049641357587,2.6806211732095333,2.6473864163836964,1.7522591584402278,2.2462544775532014,1.6767575739777694,2.201131788507723,1.9718789739749991,2.229066724794312,2.169349915843585,2.6650321691826315,2.786561264241412,2.6084030719129547,2.5699404158064576,2.4098078361693216,2.152572854535313,2.4570943944482977,2.287212431381783,2.5066808349299534,2.73660340138769,2.6280008928483753,2.781298774191548,2.7496481637373025,3.0333541290038326,2.3081030193989456,2.762323580919344,2.5904232376111915,2.89440434601676,2.31062558394714,2.2877578940738488,2.7172935756712895,2.769770498404509,2.1552896435397457,3.1311354364930235,2.554455034289972,2.7876622011403613,2.270410210117848,2.5820169341375845,2.358449811507348,1.9827647179866577,2.7544496250744,2.4461493599648514,2.5567443449195997,2.3098501091218413,2.97905733855887,2.3783583496078,2.2589089946844996,2.953091358637065,2.5261987253371583,2.4865143808923937,2.6392741621830607,2.533339104058911,2.8354053461329936,2.8280729698891336,2.8417121937420924,2.7874975950565517,2.4999160772541282,2.669560704608405,2.6487848264533116,2.6503142679469334,0.14262037327694962,0.09944080175990168,0.1284303076880553,0.13215203930632483,0.12298900895050316,0.1152037409725366,0.13132135123648575,0.131484151112441,0.20910091568355535,0.13729038500055843,0.12262323351334574,0.13452949844807743,0.12304137273926101,0.19604870858050036,0.11794702010380763,0.14942808223206222,0.18140487318451148,0.14694282688958793,0.1384254256747419,0.13127987882703124,0.1344757776395639,0.14080100960795336,0.20469679428350201,0.23259463635633215,0.14075195060087595,0.12413093763235329,0.23254611834650055,0.16518411474365663,0.13116659356691937,0.11750766286843416,0.16411484500329712,0.1277460732161738,0.16701437194865484,0.12304872852774029,0.15548602993030933,0.3012712829496146,0.19540461287255115,0.14288046464366896,0.159738941192881,0.16176841679474066,0.13709377348342056,0.21619275134856036,0.1326526160219897,0.2080128042023717,0.14281284327647437,0.14704011490889476,0.1180725544980511,0.1346500201787207,0.12418010310566431,0.14164768987343668,0.13526244934125006,0.1667024325966562,0.11971009533919891,0.17390387805141244,0.1654077040467779,0.18262637239250715,0.12444336171087073,0.1591859127504924,0.10133855777131381,0.13363247854919647,0.13395052490246798,0.12158298246082783,0.1154970114551514,0.13233053376519316,0.13554782121795533,0.19761213193273447,0.14104211123535557,0.12277572270148282,0.1375989677790381,0.12140119800377862,0.1984601641007125,0.11645628346255056,0.14834399217129982,0.19110340182698715,0.13681245698855682,0.1964974650579799,0.1336912589355886,0.1372477210060473,0.13747571261193525,0.13796314665218593,0.17237931444685708,0.19942299313321832,0.1367225504654006,0.1689970132170932,0.12194226601892869,0.16502298500943255,0.32207817539233724,0.13042055458402407,0.12025929613948065,0.1766418177422234,0.13094477742826413,0.16415569807406338,0.11589610848990957,0.29086171379928255,0.16877851382553344,0.13904236388368826,0.12325326723958531,0.12523611086068812,0.20213023207804529,0.13217430979157063,0.20621751411192057,0.1958213850273079,0.14187330378135765,0.15158952523965338,0.127460616689146,0.1293704864389571,0.17480623515845564,0.15776257735761937,0.15244476783117497,0.13557413117011866,0.18250778408310464,0.1719168850252851,0.1842510913511245,0.12108003312749054
35.0,1.7652673794919995,2.2271287056295024,1.658557391290676,2.1858573005164885,1.9669271993651474,2.252163530631606,2.2305565257818967,2.6455068052022956,2.705625511815251,2.494569763001967,2.5020566150405896,2.367995624266415,2.1717632813331855,2.525338200053052,2.2725129817731062,2.5384708711822355,2.7824517011536845,2.52428611622848,2.713247384625566,2.9942471389519225,2.270618967599569,2.7353525656073554,2.629236598884992,2.9781636829286593,2.3684835129059407,2.814596365763819,2.40417733508388,2.718928182296659,3.0901131659303647,2.5565786377187165,2.738143281518978,2.2798811811859077,2.582636354508306,2.4390186338381388,2.2253716088823463,2.279194493544832,2.682800053490276,2.4356291403635875,2.7050054969085418,2.5031594934950414,2.322855320628685,2.995845277301117,2.3306464040780983,2.346622066682118,2.5033697181407057,2.495701673936127,2.596738898110329,2.540537290710653,2.7661869199943467,2.5294130860387294,2.85017616116224,2.7007125265497316,2.6779820813471837,2.5403154346229444,2.648347621727487,2.6793729475692607,2.6450227550798133,1.7514947271473122,2.246271928898557,1.6747447923230228,2.1994201181027386,1.970502790824733,2.2278635080810028,2.1668093750886475,2.661429226591859,2.7809957458555585,2.602779034498653,2.5690915061984114,2.4091738329264483,2.152264009883602,2.4552412507533283,2.286212318233114,2.5019400793314985,2.7320955332285415,2.625857457158492,2.7752899758611353,2.7440208169945,3.0275251683691495,2.3054348311825446,2.7578187517471098,2.588363453503297,2.888389782016802,2.3102923446038734,2.287270763232733,2.712469157203827,2.7645777198689103,2.1493233805493994,3.1304759986182953,2.5534111097325214,2.7866813777000834,2.2692646857450525,2.5783452847306187,2.3549647664483433,1.9773533650158788,2.752691069147169,2.44394191799326,2.553127355101472,2.3105624143090013,2.974116147013087,2.377543482373447,2.2575389062269218,2.94989361420782,2.5250565354842163,2.483891410752376,2.6379314356556995,2.5318677667260463,2.8307106627783893,2.8261021522425502,2.837830741633984,2.7837897770836215,2.5002540867209357,2.6653590289273836,2.6477024648103202,2.64752954794806,0.1427394592436515,0.09939193422324764,0.1283275412396842,0.13214823998198189,0.12296592537343266,0.11556329409216276,0.13162229480133,0.13170036348558398,0.20921089210075433,0.1374851133554545,0.1224148659816569,0.1345049220015913,0.12314016239553813,0.1961320543228462,0.11809140074801382,0.1496313648575529,0.18162503552053758,0.14715922792886482,0.13836917733001564,0.13144411851383955,0.13423136401028568,0.1408386853171259,0.2048217934533512,0.23263892210537346,0.14061743015948724,0.12393150485795801,0.23243612465728217,0.16538208328887105,0.13123054683502577,0.11742257018245139,0.1640618379233138,0.12778596454110264,0.1669257097939759,0.12301683169504865,0.1553429296140332,0.30235022560227415,0.1955884942008429,0.14296752978478228,0.159524062016255,0.1616844705017222,0.13704300436335584,0.2160921556563113,0.13257354414582462,0.20821976176791573,0.14278442423798712,0.14670286426975115,0.11800980445593358,0.13449790272797768,0.12426735619520476,0.14156671393901443,0.13505392749749903,0.1667265130492883,0.11949411537727084,0.17391762065032193,0.16543327486617432,0.18268887963702235,0.12446627384317943,0.15911029367134139,0.10123271116122236,0.13372000418896565,0.1338910188972161,0.12150617577560661,0.11583540551619162,0.13267127105669213,0.13552840586144213,0.19765804810836268,0.14105848358013348,0.1226585794556643,0.13755260722922708,0.12140562737819431,0.19832132807495603,0.11655289894532932,0.14836395158678847,0.19117614175292608,0.13674746659969936,0.19684199044435066,0.1335877597423602,0.13741943116363167,0.1372373251625568,0.1379177610834597,0.17241646421841475,0.19950636452300488,0.1365809764712425,0.16872470352081426,0.12183810607648611,0.16488314450657685,0.32304532939535796,0.1302075495177726,0.1203530396873812,0.1765687973869206,0.13092463386116052,0.16415329758323968,0.11550999771516855,0.291682952923043,0.16874352817985863,0.13894039209845763,0.12308141198800326,0.12485689528552445,0.20183922438303104,0.1320596496781386,0.20651959370609882,0.19594417063428868,0.14179270326075882,0.15129078720829547,0.12723326880649222,0.1293219518985712,0.17489457461427058,0.15787870819390287,0.1521928894131128,0.1354646681762768,0.1824912029213257,0.1718419148902851,0.18428664580719645,0.1209995344285812
36.0,1.7653003136776206,2.2278456690390973,1.6571913510885465,2.1841786090206976,1.9664565752295977,2.251269083800973,2.227775589235944,2.642283194905556,2.701861231186496,2.4896278034804014,2.502036852104723,2.3676690898199726,2.1727525743008753,2.5245099287487234,2.2722227612761503,2.533270013547258,2.777399290188574,2.523397994285249,2.7082045561830617,2.9892750252749756,2.268602175359161,2.7313487611568172,2.6272688237182082,2.9735032095184373,2.367438806234196,2.8097559087919217,2.407478003042932,2.713974743436932,3.0884465882522343,2.5560164988230474,2.7375137493120607,2.278976497831882,2.5792277531024475,2.435051895837952,2.224644048787711,2.2748695370888883,2.681653557997165,2.434582356107579,2.700732396033245,2.500422830386585,2.323367363859103,2.9907005753051403,2.3303441702637766,2.3443341117549115,2.5026950793793072,2.492848910907652,2.59640599830058,2.5391414562296015,2.7628875051526602,2.5280192629034155,2.8462359838591986,2.696121993092723,2.674762139718386,2.540340047258706,2.6450723673504766,2.6783161211182924,2.6429587380764428,1.7509360727703758,2.2465835049175635,1.6730649508849353,2.198101893860364,1.9695179654387764,2.2268163205329747,2.164426525765802,2.658171396208224,2.7757121600901042,2.597365124004267,2.568516476171397,2.408884458307391,2.1523273733239696,2.453678348562572,2.285570006407715,2.4972729248630987,2.7276722203904162,2.623971113801672,2.7691475652033075,2.7385877063884387,3.0218924660377326,2.3032089600411,2.7535391761831063,2.586492111256036,2.88247498588316,2.3103084732192993,2.287184367529953,2.7078986155581584,2.7596823564571764,2.143496203348701,3.129886556902118,2.5528258433088333,2.7859425622579934,2.2684963872175747,2.574789503095788,2.3517632667713717,1.9719909697838467,2.75119165485545,2.442075313591653,2.549738336325398,2.311745937712394,2.969509532870346,2.3771474058017565,2.256273908535126,2.946965974473623,2.5242232834447145,2.4815185312318078,2.637051163160523,2.5309012559579633,2.826381411280565,2.8244015798869757,2.834283817128042,2.780378357351446,2.5009460281340656,2.6616382986757867,2.646836489480514,2.645063237234008,0.1429021917207304,0.09937366341517419,0.12825535512980024,0.13217458724625605,0.1229830730845631,0.11595637641675295,0.13195760767821973,0.13195234001968198,0.20935908998313021,0.13771846045717046,0.12223871386703222,0.13451261416168073,0.12327214650322964,0.19625875663216652,0.11826755462386047,0.14987959054794178,0.1818910619226178,0.14741656351743793,0.1383426672309114,0.1316472532131499,0.1340162564248516,0.14091298103016386,0.20499963731582807,0.2327434825817912,0.14052650501770964,0.12375553053820582,0.23238343431927203,0.16562987253437345,0.13133314358290551,0.11736997444113906,0.16404739111643538,0.1278563203458475,0.16687896289200185,0.12301207681292649,0.15524058150303657,0.30349962910333994,0.1958205291835322,0.1430905989554194,0.15935551374890541,0.16163297562762996,0.13703574515042313,0.21604987847425536,0.13253013474212866,0.20847184508872285,0.1427934402420123,0.14640598862304044,0.11797683525125047,0.13437907622812906,0.12438849473629686,0.14151900225436087,0.13488944654915366,0.1667944441323538,0.11931244811643958,0.1739744338791256,0.1655018162601277,0.18277616455953719,0.12452437850879043,0.15907875621279222,0.10116282396430551,0.13384451567983224,0.13386715148329328,0.12146401754882774,0.1162064060274044,0.13304966781013514,0.1355441925769726,0.19774798080728995,0.1411107270281999,0.1225725675730593,0.13753597588809569,0.12145000097721266,0.19821667816575902,0.1166848528506103,0.14843658044252733,0.1913044679785361,0.13672138587397353,0.19725887857062885,0.13351894276386075,0.13763669673333895,0.13702500025030498,0.13791238846362763,0.17250465011362637,0.19964632262951498,0.13647748483022723,0.16849392986488615,0.1217636481256935,0.16478204920674566,0.3240886443333098,0.1300279967865359,0.12047637859728844,0.17654141306858387,0.13093838527789564,0.16419409422695647,0.11514801451329632,0.29257063983841525,0.16876230471078954,0.13887363154399984,0.12294959921117139,0.12451102318823415,0.20160006520799728,0.1319771443459719,0.20687115886257854,0.19611606950840194,0.14174271389855253,0.15102803692201364,0.12704467033183653,0.1293011185999561,0.17502822883998523,0.1580331052538357,0.15198943307572083,0.13538955885340606,0.18251536471789148,0.17180842085488754,0.18435398358070085,0.12095005183439919
37.0,1.7654455144555525,2.228791537025423,1.6561074006856935,2.182817506177145,1.966332665502975,2.2504963501155784,2.225139519250829,2.639331481331779,2.698387689421237,2.4849315584196168,2.502282791599051,2.367655024834858,2.1740517526092917,2.523976457241233,2.272228789899312,2.5281428324769926,2.7723363585494334,2.5227881531948992,2.703335475295156,2.9845408821770913,2.2669773009285126,2.7275805219327323,2.625508468265025,2.968840901338041,2.366631875146579,2.8051818890010436,2.4112818752299625,2.7092897044025293,3.086833989247943,2.555840730240781,2.7371761500290868,2.2784201050998303,2.575918028334809,2.4312949606753533,2.224212580647877,2.270759042921364,2.680768867565896,2.4338270825470945,2.6965531836861345,2.497902428416326,2.324243657099,2.985779323603932,2.330399117194654,2.3421988970102796,2.502342882974761,2.4901840400904374,2.5964723701771644,2.5381645196780402,2.7598329911321935,2.526918181889334,2.8425418906763675,2.6916255644757614,2.6718147664502787,2.540699911265135,2.6421790761182136,2.677411269716854,2.641147905299033,1.7505735537478702,2.2471457299497164,1.671693570478916,2.1971270494378814,1.9688789557409399,2.225882051443048,2.162179632908512,2.655219450494417,2.770686106724667,2.592135001593036,2.5681747335033083,2.4088862878247683,2.152700128630258,2.45236352342188,2.2852279018410266,2.492668839110706,2.723312668275291,2.622295314005059,2.762869184202742,2.7333292595461938,3.016438310220987,2.301369646329068,2.749448808504114,2.584765697659676,2.8766327577081094,2.3106127405101016,2.2874368790202753,2.7035571559641682,2.755047169734143,2.137811338153483,3.1293448416251715,2.552651166049313,2.785401849612735,2.268050965936669,2.5713287941767526,2.3488118167823253,1.9666939683927998,2.7499161971515176,2.4404943242109667,2.546539505007876,2.313333133771642,2.9651842413498586,2.377102615085532,2.255091966445805,2.9442703098991996,2.5236411300344868,2.479353472520104,2.6365734327474146,2.5303781002675962,2.8223760936841717,2.822935538792875,2.8310171785978477,2.7772190716513943,2.50192213914741,2.658355606720804,2.6461462965809304,2.6428675353185827,0.14310618001850364,0.09938592205896601,0.12821306387777986,0.13223012772031179,0.12303947620017334,0.11638155886002324,0.13232520034865608,0.13223881874350446,0.20954410328724332,0.13798845747083766,0.1220955050709762,0.13455211883232665,0.12343670614223015,0.19642659292584286,0.11847451367837648,0.1501710484534766,0.18220054947608036,0.14771258992056496,0.13834602297089396,0.13188768967139353,0.1338316499222991,0.14102388705535304,0.20522731155786125,0.23290605808147305,0.1404782846405524,0.12360358335733806,0.23238589582016253,0.16592590929438175,0.13147432275046905,0.1173494644971,0.1640709588217399,0.12795694980097375,0.16687383617910592,0.12303426674559619,0.1551778256722711,0.30471374985297944,0.19609821237592245,0.14324854370151646,0.15923340651124768,0.16161362754698427,0.13707054998479937,0.21606424566368757,0.13252246143659094,0.20876717363493563,0.14283895589652745,0.14615054376342143,0.11797361276997288,0.13429392657040332,0.12454225841759779,0.14150405429545124,0.13476910452791419,0.16690486363757062,0.11916499779530942,0.17407260357676763,0.16561136442621333,0.1828890949176417,0.1246167788013404,0.15909001631681158,0.10112844142627664,0.13400334804003172,0.13387832024757673,0.12145559043816559,0.11660901897739415,0.13346293751111785,0.13559562611977807,0.19788071434223498,0.14119956052771043,0.12251786391615337,0.1375484975017048,0.12153436927425645,0.19814544096004547,0.11685191692419619,0.1485608103926433,0.19148592323425648,0.1367345724825493,0.19774368284800864,0.13348485714936914,0.13789758624024626,0.13683926011494005,0.13794645457686203,0.17264218341079154,0.19984011704924665,0.13641112529329472,0.16830411959640243,0.12171895148074782,0.16471963086377042,0.3252014967164817,0.12988276391556686,0.12062764207114136,0.1765588375755073,0.13098648802550217,0.16427724967535978,0.11481175891876268,0.29351919703169926,0.1688336414902519,0.13884242313322048,0.12285778200182058,0.12419926341503758,0.2014125370363802,0.13192746629661498,0.20727023536517644,0.19633449614471202,0.1417228969915713,0.1508016207199792,0.12689604648957523,0.1293081535467961,0.1752049748600878,0.15822337730161423,0.1518337959877213,0.13534859795398824,0.1825789588611595,0.171816302932593,0.18445381006755537,0.12093159762811448
38.0,1.765689866694172,2.2299219986600547,1.6552767802025068,2.181726190031439,1.966503104160634,2.2498013208881753,2.2226295302031946,2.6366154894959153,2.6951767634316774,2.480454852142669,2.5027504698060814,2.3679009706542633,2.175595006999471,2.5236878081159757,2.272472988371102,2.5230816176151194,2.767243349232923,2.522402360563998,2.698619199893684,2.9800194206981656,2.2656861363827003,2.7240027524999837,2.6239048740464925,2.96414445184818,2.366007913706284,2.8008507214780427,2.4155178865270557,2.7048329585592183,3.0852557652314814,2.556001986752398,2.737089405879345,2.278156953931745,2.5726835947124163,2.4277215398593373,2.224023068726625,2.2668468239719153,2.680107686713096,2.433305715968342,2.6924409996668115,2.4955561957377634,2.325417321407032,2.981035517652399,2.3307443405265222,2.340193766398365,2.50224733930691,2.487671416084067,2.596872681974718,2.537546552792887,2.756991301959579,2.526054771283801,2.8390414772335477,2.6871936517240647,2.66909536314811,2.5413271463167124,2.639622945922295,2.6766189692251876,2.6395437966730015,1.7503975285182414,2.2479151283345464,1.6706061719203706,2.196445518492558,1.9685402196550412,2.2250175901040543,2.1600469615503135,2.652534161913124,2.7658931855388835,2.587062328428224,2.5680256859720023,2.409125896991221,2.153319459576343,2.4512546108771263,2.285128410468491,2.488117289660236,2.7189960822851944,2.620783508995804,2.7564524748440973,2.728225904094875,3.011144989130352,2.299861130400904,2.7455116029869413,2.58314069950443,2.870835897583859,2.3111439171929145,2.2879664697584214,2.6994199836518287,2.750634921264619,2.1322720111795896,3.1288285830680973,2.552839008984346,2.785015334562917,2.267874073303604,2.567942362917195,2.346076920787068,1.9614787969450156,2.748829510987637,2.4391437273021537,2.54349307756539,2.315256456926433,2.9610870176707826,2.377341605417591,2.2539710447956707,2.941768490949263,2.5232522360694074,2.4773539648067064,2.636438332466293,2.530236828167817,2.8186532120337993,2.8216683149306885,2.8279765844169935,2.774267655774828,2.5031126574149023,2.6554680459296462,2.6455912822286773,2.640894641715573,0.14334905749057786,0.09942867302106034,0.12820001322258667,0.13231392579864903,0.12313418872515855,0.11683744783635071,0.1327230248305125,0.13255855702339975,0.2097645374849635,0.13829315060582925,0.12198600562092499,0.1346229932872556,0.12363325692493352,0.196633345312699,0.11871135080115613,0.15050403989860298,0.18255111034853183,0.14804509420975231,0.13837940410901808,0.1321638406148089,0.13367881170604246,0.14117142259170545,0.20550184165306495,0.23312442864525923,0.14047189139264996,0.12347623435648238,0.23244136727287834,0.16626863911313042,0.13165403296843572,0.11736066201047674,0.16413202216185707,0.12808770854133258,0.16691007734278734,0.12308321777814807,0.15515352381585992,0.3059868452862326,0.19641904841266666,0.1434402718493396,0.1591579118766002,0.1616261380275823,0.13714600054660023,0.21613360938408646,0.1325506397211576,0.20910386898059968,0.14292006719515335,0.145937641474905,0.11800012595818156,0.1342428649234874,0.12472737466379993,0.14152138407058001,0.13469303210499886,0.16705643218438013,0.11905169577080323,0.1742104465872052,0.16575996964480974,0.18302856241929644,0.12474258224632376,0.15914280109156154,0.10112911974731888,0.13419384435831738,0.1339239373576034,0.12148001180027312,0.1170422851153801,0.13390833533557428,0.1356831906084526,0.19805505522435032,0.14132573671096868,0.12249465631727903,0.13758960015938723,0.1216588227582325,0.19810684419675556,0.11705390763734322,0.14873559731074487,0.19171808104400984,0.13678743697096601,0.19829200271445827,0.1334855995359598,0.1382001914309231,0.13668066043451302,0.1380194166832609,0.17282739700297364,0.20008502578956797,0.13638098717294603,0.16815474652242104,0.12170412647451127,0.1646958365225705,0.32637728549021017,0.12977274209808418,0.12080517428324825,0.1766202535572231,0.1310694388857788,0.16440195213525008,0.11450291407571003,0.29452306124979477,0.16895636353958568,0.13884714184033334,0.1228059613615474,0.12392245916225911,0.2012764754416084,0.13191131020747904,0.207714840415999,0.19659689042315037,0.14173280901495042,0.15061194269781492,0.12678866431380365,0.12934326099076254,0.17542258871271224,0.15844714563513407,0.15172542198244315,0.1353416343915493,0.1826806753286933,0.171865490249151,0.18458685109025713,0.12094419561786228
39.0,1.7660202552618498,2.2311927430145713,1.6546707297594008,2.180856858629197,1.9669155251779233,2.249139987431528,2.220226836469661,2.6340990444129693,2.692200330130031,2.476171508972648,2.5033959230083505,2.3683544686213756,2.1773165282124727,2.5235940039583613,2.2728972774200167,2.5180786586052926,2.7621007052356887,2.522186383999083,2.6940347879105473,2.9756853518781625,2.2646704737967553,2.7205703574234255,2.622407382583651,2.9593815545096054,2.365512115976439,2.7967388213097886,2.4201149718163593,2.7005643992727735,3.083692312516874,2.556450923138368,2.7372124390721413,2.2781319952696486,2.5695008667422683,2.4243053448988823,2.2240213772877597,2.2631166931702142,2.679631719955396,2.4329606526575267,2.6883689837748435,2.4933420405043627,2.3268214778418437,2.976423152905456,2.331312935915109,2.338296063869345,2.502342658755544,2.485275393488157,2.5975416019278166,2.5372276273110432,2.7543303616614545,2.5253739593741837,2.8356823391505643,2.6827966658628744,2.666559331417152,2.5421538720879275,2.6373591746543465,2.6758997955035277,2.638099952123805,1.7503983555199463,2.248848224411556,1.6697782760246926,2.1960072346816686,1.9684562151048866,2.224179825808799,2.158006776724686,2.6500763029270447,2.7613089963124033,2.582120765673079,2.5680287413553424,2.409549861319374,2.1541225499360737,2.450309446474166,2.2852139382255436,2.4836077440975948,2.7147016678220903,2.6193891500010755,2.7498950791120658,2.723258067661527,3.005994790977219,2.2986276526110654,2.741691513908354,2.5815736035805803,2.8650572056026293,2.311840773984363,2.288711311799121,2.695462303851039,2.7464083726134465,2.1268814486428442,3.1283155115115573,2.553341303144357,2.784739111907171,2.267911360719633,2.5646094142607954,2.3435250830914858,1.95636189154277,2.7478964113160718,2.4379683003161596,2.54056127041443,2.3174483616164268,2.9571646070523334,2.377796871990704,2.252889108421429,2.939422388088538,2.522998762365321,2.475477738281039,2.636585950367033,2.530415968171543,2.8151712683740837,2.8205641942708883,2.825107792959021,2.7714798455131318,2.5044478205904657,2.652932709169487,2.645130842540831,2.639096755938773,0.1436284796965325,0.09950191201041382,0.12821558343226921,0.13242506565653622,0.12326629491944545,0.11732268077889632,0.1331490708215131,0.13291032797524047,0.21001900699683965,0.13863059606059386,0.12191102365574831,0.13472480877892473,0.12386124804559785,0.196876797057676,0.11897717618354152,0.15087687356127355,0.1829403660268969,0.1484118886216791,0.13844300362563372,0.13247412058246025,0.13355908464626745,0.14135563569209486,0.20582028641196115,0.23339640997706806,0.14050645766829944,0.12337406159826626,0.23254771419038323,0.16665652396029365,0.13187223095554745,0.11740322213442261,0.16423009079353335,0.12824849910716962,0.16698747668230127,0.12315875891494561,0.15516655567068285,0.3073131613960231,0.19678054868079195,0.14366472592560608,0.15912926313416417,0.16167023633346075,0.1372607025865811,0.2162563455019826,0.13261482687978712,0.20948005164548023,0.14303589955376764,0.14576845189787366,0.11805638683777069,0.13422632894159128,0.12494255298583162,0.1415705191597237,0.13466139184816484,0.16724783036529947,0.11897250222911149,0.1743863088382832,0.1659456925655153,0.18319548972958297,0.12490089736828128,0.1592358464589231,0.10116442501909348,0.13441335518863706,0.13400343108419982,0.12153643561866985,0.11750527821144459,0.1343831519631263,0.1358074119190083,0.1982698301943791,0.14149004679915808,0.12250314647973716,0.13765871648992653,0.12182349002865357,0.19810011716308137,0.11729068508665186,0.1489599165707732,0.19199853927788701,0.13688044421343923,0.19889947136205438,0.13352131554910301,0.13854262111025378,0.13654979348469537,0.13813076225987547,0.17305864070772148,0.20037834951012135,0.13638619419446055,0.1680453299044322,0.12171933611226476,0.16471062940719108,0.3276094174314841,0.1296988478407859,0.12100733031039271,0.17672485250217337,0.131187777709323,0.1645674138244473,0.11422325276462458,0.29557667128002535,0.1691293204594257,0.1388881993702256,0.12279418455170892,0.12368152880611274,0.20119176922083626,0.13192939560699474,0.2082029780638553,0.19690071340810286,0.1417720029620246,0.15045946436262742,0.1267238340500711,0.12940668098686434,0.17567884165419725,0.15870203956718715,0.15166379874649885,0.13536857263968827,0.18281920257901407,0.17195594311167564,0.184753858212929,0.1209878825159353
40.0,1.7664235650269602,2.232559459160577,1.6542604894767903,2.1801617100160318,1.9675175625302048,2.2484683410584183,2.217912652426886,2.631745971097902,2.6894302664285292,2.4720553532325917,2.504175187488386,2.3689630600794156,2.1791505069893624,2.523645067353759,2.2734435777745627,2.5131262450911938,2.7568888695543747,2.522085991106707,2.689561297277571,2.971513386757004,2.2638721052457633,2.717238241267955,2.6209653353975555,2.954519902783055,2.3650896760202076,2.7928226035831387,2.42500206597997,2.6964439199089445,3.082124027418099,2.5571381941791795,2.7375041718167923,2.278290180055551,2.5663462589313903,2.4210200873030163,2.2241533705950847,2.2595524634459,2.6793026718094484,2.432734288900849,2.684310275809837,2.4912178708696193,2.3283892474620975,2.9718962248179692,2.3320379990161904,2.336483133373375,2.502563051700456,2.482960326902267,2.598413798271108,2.5371478149693965,2.751818094264458,2.5248206744477883,2.8324120720472385,2.678405017917436,2.66416207286262,2.543112208253317,2.6353429602059872,2.6752143244120945,2.6367699115768466,1.750566393191421,2.2499015425202717,1.6691854036072962,2.1957621316624767,1.9685814000142867,2.223325647850131,2.156037343465121,2.647806645998899,2.7569091388248705,2.57728397449083,2.5681433074312183,2.4101047563218665,2.155046583483296,2.44948586575888,2.28542689104762,2.47912967000873,2.710408630287998,2.618065688248023,2.7431946389912953,2.7184061778732835,3.0009700039730123,2.297613453314002,2.7379524955451737,2.5800208966783487,2.859269481856665,2.312642081601118,2.289609577197122,2.691659321791729,2.7423302853454348,2.1216428767590996,3.1277833572362024,2.554109979559753,2.7845292764441303,2.2681084795860182,2.5613091531512238,2.3411228080014395,1.9513596882883193,2.7470817130890874,2.436912820703943,2.5377062999714886,2.31984130228126,2.9533637547136666,2.3784009099976937,2.251824122159764,2.937193871781729,2.5228228697380812,2.4736825231325392,2.636956374499543,2.530854048791695,2.8118887647496362,2.8195874627839363,2.822356562597516,2.7688113766576588,2.5058578663280158,2.650706689307516,2.644724373634475,2.6374260775019667,0.14394212310697035,0.09960567061783733,0.12825919286009357,0.1325626537951228,0.12343491020961957,0.11783592176427136,0.13360136170851264,0.13329291719373076,0.2103061329327998,0.13899885529591136,0.12187141357266332,0.13485715178363955,0.12412016159075674,0.19715472972319847,0.11927113363483155,0.15128786135817143,0.18336594221218763,0.1488108051601215,0.13853704941257097,0.13281694238245914,0.13347389020047676,0.14157660323318078,0.20617973191550584,0.23371984973155796,0.14058112361434033,0.12329765511523431,0.2327028081337495,0.16708804056828538,0.1321288803321267,0.11747683445954422,0.1643647048085372,0.1284392714166319,0.16710586703347274,0.12326073136127715,0.15521581574210488,0.3086869216193396,0.1971802286711961,0.14392088191923827,0.15914775545024304,0.1617456705042645,0.13741328301561792,0.21643085179735397,0.13271522198022453,0.2098938387334522,0.14318560619246878,0.1456442057631663,0.11814243092115576,0.13424478420725006,0.12518648008793445,0.14165100022138113,0.1346743778888162,0.1674777563127003,0.11892740815320817,0.17459856394815781,0.16616660135157407,0.1833908374105625,0.12509083077863914,0.15936789544371346,0.10123393265621225,0.13465923794781498,0.1341162476195776,0.12162405423492957,0.11799710350799526,0.1348847079046635,0.1359688602247961,0.19852388488305706,0.1416933254423141,0.12254355317162777,0.13775528430709907,0.12202853623578806,0.19812449161728157,0.1175621520426511,0.14923275938539451,0.19232491471234694,0.1370141148284153,0.1995617449249984,0.1335922015220421,0.13892299586028561,0.1364472915062918,0.1382800081029626,0.17333427762939038,0.20071740630004026,0.13642589953166026,0.16797543335871015,0.1217647973920411,0.16476399022565055,0.3288912938664356,0.12966202468249927,0.12123247182557309,0.17687183438757384,0.13134209014503112,0.1647728689943479,0.1139746431553482,0.2966744570109954,0.16935138473107864,0.13896604693031084,0.12282254346242534,0.12347746617194016,0.20115836056556757,0.13198246975545383,0.20873263581717488,0.1972434434279899,0.14184003019230232,0.15034470406031467,0.12670291067448156,0.12949868768713482,0.17597149717836255,0.15898569218123867,0.15164845527756413,0.13542937383889667,0.18299322623026756,0.17208765552509078,0.184955614047133,0.12106270962584612
41.0,1.7668866808578831,2.233977836169649,1.6540172994750624,2.1795929422375604,1.9682568501928295,2.247742373081597,2.2156681924515067,2.6295200945657107,2.6868384492393873,2.4680802092455623,2.505044299528706,2.3696742863715743,2.1810311340711594,2.5237910208875656,2.2740538101632466,2.5082166667164634,2.751588285185631,2.5220469494934226,2.6851777859266646,2.9674782363746126,2.263232822804758,2.713961308598476,2.6195280740092572,2.9495271901292575,2.364685787900766,2.7890784833849493,2.430108103899994,2.6924314138335106,3.08053130624915,2.5580144546552686,2.737923526322606,2.278576459231459,2.5631961857867775,2.4178394785806856,2.2243649129124026,2.2561379477286643,2.6790822467918836,2.4325690209845297,2.680238015571361,2.48914159498702,2.3300537513264263,2.967408728844877,2.332852625485531,2.3347323188606315,2.5028427285214736,2.480690570926009,2.599423939239192,2.537247187504867,2.749422423795225,2.5243398447919683,2.8291782715434044,2.673989118912976,2.661858989089795,2.544134274487348,2.6335295004688484,2.6745231318111267,2.6355072149575878,1.7508919999711183,2.2510316070002214,1.6688030754835728,2.1956601430922587,1.9688702323070504,2.222411945520848,2.154116926805143,2.6456859635913643,2.7526692128558974,2.5725256160447443,2.5683287919774944,2.4107371575113192,2.1560287439918846,2.4487417042771304,2.2857096748701684,2.474672534979527,2.7060961750848933,2.616766574963796,2.7363487964664626,2.713650662357196,2.9960529163291607,2.2967627728641595,2.734258502174176,2.5784390655880056,2.8534455264381973,2.313486610759805,2.290599438007165,2.6879862427038383,2.7383634210254257,2.1165595217441755,3.1272098505226738,2.5550969692609384,2.7843419229723905,2.268411081304003,2.5580207845321876,2.33883659982281,1.9464886232839231,2.7463502312589574,2.4359220659164347,2.5348903826530624,2.3223677333605997,2.9496312058739713,2.379086214631362,2.2507540508474064,2.9350448124935813,2.5226667190035497,2.471926049550636,2.637489692913725,2.531489598541165,2.8087642032050923,2.8187024064402912,2.8196686517060594,2.7662179849997774,2.507273032281483,2.648747079210938,2.644331271626695,2.6358348059189716,0.14428768433822106,0.09974001970247649,0.1283303017738526,0.13272582216746492,0.12363918264327117,0.1183758572079305,0.13407795041888976,0.13370511979863683,0.2106245411328946,0.13939599058323196,0.12186808037932761,0.1350196259113803,0.12440951210887642,0.1974649210013436,0.11959239682961581,0.15173531502200324,0.18382546435721187,0.14923969043168292,0.13866180582486837,0.13319071414743514,0.13342473077338704,0.14183443091348916,0.20657728582142054,0.23409262418362983,0.1406950354509628,0.12324762219569729,0.23290452626685595,0.16756167940854064,0.1324239508340507,0.11758122421704378,0.16453543691450087,0.12866002325224576,0.16726512378608907,0.12338898819876687,0.15530021033570657,0.31010231703622365,0.19761560600622538,0.14420774838177552,0.1592137459504072,0.16185220884695872,0.13760238755886395,0.2166555469876791,0.1328520659577826,0.21034334238849997,0.14336836687824378,0.14556619652138542,0.11825831807968466,0.13429872593431433,0.1254578157058989,0.14176238098321076,0.13473221601992175,0.16774492371023467,0.11891643757212918,0.17484561236747287,0.1664207697138742,0.18361561083828093,0.12531148477025678,0.15953769710018367,0.10133722731050078,0.13492885624968198,0.1342618531874143,0.12174209982925352,0.11851689633700363,0.13541034830206516,0.13616815271995247,0.1988160831028075,0.14193645550895026,0.12261611573635918,0.1378787477286069,0.12227416186604731,0.19817920326705066,0.11786825312458586,0.14955313018795194,0.1926948385839387,0.13718902657232682,0.2002744930687665,0.13369850646734785,0.13933944361560277,0.13637383035233894,0.1384666998127939,0.17365268156680708,0.2010995269842373,0.13649928102314351,0.16794466370270292,0.1218407823233249,0.16485591892478213,0.330216298634024,0.1296632450033848,0.12147896248894419,0.17706040803441042,0.13153301047443927,0.1650175725071355,0.11375905377783711,0.29781082971620765,0.16962145067318568,0.13908117812297657,0.12289117302033636,0.12331134025302287,0.20117624530213277,0.13207131078324455,0.2093017824515204,0.19762257241564543,0.14193644283186738,0.15026823617273008,0.12672729559763518,0.12961958736298212,0.17629830884054762,0.15929573632070165,0.1516789596104128,0.13552405663339626,0.18320142855291924,0.17226065819968173,0.18519293762233013,0.12116874482610387
42.0,1.7673964876229797,2.2354035631133624,1.6539123998746401,2.179102753339404,1.9690810221411628,2.2469180748138404,2.213474670920148,2.6273852398313697,2.684396755474827,2.464219901334615,2.5059592954118135,2.370435688841042,2.182892600198948,2.523981887145194,2.2746698953145583,2.50334221312476,2.746179395126118,2.522015026765799,2.6808633117896568,2.9635546117709177,2.2626944185488043,2.710694463979843,2.6180449399397947,2.9443711100089502,2.3642456456812577,2.7854828758020878,2.4353620204585607,2.6884867744122434,3.078894545324048,2.5590303593471417,2.738429424798863,2.2789357837393798,2.5600270618154592,2.4147372302409176,2.224601868503524,2.2528569589481586,2.678932149419345,2.432407245194755,2.6761253428589895,2.487071121010035,2.3317481104934865,2.9629146604410677,2.333689910978876,2.3330209642812725,2.5031158995983938,2.478430480158968,2.6005066930666882,2.537465816654343,2.7471112742804036,2.5238763986940604,2.82592853325886,2.669519379874726,2.6596054817039168,2.545152190464532,2.63187399333453,2.6737867935608595,2.6342654021914385,1.751365534297477,2.2521949421909104,1.66860681246893,2.1956512026282877,1.9692771699069822,2.2213956081137796,2.1522237917782223,2.643675028167134,2.7485648181851485,2.5678193514980676,2.5685446027720427,2.4113936404003744,2.157006215235691,2.4480347975747887,2.286004695628628,2.4702258065959284,2.7017435076147875,2.615445261375554,2.7293551935222413,2.708971948740373,2.9912258162570535,2.2960198516160233,2.730573488072164,2.5767845970997856,2.847558139439445,2.3143131321770807,2.291619066283985,2.6844182718172886,2.7344705412182306,2.111634609813916,3.1265727216516503,2.5562542032783226,2.7841331462906216,2.26876481727487,2.554723513347334,2.336632962861465,1.9417651326318413,2.7456667807779516,2.4349408134046007,2.5320757348756366,2.324960109294107,2.9459137057524356,2.3797852810844935,2.249656859321049,2.932937080688776,2.5224724709775743,2.4701660477247573,2.638125993659466,2.532261145932842,2.8057560857850437,2.8178733112104024,2.8169898186582123,2.763655406330872,2.5086235561047943,2.647010971746938,2.6439109326345736,2.634275140703565,0.14466287991076554,0.09990507313348608,0.12842841649126593,0.1329137319360063,0.12387829488816837,0.11894119159355442,0.13457691509058622,0.1341457377973205,0.21097286050227487,0.13982006077809134,0.12190198429305525,0.1352118545111604,0.12472884643594391,0.19780514325482398,0.11994016545982274,0.15221754336132262,0.18431655383550702,0.14969640070572063,0.13881757532025152,0.1335938369689043,0.13341319152936196,0.14212925329889273,0.2070100720333754,0.23451263529265542,0.14084734439729693,0.12322459306129299,0.233150751859275,0.16807594430351394,0.1327574179144675,0.11771615374582332,0.16474189492437366,0.12891080074211186,0.1674651650224238,0.12354339426750176,0.15541865490245294,0.3115534978372821,0.19808419914424621,0.1445243658644141,0.15932765374501845,0.16198964167783908,0.1378266789846322,0.21692887058952917,0.13302564181463086,0.21082666909237452,0.143583387045571,0.14553578239454049,0.11840413391837808,0.13438868095708498,0.12575518915790235,0.14190422873535888,0.13483516424462264,0.1680480602747151,0.11893965012019607,0.1751258810678361,0.16670627587168468,0.1838708671401623,0.12556195540856596,0.15974400607987743,0.10147390325886638,0.1352195791158129,0.13443973644663326,0.12188984559800764,0.11906382087870915,0.13595743816066597,0.13640595656511986,0.1991453067770752,0.14222037283937547,0.12272109794597438,0.1380285587970787,0.12256060187352318,0.19826349383849173,0.11820897408012598,0.14992004504819806,0.19310595312805257,0.1374058157294252,0.2010333909275217,0.13384053433330467,0.13979009607436213,0.13633013348303716,0.13869041168311017,0.17401223546626,0.20152205095281922,0.13660553656324206,0.16795266978632012,0.12194761866984503,0.16498643692766857,0.33157778722917947,0.12970351194929994,0.12174516296872032,0.17728979220468913,0.1317612245601034,0.16530079897679972,0.11357855769412195,0.2989801735104691,0.16993843404329012,0.13923413197747472,0.12300024965610235,0.12318429438805986,0.20124547323335584,0.13219673113648261,0.20990836702808277,0.1980356024978829,0.1420607967771753,0.15023069008224846,0.12679843862020643,0.12976971614533792,0.17665701888768948,0.15962980078042835,0.151754916809605,0.13565269775483563,0.18344248880991118,0.17247502209717458,0.18546668989662915,0.12130607484593313
43.0,1.767939870190642,2.2367923290633187,1.6539170307959268,2.178643341367165,1.9699377123505462,2.245951437567899,2.2113133022094504,2.625305231909849,2.6820770620470613,2.4604482538228267,2.5068762114202623,2.3711948088310257,2.184669096113765,2.524167688712032,2.2752337539570067,2.498495173959772,2.740642642372473,2.521935990530372,2.6765969327984274,2.9597172239858582,2.2621986845529456,2.707392611976938,2.6164652747102357,2.9390193558828615,2.3637144434248567,2.7820121959214266,2.440692750537767,2.6845698950109065,3.077194140956776,2.560136563035275,2.7389807894548936,2.279313104521319,2.556815301524415,2.4116870537926833,2.224810101632233,2.249693310034038,2.6788140842084633,2.4321913578177385,2.671945397472344,2.484964357092164,2.3334054460219242,2.9583680150614335,2.334482951151994,2.3313264135854532,2.5033167753110206,2.476144409200743,2.6015967279882064,2.5377437741547357,2.7448525697466266,2.5233752644413965,2.8226104528134432,2.664966211827931,2.6573569523102156,2.5460980758593603,2.6303316366946556,2.67296588552152,2.6329980132038546,1.7519773546089594,2.2533480724318693,1.6685721353787764,2.1956852439278376,1.9697566707378957,2.2202335249217584,2.1503362034178717,2.641734612188921,2.7445715545922442,2.563138842014049,2.5687501475927306,2.4120207805016514,2.157916180988576,2.4473229811977175,2.286254359258426,2.4657789524438516,2.697329833279676,2.6140551987104494,2.7222114721433095,2.7043504646498975,2.986470991968122,2.2953289299240134,2.7268614075159197,2.575013978003918,2.8415801209526492,2.3150604165695805,2.292606634082312,2.6809306143620075,2.7306144074886833,2.10687136718416,3.1258497009037765,2.557533612642318,2.783859041197406,2.269115338899867,2.551396544540369,2.334478401423293,1.9372056524343553,2.7449961765983377,2.4339138406193648,2.529224573055702,2.327550884521427,2.94215799956825,2.3804306045499084,2.248510512417394,2.9308325468320353,2.5221822864760064,2.4683602478443545,2.6388053647866663,2.533107219479652,2.8028229145341075,2.8170644630647437,2.8142658218275605,2.761079376442299,2.509839675451843,2.645455459782718,2.6434227527751886,2.6326992813695544,0.14506544653296538,0.10010099189588734,0.1285530938607703,0.1331255779189592,0.12415146678324857,0.11953064319923212,0.1350963545378358,0.13461357776259783,0.2113497216359796,0.14026911727299476,0.12197414562643814,0.13543348400448982,0.12507774377207093,0.19817316278882227,0.1203136612646224,0.1527328501972529,0.18483682473283086,0.15017879718825777,0.13900470021078562,0.1340247030940433,0.13344094166123535,0.1424612339317929,0.20747522572350735,0.2349778081743575,0.14103720621025573,0.12322922699012015,0.23343937578684334,0.16862935267057574,0.1331292627239268,0.1178814242344994,0.164983724582076,0.129191698814737,0.16770595180468734,0.12372382627008525,0.15557007170816042,0.31303456602176605,0.19858352676572788,0.1448698066904365,0.15948995991933188,0.16215778335403616,0.13808483592190532,0.2172492836367638,0.1332362749545805,0.2113419198302701,0.1438298973137343,0.14555438837518941,0.11857999170586782,0.13451521003129932,0.12607719659659536,0.14207612534782182,0.1349835137938315,0.1683859067360584,0.11899714393687248,0.17543782378929862,0.16702120248267266,0.18415772219449483,0.12584133111321322,0.15998558285319095,0.101643565258488,0.1355287800116173,0.13464941119631493,0.12206660657937903,0.11963706903918149,0.13652335797890355,0.13668299209431195,0.19951045651790836,0.14254607097638822,0.12285879222562957,0.13820417963611822,0.12288812515875402,0.19837661377672827,0.11858434115021098,0.15033253111586636,0.19355590909981826,0.13766517851588472,0.20183411234472956,0.13401864657602283,0.14027308592889265,0.13631697637146295,0.13895074701724053,0.1744113309271558,0.20198232250865797,0.1367438796598421,0.16799914134432814,0.12208569043528975,0.16515558988479181,0.3329690770675811,0.12978386150309784,0.12202942552492875,0.17755921748158415,0.1320274729163989,0.16562184248530906,0.11343533584705238,0.30017683793805966,0.17030127228049452,0.1394254961404695,0.1231499898523914,0.12309754490463147,0.20136614860986074,0.13235958137681536,0.21055031914524297,0.19848004283066453,0.14221265535927097,0.1502327489006971,0.12691784020402974,0.12994943747025592,0.17704535770754368,0.15998550667988695,0.15187596722626642,0.13581543236346164,0.18371508448341325,0.17273086256529357,0.18577777948356003,0.12147480783586417
44.0,1.7685037134292314,2.2380998230911033,1.6540024323593325,2.1781669043664738,1.9707745547963371,2.24479845265656,2.2091653006960565,2.6232438958161457,2.679851245868303,2.4567390910332567,2.507751083836542,2.3718991876847126,2.186294812556639,2.5242984481734543,2.2756873068191066,2.4936678388651448,2.73495846992136,2.521755608393713,2.6723577068848248,2.9559407840593623,2.2616874128922433,2.7040106571546434,2.614738419841605,2.9334396212117437,2.3630373751947134,2.7786428588297998,2.44602922901975,2.680640668995265,3.0754104894613503,2.5612837205001155,2.7395365425,2.279653372519282,2.5535373194206916,2.4086626607449713,2.224935476562342,2.2466308139159823,2.678689755675872,2.4318637551396796,2.6676713192109887,2.4827792113868705,2.3349588789703835,2.953722788160889,2.3351648416606414,2.3296260107233477,2.5033795660391687,2.473796712650927,2.602628712238369,2.5380211317429415,2.7426142342205138,2.522781370321307,2.8191716258269697,2.660300025797825,2.655068802513983,2.5469040503463356,2.6288576284408443,2.672020983553348,2.6316585879202554,1.7527178193440065,2.254447522062606,1.6686745650285102,2.195712200648168,1.9702631927236058,2.2188825852375986,2.1484324267575987,2.6398254881193925,2.740665021856833,2.558457748755941,2.5689048342174385,2.412565153327787,2.1586958250243766,2.4465640906917927,2.286401071695028,2.461321440109221,2.692834357481545,2.6125498381956382,2.714915274314336,2.6997666377128477,2.9817707316737727,2.2946342481426107,2.7230862147822426,2.57308369509068,2.8354842710700376,2.315667234653963,2.293500313456891,2.677498475567922,2.7267577814016177,2.102273020070735,3.1250185185597052,2.558887128383325,2.783475702491374,2.2694082975802643,2.5480190830549536,2.3323394198141494,1.9328266187937078,2.744303233672383,2.4327859250116948,2.5262991136097486,2.330072513482232,2.938310832540578,2.3809546802203982,2.2472929749731567,2.928693081388095,2.5217383263147193,2.4664663800988365,2.6394678943452186,2.5339663476944847,2.7999231914969136,2.816240147973787,2.8114424195876704,2.7584456311254155,2.510851627976569,2.6440376361854416,2.642826128165624,2.6310594274307144,0.14549314191990229,0.10032798857051649,0.12870394613345115,0.13336059378950124,0.12445795845359178,0.1201429397832245,0.1356343834903721,0.13510744882442657,0.21175375573039784,0.14074120008963845,0.1220856499950583,0.13568418798075504,0.12545581600250952,0.1985667398799131,0.12071212391089538,0.15327953297504557,0.18538388125563687,0.15068474149887023,0.13922356454835463,0.1344816946725248,0.13350973510863365,0.14283056551646606,0.2079698886990626,0.2354860889927521,0.1412637813466544,0.12326221893778336,0.23376829908719052,0.1692204363932689,0.13353947246312212,0.11807687775502074,0.16526061275065967,0.12950286160456462,0.1679874886374041,0.12393017311501446,0.15575338784140855,0.3145395692948597,0.19911110784933206,0.14524317506239,0.1597012075071164,0.16235647463415132,0.13837555228388065,0.2176152702730232,0.1334843336687733,0.21188719115259802,0.1441071534208358,0.14562350819523248,0.11878603490298234,0.13467891047161457,0.1264223989584858,0.1422776688356015,0.13517759062883178,0.16875721634390933,0.11908905893994179,0.17577992186149177,0.16736363758991735,0.1844773577313113,0.12614869172846957,0.16026119460494925,0.10184582986631356,0.13585383566691345,0.13489041939546434,0.12227174008391056,0.12023585942642782,0.13710549974458872,0.1370000363209258,0.19991045286667458,0.14291460588661736,0.1230295242797644,0.13840508517832673,0.12325703439549016,0.19851782562519107,0.1189944205010436,0.1507896270898669,0.19404236428005509,0.1379678725160283,0.20267232438091165,0.13423326507531072,0.14078654490469236,0.13633519137543273,0.13924733889191546,0.17484836877526647,0.20247768772930028,0.13691353514867885,0.16808380790193597,0.12225543810303179,0.16536345096765362,0.3343834388241257,0.1299053647416755,0.12233008808982238,0.17786792897604875,0.13233255390964152,0.1659800168870876,0.11333167955364815,0.3013951316613058,0.17070892539265742,0.1396559102444294,0.12334064879216314,0.12305237923329694,0.20153843075524158,0.13256075437736445,0.21122555045053482,0.19895340668461536,0.1423915937309813,0.1502751479583883,0.12708705411722937,0.13015913921575273,0.17746104412257638,0.1603604640090766,0.1520417850151913,0.1360124541502421,0.1840178934324384,0.17302834411208948,0.18612716866880394,0.12167507624517913
45.0,1.7690749022071273,2.2392817342682916,1.6541398446852655,2.1776256403829333,1.9715391834538973,2.2434151113925735,2.2070118807565993,2.6211650565652196,2.6776911838507824,2.453066237288954,2.508539948943203,2.372496366745317,2.1877039402686456,2.5243241881148766,2.2759724746293455,2.4888524974845585,2.7291073207694247,2.521419647962342,2.668124691980735,2.9522000030313573,2.2611023956417617,2.700503504077855,2.6128137168549626,2.927599599456305,2.362159635053996,2.775351279614096,2.451300390786616,2.6766589897310915,3.0735239871517357,2.562422486522126,2.7400556061434713,2.27990153867528,2.5501695300112677,2.405637762606775,2.2249238575576533,2.243653283523629,2.678520868338214,2.4313668334467833,2.663276247874498,2.480473592047667,2.3363415303975223,2.948932975194333,2.3356686781605873,2.327897099645116,2.5032384821626223,2.4713517451090987,2.6035373140517812,2.538237961155878,2.7403641917287507,2.5220396446211515,2.8155596479192595,2.6554912328096574,2.652696433920441,2.547502233599961,2.627407166464716,2.6709126635165736,2.630200666266071,1.7535772869410584,2.2554498154226374,1.668889622233541,2.195682006446563,1.9707511937879183,2.2172996783541254,2.146490726830886,2.637908428421276,2.736820819758553,2.5537497328869803,2.568968070424046,2.4129733343914115,2.159282331116969,2.4457159616028767,2.2863872388738273,2.4568427371779333,2.6882362856223887,2.610882631058287,2.7074642420199684,2.695200895556321,2.977107323585433,2.293880046626258,2.719211864147913,2.570950235150298,2.829243389883828,2.3160723571468584,2.2942382764624627,2.6740970606649723,2.7228634245218313,2.0978427946894898,3.1240569049001023,2.5602666815317567,2.782939224971164,2.2695893447172875,2.544570333834774,2.3301825223399177,1.9286444678121821,2.743552766952357,2.431501844032525,2.5232615729542807,2.3324574506161673,2.934318949888629,2.3812900032887696,2.245982211825023,2.926480554821666,2.5210827513095437,2.4644421746776497,2.640053670385035,2.534777059090249,2.797015418718088,2.815364651907965,2.8084653703121187,2.7557099061715946,2.511589651332897,2.6427145938223364,2.642080454922964,2.6293077784008525,0.14594374616610048,0.10058633219887912,0.12888064627815932,0.13361805809768057,0.12479707400693199,0.12077681419244779,0.13618912758477955,0.13562616097325791,0.21218359377947085,0.1412343340769135,0.12223765387835789,0.13596367208904372,0.12586270825465756,0.19898362959276036,0.12113480669653594,0.1538558820516581,0.1859553157541817,0.15121209133854235,0.13947459616179111,0.134963183045547,0.13362141070667577,0.14323747018823274,0.208491205104146,0.23603544328340542,0.1415262357602024,0.12332430670584299,0.2341354366351472,0.16984774331448674,0.13398804110623305,0.11830239961036439,0.16557229098779797,0.1298444827833389,0.16830982412776105,0.12416233651897561,0.1559675335771913,0.31606249613971177,0.19966446245083475,0.1456436075037656,0.15996200146326833,0.16258558540723841,0.13869753731805612,0.2180253402342391,0.13377022978199407,0.21246057716206054,0.14441443659534783,0.14574470628231617,0.11902244032636196,0.13488041914829285,0.12678932061442608,0.14250847549786122,0.1354177574418704,0.16916075492976138,0.1192155805060896,0.17615068561482067,0.16773167663866856,0.18483102857057188,0.12648310808545427,0.16056961683202256,0.10208032722362131,0.13619212465221345,0.135162334518174,0.12250464569430185,0.12085943640756497,0.13770126327344415,0.13735792677898206,0.20034423821711117,0.1433271006852002,0.12323365815268138,0.13863076650576264,0.12366766620555042,0.19868640813669458,0.1194393177073777,0.15129038471470757,0.1945629829751699,0.13831471816744745,0.2035436830626949,0.13448487541832654,0.14132860260176552,0.1363856731209043,0.13957985138782678,0.1753217607263824,0.2030054918407615,0.13711373505080254,0.16820643775989808,0.12245735863233183,0.16561012473036804,0.33581408880799685,0.130069130324434,0.12264546778033117,0.17821518990578045,0.13267732709229407,0.16637465671642415,0.11326999210331339,0.30262931722859276,0.17116037749955887,0.1399260694726059,0.12357251912533584,0.12305015349325689,0.20176253486365028,0.13280118995026163,0.21193195744523108,0.19945320879418385,0.14259720404464554,0.15035867304703118,0.12730769050402935,0.13039923051340258,0.17790178656707478,0.16075226835059583,0.1522520769070939,0.13624401519526655,0.18434959703021847,0.17336768587140178,0.186515879786869,0.12190704002865184
46.0,1.7696403213927032,2.240293751666489,1.6543005078941235,2.176971747462169,1.9721792322985823,2.2417574050887072,2.204834256767722,2.6190325391720655,2.675568752906711,2.4494035169130024,2.5091988430227543,2.3729338873560204,2.18883066999084,2.524194931121679,2.276031178116231,2.4840414394616666,2.723069637913317,2.520873876842861,2.663876946018013,2.9484695919417754,2.260385424876533,2.6968260573114433,2.6106405072713548,2.9214669840772856,2.3610264170658586,2.7721138733611697,2.456435170720468,2.6725847505841487,3.07151503034197,2.563503515881805,2.740496902594637,2.2800025539313413,2.5466883478031854,2.4025860708870925,2.2247211088819663,2.2407445317866705,2.6782691267121397,2.4306429890252708,2.6587333232624872,2.4780054072280233,2.3374865213619738,2.9439525716166783,2.335927556307576,2.3261170243009213,2.5028277340612193,2.4687738611748586,2.6042572016630685,2.5383343341304303,2.7380703662979506,2.5210950156282426,2.811722114710136,2.6505102438886503,2.6501952481348394,2.5478247452947276,2.625935448657899,2.669601501271424,2.6285777881667496,1.754546115838575,2.2563114768514967,1.6691928278092645,2.195544594980301,1.9711751318546382,2.215441693564155,2.144489368671247,2.6359442055572484,2.733014548077035,2.548988455570441,2.5688992639904034,2.413191899205163,2.1596128830402153,2.44473642947682,2.286155266730321,2.452332311235934,2.6835148231042085,2.609007028525543,2.6998560172448998,2.690633665807393,2.972463055914487,2.2930105657294058,2.715202309889733,2.5685700849730306,2.8228302774862764,2.316214554764917,2.2947586951537478,2.670701574883072,2.7188940984141756,2.0935839172562405,3.12294259020561,2.5616242031180123,2.782205703435396,2.2696041317122284,2.5410295018235116,2.3279742133064714,1.9246756355920267,2.7427095913905153,2.430006375132808,2.520074167505775,2.3346381503628915,2.9301290968315663,2.381369068947815,2.244556187809705,2.924156837597448,2.520157722276344,2.4622453617702273,2.640502780956,2.5354778821798556,2.794058098242226,2.814402260837751,2.805280432374468,2.7528279373722295,2.511983983174743,2.6414434255605745,2.641145129164299,2.6273965337937546,0.14641506370062615,0.10087635354451989,0.12908293379801414,0.13389730119035148,0.12516816583488719,0.121430999857514,0.1367587180876058,0.13616852367208254,0.21263786605482698,0.14174652518885344,0.1224313905589993,0.13627167976107837,0.1262980996806874,0.19942158342001393,0.1215809720483594,0.15446018066349035,0.18654870736130924,0.15175869633525485,0.13975826885853557,0.13546752857403166,0.13377789173210725,0.1436821998682591,0.20903631744761353,0.23662385471742717,0.14182374234662876,0.12341627870290392,0.2345387220105133,0.17050983934505357,0.13447497049699297,0.11855792102453953,0.1659185395317062,0.13021680579041903,0.16867305186276843,0.1244202318899421,0.15621144111663524,0.3175972720469515,0.20024111320244886,0.14607027363507172,0.16027300864610833,0.16284501782802405,0.13904951630605217,0.21847803223432435,0.13409441946244793,0.2130601724557902,0.14475105438652583,0.14591961971631273,0.11928942197469135,0.1351204158628985,0.12717644873328823,0.14276818265983232,0.13570441616403367,0.16959530155275948,0.11937694359376423,0.17654865639960965,0.16812342562048146,0.18522007002905208,0.12684364206454404,0.16090963567844907,0.1023467033106626,0.13654102569583285,0.13546476527210716,0.12276476480857289,0.1215070692329679,0.13830805287297862,0.13775756573265815,0.2008107794442737,0.1437847503757052,0.12347160175838046,0.13888073484645036,0.12412039168085787,0.1988816611756419,0.11991917727372647,0.15183387130981488,0.19511543652611607,0.13870660030993912,0.20444383035878472,0.13477403056976317,0.14189738613754896,0.1364693844297174,0.13994798130294384,0.1758299321714865,0.20356307710232915,0.13734371455662517,0.168366837077978,0.12269200520395725,0.16589575156049388,0.3372541823491007,0.13027630726539255,0.1229738537800576,0.17860028609421733,0.1330627166732058,0.16680511871365114,0.11325278941388135,0.3038736069120076,0.1716546390521665,0.14023672833849696,0.12384592986935314,0.12309228954560057,0.2020387329811554,0.13308187993291315,0.21266742561838461,0.199976962992531,0.1428291014924604,0.15048415840752824,0.12758141941923565,0.13067013821546045,0.17836528519971157,0.1611584977944673,0.15250658122918073,0.1365104255685106,0.18470888433441499,0.17374916780950675,0.18694500202140532,0.12217089021696348
47.0,1.7701868558543372,2.241091564357259,1.6544556621063202,2.176157423649779,1.972642335305746,2.239781325057729,2.2026136431060563,2.6168101686516567,2.673455829948302,2.445724754228442,2.509683802357735,2.373159290860022,2.189609192464248,2.523860699779264,2.275805338008256,2.479226954440113,2.716825864349676,2.5200640626417794,2.6595935269285182,2.9447242618305447,2.2594782926716275,2.6929332214202866,2.608168132611836,2.9150094685354504,2.359582915293471,2.768907055157879,2.4613625037034357,2.668377844920198,3.0693640153460304,2.564477463359611,2.7408193540628023,2.2799013692294468,2.54307018730343,2.399481297094904,2.2242730947990768,2.237888371634738,2.6778962353142477,2.429634618161334,2.654015685174526,2.475332565081418,2.338326972922412,2.938735572882798,2.335874571757383,2.324263128640944,2.502081532114745,2.466027415447799,2.6047230433068207,2.5382503224035045,2.7357006819547327,2.519892411629931,2.807606621819416,2.6453274700600393,2.647520646762436,2.5478037051051374,2.6243976729120004,2.6680480726781406,2.6267434935477,1.7556146644749937,2.256989030688685,1.669559702571087,2.195249899906638,1.9714894648475725,2.2132655201605176,2.142406617312171,2.6338935919900175,2.7292218065919154,2.5441475779695417,2.568657822694391,2.413167423281649,2.1596246645679473,2.4435833298595053,2.285647561199912,2.4477796298691343,2.6786491753290025,2.6068764818245467,2.6920882419737993,2.6860453760931615,2.967820216872381,2.2919700458065306,2.7110215062844976,2.56589973134912,2.8162177339695718,2.31603259822478,2.294999741585503,2.667287223452149,2.714812564643467,2.089499613986849,3.1216533047568955,2.5629116241725196,2.781231232682698,2.26939830996634,2.537375791964851,2.3256809970196737,1.9209365582355282,2.7417385219391464,2.4282442957634833,2.516699113680734,2.336547067162069,2.92568801858858,2.3811243723903583,2.242992867763903,2.9216838001801797,2.518905400030982,2.459833671565993,2.6407553141080093,2.5360073454762073,2.791009732113963,2.813317260733625,2.801833364148311,2.7497554605186636,2.511964861156021,2.640181224267347,2.63997954700669,2.625277893123235,0.14690492586360254,0.1011984507631819,0.12931062111232072,0.1341977131092427,0.12557063954787226,0.12210422613914879,0.1373412863308268,0.13673334477324817,0.2131152018700822,0.1422757568255941,0.12266817645910827,0.1366079987994202,0.12676170445328627,0.1998783517859069,0.12204988678582965,0.15509070558112026,0.18716162125157398,0.15232239405262094,0.14007510479758642,0.13599308100820137,0.1339811847984414,0.1441650366988541,0.209602362948099,0.2372493243130793,0.1421554830520626,0.12353898233772183,0.23497611363823093,0.17120531117985144,0.13500027182418725,0.11884342220883846,0.16629919171858995,0.13062012393302083,0.1690773115165395,0.12470378951538626,0.15648404372606847,0.31913775689191615,0.20083858755524914,0.14652237728405462,0.1606349578138924,0.16313470989394985,0.13943023193862772,0.2189719182639619,0.1344574041896922,0.21368407605223327,0.14511634197508647,0.14614996019150645,0.1195872355344979,0.13539962711889053,0.12758223337987729,0.14305645204889159,0.13603801098530896,0.1700596497558872,0.11957343734327514,0.17697240923231294,0.1685370054070589,0.18564590552158156,0.12722934717230666,0.16128005105076915,0.10264462268126569,0.13689791574279353,0.13579735971623375,0.12305157971260984,0.12217805121723767,0.1389232743234572,0.13819992478300572,0.20130907126737113,0.14428882661618514,0.12374381291655064,0.13915452627326236,0.1246156172504677,0.19910291147713638,0.12043418218295932,0.15241917334186028,0.1956974048479991,0.13914446981052198,0.20536839238125376,0.13510135494070685,0.14249102059621963,0.13658736280904607,0.14035146036040247,0.176371326123359,0.20414778120330965,0.13760270811630654,0.1685648490662827,0.12295998669762191,0.16622051273513389,0.3386968081834973,0.13052808804747024,0.12331349953093376,0.17902253143850314,0.1334897151223313,0.167270783986894,0.11328269969160806,0.30512215961673295,0.17219074975762613,0.14058870469638565,0.12416124545566862,0.12318027150393045,0.20236735517340798,0.13340387374985793,0.21342983495147522,0.20052218016329246,0.14308693128554079,0.1506524844500079,0.1279099748538138,0.1309723029950716,0.17884923501828115,0.16157671007648355,0.1528050671653759,0.13681205264860424,0.1850944573470092,0.17417313772017676,0.18741569868396277,0.1224668528987296
48.0,1.7707013904603945,2.2416308614121965,1.654576547442262,2.175134866991401,1.9728761264507426,2.2374428626124123,2.20033125414823,2.6144617700189747,2.671324291887785,2.442003773558341,2.509950863230637,2.3731201186005317,2.189973698429934,2.523271516673017,2.275236875033937,2.47440133206358,2.710356443075159,2.518935972965672,2.655253492644117,2.9409387237375935,2.2583227911021124,2.6887799009692896,2.6053459343974485,2.9081947462915063,2.357774323799984,2.765707240091085,2.4660113246176243,2.6639981661050176,3.0670513384779032,2.5652949837360293,2.7409818827572514,2.2795429355116275,2.5392914630190226,2.396297152739197,2.2235256795728056,2.23506861599754,2.6773638986612025,2.4282841171411653,2.6490964734101947,2.472412973761341,2.338796006137455,2.9332359744476215,2.3354428201657425,2.322312756615318,2.5009340867030185,2.463076762527518,2.6048695072176877,2.5379259977120086,2.733223062725755,2.518376760913542,2.80316076486692,2.639913322349068,2.644628031408478,2.5473712327056908,2.6227490371186346,2.666212953596946,2.624651322334383,1.7567732912887681,2.2574390012737306,1.6699657673344106,2.1947478548828476,1.971648650690552,2.2107280474360347,2.1402207377871565,2.6317173601822703,2.7254181950828444,2.539200761247558,2.5682031543138892,2.412846482133526,2.159254859474048,2.442214498296812,2.284806528218033,2.443174160663453,2.673618547698775,2.6044444421824764,2.6841585581913328,2.681416454040713,2.9631610946705154,2.2907027272120724,2.7066334076089924,2.562895661068812,2.809378559425983,2.3154652582431012,2.2948995878124725,2.6638292116021387,2.7105815847745185,2.0855931110971277,3.120166778834593,2.564080875725675,2.7799719075116824,2.2689175308808536,2.5335884092024545,2.3232693777854037,1.9174436718449286,2.740604373550497,2.426160383375532,2.5130986278956335,2.338116655453339,2.9209424603788485,2.3804884088091796,2.241270216524322,2.919023313034565,2.5172679453893103,2.4571648342543915,2.6407513578909616,2.536303977492202,2.7878288223779104,2.8120739375659998,2.798069924007198,2.746448211402268,2.5114625229306706,2.6388850828098493,2.638543104567236,2.6229040559030645,0.14741119415458523,0.10155309549447528,0.12956360057343344,0.13451875255126028,0.1260039595785898,0.12279521349203928,0.13793495784119836,0.13731942973502226,0.2136142296305051,0.14281998623060677,0.12294941788352758,0.13697246886384218,0.127253272959643,0.20035168745947549,0.12254081712118473,0.1557457284603351,0.18779160852920762,0.15290100614517416,0.14042567703312936,0.13653818040643073,0.1342333780344006,0.14468629354600288,0.21018647018698708,0.2379098700985936,0.1425206516618901,0.12369333307603589,0.23544560228858963,0.17193276961198634,0.13556396748840327,0.11915893584395075,0.16671413885038966,0.13105478032508117,0.16952279019407804,0.12501295608251414,0.1567842753016359,0.320677743457537,0.20145442079294784,0.14699915792935064,0.1610486396324723,0.1634546394962702,0.1398384463931972,0.21950560880846365,0.13485973186583236,0.2143303963315866,0.1455096639852166,0.14643751598189927,0.11991618356969602,0.1357188302979492,0.12800508837795788,0.14337297383905317,0.13641903188668025,0.17055260945686332,0.11980541018842537,0.17742055608879131,0.16897055734058822,0.1861100543751554,0.12763926965401431,0.1616796805634028,0.1029737716927906,0.13726016777456,0.13615980982245968,0.12336461218246497,0.12287169897131654,0.13954433217772083,0.13868604989535874,0.2018381403789693,0.1448406825210292,0.12405080593357343,0.13945170715379537,0.12515378588888107,0.19934951933546904,0.1209845534649969,0.15304540105502562,0.19630657902863807,0.13962934527329013,0.20631297882462446,0.13546754886021775,0.14310763029495965,0.13674072750134947,0.14079005791737095,0.17694440837391534,0.20475693617470508,0.13788994561221773,0.1688003532826763,0.12326196687201163,0.16658463609195526,0.3401349838393734,0.1308257121434407,0.1236626141777989,0.17948127439614314,0.1339593869041719,0.16777106082691837,0.11336246203494911,0.306369078877043,0.17276778224998413,0.140982883997802,0.124518864929716,0.12331564168446135,0.20274879087164924,0.133768284454682,0.21421706683878544,0.20108636654988885,0.14337037665135793,0.1508645751888578,0.12829515926128243,0.13130617505345785,0.17935133005881423,0.16200443998627054,0.15314733424546217,0.13714932012351636,0.18550503742414337,0.17464001905090337,0.18792921501429807,0.12279519367743567
49.0,1.7711708100792616,2.241867331902891,1.6546344040223582,2.173856275532658,1.9728282397089232,2.2346980090655206,2.197968304270897,2.6119511682889978,2.6691460156373754,2.43821439922576,2.5099560619240098,2.3727639119207344,2.1898583786289585,2.522377404388332,2.274267709921775,2.4695568619757404,2.703641817086424,2.5174353754210816,2.650835901096689,2.937087688702867,2.256860712243024,2.6843210005233025,2.60212325414925,2.900990510806197,2.3555458366485498,2.762490843247654,2.4703105683451536,2.659405607504369,3.064557396051607,2.5659067317915114,2.7409434108873065,2.2788722037198763,2.535328589456971,2.3930073493289776,2.2224247274669247,2.232269077804683,2.6766338212696454,2.4265338822510025,2.64394882776908,2.4692045414212855,2.3388267420657627,2.927407771766036,2.3345653971884417,2.3202432521742407,2.4993196082058247,2.459886257013602,2.6046312616302547,2.5373014317928546,2.7306054326376654,2.5164929917664245,2.7983321394724725,2.634238211780983,2.641472803678223,2.546459447770895,2.6209447391694356,2.664056719888071,2.6222548144522113,1.758012354718338,2.257617912946147,1.670386542914646,2.193988393566213,1.971607147307367,2.207786164683524,2.1379099951297196,2.629376282596707,2.7215793133294435,2.534121666567711,2.567494666626758,2.4121756512734085,2.1584406515323593,2.440587770334588,2.283574573720148,2.438505371204803,2.6684021456155023,2.6016643608264665,2.676064607882174,2.676727327277136,2.958467977520312,2.2891528503004865,2.7020019681400114,2.559514360922357,2.8022855539477183,2.314451305536509,2.294396405889365,2.660302744562968,2.7061639203721723,2.0818676348029257,3.118460742719386,2.5650838888078806,2.7783838227209894,2.26810744585706,2.5296465584800134,2.3207058599095545,1.9142134125224934,2.7392719611768674,2.4236994154198546,2.509234926566985,2.3392793696763867,2.915839167421566,2.379393673397075,2.2393661989276694,2.9161372466253415,2.5151875191671675,2.454196580024849,2.640431000354763,2.536306306740742,2.7844738710786827,2.8106365773053836,2.793935870324724,2.7428619258144007,2.510407206152596,2.6375120940552708,2.636795197963018,2.6202272216470472,0.14793176421561247,0.10194083938794818,0.12984185219311137,0.13485995697819353,0.12646765549499575,0.1235026684135909,0.1385378461459423,0.13792558113158154,0.21413357717012407,0.14337714094907492,0.12327661817053105,0.1373649898866145,0.12777259317617945,0.20083934992909977,0.12305302336584965,0.15642351790100154,0.18843620675751585,0.15349233464195813,0.1408106122195547,0.1371011586174316,0.1345366384607534,0.14524631454652018,0.21078575605988067,0.23860352722574293,0.14291845728973065,0.12388032418319365,0.23594522003277893,0.17269085343338172,0.13616609337760927,0.11950455102317867,0.16716333552883286,0.1315211676310182,0.17000972400962733,0.12534769656018124,0.1571110703885964,0.3222109571087121,0.20208615985122974,0.14749989247603038,0.16151490668202778,0.1638048289729419,0.14027294414258326,0.2200777589859064,0.1353019980439251,0.21499725701670933,0.14593041681817787,0.14678415389748084,0.12027662138380603,0.1360788582466268,0.12844339298012716,0.14371747140107452,0.13684801867839372,0.17107300949476237,0.12007327551250349,0.17789174986513526,0.16942225015139148,0.18661413986580547,0.12807245017034807,0.162107364371058,0.103333862253081,0.13762514842953716,0.13655185653536958,0.12370342163390835,0.12358735168517525,0.14016862739299887,0.13921706686426652,0.20239705037757863,0.14544175750694296,0.12439315876921389,0.1397718804017375,0.12573537866017592,0.199620886301482,0.12157054978195499,0.15371169417938854,0.1969406650213555,0.14016231483852395,0.20727318367067696,0.1358733934439668,0.1437453408838376,0.1369306870714554,0.1412635841745805,0.17754767392163415,0.2053878678211369,0.1382046485847881,0.16907326502111256,0.123598663205243,0.1669884023171874,0.3415616520401053,0.13117047001379842,0.12401935321289,0.1799759055404008,0.1344728723292647,0.16830538819306173,0.11349492391640621,0.30760841196729843,0.17338484655807201,0.14142022380651448,0.1249192213064949,0.12349999596841435,0.20318349037684544,0.1341762952417102,0.21502701247210396,0.201667022473327,0.14367916793230973,0.15112139536997843,0.1287388485745968,0.13167220940386648,0.17986926877806264,0.16243919710840934,0.1535332120501549,0.13752270662391305,0.18593937289929932,0.17515031959672347,0.1884868865306143,0.12315622268399856
50.0,1.7715819995793052,2.241756664900921,1.6546004719670164,2.1722738473191265,1.9724463090556583,2.231502755729803,2.195506007850714,2.6092421884767036,2.6668928781092913,2.4343304555537566,2.50965543472037,2.372038212163838,2.1891974238023564,2.521128385510614,2.272839763400262,2.464685833820245,2.6966624293801145,2.51550803761458,2.6463198102180616,2.9331458677662723,2.255033848169407,2.679511424647213,2.5984494333882724,2.8933644555402473,2.3528426479023405,2.759234279714444,2.4741891697681244,2.654560062484032,3.061862584381159,2.5662633623065507,2.7406628606622725,2.277834124796205,2.5311579811242955,2.3895855983732304,2.2209161027452704,2.229473569985864,2.675667707656198,2.424326309777016,2.6385458880507757,2.4656651762147095,2.3383523017659966,2.921204960292962,2.3331753984812287,2.3180319592678473,2.497172307002999,2.456420253505651,2.6039429747791565,2.536316696382922,2.7278157157170906,2.514186032475901,2.7930683412559043,2.6282725493809957,2.638010365176912,2.5450004699752373,2.6189399769560224,2.6615399474117734,2.6195075098266205,1.7593222132021642,2.2574822900454463,1.6707975501271801,2.192921449613997,1.9713194126218325,2.2043967611958135,2.135452654373326,2.626831131696034,2.717680761111373,2.52888395509328,2.566491767410878,2.4111015062139436,2.157119224516743,2.438660981518714,2.2818941036416964,2.433762729079122,2.662979174481185,2.598489688983687,2.6678040330309902,2.671958423429507,2.9537231536331747,2.287264655426211,2.6970911421543513,2.5557123177000034,2.7949115176270207,2.3129295108216645,2.293428367870942,2.6566830275645623,2.7015223330012463,2.078326411320075,3.11651292669191,2.565872594449542,2.7764230731092168,2.2669137062962132,2.5255294447412115,2.3179569476979753,1.9112622163704949,2.7377060997704743,2.4208061693474185,2.5050702261112616,2.3399676642708416,2.9103248849359122,2.377772661346868,2.2372587798106456,2.9129874714171886,2.512606282180419,2.4508866390667943,2.639734329549297,2.5359528617347475,2.780903380260898,2.8089694659222118,2.789376961474444,2.738952339546469,2.5087291484757306,2.6360193508708103,2.634695223311122,2.6171995898689837,0.14846457062518878,0.10236232107627223,0.13014545215744078,0.1352209539648974,0.12696132906969881,0.12422527814666368,0.13914804623807875,0.1385505984486025,0.2146718723791433,0.1439451153654711,0.12365138523920426,0.13778553144420266,0.1283194922035557,0.2013391107961683,0.12358575431230027,0.15712234222738017,0.18909294114658215,0.15409415833782483,0.14123059345850644,0.13768034134654858,0.13489320845935673,0.14584547566655012,0.21139732301675232,0.23932834852889254,0.14334812858894805,0.1241010371627621,0.23647305075690395,0.17347823390753517,0.13680670157565178,0.11988041770765262,0.1676468054685334,0.13201972757811,0.17053839988786806,0.12570799647502842,0.15746336468746594,0.3237310566319168,0.20273136798320573,0.14802389736025554,0.16203467344036862,0.16418535018530556,0.14073253552482115,0.22068707560109704,0.13578484723452497,0.21568280421818514,0.14637803152647305,0.14719182120844157,0.12066896352548688,0.13648060427036623,0.12889549439834053,0.14408970679844524,0.13732556553217456,0.17161970084905243,0.120377517879091,0.17838468902651994,0.16989028827711933,0.18715989747786904,0.12852792607539915,0.16256197095253433,0.10372463611315348,0.13799021548855814,0.1369732953949391,0.12406760285703931,0.12432437046622578,0.14079355532075175,0.13979418722474543,0.2029849075452404,0.14609358219006538,0.124771520831359,0.14011469258167858,0.12636091659047693,0.19991646397570179,0.12219246703018108,0.1544172287432021,0.19759738847446684,0.1407445380703063,0.20824458720380165,0.13631975584278622,0.1444022823023678,0.13715854748118997,0.14177189387808975,0.1781796547392604,0.20603789568094924,0.138546026478156,0.16938353476011425,0.12397084533921449,0.16743215184370566,0.3429696781571494,0.13156370765739853,0.12438180827181207,0.18050586623439432,0.13503139150739366,0.16887323988839378,0.11368303747206487,0.30883415017071647,0.17404109543466986,0.14190175858192747,0.12536278107745455,0.12373497853854289,0.2036719664876897,0.13462916639986147,0.21585758274110464,0.202261641520853,0.144013092870819,0.15142394726098485,0.12924299767954248,0.132070860697594,0.18040076073683284,0.16287846397944625,0.1539625601166914,0.13793274392527655,0.18639624798603832,0.17570464108977063,0.18909014794017542,0.12355030024550927
51.0,1.7719235005255491,2.2412644250640485,1.6544511984832182,2.1703495239305424,1.9716898605173545,2.2278244303680412,2.1929269771470534,2.606305155546477,2.6645391373129126,2.4303285399691577,2.509013868481469,2.370902082820441,2.1879406393716003,2.5194856333381317,2.270908268707174,2.459779837284769,2.689404265030952,2.513112175352165,2.6416879162138938,2.929093215434006,2.2527968963656977,2.6743172678679885,2.594285940857521,2.8852917478978823,2.3496238441058743,2.7559178169283727,2.4775928160548317,2.649431647540304,3.0589512518372355,2.5663259834991736,2.7401071005016604,2.2763850801253716,2.526760065639094,2.386010035114028,2.2189586477847234,2.2266680486458617,2.674435716083982,2.421617414258759,2.6328664132276063,2.461762612784632,2.3373225688485393,2.914593640471546,2.3312214892801197,2.315658353471766,2.4944424489654025,2.452650283310157,2.6027532005278626,2.5349260519064147,2.724827848700531,2.5114136793962105,2.78733015038471,2.621994232647253,2.6342067083201903,2.5429429541201096,2.6166974021636182,2.6586320825850227,2.6163734742904015,1.7606927406741637,2.25699824920495,1.6711780297914047,2.191507204288602,1.9707494435938326,2.2005281591154384,2.132829722313208,2.6240498756475357,2.71370015549613,2.523465065556025,2.5651624643155375,2.4095827065563356,2.1552424387069467,2.436401363779015,2.2797208405784457,2.4289363227113774,2.657334232896303,2.5948844387917385,2.659374992502776,2.6670938396293327,2.9489113357221908,2.284995038950743,2.691873959320044,2.5514564955054575,2.787235829360249,2.3108541610781215,2.2919491195910795,2.652949981538061,2.696628718142562,2.0749725698070662,3.1143052079705518,2.566409739440163,2.77405576265116,2.2652936607027105,2.5212195307582745,2.31499565569409,1.9085978156841048,2.7358786853315644,2.4174380571322813,2.500575316705956,2.34013063138343,2.9043603846880512,2.3755736530921885,2.234927477665318,2.9095448711254948,2.5094804800677672,2.4472018984934665,2.638613039232778,2.535197228325764,2.777085633164296,2.80704437710409,2.78435189275482,2.734686107561675,2.5063763224986944,2.6343698620282234,2.6322121535725005,2.613784667034211,0.14900757590610256,0.10281763759176948,0.1304741363144752,0.13560134598902346,0.12748421369842355,0.12496204686090953,0.13976409859494296,0.13919348277013033,0.21522798019269754,0.14452227456527658,0.12407459410152251,0.13823390211469747,0.1288937869796523,0.20184921883853676,0.12413855294758747,0.15784106803961198,0.18975989333345009,0.15470493868570653,0.14168596857113586,0.13827447796124623,0.1353046006624801,0.14648386402480243,0.21201897104828984,0.24008248279058197,0.1438097135694215,0.12435655178737388,0.2370279694657464,0.17429371541780764,0.13748549355655262,0.1202869373378646,0.16816427985410212,0.13255079732389097,0.17110895274773777,0.12609393772848224,0.15784067613172958,0.3252332341791365,0.20338810148153674,0.14857078978463956,0.16260840028414153,0.16459622732360182,0.14121700888942684,0.22133252816184146,0.1363086416222738,0.21638590232025973,0.14685203057650176,0.14766203674873826,0.12109379583690863,0.13692514675693926,0.1293599597164346,0.1444894907969337,0.1378522689089745,0.17219164980533858,0.12071878441745879,0.1788981761018142,0.17037361900173018,0.18774853158442575,0.12900478430004808,0.1630419101864129,0.10414535914194617,0.1383529902309621,0.13742322852271108,0.12445616791586167,0.12508215142902251,0.1414173285762552,0.14041822232940193,0.2036009828541804,0.14679695219089367,0.12518601260169715,0.14047967951608395,0.12703033902248365,0.20023568983833004,0.12285035763808638,0.15516125539835093,0.19827501558143037,0.14137646022169315,0.2092237665568144,0.13680697524594665,0.14507680459476105,0.13742547907380598,0.1423149406157754,0.17883896384839354,0.20670500145508758,0.1389140825381519,0.16973133545415658,0.12437919397635622,0.16791612575222054,0.344354009713367,0.1320064277642726,0.1247493681744075,0.18107038782846116,0.13563554445481338,0.16947407097384654,0.11392895916999866,0.3100424076313085,0.1747354936990146,0.14242805057575608,0.1258497622604424,0.12402215138377043,0.20421434863951732,0.13512775055066023,0.21670754946789572,0.20286791914503025,0.144371890224269,0.15177323439898435,0.12980887035961566,0.1325026676729111,0.18094379633599558,0.16332034914099175,0.1544353544313903,0.1383799348499517,0.1868744336455971,0.17630304453462922,0.189739660494003,0.123977354074601
52.0,1.7721904812696283,2.2403956793947044,1.6541838591242348,2.168084221083038,1.970565988324734,2.2236757065429784,2.19021941595048,2.603136394260263,2.6620685756462015,2.426196342313756,2.508031652386049,2.3693606759708286,2.186100289479878,2.5174549240207122,2.268481709117376,2.454827662233104,2.6818754774260025,2.5102557972377597,2.6369374683847684,2.9249306600772504,2.2501561759537005,2.668749384560891,2.589642754187786,2.8767774510571944,2.3459040817290338,2.7525371317266147,2.4805342035181805,2.6440313716916917,3.0558235550173896,2.566097517337794,2.739274783665879,2.2745271728630767,2.5221313230639164,2.382276489725878,2.2165631174146165,2.2238470425899344,2.6729418198019785,2.418417683248996,2.626911638962932,2.4575038917320287,2.335754477130795,2.9075883326981646,2.3287146131421443,2.313110436863333,2.4911445219282187,2.448576584561405,2.601066035255305,2.5331405135365443,2.7216398191639164,2.5081852011491277,2.7811310852172033,2.6154111049694455,2.6300701887651705,2.540301695514405,2.6142094816519443,2.6553380540518843,2.612858877305689,1.7621118730502214,2.2561702762330276,1.671522102742583,2.189746829272979,1.9698993933275804,2.196194411983888,2.130033172791357,2.6210292654369227,2.7096231827028445,2.5178575469617526,2.563509164475755,2.407626248256205,2.1528208604063024,2.4338137345811766,2.277063773767581,2.424018723882773,2.6514734922552514,2.590854866029994,2.650777712683871,2.66213235102579,2.944026934507179,2.2823515212634464,2.68635975087012,2.546755767696319,2.7792641832603,2.3082416083371404,2.2899742020002756,2.649102390219471,2.6914915069408862,2.071808851192983,3.1118360515246097,2.566701333605517,2.771288032026105,2.263251445993617,2.516712310617558,2.3118210393915395,1.906193127530092,2.7337899380520123,2.4136030288409027,2.4957552835724974,2.3397839139890575,2.8979625446321173,2.372808070030034,2.232358025605187,2.9058163824680925,2.505822697759215,2.4431458731133238,2.637065245996597,2.5340532217200322,2.7730280378090892,2.8048630354071435,2.7788711071637837,2.73007356151078,2.5033676405990177,2.6325502999175674,2.629353269083553,2.609991187414263,0.1495586935767996,0.10330439560817663,0.13082591925365186,0.13600029730261673,0.12803379981328167,0.1257133215350188,0.14038639968731173,0.13985405809596405,0.21580171594180309,0.14510899757871698,0.12454381744342413,0.13870901090694998,0.12949512286547346,0.20236978666287658,0.12471219504593054,0.15858096321702486,0.19043741656424018,0.15532596706432328,0.14217554795592033,0.13888403570370028,0.13576915418147678,0.1471603039352905,0.21265135454177833,0.24086440407383752,0.14430649746532764,0.12464764687053809,0.2376118491842102,0.17513651990134818,0.13820070522281971,0.12072532118012612,0.16871407737016259,0.13311413949981096,0.17172074394683223,0.12650592453343373,0.15824487804831247,0.326719029264741,0.2040563293997612,0.14914126145349554,0.16323452746907044,0.16503712503762702,0.14173000424336957,0.22201396268831852,0.13687244974319257,0.2171082116053049,0.14735218361097932,0.14819434547278468,0.121552191100208,0.13741411501910505,0.12983634257358168,0.1449166966058821,0.13842856148967206,0.1727882065805309,0.12109814641545506,0.17943126402208903,0.17087404166940606,0.18837872322060453,0.1295023207814437,0.16354364292440332,0.10459328669156621,0.13871217489501772,0.1378977752773012,0.12486566689459921,0.12586014946595298,0.14204144580757022,0.14108808025847164,0.20424505534901113,0.14754939525819621,0.12563437913003644,0.1408657700513395,0.12774111717361344,0.2005777611157273,0.1235431696652269,0.15594319803961462,0.19897390703891202,0.14205541207289737,0.21021133373194104,0.13733296708724432,0.14576811101639015,0.1377317765340225,0.14289292329259884,0.17952439484795552,0.2073898470520377,0.1393120775265542,0.17011763172255875,0.12482386777975378,0.16843996394246571,0.3457181891354959,0.13249807328365645,0.12512689199695604,0.18166767622732208,0.13628316951429503,0.17010714049135292,0.1142313099130854,0.31123798418882315,0.1754660996974547,0.1429975017395885,0.126379279342923,0.124362617045785,0.20480902583011362,0.1356709979416134,0.21757905224451335,0.20348437975234165,0.14475489422967186,0.1521701678321493,0.13043468930253482,0.13296853079646848,0.1814974361766698,0.16376556994829472,0.15495195233592218,0.13886450044042656,0.18737250595440846,0.1769430834966313,0.19043263614560457,0.12443539689152107
53.0,1.7723797668598265,2.239165370481473,1.653800936529925,2.165488598026836,1.969093678759575,2.2190805942673517,2.187372925934311,2.599738729329418,2.659467356604285,2.4219243255331175,2.5067179261920822,2.3674306658426616,2.183704252950792,2.5150531844210917,2.265581880414993,2.449817398573032,2.674089762030336,2.5069593600747075,2.6320693543051026,2.920664373533422,2.247130911464611,2.6628298190632393,2.584541978231813,2.8678341021397857,2.3417119097230445,2.7490917532963777,2.4830427807572546,2.6383804670872624,3.0524836025759043,2.5655913392283747,2.738172509625518,2.2722739366077636,2.5172722465723965,2.378385216116371,2.213753244577376,2.2210072237984866,2.6711984458056537,2.414751222553859,2.6206884200928124,2.4529058801474166,2.333681722981878,2.9002156623573527,2.3256812832045832,2.310378343145343,2.4873090692177056,2.4442065721005366,2.5988994609692693,2.5309852851339003,2.7182556273930905,2.5045227344233187,2.7744978486593808,2.6085384962101528,2.625619752979409,2.5371080245939326,2.6114761360743595,2.6516716610131907,2.60898041424197,1.7635670617416945,2.2550124492318866,1.6718276098199436,2.1876517438551684,1.9687809539633507,2.1914210061922867,2.1270577214114814,2.6177732477544984,2.7054375462384743,2.5120577258847994,2.561542874897959,2.4052512113577356,2.1498797324240178,2.430912307774867,2.273945209106619,2.4190031252135897,2.6454085171508757,2.5864177873883056,2.6420129368408896,2.6570764022724473,2.9390667852095715,2.279354278760746,2.680566923428876,2.541629484943637,2.7710088522441914,2.3051237208928996,2.287534629828177,2.6451437530460007,2.6861282644569715,2.068837899349562,3.1091080692610995,2.566764202530491,2.7681360310894694,2.260802896189109,2.512006536234016,2.3084386645214683,1.904012365168178,2.7314471591716423,2.4093216690628383,2.490623785693338,2.3389597927697103,2.891162269269258,2.3695031187982276,2.229537710399146,2.901817955413533,2.501659605007637,2.4387312346586114,2.635100672140502,2.532549714462445,2.7687477834105936,2.802434653104601,2.7729579846241563,2.7251359522164234,2.4997397500989416,2.630553252833463,2.626135427024573,2.60583919223225,0.1501157718883982,0.10381952824775874,0.13119833142234988,0.13641683800994525,0.12860710875729328,0.12647977836588725,0.14101579769188088,0.14053237182143336,0.2163931452924651,0.145706200651239,0.12505578727355862,0.13920954260760734,0.13012310777995678,0.20290142385278512,0.12530777231701273,0.1593439395282154,0.19112645807481587,0.1559592788920144,0.14269775226938577,0.13950993676247667,0.13628437063921092,0.14787330326254583,0.2132958673955198,0.24167267304442938,0.14484267318540914,0.1249750943721843,0.23822740672309073,0.1760059878238931,0.13895019905344738,0.12119703079133891,0.16929416836939834,0.13370938271104726,0.17237296044104156,0.12694447397248246,0.15867852059136073,0.32819156813870454,0.20473652149494004,0.14973629361882612,0.16391099098209672,0.16550764387132194,0.14227621989704162,0.2227314876532104,0.13747501738971507,0.21785213683139618,0.14787833377867887,0.14878782522101014,0.12204538416248971,0.13794933950590257,0.1303244700364422,0.14537124350396813,0.1390548859313088,0.17340883240885388,0.12151685075863104,0.1799830620933603,0.17139412824052774,0.18904850221107322,0.13001990266422825,0.1640631274285923,0.10506517615306614,0.1390667120357977,0.13839227205268506,0.12529197423408675,0.12665780559020148,0.14266821099040977,0.14180218189785204,0.20491704878077233,0.1483475821104882,0.12611376207038374,0.14127174011731256,0.1284900906398616,0.20094183223789502,0.12426955037008881,0.15676256128483287,0.19969497876484596,0.14277790030885415,0.21120893632441692,0.13789500418618256,0.14647560868624165,0.1380775420515133,0.14350612193450676,0.18023478952057415,0.20809379626492155,0.13974417334441533,0.1705436302504374,0.12530489865407873,0.16900319062428482,0.3470679294518365,0.13303771951700516,0.12552072552348276,0.1822956980725777,0.13697139209283019,0.17077167491554335,0.11458777476982458,0.31242788796987814,0.17623074870635924,0.14360795932073242,0.12695017136902056,0.12475739848529625,0.205453962135127,0.13625738578729976,0.21847512012090275,0.20410974746461946,0.14516136333616741,0.15261567997758382,0.1311179134611209,0.13346947033671402,0.18206101691584486,0.1642155239333543,0.15551284588275036,0.1393866039961009,0.18788899657123975,0.177621661840916,0.19116541168171253,0.12492195407311306
54.0,1.7724881823444238,2.2375884409129205,1.6533049133401339,2.1625733140121475,1.967291918103655,2.2140631035539036,2.1843771087718467,2.5961149854653054,2.6567216436823045,2.417502952572807,2.505081829657537,2.3651287266636407,2.180780408607928,2.5122973414019873,2.2622305783841616,2.4447371362123365,2.6660608143090987,2.503243320666403,2.6270844615492273,2.9163005276399523,2.243740327429589,2.6565806157123566,2.579005717842344,2.8584742382672204,2.3370758770391764,2.7455812108248963,2.4851479963711163,2.63250016587604,3.048935503166998,2.564820824576875,2.736806877851205,2.2696389049579215,2.512183329338165,2.374336468193099,2.2105527622154373,2.218145264251877,2.6692180210904923,2.4106421379794627,2.6142036114533584,2.4479854451212626,2.3311380027709596,2.892502254833756,2.3221480126047056,2.307452206020593,2.482966634160111,2.439547660768735,2.5962714596775647,2.5284855705589866,2.7146792736738266,2.500448415907453,2.7674571436172317,2.6013917362319456,2.620874347430403,2.533393271794469,2.6084972860841686,2.647646702669753,2.604754780468733,1.7650457581599415,2.253538846303687,1.6720923918627373,2.185233367323267,1.9674058176414322,2.1862334281318523,2.1238980837772754,2.6142857692905594,2.701130949610009,2.506061928899505,2.559274602588573,2.4024766759051275,2.1464442975693285,2.427711297209731,2.270387452493095,2.413882719324084,2.6391508721760695,2.5815900195565047,2.633081408240479,2.6519284380229,2.9340277230508547,2.2760234878390815,2.674513883620574,2.5360969979184715,2.762482109228955,2.301532367039563,2.2846614178044318,2.6410775694548563,2.680556555751592,2.0660623581485607,3.1061238730870593,2.5666151717999406,2.764615909696721,2.257963845309398,2.507100959522565,2.3048540968150695,1.9020197418580236,2.7288576499302764,2.404614562387669,2.485194482050897,2.3376905484073522,2.883990463100601,2.3656860060346085,2.2264538188160734,2.8975655399302953,2.497017871565893,2.4339706548615974,2.6327290399642016,2.5307155790978735,2.7642620591841482,2.7997684424697713,2.7666359050587372,2.719894530501205,2.4955292983206565,2.6283713090705287,2.622575484575847,2.601348722711241,0.1506765790532644,0.10435989773138232,0.13158882571079172,0.136849958246879,0.12920111136241397,0.12726208960300056,0.14165312986960946,0.1412284949100528,0.2170023502131222,0.14631484235858117,0.1256072164576523,0.13973417819840875,0.1307773570073339,0.2034447767600401,0.12592639193577593,0.1601319633083763,0.19182799660999833,0.156606959465187,0.14325099953719841,0.1401531332017744,0.13684770877931965,0.14862137471972597,0.21395393682207278,0.2425058566986105,0.1454225597191244,0.1253397541002795,0.2388774761905411,0.1769014778583799,0.13973182250494562,0.12170359380675978,0.16990253022377907,0.1343361725908349,0.17306481656197786,0.12741014776663392,0.15914426945262675,0.3296539726991342,0.20542917318996162,0.15035689539220426,0.1646357333678885,0.16600742133178303,0.1428604761677964,0.22348526476084965,0.1381150928248848,0.21862013586910414,0.1484303389904014,0.14944159310808983,0.12257466044295472,0.13853273388196044,0.13082419845795076,0.14585308929302776,0.13973175157589815,0.17405300681070648,0.12197623528045928,0.18055266876844106,0.17193651890567635,0.18975587076572728,0.13055691883735543,0.16459628963815887,0.10555777941141717,0.13941549577281154,0.13890200050981458,0.1257308835812807,0.12747452484137733,0.14329990674670173,0.14255893132267042,0.20561690592600537,0.14918813110922033,0.12662128396084457,0.14169635718997134,0.12927407477137223,0.2013270748834997,0.12502811555409124,0.15761889189307077,0.20043918173308126,0.1435403742658666,0.21221825053427204,0.13849031385905497,0.147198688690891,0.13846291377695172,0.1441548422319397,0.18096898641643094,0.2088182532427514,0.14021464678668627,0.17101059986177028,0.1258223329715337,0.16960537610257498,0.34840897189492076,0.13362446454366966,0.12593738364719567,0.18295243447412354,0.13769730783580794,0.17146692031221564,0.1149959875044943,0.3136191724994897,0.17702727543691085,0.14425725065387351,0.12756128270808909,0.12520757329219317,0.2061471401456396,0.1368853924596364,0.2193988342210885,0.2047427304918426,0.1455905808946225,0.15311076640292015,0.13185599855326072,0.13400655608572765,0.18263387651080795,0.16467163767136422,0.15611858223345806,0.1399464376171531,0.18842243265360875,0.1783356486892526,0.19193430347514884,0.12543453552798797
55.0,1.7725125527717014,2.235679833277689,1.652698272194722,2.1593490282891956,1.9651796926387595,2.208647244415378,2.181221566136457,2.592267987379269,2.653817600375386,2.4129226863783755,2.503132502540378,2.3624715326614325,2.1773566352748945,2.5092043218260995,2.2584495988089963,2.4395749650588274,2.6578023297274087,2.499128135816186,2.621983677691533,2.9118452942342836,2.2400036483798482,2.650023818845594,2.5730560778720974,2.848710396561083,2.332024532628645,2.7420050334993906,2.4868792989588635,2.6264117002070773,3.045183365444978,2.5637993487892587,2.735184487813512,2.2666356115119592,2.5068650645348662,2.3701304998636306,2.206985403271225,2.2152578359305037,2.667012972651952,2.4061145353319002,2.607464067880649,2.4427594537441095,2.3281570128671647,2.884474735511978,2.3181413144798113,2.304322159191861,2.478147760081675,2.43460726540717,2.5932000133879862,2.525666573672337,2.710914758291933,2.4959843822902,2.7600356729967586,2.593986154897415,2.6158529185857002,2.5291887675518168,2.605272852334737,2.6432769782223846,2.6001986713554484,1.7665354137163276,2.25176354555063,1.672314289710199,2.182503118965328,1.9657856765021018,2.1806571641937604,2.1205489754924534,2.6105707767354147,2.6966910963244453,2.499866482580197,2.556715354554028,2.3993217219425658,2.1425397986514283,2.424224916735424,2.2664128098245047,2.4086506988345313,2.632712121923688,2.576388379224422,2.623983870149287,2.646690902930722,2.928906583252494,2.272379324894821,2.668219038069487,2.5301776572918597,2.75369622713163,2.2974994150713104,2.281385580658667,2.636907338883261,2.674793945885499,2.0634848714617107,3.102886074909498,2.566271066998748,2.7607438177032817,2.2547501273746695,2.5019943323981297,2.3010729020035217,1.900179470859348,2.726028711567766,2.3995022934049453,2.479481031627634,2.336008461583961,2.8764780306272417,2.361383938377007,2.2230936376248267,2.8930750859868946,2.4919241671868364,2.4288768054545264,2.6299600717673957,2.528579688171203,2.7595880543450813,2.7968736157758816,2.759928248390378,2.7143705471877744,2.4907729325864225,2.6259970569233917,2.61869029891765,2.5965398200743564,0.15123878028154697,0.10492227416147647,0.13199475071247685,0.13729858486702848,0.12981270708967252,0.12806093049463055,0.14229922954516014,0.1419425244356261,0.21762942988897824,0.14693592932731506,0.12619478432872253,0.14028158044763228,0.13145748916709352,0.204000525576508,0.12656918525204577,0.1609470565304751,0.19254304350125553,0.1572711532994175,0.14383370242952678,0.14081460633992984,0.13745658820036222,0.14940303838557062,0.21462702756495605,0.24336252596683555,0.14605060655029084,0.12574256821362853,0.23956500565635758,0.17782236366240628,0.1405433985995859,0.12224660599536083,0.1705371397378261,0.13499417209571235,0.17379555282766115,0.1279035557047976,0.15964491563689462,0.331109362706707,0.2061348011713221,0.15100410142166085,0.16540670275413305,0.16653613194850406,0.1434877182245963,0.2242755031641935,0.1387914228095097,0.21941471401156165,0.14900806803312322,0.15015480461498812,0.12314135026091749,0.1391662944894606,0.13133541320369801,0.14636222696563,0.14045973324399277,0.17472022461956643,0.122477727162987,0.18113916189639173,0.17250391272059776,0.19049878618522145,0.13111277853405764,0.16513900317441746,0.10606782612991378,0.13975735942033454,0.13942216826697507,0.12617809371917177,0.12830967191617906,0.14393879306126234,0.1433567017670944,0.20634458011418985,0.15006759258854624,0.12715403069172193,0.14213836683307698,0.13008984842356647,0.20173266744537946,0.12581744350901372,0.15851176998260058,0.2012074954983786,0.14433921449874137,0.21324097785396212,0.13911606588131925,0.1479367198479805,0.1388880586750031,0.14483941188020263,0.18172580765707302,0.20956466503561308,0.14072790159965307,0.171519877418308,0.1263762366532802,0.17024613359353138,0.3497470962994871,0.13425741792187956,0.12638358441049308,0.18363586709455243,0.13845796975131602,0.17219213708587958,0.11545353187035755,0.3148189430318996,0.17785350283758197,0.14494317105304008,0.12821146429000443,0.12571428222659423,0.2068865602436676,0.13755348556068514,0.2203533179989751,0.20538201405209672,0.14604184121970679,0.15365649231675402,0.1326463883847101,0.13458092335123503,0.18321534193897543,0.16513536523473787,0.1567697682943075,0.1405442307822073,0.1889713208965663,0.1790818578829856,0.1927355892366713,0.12597062354083916
56.0,1.772449703189952,2.233454490164328,1.6519834957335338,2.1558264001082135,1.9627759886466685,2.20285702686452,2.1778958997014093,2.588200559782664,2.6507413901786534,2.408173989895381,2.500879084598589,2.3594757580637133,2.1734608117752905,2.5057910525561775,2.2542607374736425,2.4343189750203114,2.6493280037503593,2.4946342623274465,2.6167678903063987,2.907304845153826,2.235940098846537,2.6431814728002783,2.5667151631738414,2.838555114142969,2.3265864254427053,2.7383627505070716,2.488266137119572,2.6201363022294393,3.0412312980640763,2.5625402872715224,2.7333119389830856,2.2632775898683484,2.501317945336134,2.3657675650355694,2.2030749006871697,2.2123416108147516,2.664595727485488,2.4011925204172946,2.6004766442107745,2.4372447731064275,2.324772449639627,2.8761597297766026,2.3136877019671847,2.3009783363619642,2.4728829903086615,2.4293928008570242,2.589703104108329,2.5225534983344975,2.7069660815332117,2.491152770260217,2.7522601397039486,2.5863370820691376,2.610574412912816,2.5245258423017685,2.6018027554793934,2.6385762868719405,2.5953287822716287,1.7680234798222119,2.2497006250748894,1.6724911442015615,2.1794724180694143,1.9639322226856413,2.1747177007691794,2.117005112160725,2.606632216779388,2.692105689888744,2.4934677135012184,2.5538761378007737,2.3958054295142497,2.138191478479571,2.420467380201598,2.2620435869983937,2.4033002563651986,2.6261038309865965,2.5708296830818975,2.6147210658339404,2.641366241649498,2.923700201035933,2.268441966324388,2.6617007933999077,2.523890813734897,2.7446634788692306,2.2930567332823046,2.2777381331205357,2.63263656076843,2.6688579999194415,2.061108083160749,3.099397286635442,2.5657487137117827,2.756535904964594,2.251177576405137,2.4966854067756428,2.2971006458179586,1.8984557654318337,2.7229676453239064,2.3940054467042633,2.473497093405957,2.333945812981506,2.8686558763503274,2.3566241224632662,2.2194444535942988,2.88836254355185,2.4864051616233476,2.4234623581696613,2.62680348984983,2.5261709142273174,2.754742958108706,2.7937593852961844,2.7528583945418488,2.7085852530987307,2.4855073002184582,2.623423084686684,2.614496727230285,2.591432525544659,0.15179991654318808,0.10550331590980248,0.1324133251843382,0.1377615597472459,0.13043870428833107,0.12887698549209256,0.1429549322457415,0.14267458550321394,0.21827450152297115,0.14757052094673173,0.12681512258010952,0.14085038036609404,0.13216312198463412,0.20456938149039086,0.12723731561088422,0.16179129666096417,0.19327264340645156,0.15795407241246825,0.14444426543557398,0.14149536599990797,0.13810839322121024,0.15021682381252227,0.21531664558881358,0.24424125313247444,0.146731395888471,0.12618455555938662,0.24029305361456618,0.17876803057356813,0.14138271718853687,0.12282773316991678,0.17119596553569172,0.1356830611812933,0.17456443444765374,0.12842535840307873,0.1601833834253396,0.3325608576659626,0.2068539389106117,0.15167896895140345,0.16622185149948862,0.16709348706493365,0.14416301634229542,0.22510245380524777,0.13950274866585688,0.22023841827773585,0.14961139658968334,0.15092665256714136,0.12374682305509027,0.13985209880334137,0.13185802822691908,0.14689868127404426,0.1412394694114855,0.1754099930044815,0.12302284024706989,0.18174158937648738,0.17309905851833693,0.19127514451762898,0.13168690976080513,0.16568706998108376,0.10659200751999483,0.14009106376691952,0.13994788909760578,0.12662919387951554,0.12916256682809268,0.1445871060674802,0.1441938223719026,0.2071000269290687,0.15098243399136738,0.1277090351407115,0.14259648054698726,0.1309341423486956,0.20215778561933018,0.12663606929931795,0.1594408001321847,0.20200092184649784,0.14517072180421603,0.21427884155934368,0.13976936120575495,0.14868904287537982,0.13935316621376936,0.1455601769401362,0.18250404638151196,0.21033452342280376,0.14128847765478747,0.17207287293878562,0.12696669945035205,0.17092511569464697,0.35108813020918167,0.13493569004662787,0.12686627644149365,0.18434396495055572,0.13925037558038064,0.17294659443292051,0.11595794273143728,0.31603436139199653,0.17870723123393595,0.14566347213408798,0.1288995742959282,0.12627873655548702,0.20767023934554635,0.13826011057715218,0.22134172770106197,0.20602625330530974,0.14651443687217905,0.15425399784667118,0.13348650670777565,0.1351937871625724,0.18380471764412296,0.1656081869634216,0.15746707419990533,0.14118025739549186,0.18953413288054782,0.17985702814971846,0.1935654905384,0.1265276613829185
57.0,1.7722964586474417,2.230927354161449,1.651163066596426,2.152016088719414,1.9600997924091585,2.1967164609140575,2.1743897111400385,2.5839155273868393,2.6474791765872467,2.4032473260693985,2.4983307155901358,2.3561580770981836,2.1691208169327165,2.50207446045492,2.2496857901622227,2.428957256004531,2.6406515318430857,2.4897821570035483,2.6114379869681947,2.9026853522360248,2.2315689033608423,2.6360756219137365,2.560005078600309,2.8280209281344337,2.320790104432594,2.734653891035167,2.489337959452302,2.6136952040921617,3.0370834096785484,2.5610570154296033,2.731195830830505,2.259578373625538,2.495542464915613,2.361247917616497,2.1988449874056997,2.209393260885005,2.6619787125865777,2.3959001990417477,2.593248195279833,2.43145827029873,2.321018009457493,2.8675838630122263,2.308813688204083,2.2974108712336885,2.4672028681673273,2.423911681959461,2.585798713846373,2.5191715484059856,2.7028372436834784,2.4859757165061795,2.744157246644815,2.578459847609682,2.60505777687927,2.5194358264800965,2.5980869161714706,2.6335584278192217,2.5901618085867564,1.7694974078889527,2.247364162978647,1.6726207961760744,2.176152683923607,1.961857148332341,2.168440524249287,2.1132612093857808,2.6024740361127545,2.6873624338099242,2.4868619482369136,2.550767959335223,2.391946878664387,2.133424579862952,2.4164529014579363,2.2573020899122587,2.397824584536351,2.6193375639576524,2.5649307478187624,2.6052937385611075,2.635956898832807,2.9184054116226648,2.264231588524203,2.6549775562361106,2.517255817918606,2.735396137358794,2.2882361899667516,2.2737500899196883,2.628268734547557,2.6627662829142067,2.058934637117414,3.095660120171907,2.565064937523911,2.7520083213361017,2.247262026420992,2.4911729345700198,2.2929428939895837,1.8968128388351728,2.7196817524385284,2.388144606875157,2.467256326368305,2.331534883281941,2.860554904770992,2.3514337649311945,2.2154935534933484,2.8834438625936594,2.480487524628269,2.4177399847392644,2.623269016511199,2.52351812981112,2.749743959690358,2.7904349633039667,2.745449723435994,2.7025598990567286,2.4797690485389956,2.620641980655009,2.6100116266940074,2.5860468803452634,0.1523573849779357,0.10609955156573643,0.1328416137221998,0.13823761974833532,0.13107580152234868,0.12971095371424152,0.14362108102576104,0.14342483255911254,0.21893770103444704,0.14821973302044128,0.12746480142104824,0.14143916454582828,0.1328938678419496,0.20515208392513892,0.12793198528681765,0.16266681523329726,0.19401787468069998,0.15865800351661594,0.1450810819774372,0.1421964495862874,0.1388004769242159,0.1510612717276504,0.216024341206086,0.2451406090452214,0.14746964260737913,0.12666680580874887,0.2410647851796402,0.17973787219290316,0.14224752682089298,0.12344871293696502,0.17187696037578806,0.13640253582217035,0.17537074952497264,0.12897626936906917,0.1607627363851714,0.33401157833854406,0.20758713204402246,0.15238257423851,0.16707913446790093,0.167679234391363,0.1448915634515272,0.2259664038808196,0.1402478023983765,0.22109383171497948,0.15024020320417364,0.15175636603103296,0.12439248153750039,0.1405923028961598,0.13239198544585665,0.14746250521138296,0.14207165976406946,0.17612182851583258,0.12361317114894288,0.1823589602048318,0.17372474612307104,0.19208276520159057,0.13227875753444168,0.1662362015378451,0.10712696054298593,0.14041528582970114,0.1404741624702274,0.127079648248324,0.13003248058563188,0.14524705692644027,0.14506856574338126,0.20788319609915523,0.15192902580280715,0.12828326191744907,0.14306936496527256,0.13180362817927566,0.20260159417393966,0.12748247935441293,0.16040560228870682,0.20282047854074153,0.14603110666824604,0.2153335829151879,0.14044722148446062,0.14945496495503247,0.13985844302782632,0.14631749826033816,0.1833024547694274,0.2111293659771977,0.14190105716680285,0.17267107397778256,0.1275938384883011,0.17164201050929434,0.3524379566457927,0.13565838212086118,0.12739265942996622,0.18507467191059573,0.1400714553622101,0.17372956446873206,0.11650670705732791,0.31727264930257854,0.17958622766509671,0.1464158505364782,0.12962447833393576,0.12690222421817804,0.20849620910457947,0.13900368015337802,0.22236724304818892,0.20667406619990006,0.14700764722328025,0.15490450211106582,0.13437374968824936,0.13584645467460327,0.18440127464529285,0.16609160849313792,0.15821123561740605,0.14185484133328088,0.19010929175594893,0.1806578039460824,0.19442015612786764,0.12710304264874595
58.0,1.7720496441924625,2.2281133678576386,1.650239467423242,2.1479287533730247,1.9571700902080107,2.1902495565767572,2.17069260212567,2.579415714903156,2.6440171230962854,2.3981331578459724,2.49549653527299,2.352535163992502,2.164364529570765,2.4980714723850594,2.2447465526588624,2.4234778979193257,2.63178660947069,2.484592276647847,2.6059948552512915,2.8979929873183066,2.2269092864539486,2.628728310523289,2.5529479290042185,2.8171203756570846,2.3146641185495507,2.7308779842709083,2.4901242145561624,2.6071096379443164,3.032743808942679,2.55936290866948,2.7288427628263836,2.255551496381986,2.489539116446939,2.3565718115140193,2.194319396369252,2.2064094581216493,2.659174354950678,2.3902616770113823,2.585785575923907,2.4254168124115125,2.31692738868991,2.8587737606034502,2.303545786327824,2.2936098975098096,2.461137936983909,2.4181713235556397,2.5815048246099286,2.5155459277473438,2.6985322450285243,2.480475357716757,2.73575369672533,2.5703697813816544,2.59932195695258,2.513950050522615,2.594125255064323,2.628237200265046,2.5847144456702966,1.7709446493279093,2.2447682373640823,1.6727010864729706,2.172555335815965,1.9595721455824795,2.1618511210252676,2.1093119827713425,2.5981001814258473,2.682449031594938,2.480045513361593,2.547401826163823,2.387765149437159,2.128264345610785,2.4121956943540575,2.2522106244636406,2.392216875968251,2.612424885429754,2.5587083901248486,2.5957026315974168,2.630465319134234,2.9130190502341358,2.259768367890665,2.648067733202368,2.510292020514045,2.72590647551734,2.2830696534187918,2.2694524657857595,2.6238073596578704,2.6565363599305307,2.0569671772034517,3.0916771874259217,2.564236564020015,2.7471772166732222,2.243019311442424,2.485455667696182,2.2886052122495455,1.8952149043290492,2.7161783341514614,2.381940358507217,2.460772389497103,2.3288079531672805,2.852206020390344,2.345840072418656,2.211228224090858,2.8783349930808333,2.474197925954481,2.4117223568955812,2.6193663740512307,2.5206502074674817,2.7446082483053695,2.7869095620724598,2.7377256149956057,2.6963157358843706,2.473594824870272,2.617646333122993,2.6052518544891137,2.580402925699243,0.1529084209150479,0.10670736341671198,0.13327650370176614,0.13872537839938234,0.13172056993584227,0.13056355365879452,0.14429853099470705,0.14419345009940573,0.2196191836665671,0.1488847403211223,0.12814031597821965,0.14204646341169852,0.13364932908499252,0.2057493978729271,0.12865444152100766,0.16357579505153344,0.19477984933680104,0.15938531406952627,0.14574253148330063,0.14291892094106134,0.13953016538006038,0.15193493530172425,0.2167517115919635,0.24605916008917894,0.14827019176173978,0.12719047331628633,0.24188346793644463,0.1807312868102178,0.14313552716499187,0.12411135624551703,0.17257805334651705,0.1371523063278378,0.17621380692968416,0.12955705633031198,0.16138618125735543,0.33546464785418834,0.20833493355010343,0.1531160082958791,0.16797650690311489,0.1682931573305262,0.14567866986067596,0.22686767141640554,0.14102530286737525,0.22198356769957445,0.1508943652395948,0.15264320912840074,0.12507975579960184,0.141389137899303,0.1329372538860572,0.1480537764230836,0.1429570621000836,0.1768552541658661,0.12425039405022428,0.18299023590665656,0.174383797908593,0.19291937674295798,0.13288778191454387,0.16678200061225495,0.10766925251898904,0.14072860797574488,0.1409958522853235,0.1275247795149237,0.13091863088834785,0.1459208308486018,0.14597913635655427,0.2086940236076682,0.1529036282868622,0.1288735931912764,0.14355563247120978,0.13269490795525804,0.20306324000156842,0.12835510635142297,0.16140580239988106,0.2036671931445919,0.1469164791059692,0.21640695702153417,0.141146579435122,0.15023375469522696,0.14040410867518344,0.14711174799408755,0.1841197325945784,0.2119507763079683,0.14257046785251923,0.17331604925468275,0.1282578011010239,0.17239653740698344,0.3538025205060586,0.13642457672645325,0.12797019719702118,0.185825894879039,0.14091805913745523,0.17454031599096106,0.11709726481937313,0.31854109019070576,0.18048821529912332,0.14719793701819325,0.1303850491193805,0.1275861148023887,0.20936251352294077,0.1397825640036398,0.22343305816582473,0.20732402616286888,0.1475207284006985,0.1556093060618185,0.13530547903290785,0.13654033570697854,0.1850042402913054,0.16658716003801016,0.15900305481764737,0.14256836047999377,0.19069516032207434,0.18148071695836604,0.19529564605101152,0.1276941013328635
59.0,1.7717060848733006,2.225027473841497,1.64921518085384,2.143575053319279,1.9540058683250068,2.1834803238653335,2.1667941743316166,2.5747039470429565,2.6403413932009037,2.392821948170688,2.492385683405129,2.348623692974361,2.159219828513056,2.49379901520931,2.2394648207476955,2.4178689906724724,2.6227469320982872,2.479085078063727,2.600439382730056,2.8932339222380996,2.221980472657042,2.6211615829662915,2.5455658192383255,2.8058659938325037,2.308237016744819,2.727034559401503,2.4906543510301944,2.6004008359349213,3.0282166045107135,2.5574713423971263,2.7262593344413486,2.2512104917361215,2.483308393103737,2.351739500635709,2.1895218605202365,2.2033868745050764,2.656195081573268,2.384301060132302,2.5780956409790767,2.419137266535264,2.3125342837059977,2.8497560479348962,2.297910509475659,2.2895655488931297,2.4547187400846755,2.41217914048676,2.5768394184067964,2.5117018402191063,2.694055085854173,2.474673830580612,2.727076192851504,2.5620822132476175,2.593385899600291,2.5080998448651055,2.5899176928112664,2.622626403410249,2.579003388891766,1.772352655550447,2.241926926333377,1.6727298559314885,2.1686917930345646,1.9570889065763373,2.1549749774882936,2.105152147921093,2.593514599408957,2.677353186750781,2.47301473544961,2.543788745292985,2.3832793218767674,2.1227360185323154,2.4077099727396236,2.246791496550049,2.386470323281175,2.6053773599957513,2.552179426690007,2.5859484882095103,2.6248939472073554,2.907537952091812,2.2550724808201736,2.6409897309229797,2.503018772192293,2.716206766261896,2.2775889919326207,2.2648762754484055,2.6192559355365828,2.6501857960291915,2.055208347290612,3.087451100304509,2.563280418784952,2.7420587408314114,2.2384652654896464,2.4795323580690853,2.2840931663290425,1.8936261751731691,2.7124646917025514,2.3754132861899837,2.4540589417748064,2.32579730331946,2.8436401277095236,2.339870251563455,2.2066357521557163,2.8730518849818747,2.4675630353548246,2.4054221463708845,2.6151052847696556,2.5175960197413065,2.7393530131690693,2.78319239387494,2.729709449143515,2.6898740144042965,2.4670212765345014,2.6144287303852756,2.6002342677959103,2.574520702829709,0.15345008151338205,0.10732297246189498,0.13371468357807983,0.13922330941411,0.13236943666259066,0.13143552712669926,0.1449881530517724,0.14498065278405772,0.2203191245134101,0.14956677802679874,0.12883807293827795,0.14267074043138842,0.13442909306437834,0.20636211134705948,0.12940598163477263,0.16452046591023126,0.19555971253981352,0.16013845711592928,0.14642697641849162,0.14366386892553173,0.1402947620198133,0.15283638093496008,0.21750040262940062,0.2469954648442027,0.14913801352599163,0.127756770580771,0.24275246733916434,0.1817476736050358,0.14404436195061196,0.1248175486551548,0.1732971419000314,0.13793209489662148,0.1770929337879432,0.130168541763361,0.16205706952025165,0.3369231923784047,0.2090978986737441,0.153880371924998,0.16891192184267187,0.1689350740627216,0.1465297550065239,0.2278065999083358,0.14183395198965718,0.2229102642185199,0.15157375488018823,0.15358647972480677,0.12581009735956694,0.1422449054060755,0.13349382856161518,0.14867259357204873,0.14389648851855888,0.1776097965347139,0.12493625399011338,0.18363432235477906,0.175079060762145,0.19378260348873003,0.13351345582713234,0.16731994355870333,0.10821536616953495,0.14102950737857345,0.14150766469643994,0.1279597513682195,0.13182017784547298,0.14661058632590485,0.14692365983640843,0.20953242406563202,0.15390237905572157,0.12947681562129765,0.14405383334935623,0.13360450415810435,0.20354184659629923,0.12925232437694995,0.16244102268340757,0.20454209690299976,0.14782283887329833,0.21750072823362235,0.1418642700871421,0.1510246375091395,0.1409903925915781,0.14794330623070895,0.18495451628401388,0.21280038340814073,0.1433016828928499,0.17400945146804797,0.12895876693593453,0.1731884423780565,0.35518783354683187,0.13723332902018914,0.12860662283987015,0.18659549267621564,0.14178694473328243,0.1753781078317211,0.11772700979559092,0.3198470294658071,0.18141086284227806,0.14800728590853898,0.13118016566566318,0.1283318632509509,0.21026720588584324,0.14059507947410854,0.22454237279626793,0.20797465460301223,0.14805290475745242,0.15636979403772364,0.13627901581298638,0.13727695130237028,0.18561278869752346,0.16709639597604795,0.15984340042626144,0.14332124919873443,0.19129003059854424,0.18232216826091013,0.19618791661775462,0.12829810272194986
60.0,1.7712626057382248,2.2216846147016094,1.6480926895280732,2.138965647808375,1.950626113041926,2.1764327727925523,2.1626840294312073,2.569783048517608,2.636438150396224,2.38730415998908,2.4890072997445154,2.344440338271445,2.153714592583179,2.4892740157903863,2.233862390212842,2.4121186241717654,2.613546195191006,2.473281018054544,2.594772456978882,2.8884143288328206,2.216801686501284,2.6133974835800577,2.537880854155368,2.794270319782271,2.3015373479696386,2.7231231456141898,2.4909578174734945,2.593590030213033,3.0235059050368958,2.555395692018514,2.72345214514596,2.2465688932864163,2.4768507880596617,2.3467512388891563,2.1844761128011188,2.2003221820156584,2.653053319449805,2.3780424542106187,2.570185245281436,2.4126364997605014,2.307872390874917,2.840557350391163,2.291934370784889,2.285267959086444,2.4479758207958713,2.4059425475939795,2.5718204772447404,2.5076644896817974,2.689409766446205,2.4685932717864203,2.7181514379293215,2.5536124730701646,2.5872685512899025,2.501916539943366,2.5854641500656634,2.6167398364556416,2.573045333620631,1.7737088779679233,2.238854307988718,1.6727049453908678,2.1645734748674696,1.954419123454201,2.147837580029565,2.100776420438756,2.588721236752386,2.672062602784447,2.4657659410752775,2.5399397237291508,2.3785084760273922,2.116864841436743,2.403009950464302,2.241067012069009,2.3805781190953845,2.5982065522485107,2.5453606742040504,2.5760320516640403,2.619245227705769,2.9019589524171847,2.250164103709151,2.6337619560222025,2.4954554236243762,2.7063092825095065,2.2718260738024116,2.260052533637248,2.614617961620902,2.6437321562709446,2.0536607912506253,3.0829844707146754,2.562213327403598,2.736669043666088,2.2336157225828566,2.473401757603625,2.279412321959219,1.8920108646272122,2.7085481263316016,2.3685839745130606,2.4471296421838327,2.322535214420466,2.834888131229656,2.3335515090034344,2.201703424456779,2.867610488265302,2.4606095225821716,2.398852024897406,2.6104954709661716,2.5143844391774652,2.733995443496773,2.7792926709846695,2.721424605802538,2.683255985439114,2.4600850508539214,2.6109817607364554,2.594975723794638,2.568420252959735,0.153979231093339,0.10794242500464388,0.13415262268914208,0.139729732196722,0.13301866932920164,0.13232764230003186,0.14569083681115638,0.14578668495834154,0.22103771897740623,0.15026714203198197,0.12955437744604725,0.14331038234779175,0.13523272688890775,0.20699103298888213,0.1301879571752297,0.16550309868525864,0.19635864156245,0.16091997483632836,0.14713275924972136,0.14443240566759913,0.14109155208535168,0.15376418848021411,0.21827211001712227,0.2479480703555412,0.15007819535929912,0.12836696112757892,0.243675241519151,0.18278642853273389,0.1449716124303737,0.1255692511928775,0.1740320836879611,0.13874163234129788,0.1780074724947565,0.13081160252949717,0.1627788963851287,0.3383903412810004,0.20987657955406924,0.1546767699952656,0.16988332697078737,0.16960483634481446,0.14745033605913246,0.2287835529674193,0.1426724309208617,0.2238765780917315,0.15227823523601192,0.15458550789644362,0.12658497310798758,0.14316197170863448,0.13406172908382558,0.1493190726833435,0.14489080078430497,0.17838498286656596,0.12567255844090885,0.1842900619848086,0.1758133985313679,0.1946699535848608,0.1341552626861406,0.16784536323604757,0.10876168519675984,0.1413163458659192,0.14200412494873596,0.12837954991021758,0.1327362197236022,0.14731845465490329,0.1479001731526602,0.2103982834038537,0.15492128153507229,0.13008960846827577,0.1445624496438582,0.13452885023796,0.20403651015453175,0.13017244436687936,0.16351087143321147,0.20544621866210352,0.14874606604869642,0.2186166650856865,0.14259702294130494,0.15182679144126227,0.14161753232823832,0.1488125577419321,0.18580536848576973,0.21367986001283573,0.14409981752249396,0.17475301916845482,0.1296969492639317,0.17401749291607344,0.35659997789902004,0.1380836586282317,0.12930993537821622,0.18738126565225524,0.1426747655820949,0.17624218173894904,0.11839329026540377,0.3211978732424082,0.18235177390046586,0.14884136492077332,0.13200871197171016,0.1291410121458168,0.21120834489805426,0.1414394827602021,0.22569838381601517,0.2086244132450916,0.14860336205191918,0.15718743392253007,0.1372916350056349,0.1380579401256568,0.18622603196347198,0.16762089483624434,0.16073320572615593,0.1441139991280846,0.19189211503930467,0.18317841115986863,0.19709280627649292,0.128912235248093
61.0,1.770716031835535,2.2180997330265577,1.6468744760857952,2.134111196090573,1.9470498106405536,2.1691309133711414,2.1583517690977425,2.56465584403846,2.632293558177382,2.381570256246703,2.4853705240491357,2.3400017741114145,2.1478767006047326,2.484513400991026,2.2279610568384496,2.4062148883249996,2.6041980942139453,2.4672005534236714,2.5889949655721174,2.8835403789399203,2.2113921525178815,2.6054580567019237,2.5299151386080854,2.7823458906279432,2.294593661175254,2.7191432720961743,2.4910640624851497,2.5866984529277124,3.0186158191755195,2.5531493329395984,2.7204277944108757,2.2416402346313253,2.4701667944883474,2.3416072801819703,2.1792058861542927,2.197212052633801,2.649761495575751,2.371509965052449,2.562061243667082,2.4059313791777193,2.302975406565803,2.8312042933568278,2.285643883392792,2.2807072617925392,2.440939722443733,2.3994689597184533,2.566465983131594,2.5034590799959626,2.684600287090446,2.462255818022845,2.7090061348648007,2.5449758907118643,2.580988858488946,2.495431466193165,2.5807645474808396,2.6105912986020585,2.5668569752264085,1.775000767991692,2.235564460432284,1.672624195690349,2.16021180060274,1.9515744883563484,2.140464415040235,2.096179515928027,2.5837240401464436,2.6665649832029144,2.4582954568129596,2.5358657684787693,2.3734716919332435,2.1106760571332894,2.398109841377746,2.2350594769180376,2.374533456031154,2.590924026780908,2.5382689493568384,2.5659540652276207,2.613521605283049,2.896278886431687,2.245063412954001,2.626402815124308,2.487621325481376,2.696226297177169,2.2658127673223163,2.2550122550819545,2.609896937348029,2.6371930057165374,2.0523271529552343,3.078279910563456,2.561052115460825,2.7310242750327283,2.228486516742222,2.467062618214734,2.2745682448712765,1.8903331859508803,2.7044359392784383,2.3614730080659867,2.439998149706606,2.319053967152269,2.825980935451845,2.326911051376441,2.1964185277629293,2.8620267528996104,2.4533640573893685,2.3920246642074234,2.60554665494051,2.5110443383208487,2.728552728503822,2.775219605674876,2.7128944648954847,2.6764828998114614,2.4528227951507624,2.607298012471172,2.5894930796656292,2.5621216173124237,0.15449252830700208,0.10856158093064076,0.1345865527744893,0.14024279955472535,0.13366436175888963,0.13324069588218052,0.146407492675948,0.14661181957507224,0.22177518316685801,0.1509871881420247,0.13028542030128515,0.14396369052009006,0.1360597718770478,0.2076369898745868,0.13100177702873728,0.16652599761268289,0.19717784410571526,0.16173250070376394,0.14785819929243524,0.14522566440274057,0.14191780705879323,0.15471695079531742,0.21906857956578088,0.24891550790062336,0.1510959311510183,0.12902235156463943,0.24465533531493164,0.18384693977669164,0.14591479139665345,0.126368500602874,0.17478068817370188,0.13958065391308971,0.17895677711835184,0.13148716848437916,0.16355529692929519,0.33986922672660874,0.2106715195256852,0.15550630491839387,0.17088866076350268,0.17030232793628933,0.14844601316377298,0.22979890886569168,0.1435393961577012,0.22488517906086095,0.1530076566115688,0.15563965401504304,0.12740585907431515,0.1441427606941185,0.13464099800341733,0.1499933434939476,0.14594090470511406,0.17918033808871947,0.12646116689072612,0.18495622643062615,0.17658968504861833,0.19557880823419982,0.134812693830466,0.16835343270002104,0.10930448060517818,0.1415873603173021,0.142479553229331,0.128778964038622,0.13366578872709944,0.1480465398380511,0.14890661576667705,0.21129145194987906,0.15595619443350445,0.13070853304548294,0.1450798909665677,0.13546428165574445,0.20454629754855622,0.1311137098366469,0.1646149322489453,0.20638057879832364,0.14968191201335798,0.2197565346372564,0.1433414550778339,0.1526393434869649,0.14228577314156898,0.14971988881846143,0.18667076817988149,0.21459091984800413,0.14497012203064086,0.17554857749284733,0.13047259537265826,0.17488347233186935,0.3580451080136422,0.13897454237090992,0.13008838729568467,0.18818094611080496,0.14357805854153102,0.17713175471073106,0.11909340954302257,0.3226010854406595,0.18330847630554517,0.14969754535054186,0.13286957516741166,0.13001519233101802,0.21218398987353793,0.1423139607868827,0.2269042770572267,0.209271696371174,0.1491712425797642,0.15806377574591435,0.13834056076594334,0.1388850624559883,0.18684301234114484,0.16816225983510896,0.16167346533191307,0.14494715813560735,0.19249953960438362,0.18404553478816638,0.1980060225152725,0.12953360352965232
62.0,1.7700631882135023,2.2142877714049365,1.645563023166847,2.129022357416058,1.9432959474026614,2.1615987556138525,2.15378699500456,2.5593251583168537,2.6278937800395115,2.375610699889144,2.4814844960769373,2.335324674721975,2.1417340314013122,2.479534097673928,2.2217826164086256,2.4001458730399583,2.5947163246322416,2.4608641409744783,2.5831077960841435,2.8786182443968213,2.2057710952379863,2.5973653466692275,2.5216907774492165,2.770105243491144,2.2874345053128966,2.715094468034689,2.4910025346642084,2.5797473362280114,3.0135504555808175,2.5507456405663715,2.717192881706671,2.236438049369277,2.463256905563425,2.336307878421714,2.173734913522186,2.1940531583398677,2.6463320369465886,2.364727698463907,2.553730490972092,2.3990387718774193,2.297877027147784,2.8217235022165186,2.2790655604366443,2.27587359071422,2.433640988354532,2.3927657917013763,2.560793918075128,2.4991108150221124,2.679630648072683,2.4556836059785474,2.699666986563911,2.536187796035303,2.574565767664957,2.488675954050327,2.5758188057101146,2.6041945890503113,2.5604550090785367,1.7762157770331257,2.232071461766249,1.6724854476691666,2.1556181895284525,1.9485666934230714,2.1328809689114854,2.091356149992617,2.578526956281443,2.6608480315131633,2.4505996092369826,2.5315778865482503,2.368188049638517,2.104194908431173,2.3930238593295976,2.2287911969946603,2.36832952670875,2.5835413481857867,2.530921068838182,2.555715272166935,2.6077255245927637,2.890494589356792,2.239790584951129,2.6189307148535974,2.479535828434334,2.6859700831819406,2.2595809407865417,2.2497864545121646,2.6050963621551984,2.6305859094267428,2.051210076276168,3.0733400317579065,2.559813608541509,2.725140584786731,2.2230934819879815,2.4605136918173334,2.2695665007963637,1.8885573524038666,2.7001354317828943,2.3541009714383394,2.4326781233255765,2.3153858421968314,2.8169494448772596,2.319976085320288,2.1907683488430445,2.856316628853313,2.445853309529301,2.3849527360331924,2.600268558992397,2.507604589716344,2.7230420574055425,2.7709824102188536,2.7041424063451647,2.6695760083439484,2.4452711567472525,2.6033700738840495,2.583803192589111,2.555644837110862,0.15498641538439106,0.10917610385887896,0.13501245149974261,0.14076048790934434,0.13430242105461454,0.13417551417093357,0.14713905298528465,0.14745635649905062,0.2225317542415281,0.15172833017399037,0.13102726553404412,0.1446288734860869,0.13690973770008186,0.20830082557543145,0.1318489094148576,0.16759149052944375,0.19801855586211603,0.1625787601350069,0.14860158936322782,0.14604479682285054,0.1427707889449018,0.15569327248555226,0.21989160660058804,0.24989628811253015,0.1521965070390526,0.12972428248567083,0.24569637327902039,0.18492858261367343,0.14687133783726902,0.127217408713842,0.1755407080102157,0.1404488941448124,0.17994020901818072,0.13219621988113706,0.16439003901407662,0.34136298257699865,0.21148324707659114,0.1563700692565882,0.17192584772674782,0.17102746251481415,0.14952245104813278,0.2308530548510456,0.14443347548476138,0.2259387436291273,0.1537618530033934,0.15674830621499333,0.12827423389879886,0.14518974514546554,0.13523169891373565,0.15069554582918268,0.14704774328719492,0.1799953816478799,0.1273039780906229,0.18563150961956132,0.17741079784295186,0.19650641240839942,0.13548524580681665,0.16883914993562524,0.10983989810530222,0.14184065388989056,0.14292803960168218,0.1291525649492154,0.13460784680788118,0.1487969189503555,0.14994082177331094,0.2122117379647513,0.15700282238071495,0.1313300237621443,0.14560449258595218,0.13640702751114747,0.2050702464833435,0.13207429293071807,0.16575275255654362,0.20734618311256886,0.15062599089830692,0.2209220961395165,0.1440940652521771,0.15346136646413783,0.14299536898535076,0.15066568414015533,0.18754910140513642,0.2155353136175257,0.14591797091138797,0.17639803748543467,0.13128598585995857,0.1757861733697729,0.35952945088888855,0.1399049080185213,0.13095046236132063,0.18899218966757125,0.14449323170744574,0.17804601068616963,0.1198246262597589,0.32406418313776253,0.18427841148523305,0.15057309271749456,0.13376164304710517,0.13095612153929473,0.21319219480298784,0.14321662376827293,0.22816321939366827,0.20991482311495724,0.14975564255720422,0.1590004485002365,0.13942296243721983,0.13976020144503545,0.1874626956051264,0.16872212015841645,0.1626652299959273,0.1458213271879929,0.19311033898367758,0.18491944856729656,0.19892312997927272,0.1301592229178969
63.0,1.7693008999204123,2.210263672425359,1.6441608134110872,2.1237097910350693,1.9393835096100407,2.1538603095334197,2.1489793088249693,2.5537938160641542,2.6232249794777314,2.3694159538619366,2.47735835558592,2.3304257143307927,2.1353144637965373,2.474353032701819,2.2153488647075132,2.393899668224443,2.585114581910988,2.4542922375103275,2.577111836089345,2.873654097040952,2.199957739192792,2.5891413978192817,2.5132298755315037,2.7575609154934337,2.2800884293338224,2.710976262616942,2.4908026826097793,2.572757912262964,3.008313922907054,2.5481979903047662,2.713754006503964,2.2309758710987504,2.456121614458541,2.330853287515991,2.168086927847251,2.1908421711142503,2.6427773705577744,2.3577197602510918,2.545199842032572,2.3919755449500952,2.2926109489900113,2.812141602354809,2.272225915053727,2.2707570795542544,2.4261101618545227,2.3858404583839334,2.554822264083146,2.494644898620816,2.674504849678729,2.4488987723422007,2.6901606959326685,2.527263518903062,2.5680182252854373,2.4816813339506187,2.570626845406864,2.5975635070012264,2.5538561305465404,1.777341356503572,2.2283893900927936,1.6722865421665642,2.15080406093268,1.9454074307946372,2.125112728034507,2.0863010382362184,2.573133931847667,2.65489945122218,2.442674724921667,2.527087084944027,2.362676629187401,2.097446638139611,2.3877662181695163,2.222284478196398,2.361959523748435,2.576070081056047,2.523333849337927,2.545316415748591,2.601859430288513,2.8846028964139796,2.2343657960969683,2.611364061834347,2.4712182831543075,2.675552913440837,2.2531624624892412,2.2444061466575125,2.600219735479615,2.6239284324623195,2.050312205085178,3.0681674462049817,2.558514632230503,2.7190341227835484,2.217452452340311,2.4537537303263752,2.2644126554656356,1.886647577245851,2.6956539050847947,2.3464884492196774,2.4251832220231777,2.3115631202361415,2.807824564006992,2.3127738174728054,2.1847401744660027,2.8504960660949252,2.4381039487548093,2.3776489121069604,2.594670905421521,2.5040940659088413,2.717480619417243,2.766590296889839,2.6951918100743955,2.662556561859228,2.4374667829656125,2.5991905332696907,2.577922919745413,2.5490099535781465,0.1554571098049729,0.10978145345407567,0.13542602837619955,0.14128059038248414,0.13492855632835932,0.1351329528902712,0.14788647211850234,0.14832062015882366,0.22330769071117054,0.15249203700197908,0.13177583848505847,0.1453040408889088,0.13778209622214913,0.20898339853106696,0.13273088264741095,0.16870191680021013,0.19888203716663802,0.1634615695083597,0.14936119212844057,0.14689096982990582,0.14364775425760318,0.15669176766477771,0.22074303438273768,0.25088889528688246,0.15338528352114456,0.1304741178070086,0.24680205134555575,0.1860307135010925,0.14783861236967089,0.12811816055474645,0.17630983019034507,0.1413460806288991,0.1809571314469944,0.13293978332946046,0.16528701256868833,0.3428747424551575,0.21231226946207946,0.15726913739161666,0.17299279246798493,0.17178018088307592,0.15068535665727167,0.23194638105229645,0.1453532636803518,0.22703994848630107,0.1545406388931408,0.15791087691907504,0.12919157185529553,0.14630543609995014,0.13583391436703124,0.15142582601956067,0.1482122883539177,0.1808296240129769,0.12820291454815463,0.18631452138564134,0.17827961266584152,0.19744986721404012,0.13617241754171214,0.16929732403126277,0.11036394710429273,0.1420741884907543,0.14334341819269558,0.12949468502660053,0.1355612814897744,0.14957164305203244,0.1510005130853094,0.21315890172127558,0.15805670796826396,0.13195038113039428,0.14613451623349094,0.1373532028911576,0.20560736821210904,0.13305229083952913,0.16692383126517416,0.2083440166234828,0.15157377161827978,0.22211509388853248,0.14485122902576408,0.15429187650979187,0.14374658493823134,0.15165032358483518,0.1884386527174532,0.21651482353849377,0.14694884785536552,0.17730339364433925,0.13213743257612734,0.17672539095847448,0.36105930435481104,0.1408736293581131,0.13190484313556464,0.1898125677286447,0.14541655224452965,0.17898409147214805,0.12058415426031305,0.3255947299627023,0.18525892403328756,0.15146515794674853,0.13468380088365733,0.13196560057911935,0.21423100110107215,0.14414549847945826,0.22947835099900563,0.21055203003656747,0.1503556121200684,0.15999915487058136,0.14053595130743876,0.14068536122797226,0.18808396596764473,0.1693021332302663,0.1637095992352642,0.14673715481782126,0.19372245436141627,0.1857958677139917,0.19983954008798616,0.13078601597125974
64.0,1.7684259920045449,2.206042378676392,1.6426703294583656,2.1181841561978354,1.9353314835444624,2.145939585142586,2.143918312232299,2.548064641991713,2.6182733199871766,2.362976481110668,2.4730012423340435,2.3253215671655547,2.1286458766139904,2.46898713293743,2.208681597519248,2.3874643637862567,2.5754065615153054,2.4475052998345816,2.571007973162088,2.86865410870973,2.193971308913482,2.580808254489449,2.5045545377076768,2.7447254437563897,2.2725839821892473,2.7067881850301783,2.490493954920923,2.5657514131816384,3.00291032980849,2.545519757560786,2.710117768273364,2.2252672334181804,2.4487614143473264,2.3252437613723917,2.1622856620719166,2.187575762937351,2.6391099234047637,2.3505102562201237,2.5364761516845817,2.3847585654862486,2.287210868461612,2.8024852191563303,2.265151460381334,2.2653478620154606,2.418377786269946,2.3787003746072743,2.5485690031634527,2.490086534652574,2.6692268921943945,2.441923453802476,2.680513965877066,2.5182183891777163,2.561365177817938,2.4744789363298354,2.56518858722441,2.590711851655627,2.5470770349998944,1.7783649578144023,2.224532323514123,1.6720253200217774,2.1457808341034754,1.9421083926113403,2.1171851788004736,2.0810088962625635,2.5675489135354446,2.6487069458369508,2.434517130441358,2.5224043706725348,2.3569565106240904,2.0904564890678463,2.3823511317471686,2.2155616264207736,2.355416639770469,2.5685217899845374,2.515524107545908,2.534758239239251,2.595925767023873,2.8786006428247055,2.2288092227878953,2.6037212626908097,2.4626880403123583,2.664987060870884,2.246589200724594,2.2389023462476443,2.595270556758488,2.617238139884025,2.049636183254024,3.0627647658117545,2.557172012112697,2.7127210388786156,2.211579261819405,2.446781485656742,2.2591122746103096,1.8845680737365436,2.690998660423955,2.338656025999573,2.417527104781841,2.3076180819521626,2.798637197342184,2.3053314544718426,2.178321291400675,2.844581014592955,2.430142644818785,2.3701258641609813,2.5887634165276374,2.5005416394432327,2.7118856037542844,2.7620524779611006,2.686066056005996,2.6554458111798906,2.4294463211280783,2.594751978922747,2.571869118314805,2.54223700793737,0.15590059887742164,0.11037288031388114,0.1358227135834072,0.141800713244752,0.13553826944932854,0.13611389555526549,0.14865072539091298,0.14920495648991966,0.22410327268698785,0.15327982859868766,0.13252691457363544,0.14598719894608236,0.1386762750569172,0.20968558079944277,0.1336492845196431,0.16985961260037047,0.19976956854355918,0.16438383340634502,0.1501352360062262,0.14776536157119285,0.1445459575429708,0.15771105652956077,0.2216247514566657,0.25189178066241663,0.15466767339788148,0.13127323202950042,0.24797612676087222,0.18715266315160067,0.14881389365975747,0.12907301074323563,0.17708566699835737,0.14227192664178884,0.18200690285017795,0.133718926007516,0.16625021474881443,0.3444076367732288,0.2131590659920424,0.15820455616849827,0.17408737227486773,0.1725604471978739,0.15194045240365026,0.2330792737497492,0.14629731788955974,0.2281914632950776,0.15534380640259063,0.15912679800000565,0.13015933523039253,0.14749236981501285,0.1364477436843425,0.15218433335931214,0.14943553022072978,0.18168256264189758,0.12915990376773032,0.1870037816813161,0.17919899897221353,0.1984061241693369,0.13687370745952507,0.16972256336335093,0.11087249199023565,0.14228577907518022,0.14371924091805663,0.1297993965303763,0.1365249016768551,0.15037273871435514,0.15208329371311488,0.2141326502103384,0.15911322550866508,0.13256576724612176,0.1466681541884913,0.13829880215267082,0.20615665325657706,0.13404572265488723,0.16812760537965576,0.2093750371652028,0.15252057067502997,0.22333724909179156,0.14560919499046315,0.15512983128871635,0.14453970108189854,0.15267417883593623,0.1893375975454419,0.21753125619035837,0.14806832622559613,0.1782667192404416,0.13302727488909677,0.1777009138866157,0.3626410331022891,0.14187952294030326,0.1329603676146182,0.1906395613451568,0.14634413430159654,0.17994508675728024,0.12136916192614332,0.32720032722569337,0.18624725172664938,0.15237076923446657,0.13563492737183064,0.13304550652154776,0.21529842881542283,0.1450985222980807,0.2308527776194535,0.21118146429959295,0.15097015837423958,0.16106166349111758,0.141676578125595,0.1416626613801763,0.18870562298452334,0.16990398825503933,0.16480771138772465,0.14769532877790748,0.19433373422019345,0.18667030004563365,0.2007505025526506,0.1314108113950045
65.0,1.7674352895141876,2.2016388327466445,1.6410940539485388,2.112456112154571,1.931158855487716,2.1378605924540914,2.1385936068998634,2.5421404608108764,2.6130249650629596,2.356282744580877,2.4684222960792725,2.3200289074539224,2.1217561486772762,2.463453325243467,2.201802610627947,2.3808280496331653,2.565605958910316,2.4405237847506402,2.5647970948767487,2.8636244512406024,2.1878310289312393,2.5723879610170295,2.4956868688304934,2.731611365401591,2.2649497128304374,2.702529764461604,2.490105800196725,2.5587490711330756,2.9973437849393942,2.5427243177403818,2.7062907664854774,2.2193256699260235,2.4411767984034327,2.31947955389849,2.1563548491385993,2.1842506057895372,2.6353421224830385,2.343123292177102,2.527566274764248,2.3774047005763896,2.281710481931747,2.792780978005667,2.2578687095567416,2.2596360718006228,2.410474404927059,2.3713529552125636,2.542052117323813,2.485460926977933,2.6638007759054676,2.4347797870480337,2.6707534993030717,2.50906773672186,2.5546255717299604,2.467100091623782,2.559503951816066,2.583653422214338,2.540134417808082,1.7792740323769713,2.220514340132404,1.6716996220740514,2.1405599283289223,1.9386812710134582,2.109123807600562,2.0754744396753244,2.561775848035072,2.6422582188644586,2.4261231523703737,2.517540750740211,2.351046773992778,2.083249704025056,2.3767928139122043,2.20864494756529,2.348694067395143,2.56090803956413,2.507508660151963,2.5240414859055504,2.5899269794524327,2.872484663810445,2.223141041420334,2.596020724047293,2.453964450579538,2.6542847983891074,2.2398930237867827,2.233306068012212,2.590252325429039,2.610532596752624,2.049184654654403,3.0571346024852266,2.5558025737729544,2.7062174829273733,2.2054897444454715,2.4395957097234016,2.2536709239615194,1.8822830551356147,2.686176999040211,2.3306242863676006,2.409723430583999,2.3035830080268607,2.7894182493839623,2.2976762029552273,2.171498986415925,2.8385874243158953,2.421996067474058,2.3623962639275344,2.5825558146104335,2.4969761828643766,2.706274199631973,2.7573781657058922,2.6767885240627844,2.6482650071285887,2.4212464185568914,2.5900469991378112,2.565658645477564,2.5353460414116094,0.1563126378702222,0.11094542399449511,0.13619765034480516,0.14231827633333377,0.13612684830934005,0.1371192500871412,0.14943280651872304,0.15010972908797168,0.22491880207874487,0.1540932711373107,0.13327610900138614,0.14667624767809165,0.1395916508782038,0.21040825724758772,0.13460576013766523,0.17106689316691018,0.2006824449155084,0.1653485399279182,0.15092191044268974,0.1486691566099431,0.14546265425674182,0.1587497605053424,0.2225386878255794,0.25290335442560746,0.15604911499933732,0.13212299481780362,0.24922240578766,0.18829372831340455,0.14979437610772378,0.13008427755400498,0.17786574681668427,0.14322612252280661,0.18308886851326894,0.134534747750333,0.16728373040334477,0.34596478847098944,0.2140240810290952,0.15917733441253235,0.17520742780044163,0.17336824387225952,0.15329344453834645,0.23425210773425797,0.14726415257071665,0.22939594255088203,0.15617112287464702,0.16039551404566071,0.1311789658255009,0.14875309177950422,0.13707330077101595,0.1529712165901464,0.15071846491770424,0.1825536771513706,0.130176855653525,0.18769771549307748,0.1801718165134788,0.19937198171415205,0.13758861061682698,0.1701092665602064,0.11136124665590527,0.1424730905358276,0.14404875116995286,0.13006049064428354,0.13749743339520645,0.15120221020545502,0.15318664519734176,0.21513263256429893,0.16016757692372077,0.13317220441649683,0.14720353734484645,0.13923969344747059,0.20671708065216646,0.1350525267609309,0.16936343535784265,0.21044016866021098,0.1534615459868985,0.22459025052483195,0.14636408216065097,0.15597412901584246,0.14537501782859227,0.15373760959856345,0.1902439956647907,0.2185864333938762,0.14928204461311975,0.17929015885710287,0.1339558738674766,0.17871251514692327,0.36428106203564997,0.14292134697269468,0.13412597454817543,0.19147055678394986,0.14727192713090081,0.18092802303287406,0.12217677068077043,0.3288886023534942,0.18724051633799035,0.15328682479802813,0.13661388949991904,0.13419778220287562,0.2163924660632314,0.14607353810672635,0.23228956262451608,0.21180117787903358,0.1515982520092696,0.16218979824892116,0.1428418314034876,0.14269432711476326,0.1893263810114167,0.17052941135643426,0.16596073061690592,0.14869656437752693,0.1949419388095137,0.1875380344280656,0.2016510993360374,0.1320303461122466
66.0,1.766325617497617,2.197067977224692,1.6394344695214567,2.106536318155512,1.9268846117215763,2.1296473414806885,2.132994794500968,2.536024097233006,2.6074660782002512,2.3493252072181265,2.463630656579577,2.3145644094236175,2.1146731588099894,2.4577685364826594,2.194733699817738,2.373978815672991,2.555726469561139,2.4333681490618333,2.558480088807686,2.8585712964709864,2.181556123777222,2.5639025617393676,2.486648973752686,2.7182312175506382,2.2572141702086244,2.6982005300984424,2.4896676670362625,2.5517721182663116,2.99161839695402,2.539825046249522,2.7022796006108885,2.2131647142207327,2.4333682598004684,2.313560919001889,2.1503182219897146,2.1808633716512054,2.6314863947880593,2.335582973928153,2.5184770661076286,2.369930817310999,2.2761434857695333,2.7830555042874257,2.2504041757172293,2.2536118426125227,2.40243056115211,2.3638056150409863,2.5352895885720597,2.480793279457419,2.6582305010977607,2.427489908767538,2.6609059991167183,2.499826891398065,2.5478183534890353,2.4595761302682413,2.5535728598352048,2.5764020178781775,2.5330449743406,1.7800560316026421,2.21634951804981,1.6713072891626148,2.135152762897074,1.935137758141281,2.1009541008259527,2.069692384078223,2.5558186820368536,2.635540973811693,2.417489117283085,2.512507232153477,2.3449664993376578,2.0758515258204886,2.3711054785142633,2.2015567475274946,2.341784999242699,2.5532403943876805,2.4993043238459194,2.5131668990141263,2.5838655122277734,2.866251794592648,2.217381428390688,2.5882808525280825,2.445066864626898,2.6434583989125495,2.2331057999699704,2.2276483266808484,2.5851685409284553,2.6038293681288764,2.0489602631580923,3.0512795681324283,2.554423142796151,2.6995396047852713,2.1991997342387126,2.4321951544412572,2.2480941692504506,1.879756734702779,2.6811962221733836,2.3224138149133178,2.4017858584120835,2.2994901791422184,2.780198624633449,2.28983526956079,2.164260546280657,2.8325312452322677,2.413690886473495,2.3544727831388443,2.5760578219696377,2.4934265687172017,2.7006635962656267,2.7525765723974818,2.667382594167555,2.6410354005279384,2.41290372257426,2.585068182209538,2.559308358413973,2.5283570952239875,0.15668875252379488,0.11149391491579765,0.13654569167405628,0.14283051819227985,0.13668936324965664,0.13814994333354957,0.1502337233660667,0.1510353144596714,0.22575460272002737,0.15493397122762714,0.13401886771577315,0.14736898015623928,0.1405275425425656,0.2111523252447271,0.13560200799051284,0.17232603156930756,0.20162196819601322,0.16635875390151805,0.15171936034377748,0.14960354006022306,0.14639510280537482,0.1598064956883291,0.22348680985374555,0.25392197614713047,0.15753504006002916,0.1330247521907607,0.2505447285958079,0.18945316192548464,0.15077716916901446,0.13115433395186743,0.17864750487038078,0.14420832571355788,0.1842023501428509,0.13538837056016753,0.1683917072088952,0.347549307149874,0.21490771675649945,0.1601884312021814,0.17635075137537887,0.17420356471352416,0.15474998606771564,0.23546523742250786,0.1482522339246547,0.23065601615865636,0.15702232893944315,0.1617164730791618,0.13225187531306026,0.15009013709382468,0.13771071208402091,0.1537866203701928,0.1520620783441114,0.18344242336596014,0.13125563540864787,0.18839464859413863,0.18120091321335022,0.2003440843527903,0.13831661593578468,0.17045161724906174,0.11182577348621932,0.14263363815662636,0.14432485805305204,0.13027145763878684,0.13847751539394004,0.1520620423554982,0.1543079232536848,0.21615843628610082,0.16121479028086172,0.13376557779195347,0.14773874812253138,0.14017161490849042,0.20728763131426825,0.13607055888717937,0.17063058897074068,0.21154029389714687,0.1543916920868386,0.22587574369658658,0.14711187862582772,0.15682360840872722,0.14625286268068619,0.15484095917816423,0.19115578607561223,0.21968218078169494,0.15059567702466195,0.1803759174998108,0.13492360389479208,0.17975994064396486,0.3659858664055138,0.14399780292978256,0.13541063707851145,0.1923028432480014,0.1481957035934919,0.1819318512067773,0.12300405236838714,0.3306671940643278,0.1882357157046708,0.1542100867760506,0.13761953609427377,0.13542442123442672,0.21751105644983482,0.14706829018928538,0.2337917185103564,0.21240912334770556,0.15223883806617852,0.16338542406018186,0.1440286365462723,0.14378267451808915,0.18994487189250164,0.17118017266835708,0.1671698302920358,0.14974158889320016,0.19554474904449712,0.1883941313131819,0.20253624176292753,0.13264127127154107
67.0,1.7650938010031196,2.1923447546991364,1.6376940588169642,2.100435433450855,1.9225277385278263,2.121323842235106,2.127111476708949,2.5297183759694497,2.601582822894133,2.3420943319679908,2.458635463592938,2.3089447473022826,2.1074247858357364,2.451949693517733,2.187496660872746,2.366904751813502,2.545781788932876,2.4260588495715467,2.5520578425292952,2.8535008162383164,2.17516581798263,2.5553741009937947,2.4774629573269866,2.704597537325115,2.2494059032750506,2.6938000111279194,2.4892090040385946,2.5448417867304025,2.9857382745066277,2.5368353184941803,2.6980908701202497,2.2067978999007454,2.4253362917121017,2.3074881105901883,2.1441995135677274,2.1774107325027234,2.6275551673153013,2.3279134072793726,2.50921538055083,2.3623537827805983,2.2705435763441355,2.7733354233862055,2.242784372000082,2.2472653081539646,2.394276798271353,2.3560657689337243,2.528299398915962,2.476108795951595,2.652520068057087,2.420075955649683,2.6509981682239894,2.490511183068899,2.5409624695626816,2.4519383826990113,2.5473952319351465,2.56897143784798,2.5258253999669305,1.7806984069027652,2.212051935368526,1.67084616212671,2.129570757096018,1.931489546135081,2.092701544867821,2.06365744507496,2.5496813622310865,2.628542914185629,2.408611351753797,2.50731482191877,2.3387347667029434,2.068287197263363,2.3653033394030247,2.1943193322048953,2.334682627933424,2.5455304190480796,2.4909279153176214,2.5021352218316353,2.5777438100034598,2.859898870392794,2.211550560095379,2.580520054757423,2.4360146331255086,2.632520135358221,2.2262593975683296,2.221960136983213,2.580022702693979,2.5971460190735325,2.0489656526368263,3.0452022746603644,2.553050544767149,2.692703554307721,2.1927250652193124,2.4245785717252395,2.242387576208275,1.8769533256977224,2.676063631063306,2.3140451962262865,2.393728047248528,2.2953718759802095,2.771009227591766,2.2818358609263614,2.156593257763728,2.826428427310562,2.40525377156997,2.3463680935271896,2.5692791609049794,2.489921669546563,2.695070982870592,2.747656910309114,2.6578716462431538,2.63377824220055,2.4044548805024353,2.5798081164325217,2.5528351143043166,2.521290210597549,0.15702424699362644,0.11201298109274856,0.13686140250336945,0.14333450685038926,0.1372206674600666,0.13920691308477748,0.1510544916166453,0.1519820962248679,0.2266110203901869,0.15580356936579606,0.13475046004233668,0.1480630840748264,0.1414832041057589,0.21191869491169515,0.1366397740073504,0.17363923349512672,0.20258943793994685,0.16741760781746226,0.15252567940459755,0.1505696904888649,0.14734056555720498,0.16087986427343523,0.2244711137908216,0.25494594331433146,0.15913083552689902,0.13397980352533076,0.2519469506549213,0.19063016126819246,0.15175929877204025,0.1322855947535217,0.17942827402324954,0.14521814936371885,0.1853466328995217,0.136280925005494,0.1695783247665158,0.3491642812216014,0.21581032579743367,0.1612387427636631,0.17751507238656816,0.17506640576717253,0.15631563356519224,0.23671898634027422,0.14925997372521949,0.2319742783002825,0.1578971371164671,0.16308911396572362,0.13337943414847292,0.15150600643172876,0.13836011493273515,0.1546306816579407,0.15346732663215495,0.18434822585596927,0.13239803119287188,0.1890928042972966,0.18228912450929596,0.20131892491557737,0.13905720362987953,0.1707435838608894,0.11226148835040016,0.14276479283734675,0.1445401119394111,0.1304254691021043,0.1394636945049404,0.15295420408668634,0.1554443556885431,0.21720958436889637,0.16224972161550522,0.1343416430656394,0.14827183925863072,0.14109017304196775,0.2078673061955393,0.13709759098281582,0.17192822339105793,0.21267624659808818,0.15530583712656382,0.22719531817693242,0.1478484415797709,0.15767704970134674,0.1471735983899024,0.15598454911792106,0.19207078363538568,0.22082031366605284,0.15201489722027745,0.18152624552825264,0.13593084114834433,0.1808428959117388,0.3677619580428562,0.1451075405542491,0.13682328449320402,0.19313361328371437,0.14911104930565314,0.1829554326609806,0.12384802513057662,0.33254373356512895,0.1892297176363914,0.1551371766163818,0.13865068972437528,0.1367274475921894,0.21865208421875218,0.148080421305103,0.23536219743230866,0.21300315191751854,0.15289085152902734,0.16465042844795869,0.1452338558787316,0.14493009002854815,0.190559651693495,0.17185809575054276,0.1684361720737985,0.150831121344652,0.19613978075273183,0.18923341593032156,0.20340067167940887,0.1332401631442786
68.0,1.763736665078979,2.1874841077585696,1.635875304474918,2.0941641172908447,1.9181072221882374,2.1129141047301054,2.1209332551971207,2.5232261217315806,2.5953613626397694,2.334580581776014,2.4534458568773303,2.3031865953176034,2.1000389085781257,2.446013723211382,2.18011328957713,2.359593947962521,2.5357856124906415,2.4186163430831455,2.5455312436159336,2.8484191823800242,2.168679336078637,2.5468246231176384,2.4681509244061344,2.690722861846584,2.2415534609809438,2.6893277367372637,2.4887592598028303,2.537979308674414,2.979707526251475,2.533768509880322,2.6937311744841193,2.200238760564525,2.41708138731196,2.301261382570954,2.1380224568150434,2.173889360324504,2.623560867060204,2.320138698036888,2.4997880729299164,2.3546904640756665,2.2649444500246774,2.763647360686606,2.235035811542575,2.2405866021277268,2.3860436596110417,2.348140831731933,2.521099530363327,2.4714326803209365,2.646673477069247,2.412560064383108,2.6410567095308704,2.481135941596969,2.5340768664184408,2.44421817935186,2.540970988769241,2.561375481324549,2.5184923900565486,1.7811886096887182,2.2076356701907307,1.6703140818055775,2.1238253302138066,1.9277483271351459,2.0843916261173447,2.057364338269252,2.5433678353080893,2.6212517434932616,2.399486182356855,2.5019745270425404,2.3323706561328095,2.0605819611628853,2.359400610428122,2.1869550074950004,2.3273801460875716,2.53778967813819,2.482396251256895,2.4909471976246964,2.5715643174330918,2.8534227264323366,2.2056686129308,2.5727567373596085,2.4268271067464124,2.621482280643161,2.219385684876053,2.216272513648936,2.574818310162813,2.590500114647365,2.0492034669623305,3.0389053339760883,2.551701605270824,2.685725481350169,2.1860815714074775,2.4167447134902638,2.236556710566147,1.873837041380125,2.6707865269497972,2.3055390148960853,2.385563656075773,2.2912603792228055,2.7618809627600482,2.2737051836897733,2.148484407634008,2.8202949205193084,2.39671139251634,2.338094866824819,2.5622295537161626,2.486490357897362,2.6895135486621924,2.742628391714067,2.6482790602123676,2.6265147829690676,2.395936539663628,2.574259390101409,2.5462557703289055,2.5141654287554327,0.15731421852443606,0.11249706087333439,0.13713906842398782,0.14382715733078036,0.13771540234685367,0.14029109711360774,0.1518961259385821,0.15295045808545338,0.22748842268303426,0.15670373267698623,0.135465973487413,0.14875614599832288,0.1424578178420538,0.21270828996719202,0.1377208433140233,0.17500860749485103,0.203586139680688,0.16852829028631325,0.15333890203890424,0.1515687713616492,0.14829630863654503,0.1619684436304241,0.22549361781122237,0.25597347758194405,0.16084179852298078,0.13498937350267787,0.25343291985320143,0.1918238536857752,0.1527377113931819,0.13348049897377115,0.18020527577314338,0.14625514941210194,0.18652094933879984,0.1372135329020875,0.17084775690819215,0.35081276762333274,0.21673220378980057,0.1623290878372046,0.17869803908298776,0.17595675324475746,0.15799579717184517,0.23801363453249688,0.1502857224855838,0.2333532740990385,0.1587952309915273,0.16451284962350113,0.13456295871921636,0.153003136699794,0.1390216563298741,0.15550352590372163,0.15493511189770812,0.18527046850863163,0.1336057157518687,0.1897903014023962,0.18343927435066007,0.20229285051985277,0.13980984292233625,0.17097892607273063,0.11266367349125113,0.14286379254574794,0.1446866823194165,0.13051536341771255,0.14045442063312016,0.15388065255361713,0.15659304163568621,0.21828553338281134,0.16326706080549258,0.13489604052372217,0.14880085969015486,0.14199084400874612,0.2084551499696411,0.13813131110683277,0.17325536520622858,0.21384880251172883,0.1561986422282022,0.22855049267030325,0.14856949886968646,0.1585331768647581,0.14813763246906825,0.15716867253311603,0.19298667787359888,0.22200261975392768,0.1535453366997003,0.1827434185770303,0.13697794830372195,0.18196103044199963,0.36961586687180964,0.1462491670247852,0.1383727120579275,0.19395996652180394,0.1500133527645194,0.18399752347007636,0.12470564733993723,0.33452582089471866,0.19021925636989603,0.15606457236988197,0.13970613659986417,0.13810888875661176,0.219813356887052,0.14910747118285,0.23700388023915972,0.213581014547234,0.15355323848199343,0.16598669816247277,0.14645428966289978,0.1461390032873308,0.1911692124230567,0.17256506970128907,0.16976087994953068,0.1519658468308464,0.19672460534566255,0.1900504748226946,0.20423896776929962,0.13382354001737848
69.0,1.7622510347734723,2.182500978991579,1.6339806891351698,2.0877330289257094,1.9136420489846038,2.104442138978405,2.1144497316387967,2.5165501592307145,2.5887878609322765,2.3267744195877538,2.4480709761907278,2.2973066276972793,2.0925434058607424,2.4399775524263614,2.1726053817149955,2.3520344940278193,2.5257516356995646,2.4110610864000037,2.5389011796419934,2.843332566733542,2.1621159025964216,2.5382761724482457,2.458734979842882,2.6766197282366306,2.2336853922775597,2.684783236113674,2.488347882928039,2.531205916247372,2.9735302608428302,2.5306379958139185,2.6892071131731305,2.1935008298105307,2.4086040397736768,2.2948809888517863,2.1318107846741006,2.170295927096899,2.619515921018271,2.3122829520068007,2.4902019980810093,2.3469577282867204,2.259379803180296,2.7540179415732293,2.227185007482003,2.2335658582366094,2.377761688497423,2.3400382182767894,2.5137079649219416,2.466790136426028,2.6406947284200317,2.4049643716564835,2.6311083259433663,2.471716496844841,2.5271804905238198,2.4364468506626062,2.5343000509908262,2.5536279475087156,2.511062639978979,1.7815140913718457,2.2031148006186245,1.6697088890384573,2.117927901538504,1.9239257932817613,2.0760498309657125,2.0508077792647774,2.5368820479581684,2.6136551652415783,2.390109935666585,2.4964973545311797,2.3258932476714564,2.0527610603282898,2.3534115054392384,2.179486079295362,2.319870746325426,2.530029736250865,2.473726148353584,2.4796035696599863,2.5653294791702437,2.8468201979327525,2.1997557632933704,2.5650093069589204,2.4175236361606647,2.6103571076843908,2.2125165301873015,2.210616471407664,2.5695588627721655,2.5839092199111335,2.0496763500063584,3.0323913579865946,2.550393149892048,2.678621535768055,2.1792850868234046,2.408692331651276,2.2306071380552597,1.8703720950097047,2.66537221107267,2.2969158555122804,2.377306343876231,2.287187969551971,2.752844734639422,2.265470444488855,2.139921282660396,2.814146674827003,2.388090419065452,2.3296657747639897,2.554918722702918,2.483161506314475,2.6840084828557513,2.7375002288855774,2.6386282159980174,2.619266273656111,2.387385347380081,2.5684145915107988,2.5395871836679844,2.5070027909207018,0.15755358043687412,0.11294042312222062,0.13737271250924252,0.1443052571758774,0.13816800906778803,0.14140341871019663,0.15275962813790192,0.15394077533785722,0.22838719864844817,0.1576361470208438,0.13616031131185277,0.14944565867719334,0.14345048740558133,0.2135220491904457,0.13884702936476312,0.17643613009474518,0.2046133305426935,0.16969403181953321,0.15415699357687856,0.15260192078821963,0.14925960033193564,0.16307077267221995,0.22655635246042746,0.25700270832742644,0.1626730836594476,0.13605457808182453,0.2550064484969307,0.19303327942441859,0.1537092814492777,0.13474148633128888,0.18097561162850956,0.14731881005974437,0.187724459663157,0.1381872856113348,0.17220412644587443,0.35249777858758286,0.21767358204211,0.16346019135148263,0.17989719610176313,0.17687456782935027,0.159795683056526,0.23934940341477037,0.15132776191927627,0.2347954835284248,0.1597162649905291,0.165987045056355,0.1358036964060613,0.15458386544131433,0.139695492640963,0.15640526289637688,0.15646625247580237,0.18620848261783088,0.1348802012189218,0.19048515356404183,0.18465417804598497,0.20326207291056236,0.1405739901593825,0.17115120980163662,0.11302750058112021,0.14292776171621252,0.14475633914962047,0.13053363590109915,0.1414480412222176,0.15484333779483203,0.1577509521465846,0.21938567259199848,0.16426134239587303,0.1354243169560955,0.14932388891179946,0.14286897862544884,0.2090502810251521,0.13916932456639314,0.17461088802859,0.2150586692210253,0.1570646038335269,0.22994269734884915,0.14927065224131333,0.15939066119360665,0.14914542799473346,0.15839358572755677,0.1939010344907321,0.22323083821114398,0.1551925358402421,0.1840297115652386,0.13806525476954354,0.18311391918793676,0.3715541167346967,0.14742126115160253,0.14006747909837985,0.19477891750924872,0.1508977968828432,0.18505675646826536,0.1255738090897714,0.33662099537740825,0.19120093240332078,0.15698860839203269,0.14078461404027595,0.1395707413002788,0.22099258513770895,0.15014687673979582,0.23871956337622427,0.2141403670635283,0.15422498363067458,0.16739609001422964,0.1476866782351921,0.14741185244049654,0.19177199981415116,0.17330306431248138,0.17114500839041144,0.1531463845413106,0.1972967781460388,0.19083965655342247,0.2050455583600803,0.13438788633576926
70.0,1.7606337351348862,2.177410310986765,1.6320126954375769,2.081152827605651,1.9091512051986994,2.0959319549927633,2.1076505077073078,2.509693313178223,2.5818484812667712,2.3186663083487793,2.4425199612910844,2.2913215186689717,2.084966156507196,2.433858108025362,2.1649947330704693,2.344214479917179,2.5156935540247596,2.4034135363254707,2.532168538181816,2.8382471411362817,2.1554947420671686,2.5297507933229224,2.4492372284899497,2.6623006736168553,2.225830246116142,2.680166038444395,2.4880043220132775,2.5245428415983535,2.9672105869349346,2.5274571517009345,2.6845252856578874,2.1865976412372077,2.399904742270898,2.2883471833402744,2.1255882300873266,2.166627104800316,2.615432756184939,2.3043702749952284,2.480464010840186,2.339172442504249,2.253883332180141,2.7444737914306825,2.2192584729556475,2.2261932101834185,2.3694614282567525,2.3317653434094736,2.506142684599605,2.4622063681273803,2.6345878223952526,2.3973110141584972,2.621179720367475,2.4622681786750946,2.520292288346347,2.4286557270670306,2.527382339253203,2.5457426356013015,2.503552845103668,1.7816623033635153,2.1985034047543714,1.669028424664595,2.1118898903582024,1.9200336367152036,2.067701645804085,2.043982483665269,2.5302279468716202,2.6057408829375444,2.3804789382573386,2.490894311391153,2.319321621363078,2.0448497375687817,2.3473502382859945,2.171934853503476,2.312147621267248,2.522262157978974,2.464934423297526,2.4681050812041168,2.559041739868506,2.840088120115502,2.193832187579493,2.5572961701796255,2.4081235720393392,2.599156889398936,2.205683801796251,2.2050230249890497,2.5642478599592575,2.5773908999255775,2.0503869456406525,3.025662958598912,2.5491420042156894,2.6714078674168364,2.1723514454872954,2.4004201781231904,2.224544424406774,1.8665226998461115,2.6598279846717845,2.2881963026644323,2.368969769632364,2.2831869276496657,2.743931447730999,2.2571588499614457,2.130891169611732,2.8079996402021723,2.37941752097019,2.3210934890769646,2.547356390164956,2.4799639873427957,2.678572974666598,2.7322816340969136,2.6289424935229375,2.612053965084294,2.378837950974011,2.562266308955323,2.532846211501854,2.4998223383164526,0.15773709531683863,0.1133371965679512,0.1375561219442236,0.1447655014623554,0.13857274764271976,0.1425447681411392,0.15364597172944827,0.154953404668884,0.22930775810275592,0.158602508508571,0.13682819357694606,0.15012903186173826,0.14446023130590163,0.21436092848915766,0.14002016009384396,0.17792360517452896,0.20567222168953428,0.17091808772096104,0.15497783837396298,0.1536702393035542,0.15022770798498333,0.16418533515799683,0.227661349400661,0.2580316530737682,0.16462964190897822,0.13717638359124595,0.25667127931049555,0.19425737111613162,0.15467082276143143,0.13607096685607678,0.1817362550820418,0.14840852756693265,0.18895622765513534,0.13920321725998172,0.1736514516302664,0.3542222649013365,0.21863462041399975,0.16463266623418077,0.18110995696056034,0.17781976458754206,0.16172022763597907,0.2407264375529673,0.1523842966891524,0.23630330196928742,0.16065986474934715,0.1675109891573005,0.13710280824373497,0.15625038800738594,0.14038179030512807,0.1573359820599285,0.1580614466929874,0.1871615319326725,0.1362227863354472,0.19117527033426687,0.18593664714289612,0.20422268395981263,0.14134908741422827,0.17125383301824426,0.1133480666008482,0.14295374057300933,0.14474043913122042,0.130472435243118,0.1424427950186127,0.15584420774873944,0.15891493213572142,0.22050932414530597,0.1652269624013114,0.1359219571538879,0.14983908133769797,0.1437198120655382,0.20965192857187123,0.14020915657480884,0.1759934873635272,0.2163064743104988,0.1578980598093365,0.23137325289301675,0.14994738249451256,0.16024812642905986,0.15019751562379793,0.1596594976348694,0.19481130012057163,0.22450663454161132,0.15696188772665168,0.18538736586285642,0.13919303172792585,0.18430104078805026,0.37358319442885934,0.1486223935192529,0.14191579573100468,0.195587408493597,0.15175935246138994,0.18613162083184445,0.12644932069428197,0.33883669900387564,0.19217121665459827,0.15790547803931307,0.14188479505993312,0.14111492779605625,0.22218735977692733,0.15119597439851934,0.24051194292264624,0.21467878036749866,0.1549051450157332,0.16888039505029045,0.1489277054255553,0.14875104096566474,0.192366438348701,0.17407414854784659,0.17258950376378873,0.1543732485074059,0.1978538757404132,0.19159507753810145,0.205814742277615,0.13492968548314718
71.0,1.758881591211501,2.1722270463327145,1.6299738060219808,2.0744341725809097,1.9046536771123057,2.087407562785907,2.1005251850759605,2.502658408285463,2.5745293871384005,2.310246711004663,2.4368019519363897,2.2852479424603653,2.0773350393410945,2.427672316871101,2.157303139427692,2.3361219955384196,2.505625062931323,2.39569414966293,2.5253342068097986,2.8331690774256915,2.148835079022059,2.5212705300790086,2.439679775200096,2.647778235108831,2.21801657144793,2.6754756729166393,2.4877580256576373,2.5180113168763727,2.9607526131820685,2.524239352947345,2.6796922914089976,2.1795427284430025,2.3909839879772568,2.2816602199440084,2.1193785259971474,2.162879565415138,2.611323799555684,2.296424772808275,2.470580966043515,2.3313514738187537,2.248488733393335,2.7350415356435467,2.211282721100777,2.218458791670933,2.3611734222152863,2.323329621971152,2.4984216714041296,2.4577065792855333,2.6283567592807233,2.3896221285777908,2.6112975957091877,2.452806316950301,2.5134312063535376,2.4208761390009133,2.520217774209771,2.537733344803132,2.4959797008001208,1.7816206970750896,2.19381556070015,1.6682705295232183,2.105722715960939,1.9160835495757595,2.0593725570236705,2.0368831670744156,2.523409478738744,2.5974966000881494,2.3705895167034337,2.4851764046288816,2.3126748572518694,2.0368732356935917,2.34123102281806,2.164323636016864,2.3042039635332845,2.5144985079154,2.4560378927785393,2.4564524755237467,2.5527035441814525,2.8332233282020423,2.1879180621855827,2.5496357336460354,2.3986462650534706,2.587893898703829,2.198919367997086,2.1995231891227243,2.5588888011612867,2.5709627197514786,2.0513378977369454,3.018722747720076,2.547964993826628,2.6641006261519133,2.1652964814193263,2.391927004820926,2.218374135351866,1.8622530691490793,2.6541611489869332,2.279400940942113,2.360567592326588,2.2792895341978827,2.735172006535938,2.2487976067453777,2.121381355256943,2.8018697666133012,2.370719367983393,2.312390681495988,2.539552278401991,2.476926673527213,2.6732242133100637,2.726981819621336,2.6192452727099194,2.6048991080762653,2.370330997767664,2.55580713072962,2.526049711010792,2.4926441121657956,0.15785942062531994,0.11368141031986582,0.13768288643967364,0.14520453895760865,0.1389237252565867,0.1437159794438125,0.15455608230230347,0.1559886719433098,0.23025053046600225,0.15960451444287713,0.13746416246059057,0.15080360706517673,0.14548597690515666,0.21522590351863194,0.14124206071111908,0.17947261703023554,0.20676395715820187,0.17220371787363767,0.15579922546419253,0.15477477541766116,0.1511978932850283,0.16531053959835584,0.22881062835103919,0.259058194340289,0.16671615034607154,0.13835555810403122,0.258431044580082,0.19549492945691338,0.15561910492163306,0.13747128258129826,0.18248404442785227,0.14952359233167842,0.19021519166021075,0.14026227219840845,0.17519358369240245,0.3559890950539198,0.2196154005768719,0.1658469931858826,0.18233357075211387,0.1787921876863636,0.1637740229604024,0.24214478285645394,0.15345344548387888,0.23787901680118684,0.16162562804924233,0.16908385921224314,0.13846134890629389,0.1580047065615369,0.14108072791153559,0.15829574693437842,0.15972122923706633,0.18812879408544883,0.1376344954642878,0.19185846015876062,0.18728949649862076,0.2051706771955512,0.14213456166008903,0.17128006500447474,0.11362044556773888,0.14293872659091755,0.14462991858082339,0.13032356812254037,0.1434368049417622,0.15688521343922843,0.1600817036330341,0.22165574435673335,0.16615820222806402,0.13638442690482838,0.1503447222901627,0.14453847938052442,0.21025947763327515,0.14124825673943314,0.17740165240274536,0.21759275150529112,0.15869320016829067,0.23284334563415446,0.15059505681012317,0.1611041555974836,0.1512945067308789,0.16096655660441458,0.19571481100609686,0.22583157073566168,0.15885857429663094,0.18681854870069028,0.14036146126933746,0.18552175206180194,0.37570951074591774,0.1498511535090545,0.14392539890250333,0.1963823281060367,0.1525927742288063,0.18722043883751413,0.12732889763612917,0.34118023143552034,0.1931264599718921,0.1588112400270363,0.1430052695935725,0.14274324396251514,0.22339512562583985,0.15225200493758972,0.24238359493852862,0.2151937568995534,0.15559289673158097,0.17044129521174942,0.15017400345460719,0.15015888515373027,0.1929509647887148,0.17488051251142717,0.17409515814408377,0.15564680015381502,0.1983935438243662,0.19231063408128193,0.20654071952118505,0.13544546269121274
72.0,1.7569914280516055,2.1669661276180014,1.627866503528242,2.067587723101705,1.9001684510072052,2.0788929723706095,2.093063365418081,2.4954482692637794,2.5668167420422816,2.3015060905009377,2.4309260878845973,2.279102573299156,2.069677933186033,2.4214371058263326,2.149552396570773,2.3277451307993147,2.4955598578843765,2.387923383215749,2.5183990731003076,2.8281045474392124,2.1421561379922625,2.512857427053854,2.4300847248260515,2.633064949834134,2.2102729172241324,2.670711668717641,2.4876384424602005,2.5116325742305046,2.954160448238484,2.520997974959124,2.674714729897057,2.1723496250263676,2.3818422700663833,2.274820352570567,2.113205405345993,2.159049980921764,2.607201478125972,2.2884705512520664,2.4605597185271213,2.3235116893207426,2.243229703189047,2.72574779959646,2.203284265054682,2.2103527364019477,2.352928213699267,2.314738468802988,2.490562907343274,2.4533159737610206,2.622005539362241,2.3819198516030475,2.601488654874498,2.443346241533076,2.5066161910129283,2.413139416900075,2.512806276513819,2.529613874315036,2.4883599024378156,1.7813767239179221,2.1890653465581593,1.6674330444535643,2.099437797634791,1.912087224003715,2.0510880510156233,2.0295045450959206,2.5164305902498545,2.5889100202003963,2.360437997579206,2.4793546412507927,2.305972035382032,2.02885679751193,2.3350680728850985,2.156674732733045,2.296032965743841,2.5067503506530016,2.4470533734864843,2.444646495885511,2.546317336762678,2.826222657413857,2.182033563508045,2.5420464039823893,2.389111065874128,2.576580408516107,2.1922550970839634,2.1941479785383406,2.553485185815482,2.5646422444495993,2.0525318501669725,3.0115733372570945,2.546878944309715,2.6567159618287635,2.1581360286397215,2.3832115636594255,2.212101836621701,1.8575274161782807,2.6483790052579566,2.2705503549348767,2.3521134709413505,2.2755280698785927,2.7265973155553374,2.240413921478485,2.1113791263648505,2.795773004028904,2.36202262985794,2.3035700237533274,2.5315161097137535,2.4740784374125955,2.6679793880014686,2.7216099977321084,2.609559933481775,2.5978229534546173,2.361901135083245,2.5490296451282846,2.5192145393750858,2.4854881536918,0.15791516927988844,0.11396704784264984,0.13774645064020077,0.1456190312106207,0.13921493556077008,0.14491780198592027,0.1554908130308145,0.15704685767141868,0.23121596293801835,0.16064385363330314,0.1380625927263011,0.15146667672650202,0.14652655518033622,0.21611797273953998,0.14251453276081902,0.18108447661635996,0.20788958865080825,0.17355416320786599,0.15661883140730712,0.15591650867513704,0.15216740598611617,0.16644469549266516,0.2300061821226852,0.26008005251250493,0.16893693225118106,0.13959261443453086,0.2602892176915056,0.1967445946922268,0.15655087544157922,0.13894466044762793,0.18321567669240119,0.15066316924716053,0.1915001300348687,0.14136526609168443,0.17683413504440462,0.35780102966894506,0.22061591981217896,0.16710349825558443,0.18356508232258079,0.17979157913705782,0.16596123287782275,0.24360436070871147,0.1545332315223615,0.23952477943380338,0.16261312624864577,0.17070467708971682,0.1398802438137238,0.15984857012235473,0.14179249990725845,0.15928458850676952,0.16144591927138122,0.18910933783914244,0.1391160090095684,0.19253243561984834,0.1887155536507341,0.20610197630052562,0.14292982455753708,0.17122310201243687,0.11383975945082858,0.14287973048355085,0.14441529475608889,0.13007851401749132,0.14442806987071907,0.15796831409190581,0.16124787022446002,0.22282412605678892,0.16704926094191905,0.1368072295172358,0.1508392972428763,0.14532003807687166,0.21087252260124242,0.14228400572655173,0.17883363444262562,0.21891792437900034,0.1594440833467453,0.23435399816312574,0.1512089385651147,0.16195729974858064,0.15243710755471387,0.16231483405851074,0.19660880629819436,0.22720707016478148,0.16088749456866194,0.18832530400195543,0.14157059898456953,0.1867752583744574,0.3779393522399199,0.1511061840765235,0.14610341869334775,0.19716053693951888,0.1533926001774044,0.18832133947123875,0.12820914142404796,0.34365869525541437,0.194062909056923,0.159701829181563,0.14414452190432236,0.1444572951031982,0.22461315231017862,0.15331212136916342,0.24433695122976762,0.215682754591367,0.15628758037985735,0.17208031168678464,0.1514221595335074,0.15163755152001934,0.19352407150237175,0.1757244928947512,0.17566255474899903,0.1569671917734921,0.1989135570385827,0.19298002178753595,0.20721763370215346,0.13593183961255162
73.0,1.754960070703471,2.1616424974312407,1.6256932705962008,2.0606241384182504,1.895714513165172,2.07041219375957,2.085254650406989,2.4880657208245545,2.558696709473558,2.292434909783185,2.424901508893702,2.2729020854130058,2.0620227168655973,2.4151694017537473,2.14176430028386,2.319071975607679,2.4855116343490584,2.380121693787295,2.5113640246277176,2.823059723014229,2.1354771435089726,2.50453352858477,2.420474182220557,2.61817335491434,2.202627832396039,2.6658735550346027,2.48767502102005,2.505427845809786,2.947438200758429,2.5177463931422093,2.6695992005926845,2.1650318645857562,2.3724800817119323,2.26782783512755,2.107092601076301,2.155135023300542,2.603078218891276,2.280531716132695,2.4504071231270728,2.315669956100697,2.238139937936387,2.7166192086739813,2.19528961795465,2.201865178079246,2.3447563460349574,2.3059992987461615,2.4825843744248632,2.449059755414373,2.6155381629256067,2.3742263199229385,2.591779600769407,2.433903282285971,2.4998661887920406,2.4054768912002764,2.5051477668187148,2.5213980233378255,2.4807101453862566,1.7809178353033772,2.1842668404305736,1.6665138102948707,2.093046554667841,1.908056352139339,2.042873614171123,2.0218413333334992,2.509295228095263,2.579968846781245,2.3500207074590045,2.4734400282633144,2.299232235797752,2.020825665833013,2.3288756023367503,2.1490104495495546,2.2876278205191523,2.4990292507846394,2.437997682111166,2.4326878855560405,2.5398855622657566,2.819082942972404,2.176198867943282,2.534546587812992,2.379537325172366,2.565228691752783,2.1857228573510716,2.1889284079655407,2.548040513359049,2.5584470390806864,2.053971446802498,3.004217339116995,2.545900681249835,2.6492700243027927,2.150885921168678,2.374272606553595,2.2057330939474435,1.8523099541934167,2.642488854724686,2.2616651292323113,2.3436210644590583,2.271934815373772,2.718238279290328,2.232035000798592,2.1008717697043475,2.789725302417486,2.3533539763466873,2.294644187581235,2.523257606399954,2.471448151543869,2.662855687956149,2.7161753807024756,2.599909855761352,2.5908467520420078,2.3535850102430103,2.5419264404459576,2.5123575537750327,2.4783745041175678,0.1578989880762376,0.11418811692731032,0.13774018291810777,0.1460057264454297,0.13944031092459247,0.14615086629141613,0.1564509146959217,0.15812817984208297,0.23220451776961049,0.16172219595384488,0.13861770828829195,0.15211550818906772,0.14758069652932856,0.21703816072423945,0.1438393290824751,0.18276016060219716,0.20905004591703383,0.17497261864494154,0.15743420003145456,0.15709632999927498,0.153133476197463,0.1675859857442375,0.23124995965817072,0.26109475440045604,0.17129586739424416,0.1408877443945573,0.26224905653553715,0.19800481365246328,0.15746288856303972,0.14049315583508407,0.18392770296200484,0.15182627639470045,0.19280962059019868,0.14251284020339236,0.17857639804655692,0.3596606906569501,0.221636085492326,0.16840232808352548,0.18480128534257997,0.18081754088962115,0.16828549993128963,0.24510493765288982,0.1556215726648719,0.2412425722569805,0.16362190609278485,0.1723722562645009,0.14136026326983772,0.1617834051121032,0.14251732217453356,0.16030249698473958,0.16323555963435007,0.19010209567143127,0.14066758524271128,0.1931948212193047,0.19021767051734703,0.2070124715583098,0.14373427284797272,0.17107614255149997,0.11400127180781026,0.1427738491846722,0.14408667764066055,0.12972845232338168,0.14541445517941462,0.15909548190584658,0.16240992246517671,0.2240136019530057,0.16789429714101334,0.13718597791346152,0.1513215758108627,0.14605949905246962,0.21149092983453277,0.14331372448231397,0.1802874116965874,0.2202822872400515,0.16014465903054395,0.23590603477409217,0.15178420002234652,0.16280608877499866,0.15362613422085447,0.16370430459775365,0.1974904467235971,0.22863437677408185,0.16305318493641802,0.18990949400283652,0.14282032953358237,0.1880605795687318,0.38027882245692035,0.15238622500293533,0.1484562361799321,0.19791890101078982,0.1541531550111193,0.1894322286058721,0.1290865159135429,0.3462789300892904,0.19497672981434483,0.160573072361092,0.1453009037785363,0.14625842116098592,0.225838502046967,0.15437340037660188,0.2463742696060986,0.21614321951687582,0.1569887658079539,0.1737987443428561,0.1526687244106139,0.153188983677004,0.19408436081403857,0.17660860163179165,0.17729200441172618,0.15833430020486847,0.19941189221669242,0.1935967635631958,0.2078396282849338,0.13638560204745764
74.0,1.7527843442153856,2.156271098361029,1.6234565898657172,2.0535540777807753,1.8913108498679911,2.061989236965554,2.077088641716006,2.480513587679104,2.5501554529273487,2.28302363179695,2.418737354721661,2.2666631530295995,2.054397269203395,2.4088861315160774,2.133960646351087,2.3100906198712865,2.4754940877904583,2.3723095381809447,2.5042299489664055,2.818040775988212,2.1288173201033467,2.4963208790090943,2.41087025223635,2.6031159874710545,2.1951098659148576,2.66096086105476,2.487897209936246,2.499418363763292,2.9405899793961763,2.5144979829026095,2.6643523029664866,2.1576029807196226,2.3628979160875248,2.260682921522564,2.101063846130478,2.15113136453189,2.5989664488470545,2.2726323732562816,2.4401300346794565,2.3078431412491494,2.2332531340045234,2.707682388260753,2.187325292937957,2.1929862504056334,2.336688362548588,2.2971195266418603,2.4745040546566823,2.4449631281061044,2.60895863025663,2.366563670226122,2.5821971362999134,2.424492769071572,2.493200146158387,2.3979198923373217,2.4972421657777892,2.513099591072326,2.4730471250149053,1.7802314826428183,2.179434120419558,1.66551066788639,2.0865604063481547,1.9040026261229244,2.034754732881357,2.0138882473908493,2.5020073389652624,2.570660783337709,2.339333972917156,2.4674435726728965,2.2924745385432277,2.012805083466077,2.3226678250226693,2.141353092363912,2.2789817204795066,2.4913467729031886,2.428887635342431,2.42057738780201,2.533410665344248,2.811801020099141,2.170434151887723,2.527154691762112,2.369944393619228,2.553851021330894,2.179354517092573,2.1838954921339777,2.542558283229197,2.5523946687055195,2.0556593315152294,2.9966573652068016,2.545047030231862,2.64177896342945,2.143561993026374,2.3651088854183873,2.1992734730602885,1.8465648964541712,2.636497998626928,2.2527658484239654,2.335104031862165,2.268542051365378,2.710125802242039,2.2236880513435384,2.0898465720443316,2.783742611747563,2.3447400772024865,2.285625844711962,2.51478649076032,2.469064688465875,2.6578703023894317,2.7106871808057083,2.5903184194714304,2.583991754661038,2.345419270569171,2.534490104977258,2.505495611390883,2.4713232046661866,0.15780565708855482,0.11433873838315982,0.13765746303271245,0.14636155009467655,0.13959378965876043,0.14741564377554645,0.15743699965118393,0.15923277382952752,0.23321666831956347,0.16284118089158442,0.13912360583744138,0.15274737282858447,0.14864702793057127,0.21798752142110017,0.14521812436537945,0.18450024310376928,0.21024610247901124,0.17646220232866733,0.15824271887625227,0.15831501915960233,0.15409330558976975,0.1687324352846566,0.23254384699760838,0.26209959729886395,0.17379629278893258,0.14224074440836867,0.2643135386274917,0.19927380229738995,0.15835194153831514,0.14211858660454388,0.18461652538546092,0.15301176221215124,0.19414199376743346,0.14370540871352108,0.18042325473737464,0.3615705246300764,0.22267571035627223,0.16974342272621992,0.1860386679180225,0.1818694898108876,0.17074984344665767,0.2466460904168844,0.1567162714086014,0.24303417013132322,0.16465149172040547,0.17408513912647797,0.14290199370698559,0.16381023630135558,0.14325543963731766,0.16134941152748433,0.16508984679705793,0.19110583136713438,0.14228897410165292,0.19384316397254486,0.19179873733345906,0.20789806520352028,0.14454728926551177,0.17083248568368103,0.11410050767717488,0.14261835819906743,0.14363379423053768,0.12926430381814558,0.14639368190823782,0.16026870618395586,0.1635642439276492,0.22522324888841996,0.16868748164479272,0.13751648417595563,0.15179071164111443,0.14675186718895586,0.21211490945800776,0.14433468641250638,0.18176065038624156,0.22168598285867502,0.1607887985179926,0.23750004117010756,0.1523159383672081,0.1636490444852845,0.15486252848378043,0.16513482223984924,0.1983568393713448,0.23011450826631696,0.16535973182097288,0.19157273134480152,0.14411031497569585,0.18937651133276867,0.38273377146568943,0.1536901650492471,0.1509893345471259,0.19865433400248636,0.15486855858831342,0.190550755547454,0.12995731882386816,0.34904743432517077,0.19586403897476587,0.16142071032085673,0.14647260323770567,0.14814761012939243,0.22706799471270045,0.15543285785898187,0.2484975977273289,0.21657262833060628,0.15769632137150077,0.17559760191028015,0.15391022311296712,0.154814818600111,0.19463061142442734,0.17753555713410238,0.17898347281567045,0.15974765026655635,0.19988681623065957,0.1941542473959956,0.2084009186401818,0.13680378213762376
75.0,1.7504610736356385,2.1508668729959344,1.6211589439766496,2.0463882004395137,1.8869764473974464,2.0536481120013086,2.0685549410184474,2.472794694538787,2.5411791358987896,2.2732627194878043,2.4124427651264484,2.2604024503766245,2.046829469023032,2.4026042219760337,2.126163230556575,2.3007891534979277,2.465520913673695,2.3645073732000403,2.496997733690747,2.8130538781985748,2.1221958923065927,2.488241522664158,2.40129503972619,2.587905384625857,2.1877475667318476,2.6559731159653337,2.4883344578078774,2.4936253602400282,2.9336198928059782,2.5112661196462724,2.658980636489066,2.1500765070264096,2.35309626636682,2.253385865663166,2.0951428734509854,2.147035676596187,2.5948785949887716,2.264796628428932,2.4297353080203643,2.300048111856566,2.228602987762561,2.698963963741345,2.179417803141883,2.1837060870838947,2.3287548065664323,2.288106567331237,2.466339930046526,2.4410512956967865,2.6022709416411165,2.358954039201263,2.5727679643719954,2.4151300317524593,2.486637009579499,2.390499750747007,2.4890893940443655,2.504732376719352,2.465387536693267,1.7793051173475964,2.1745812646273124,1.6644214580673509,2.079990771963781,1.8999377380947573,2.0267568935374967,2.0056400028716834,2.4945708695501594,2.5609735333767394,2.328374120527986,2.461376281485959,2.285718023662647,2.004820293220324,2.316458954792532,2.133724967073628,2.2700878582451596,2.48371448160152,2.419740049870137,2.4083157458900266,2.5268950906517764,2.8043737240155435,2.1647595917377593,2.519889122454017,2.3603516218857825,2.5424596701674624,2.17318194460265,2.1790802457732745,2.537041994863151,2.5465026983848267,2.0575981481769485,2.98889602743353,2.544334816840667,2.6342589290641727,2.136180078233018,2.3557191521686964,2.192728539691379,1.8402564562202397,2.6304137382045227,2.243873097099414,2.3265760321331137,2.2653820585353786,2.702290788911604,2.2154002797511594,2.0782908201536503,2.7778408819876423,2.3362076021782214,2.2765276668777803,2.50611248509454,2.4669569207235327,2.653040420516638,2.7051546103150685,2.580809004534829,2.577279212134342,2.3374405633839572,2.5267132270168076,2.498645569402967,2.4643542965607454,0.15763021336870198,0.11441325625028198,0.1374917910776637,0.14668371362381763,0.13966940018485888,0.14871240026261365,0.15844949931231464,0.16036066913731245,0.23425289351237505,0.16400240467881497,0.13957428645663875,0.15335958051822748,0.14972407178892796,0.21896714095917347,0.14665248108358406,0.186304820283886,0.21147833663982718,0.1780259209853704,0.1590415923096166,0.15957321930575544,0.15504405812129365,0.16988187621270598,0.23388964611152008,0.2630916085924068,0.17644089486835093,0.14365093324005246,0.2664852883467055,0.2005495040549641,0.15921491902077922,0.14382245821627251,0.18527839610270141,0.15421828139051177,0.19549527960446156,0.14494309933596858,0.1823770786012711,0.36353276030833936,0.22373450863239971,0.17112648605534123,0.18727335077040946,0.18294660542537852,0.1733565499625838,0.24822716632211295,0.15781500516813884,0.24490109627402626,0.16570138660954795,0.17584152450832824,0.14450580633957344,0.16592959865202853,0.14400713592639988,0.16242520737243019,0.16700805175461186,0.19211910254716083,0.14397932431251204,0.19447494703491378,0.19346169855448325,0.20875472653392818,0.14536824376837834,0.17048565567228993,0.11413340295522872,0.14241082536942962,0.14304602723822424,0.12867678823247858,0.14736331455633553,0.16148999652413795,0.1647071174012823,0.22645209283336434,0.169423062047693,0.13779486803211166,0.15224635873923242,0.14739219277683738,0.21274509602861166,0.1453441329353956,0.18325066216984767,0.22312897680201102,0.16137033353430408,0.23913631798629417,0.15279919566979497,0.16448469608061753,0.15614737400406264,0.16660609266086487,0.19920506930093973,0.23164820320127766,0.1678106773803891,0.19331630179195491,0.14543993604318237,0.1907215821360811,0.3853097127731028,0.15501710297632246,0.15370714561373064,0.1993638489701171,0.15553274027391048,0.1916742758796795,0.13081764848328473,0.3519702734060371,0.19672094451316186,0.16224042624254298,0.14765760870327177,0.15012540016797837,0.22829817072086087,0.15648746910499703,0.2507087297233868,0.2169685413101472,0.15841049347588168,0.17747752302385614,0.15514316811261478,0.1565162927852954,0.19516185759495058,0.17850831701034664,0.18073649869825953,0.16120632793184894,0.20033698916568263,0.1946457749650054,0.2088958817076814,0.13718375597721805
76.0,1.7479870840125074,2.145444763924556,1.618802815568831,2.0391371656446706,1.8827302920353157,2.0454128288795714,2.0596431499876267,2.464911866114975,2.531753921882998,2.2631426358013047,2.4060268798660376,2.2541366516817463,2.039347195148113,2.3963405999963516,2.118393848684446,2.2911556663954062,2.4556058074638973,2.356735655647969,2.489668266375102,2.808105201482758,2.1156320846498695,2.4803175038872878,2.3917706495427784,2.572554083500299,2.1805694837982372,2.6509098489535377,2.4890162132340055,2.488070067389084,2.926532049642112,2.508064178779168,2.6534908006310234,2.1424659771045778,2.3430756257234258,2.2459369214569587,2.089353415980225,2.1428446314738143,2.5908270843118966,2.257048587456762,2.4192297979858846,2.2923017350134645,2.224223195579676,2.690490560500369,2.1715936617037155,2.174014821816828,2.320986221414752,2.2789678356554535,2.4581099826021866,2.437349462046921,2.5954790973648563,2.351419563537034,2.5635187878916663,2.405830400191217,2.4801957255229072,2.383247796865122,2.4806893722717964,2.496310179479733,2.457748075790836,1.7781261908290809,2.1697223511560146,1.6632440216769964,2.073349070802804,1.8958733801951198,2.018905582530733,1.9970913153796916,2.4869897665402703,2.550894800405358,2.3171374768658386,2.45524916170893,2.27898177120023,1.9968965379049752,2.31026320549596,2.126148379576231,2.260939426436391,2.4761439414724946,2.4105717423840907,2.39590370308675,2.520341282841904,2.7967978899430754,2.1591953638898023,2.5127682865130176,2.3507783606430905,2.5310669111795074,2.1672370081754813,2.174513683613089,2.5314951476981054,2.5407886931793886,2.0597905406593475,2.98093593770421,2.54378086666111,2.626726071062392,2.128756010808818,2.3461021587194604,2.1861038595719138,1.8333488467513193,2.624243374697292,2.2350074598482275,2.3180507242543142,2.2624871175657666,2.694764143800145,2.207198892659283,2.066191800801205,2.77203606310622,2.3277832210267317,2.267362325810927,2.497245311702379,2.4651537208617156,2.648383231553097,2.6995868815037856,2.5714049908743792,2.5707303752845427,2.329685536009616,2.5185883948592425,2.4918242849915226,2.4574878210243534,0.1573681023014705,0.11440637223747313,0.13723691987016398,0.1469698428940598,0.1396613639089391,0.15004114349820502,0.1594886149874049,0.16151176283788238,0.23531367022653085,0.16520740540312837,0.13996369603806336,0.15394951939176293,0.1508102468092194,0.21997813941904676,0.14814381074702154,0.18817342846540325,0.21274708799174774,0.1796666312939431,0.1598278115412616,0.16087140866290736,0.15598285123251465,0.17103191013359567,0.2352890515638286,0.2640675012862556,0.17923159489401735,0.1451170634604888,0.26876649747548925,0.20182954469903527,0.16004884590957866,0.14560588142497793,0.18590941829267474,0.1554442698989683,0.19686714901599006,0.1462256880921155,0.1844396303367939,0.36554935993937815,0.2248120929689677,0.1725509538325192,0.18850101857694734,0.1840477708117018,0.17610705805584376,0.24984723949048956,0.1589153173904978,0.246844572735083,0.16677107511007833,0.17763918606187729,0.146171823822927,0.1681414413888879,0.1447727449364498,0.163529679726191,0.16898893272915239,0.19314021844186435,0.14573708620425269,0.1950876064922993,0.19520957021812013,0.2095785574351374,0.1461964947429799,0.1700295560145047,0.11409648574788972,0.1421492474410884,0.14231246976643844,0.1279564990959912,0.148320747628766,0.16276138480012098,0.16583473060218135,0.22769911439252732,0.17009543986797843,0.13801768504502307,0.15268880378301206,0.14797563467772787,0.21338263703963245,0.14633929281630076,0.18475435820799205,0.22461102831764837,0.1618831042388401,0.2408148279087761,0.15322898348083985,0.16531159814928803,0.15748191294511352,0.1681176415816893,0.2000322385640318,0.23323586227065568,0.17040891949268888,0.19514107837828396,0.14680822709335967,0.19209400623489467,0.38801172712587845,0.15636641671956347,0.15661289449267968,0.20004461983213065,0.1561394600972454,0.19279981072304153,0.13166336628133032,0.3550529740941855,0.19754359485621714,0.1630278815136354,0.14885366885204934,0.15219177158091796,0.22952525254410233,0.15753419404373015,0.25300915495689774,0.21732866635620265,0.1591319944520883,0.17943868883152622,0.15636407510068273,0.1582941395509364,0.19567748121771045,0.17953011058633417,0.18255010390433743,0.16270888383097182,0.20076158281549256,0.19506462185703466,0.20931916460074784,0.1375233569838765
77.0,1.7453592003942682,2.140019713735504,1.616390687282128,2.031811632646481,1.8785913700633714,2.037307397613084,2.050342870296876,2.4568679271190095,2.5218659743751166,2.252653843683006,2.399498838698398,2.2478824311726653,2.0319783264022186,2.390112192439733,2.1106742965188374,2.2811782484715213,2.4457624646261644,2.3490148423280934,2.482242434593846,2.8032009176781743,2.1091451216643753,2.472570867015819,2.382319186538882,2.5570746212160014,2.1736041660652696,2.6457705892066015,2.4899719248137346,2.4827737173594873,2.919330558558817,2.5049055357072665,2.6478893948629736,2.134784924552569,2.332836487331013,2.2383363428115275,2.0837192066606405,2.1385549011451466,2.5868243438119,2.2494123561458848,2.408620359412115,2.284620877810342,2.220147453824986,2.6822888039224395,2.1638793817607374,2.163902588307214,2.3134131504197732,2.2697107464557096,2.4498321943314676,2.4338828310170575,2.588587097713675,2.3439823799221067,2.554476309764922,2.396609204250424,2.4738952404561343,2.376195361127461,2.472042021113425,2.4878467985543065,2.4501454376770786,1.7766821544986258,2.164871458107847,1.6619761995545708,2.0666467221532994,1.891821244564286,2.011226286252229,1.9882369005185976,2.479267976625884,2.54041228793052,2.3056203685050636,2.449073220348249,2.2722848612001343,1.9890590603292648,2.3040947909826457,2.118645635769236,2.251529617673455,2.468646717108987,2.4013995295741384,2.383342002658837,2.5137516865682032,2.7890703531032006,2.1537616447402645,2.505810590563364,2.341243960562199,2.519685017284074,2.161551576105245,2.1702268203830606,2.5259212411712837,2.5352702181499738,2.062239152834206,2.9727797079258593,2.5434020052780753,2.6191965392795695,2.1213056247739517,2.3362566569856265,2.1794049984330366,1.8258062813070917,2.6179942093450577,2.2261895212599634,2.30954176720822,2.2598895091385005,2.6875767714087933,2.1991110967057295,2.0535368007558445,2.766344105071816,2.319493603500894,2.2581424932436858,2.48819469288352,2.463683961425304,2.6439159247141375,2.693993206645154,2.562129758412897,2.5643664949342746,2.3221908357683603,2.510108196799155,2.4850486153368654,2.4507438192800852,0.15701535979917272,0.1143133067562058,0.13688701238160658,0.14721812662822759,0.13956421811548675,0.15140156532661012,0.1605542622146411,0.16268578970394595,0.23639946305110798,0.16645764524955056,0.14028577509605633,0.1545147005418698,0.15190387122656085,0.22102167080915425,0.14969333061439544,0.1901049569878074,0.2140524100112671,0.18138699720081908,0.1605981220985591,0.16220986969122947,0.15690674889560774,0.17217986888375644,0.2367436249975799,0.26502362630475956,0.1821694304746331,0.14663722938590226,0.2711588412221622,0.20311118512020798,0.16085094854028192,0.14746948524104553,0.1865055494399273,0.15668791972378748,0.19825485053435776,0.14755252986868922,0.1866119506940186,0.3676219651679056,0.22590797200285032,0.17401595971170222,0.18971684582884094,0.18517150775070085,0.1790018407243136,0.25150506375935966,0.1600146102308944,0.2488654661215004,0.1678600230985354,0.1794753830492804,0.14789988587879294,0.17044502668283945,0.14555266383622817,0.1646625237344175,0.17103064148196617,0.19416719373850963,0.14755991385323805,0.1956785513142921,0.1970454579430407,0.21036586862454082,0.14703138964633541,0.16945865518625056,0.11398709085527273,0.14183220970399266,0.1414219968102937,0.1270939960399458,0.14926319128456858,0.16408492572036032,0.16694318059936145,0.22896325456088332,0.17069926050556614,0.13818207414889325,0.15311911253735014,0.14849753565822013,0.2140292873046988,0.1473174056650559,0.18626820048201878,0.22613165795949,0.16232101687018485,0.24253513650516528,0.15360031292228438,0.16612835123662686,0.15886756263895976,0.16966877981810866,0.2008355130393193,0.23487748446614032,0.17315660784973205,0.19704742863968136,0.14821380619755006,0.19349163373948108,0.390844353327559,0.15773783908820682,0.1597084457639895,0.20069405240358315,0.15668233752788926,0.19392400277775376,0.13249005592692115,0.3583004047438705,0.1983282361101482,0.1637787591089846,0.15005824881132349,0.15434603084338946,0.2307451060909977,0.1585700078825863,0.2553999985934899,0.21765093360690674,0.15986209686542502,0.18148072866109258,0.15756948146944752,0.1601484796823863,0.19617731604906857,0.18060446883581033,0.18442269705825587,0.16425322847515025,0.20116041339046828,0.1954041097125875,0.2096658126911573,0.13782100445428047
78.0,1.7425742478292083,2.1346066650173476,1.6139250417563906,2.024422260695159,1.874578667763406,2.0293558282145847,2.0406437036195166,2.4486657022622382,2.5115014568702585,2.2417868060784794,2.3928677813815096,2.241656463077049,2.024750741608972,2.3839359261689173,2.1030263698438776,2.2708449896340435,2.4360045806256236,2.3413653900437863,2.4747211259213655,2.7983471986222574,2.102754227881278,2.4650236563870886,2.3729627555672255,2.5414795348945107,2.1668801624841927,2.640554865911747,2.491231041146131,2.477757542300289,2.912019528210369,2.5018035658365365,2.642183018655533,2.1270468829688434,2.3223793443631964,2.2305843836344654,2.0782639784346553,2.134163157590592,2.582882800484245,2.241912040302398,2.397913847135133,2.2770224073376855,2.2164094588676426,2.6743853193921243,2.156301476450233,2.153359520257854,2.3060661369077518,2.260342714573159,2.4415245472421545,2.4306766064677143,2.5815989429733652,2.336664625045142,2.5456672328977366,2.3874817737926706,2.4677545008466937,2.369373773969793,2.463147261222575,2.4793560331438775,2.4425963177214953,1.7749604597675983,2.160042663584983,1.6606158325392937,2.059895145303306,1.8877930233425428,2.003744491093178,1.9790714738920843,2.4714094464973084,2.5295136994592116,2.2938191220199635,2.442859464410342,2.265646373706578,1.9813331033023882,2.297967925102232,2.111239041550163,2.241851624576617,2.4612343731038586,2.392240228130112,2.3706313878729035,2.5071287464842666,2.781187948717385,2.14847861068556,2.499034441229331,2.331767772314169,2.5083262613981847,2.1561575166861005,2.166250670812849,2.5203237747199063,2.529964838357324,2.064946628573248,2.964429950005503,2.5432150582764175,2.6116864835711135,2.1138447541486283,2.326181398882084,2.1726375220059393,1.8175929731472633,2.6116735433876532,2.2174398659241916,2.301062819977239,2.257621513935566,2.680759576238661,2.1911640985283563,2.0403131067864537,2.7607809578529374,2.3113654193535558,2.248880840908283,2.478970350937688,2.4625765149591925,2.639655689215082,2.6883827980124155,2.55300668707317,2.558208821906138,2.3149931099824252,2.5012652211311863,2.4783354176192693,2.4441423325510354,0.15656882805548267,0.11412998826647436,0.13643682489086506,0.14742748451326476,0.13937295947165232,0.15279297978829656,0.16164600924687253,0.163882289207066,0.23751071075435623,0.16775448875092647,0.14053451822558544,0.15505280685820755,0.153003168681302,0.22209892027320444,0.15130201628985,0.19209755775542434,0.21539401979840372,0.18318944317970628,0.16134898977234113,0.16358865627697033,0.15781275843535716,0.1733227754490859,0.23825476747195623,0.2659559230022132,0.1852544373154811,0.14820877554403497,0.2736633931397659,0.20439127411173383,0.16161872348157363,0.1494133292755979,0.18706260678630576,0.1579471541301056,0.19965514445152877,0.1489224873372356,0.188894254753701,0.3697518383381311,0.22702154822923162,0.175520299613853,0.190915419558774,0.18631590812277327,0.18204028977962916,0.25319902383998505,0.16111013971796836,0.2509642298169201,0.1689676771617533,0.18134676629935825,0.14968951527759164,0.17283882659303687,0.14634736673820992,0.16582330981904356,0.1731306261681004,0.19519770000452985,0.14944457168164427,0.19624518628318224,0.19897257435343366,0.21111326641363024,0.14787226432656983,0.16876820521487323,0.11380360645321325,0.14145906734890126,0.14036335332571012,0.12607991323925644,0.15018765671164164,0.165462695848112,0.16802847604869384,0.23024342042354637,0.1712295154674434,0.1382859225502499,0.1535392865252758,0.14895350962289874,0.21468750607887657,0.14827574992341727,0.18778815137104934,0.22769011249412885,0.16267811103246482,0.24429634735452457,0.15390823130339013,0.1669336249658737,0.1603059320302105,0.17125856599298003,0.201612177195878,0.2365725994446757,0.17605503870912198,0.19903511763566384,0.14965480271933254,0.19491189935406247,0.39381146706094095,0.1591315371875804,0.16299415528515596,0.20130986395757416,0.1571548885168819,0.1950430698432514,0.13329298141875223,0.36171664249614427,0.19907127554028636,0.1644888145753162,0.15126848386974562,0.15658669008353582,0.23195320358726607,0.15959193723534407,0.2578819540720543,0.21793357936389215,0.16060273111116574,0.18360262119172593,0.15875596748015627,0.16207870873762534,0.1966617622306723,0.18173524852712958,0.18635197373087378,0.1658365216127959,0.20153408581473226,0.19565768996508112,0.20993141652565797,0.1380758454417478
79.0,1.7396290513656119,2.1292205603586893,1.611408361631469,2.0169797090409434,1.870711171417196,2.0215821306968165,2.030535251628843,2.440308016256024,2.5006465328635668,2.2305319859332706,2.386142847673327,2.2354754216225787,2.01769231959197,2.3778287280465955,2.0954718644436956,2.260143979790799,2.4263458509273756,2.3338077555984196,2.4671052279320227,2.7935502161524406,2.0964786278317544,2.4576979163384327,2.3637234614805753,2.525781361657446,2.160426022006247,2.635262208256185,2.4928230108302705,2.4730427743605525,2.9046030672510006,2.4987716445729458,2.6363782714792823,2.119265385951863,2.3117046899936198,2.222681297833371,2.0730114642447166,2.1296660727905166,2.5790148813243974,2.2345717457324423,2.387117115991031,2.269523190686021,2.213042907076769,2.6668067322940674,2.148886458909476,2.142375751371548,2.298975724204954,2.2508711548489857,2.4332050233420603,2.4277559922594514,2.5745186334297303,2.329488435594819,2.5371182601961353,2.3784634386805217,2.4617924531620954,2.3628143658279295,2.454005013252584,2.4708516824492675,2.4351174112935707,1.7729485580473507,2.155250045689617,1.6591607614704234,2.053105759540915,1.8838004086701734,1.9964856834447458,1.9695897511038774,2.4634181228448724,2.5181867384984313,2.281730063984894,2.4366189009016357,2.2590853887637543,1.9737439096335936,2.2918968217043525,2.103950902816527,2.2318986397661664,2.453918474049975,2.38311065474185,2.357772601995598,2.500474907243691,2.77314751200709,2.143366438122078,2.4924582451352233,2.322369146570037,2.4970029164388583,2.151086698212233,2.1626162496320798,2.5147062477811652,2.5248901188622224,2.067915611748223,2.955889275850169,2.543236851241029,2.6042120537924824,2.106389232953054,2.31587513632379,2.1658069960217814,1.808673135531517,2.605288678064899,2.2087790784304806,2.2926275415438306,2.2557154126389167,2.6743434627908886,2.1833851047649757,2.0265080056619214,2.7553625714180927,2.3034253383375827,2.239590040536978,2.469582008164617,2.4618602540082732,2.6356197142712743,2.6827648678788325,2.5440591567780366,2.552278607022778,2.308129005974033,2.492052056149965,2.4717015490190013,2.4377034020603023,0.15602640674095963,0.11385327159156218,0.13588191518831083,0.14759775304105244,0.13908320766826623,0.1542142590908349,0.16276301091877235,0.16510056976897833,0.2386478087200393,0.16909917562037494,0.1407040429719106,0.15556174466525657,0.15410627694783746,0.22321109732254643,0.15297055096656684,0.19414855426125738,0.21677124657823757,0.18507610350974474,0.16207656657525243,0.16500755984205925,0.15869783364789905,0.17445730761781433,0.23982368972271417,0.26685987006905626,0.1884855366828412,0.14982821121915846,0.27628054375325967,0.20566620420653353,0.1623500123776822,0.15143682118707663,0.1875762747635473,0.15921960451375228,0.2010642372549708,0.15033386190807377,0.19128583346684597,0.37193980088904544,0.22815211563372967,0.17706239515729963,0.19209066250119167,0.18747856463374002,0.18522060810564034,0.2549270870031734,0.1621990145597802,0.25314084465112996,0.17009346157371275,0.18324928348839975,0.15153988604154883,0.1753204233364198,0.1471574177980978,0.16701145368883358,0.1752855349884402,0.1962290170010182,0.15138685227257317,0.19678493747578715,0.20099425425738654,0.21181774909786602,0.14871844000460085,0.16795449234501694,0.1135457490172652,0.14103014491078006,0.13912525695098396,0.12490508057564265,0.1510909422005458,0.16689679109195554,0.1690865362921903,0.23153849046811803,0.17168165529699547,0.13832804385663555,0.15395242359593336,0.14933953950301446,0.21536055234279572,0.14921167558496967,0.18930962294923998,0.22928532806390242,0.16294863602637505,0.24609703268352626,0.15414786646522763,0.16772618356955357,0.161798837559421,0.17288576848165998,0.2023596965206222,0.23832019810281574,0.1791045516129124,0.2011032106923219,0.1511287857775687,0.19635177213682944,0.39691614980614026,0.1605481913571346,0.1664687325711828,0.2018901692947528,0.1575505711953885,0.19615275690278938,0.13406704662338806,0.36530482943262466,0.1997693483397568,0.16515393413785828,0.15248113251771347,0.1589113467982896,0.2331445901095753,0.16059710156518897,0.26045520813292083,0.21817523680353734,0.16135658161150246,0.18580259467311852,0.15992017993186475,0.16408338557686453,0.19713190774291026,0.18292664652843096,0.18833481727970017,0.16745505934466298,0.2018841450210608,0.1958190379571367,0.2101122752964439,0.138287906395312
80.0,1.7365204360517632,2.123876342348118,1.6088431295472072,2.0094946369340336,1.867007867306518,2.0140103150725244,2.0200071159981894,2.4317976938117214,2.489287365850174,2.218879846192947,2.379333177331828,2.2293559810369517,2.010830939174797,2.3718075249355226,2.0880325761024223,2.24906330884955,2.416799970996556,2.3263623957953454,2.459395628200201,2.7888161421061635,2.0903375460469924,2.450615691207159,2.354623409131647,2.5099926386263607,2.154270293582662,2.629892145427153,2.494777282465229,2.468650645689299,2.8970852843349997,2.4958231473224632,2.6304817528048443,2.1114539671000596,2.3008130173959214,2.214627339315813,2.067985397033223,2.1250603187253176,2.5752330133278223,2.2274155782420895,2.376237020815903,2.2621400949458317,2.210081494821522,2.6595796680128383,2.1416608422757446,2.1309414153510717,2.292172455637616,2.2413034821243567,2.4248916046389586,2.425146192252765,2.567350169368583,2.3224759482597888,2.5288560945660956,2.369569528776568,2.456028043869906,2.356548467137667,2.444615197856802,2.462347545671312,2.427725413762787,1.770633900749245,2.150507682523918,1.6576088271871878,2.0462899841541855,1.8798550926874569,1.9894753496981232,1.9597864477576654,2.4552979523588467,2.506419108555144,2.2693495209741834,2.430362536828584,2.252620986415854,1.9663167221320705,2.2858956946386813,2.0968035254658624,2.2216638558623534,2.4467105845402166,2.374027626099185,2.3447663882935688,2.493792613500025,2.7649458781937915,2.138445303446253,2.4861004089053,2.31306743400088,2.48572725532314,2.1463709889778015,2.159354571570404,2.509072159792304,2.520063624725395,2.0711487462308584,2.9471602973668607,2.5434842097567607,2.5967893997991007,2.098954895207414,2.305336621225641,2.158918986211734,1.7990109817195463,2.598846914616622,2.200227743368407,2.28424959089043,2.25420348593052,2.6683593355666035,2.175801322053428,2.0121087841511107,2.7501048957357863,2.295700030205839,2.2302827638620517,2.4600393868639996,2.4615640511174233,2.6318251890980355,2.677148628517663,2.535310547450313,2.546597101106818,2.3016351710654277,2.4824612901501064,2.465163866716365,2.4314470690309715,0.15538734022702475,0.11348118431765171,0.1352188733219254,0.14772988532691936,0.13869138729096103,0.15566377018696756,0.16390393983687973,0.1663396708713421,0.23981108653894131,0.1704927864368579,0.1407886672479517,0.15603969617538938,0.15521125960412177,0.22435942365425068,0.15469927247525792,0.19625435378564743,0.2181829812067005,0.18704876772444579,0.16277665885983256,0.16646607561959528,0.15955888739780566,0.17557976771695236,0.2414513804709757,0.2677304398749331,0.191860435443504,0.15149113819656512,0.27900992918240036,0.20693187462386137,0.16304308028156983,0.153538646592675,0.18804211400411983,0.1605025901926124,0.20247772032209088,0.15178433156510002,0.1937849697555962,0.37418617128429305,0.22929885632889205,0.17864025710935613,0.1932357616431282,0.18865650515777327,0.18853971704214212,0.2566867584169447,0.16327819997297832,0.25539476076557455,0.17123677218386155,0.1851780894720859,0.153449796215808,0.17788641943027558,0.14798348201368247,0.1682261804093533,0.17749112632952532,0.19725798711895634,0.15338151382766652,0.19729527959521148,0.20311396539278795,0.21247681120865888,0.1495692166303488,0.16701511646293485,0.11321485847003367,0.14054694725599604,0.13769651119885173,0.12356065133569506,0.15196962128924588,0.16838932282160876,0.17011318648469118,0.23284731916060453,0.17205171034940286,0.13830836259527984,0.15436287300347448,0.1496520833219381,0.21605257204367914,0.15012264177311188,0.19082742796362714,0.2309158931058984,0.1631271348732897,0.24793516147987782,0.1543144802006307,0.16850491353203462,0.16334831808631942,0.17454882879436676,0.2030757868832117,0.2401186641750117,0.1823044321365134,0.20324998114314227,0.15263269812912567,0.1978077094562806,0.40016055125549027,0.1619890678484176,0.17012911948301926,0.20243357009341084,0.15786284027615227,0.19724828832366623,0.13480676048824805,0.36906702106856665,0.20041938345651789,0.1657701988382084,0.1536925313569584,0.1613165700061308,0.23431385646240285,0.16158275942988634,0.26311935975915024,0.21837502949993673,0.1621271751245563,0.1880780309020325,0.16105885795089556,0.16616012795542412,0.19758965166289183,0.18418319936582667,0.19036720597548354,0.16910416400417957,0.20221322725190247,0.19588215513041357,0.21020557251772684,0.13845824888755978
81.0,1.7332452269359382,2.118588953574238,1.6062318281434695,2.001977703624674,1.8634877417131581,2.006664391354439,2.0090488984008825,2.4231375596406846,2.477410119325191,2.2068208498030657,2.3724479101150044,2.223314815547818,2.004194479181069,2.365889243698395,2.0807303006041824,2.2375910667180965,2.4073806362982766,2.3190497674379404,2.4515932143002668,2.78415114832084,2.0843502070581654,2.44379902533061,2.3456847033731765,2.494125902922851,2.1484415261646856,2.624444206611873,2.4971233046500867,2.4646023884356105,2.889470288116622,2.492971449491063,2.624500062102834,2.1036261600118906,2.289704819743744,2.2064227619894052,2.063209509742629,2.1203425673753773,2.5715496234899864,2.220467643637486,2.365280416445834,2.2548899872076182,2.2075589184710336,2.652730751933056,2.1346511396863335,2.119046645899227,2.2856868745320016,2.231647111240437,2.4166022731406502,2.422872410308218,2.5600975510757182,2.3156492997287237,2.5209074389136203,2.3608153739433897,2.4504802194376167,2.350607408334779,2.434977735688578,2.453857422010821,2.420437020498639,1.7680039392846538,2.1458296521900815,1.6559578705288307,2.039459238431205,1.8759687675346821,1.9827389762444816,1.9496562794571688,2.4470528817295527,2.494198513136364,2.2566738195621707,2.424101379197599,2.246272246707077,1.959076783607057,2.279978757754869,2.0898192153957047,2.211140465485444,2.4396222691674345,2.3650079588919457,2.331613490033461,2.487084309906885,2.756579882498956,2.1337353830544754,2.479979339163843,2.3038819852777577,2.4745115509680393,2.1420422572770073,2.156496651357462,2.5034250101904907,2.515502921007633,2.0746486758929055,2.9382456264626096,2.543973959408485,2.5894346714464116,2.0915575749319095,2.2945646055025892,2.1519790583069818,1.7885707249710416,2.5923555542826513,2.1918064453275146,2.275942626999452,2.2531180144923737,2.662838099066905,2.1684399570315462,1.9971027290228944,2.7450238807745264,2.2882161647111796,2.2209716826157444,2.4503522093355854,2.4617167788315273,2.6282893029106886,2.6715432922021645,2.5267842390127906,2.541185554980877,2.295548252578822,2.4724855114262354,2.4587392278916473,2.425393374686134,0.15465253959772118,0.11301319831280085,0.1344455700516064,0.14782615886901135,0.13819492421428387,0.157139315495467,0.16506691760709513,0.16759832382695491,0.24100077991348004,0.1719361991896245,0.14078299367755615,0.15648517006147752,0.15631612055895294,0.22554511390898296,0.15648811972063084,0.19841036739771747,0.2196276295606159,0.18910882246286587,0.16344470037080525,0.1679633707188317,0.16039281750932066,0.17668606259618286,0.24313857297005043,0.2685620602197345,0.1953755467669104,0.15319220031467182,0.2818503774289307,0.20818366644003328,0.1636966938045946,0.1557167203012808,0.18845557132260848,0.16179310277532866,0.20389051795357174,0.15327090156449058,0.19638887783011225,0.37649070575212107,0.2304608352267034,0.18025145014402189,0.19434310861470186,0.18984613622138055,0.19199318738473936,0.25847504414020583,0.16434452813746286,0.25772484423471864,0.17239696619963318,0.18712746899879285,0.15541764798891666,0.1805323656242135,0.14882633146078458,0.16946648208373444,0.17974219250768408,0.19828097712401152,0.15542224718250083,0.19777376414559766,0.2053353120239447,0.21308855282482564,0.150423861073825,0.1659492925207995,0.11281420039443914,0.140012372060888,0.1360661219908683,0.12203822681490584,0.15282003477612258,0.16994241290561374,0.1711041482172262,0.23416874041618432,0.17233641502306157,0.13822809513797654,0.1547763722255816,0.14988818449955676,0.21676866935738462,0.1510062591534736,0.19233573495486458,0.23258001310951654,0.1632085337983352,0.24980802794269183,0.15440353216493738,0.1692688528322538,0.16495664837143753,0.17624582923210266,0.20375848959932064,0.24196571051496235,0.18565282539448127,0.20547282970658615,0.1541628011508284,0.19927561918790335,0.40354575007589394,0.16345607787270072,0.17397039166994313,0.20293924297220278,0.158085209778777,0.19832432223684726,0.13550621310979133,0.37300403206245203,0.20101866312337713,0.1663339528960426,0.15489855518924645,0.16379780037617594,0.23545512165367305,0.16254635864666447,0.2658733351855149,0.21853266222226675,0.16291895269974355,0.19042537879053545,0.1621688603077797,0.16830552218698092,0.1980378221305397,0.1855097624031142,0.19244413348640754,0.170778083277975,0.20252520163934615,0.19584147574493901,0.21020955711884257,0.1385891212908621
82.0,1.7298002490664222,2.1133733366256133,1.6035769400600994,1.9944395683630847,1.860169780918891,1.9995683695553141,1.9976502005102332,2.414330438454251,2.4650009567837645,2.194345459709187,2.3654961857808,2.2173685993828847,1.9978108184343784,2.3600908111979435,2.073586833733108,2.2257153433042554,2.398101542297623,2.3118903273295746,2.4436988738065906,2.7795614066339054,2.0785358353964702,2.437269963046131,2.3369294490579207,2.478193691668499,2.142968268703551,2.618917920997569,2.4998905259839264,2.4609192347485176,2.8817621872501085,2.490229926484705,2.6184397988438417,2.095795498285811,2.278380590210723,2.198067819761705,2.058707535315343,2.1155094907210814,2.5679771388063615,2.213752047724728,2.3542541577168996,2.2477897345618683,2.2055088743944453,2.6462866094393074,2.12788386427852,2.1066815767188003,2.279549524214356,2.221909457038415,2.40835501085494,2.4209598502863376,2.55276477883695,2.3090306266903013,2.513298996144718,2.352216304043554,2.445167926332757,2.345022519855075,2.425092547401211,2.4453951106686174,2.4132689268706025,1.7650461250649183,2.1412300327902796,1.65420573233459,2.0326249416600053,1.8721531253521364,1.976302049474996,1.9391939618060785,2.4386868576473013,2.4815126557490528,2.2436992863231864,2.417846435015121,2.240058249681612,1.9520493368677625,2.274160224902569,2.083020278503538,2.2003216612557175,2.4326650925245032,2.35606846980999,2.3183146504819074,2.4803524411178235,2.748046360144024,2.1292568533431684,2.474113442535133,2.294832151071718,2.463368076290599,2.138132371404008,2.154073503722905,2.4977682984129754,2.51122557276968,2.078418044606103,2.929147875044443,2.5447229257811017,2.582164018589843,2.0842131061467337,2.2835578410695474,2.1449927780386853,1.7773165785457001,2.5858218983028114,2.1835357688973946,2.2677203088533426,2.252491279006436,2.657810657792972,2.161328216337167,1.9814771270461529,2.7401354765028074,2.2810004116064766,2.2116694685303155,2.440530197879071,2.4623473096954926,2.6250292449245527,2.6659580712055986,2.5185036113883204,2.5360652194675875,2.2899048978364522,2.462117308272962,2.4524444897251105,2.419562360248885,0.1538249357982663,0.11245052075786241,0.1335614154262846,0.14789038260546072,0.13759245070084702,0.15863808203295596,0.16624944959255683,0.1688749121470013,0.24221699606931268,0.17343003451274933,0.14068199839778464,0.15689704673696672,0.1574188211392941,0.22676934758225653,0.1583365805066645,0.20061094323330753,0.2211030732689147,0.191257190031168,0.16407573358258912,0.16949825595597043,0.16119655028735838,0.17777169874113882,0.24488571006120688,0.2693485883842904,0.19902594044371297,0.15492506461796368,0.2847998810491104,0.20941643606966945,0.16431019425939242,0.15796816879405645,0.18881198988310272,0.16308779701167983,0.20529685086582133,0.15478987491572305,0.19909367537553768,0.37885254590907663,0.23163699162009244,0.1818930605334386,0.19540425981749165,0.19104320225966334,0.1955752033245644,0.26028842660644397,0.16539471705888323,0.2601293327423128,0.17357334674358307,0.18909078058984122,0.1574414382486611,0.18325271558012654,0.14968684419978515,0.17073106896955428,0.18203250547302088,0.1992938522741592,0.15750168334095055,0.19821804714855001,0.20766202818512308,0.21365178999674975,0.1512815884200141,0.16475816295902856,0.11234925607966985,0.13943090982609418,0.13422340678169617,0.12032996416262065,0.15363828880222952,0.17155818807022025,0.17205502567871653,0.2355015695534672,0.17253332937455942,0.13808991367664655,0.15520014931545362,0.15004558087230305,0.21751495238247867,0.15186033697838286,0.19382803042964528,0.23427547989300188,0.16318823398804994,0.2517121840935916,0.1544107556157412,0.1700172210028689,0.16662635051878721,0.17797446819732415,0.20440625044840513,0.24385832452081468,0.18914666549371495,0.2077682233689226,0.15571463761555912,0.200750835019778,0.40707161933075703,0.1649518142445675,0.1779856896832769,0.20340702035651145,0.15821132323005935,0.19937490969680138,0.1361590689982577,0.3771152855506178,0.20156487007892146,0.1668418737139192,0.15609458633700746,0.16634927292959056,0.23656202878311314,0.1634855891406974,0.26871530197432014,0.21864850197370816,0.1637373148359766,0.192840084284241,0.1632471934659265,0.17051505475377737,0.19848027994866038,0.18691146255427504,0.19455955110742465,0.17246990648407845,0.2028252894755335,0.19569197329914986,0.21012372051718334,0.13868409558794292
83.0,1.7261823274914998,2.1082444340908584,1.6008809479369548,1.9868908903994733,1.8570729712055083,1.9927462596879015,1.985800623999558,2.4053791549637857,2.45204604172101,2.1814441388568837,2.358487144087198,2.21153400676981,1.9917078357583253,2.354429154296877,2.0666239712733305,2.21342422851578,2.388976384459746,2.304904532273608,2.4357134942935454,2.775053088882791,2.0729136555930667,2.4310505486910374,2.3283797510386095,2.4622085419848845,2.137879070150514,2.6133128177714418,2.5031083950658037,2.4576224167770677,2.873965090389751,2.487611953709365,2.6123075624984837,2.0879755155202595,2.266840821970481,2.189562766540344,2.054503206693807,2.110557760742811,2.5645279862724037,2.207292896309922,2.343165099465215,2.24085620409912,2.203965058960906,2.640273865916197,2.121385529189592,2.0938363415125925,2.273790948010934,2.2120979343594427,2.40016779978962,2.419433716047649,2.5453558529380675,2.3026420658331785,2.506057469165356,2.3437876489396685,2.440110111022852,2.3398251321343353,2.414959553648064,2.436974410845539,2.4062378282481762,1.761747909501403,2.1367229024266883,1.6523502534436982,2.025798513128685,1.8684198582800808,1.9701900557808607,1.9283942104081075,2.4302038268023898,2.468349239900205,2.2304222478315627,2.411608711287563,2.2339980753836524,1.9452596247234177,2.268454309931446,2.0764290206869016,2.1892006357934313,2.4258506192042923,2.347225975543121,2.3048706129055607,2.4735994517864555,2.7393421463504937,2.125029890708725,2.4685211256434454,2.2859372820538137,2.4523091042078375,2.1346731996529744,2.152116143396363,2.492105523896964,2.5072491450723082,2.0824594962421994,2.919869655019383,2.545747934459447,2.5749935910848545,2.0769373228720904,2.2723150798414418,2.1379657111380115,1.7652127557032167,2.579253247916916,2.1754362986675932,2.2595962954345232,2.2523555601546694,2.653307916245887,2.1544933066081158,1.9652192649897706,2.735455632889178,2.2740794406445883,2.2023887933380295,2.430583074794165,2.4634845162541787,2.6220622043549713,2.6604021778012292,2.5104920444996774,2.531257345389562,2.284741754160553,2.451349268984929,2.446296509397051,2.413974066942321,0.15290985725905315,0.11179639591698157,0.13256761687429033,0.14792809186161002,0.1368840110948329,0.1601566037678765,0.1674483673829875,0.17016743245760482,0.24345967200262209,0.1749745874251774,0.14048112099686838,0.15727461430277434,0.15851729919027385,0.22803323028056946,0.160243643110922,0.202849319160411,0.22260664165870944,0.19349426405928996,0.16466440309961794,0.17106916370336517,0.1619671062770476,0.17883179787869033,0.24669290811385286,0.2700833031667405,0.20280533202699,0.15668244450758007,0.2878556053594296,0.21062453387077731,0.1648835599403908,0.16028935419260668,0.18910661866844417,0.16438299023630654,0.2066902220636696,0.15633685008869802,0.20189439863051106,0.38127017798175206,0.232826126496167,0.18356166874654822,0.19640992539836122,0.19224276804862647,0.19927856881758219,0.26212285809307423,0.16642539972301346,0.2626058051464691,0.17476514102686022,0.1910604314351553,0.15951876273178048,0.18604081670013226,0.1505659926936698,0.17201831426202954,0.18435479365097687,0.20029196852778772,0.15961145276071184,0.1986259148642455,0.21009795700813416,0.2141661611799186,0.1521415345660229,0.16344510518671465,0.11182797453712238,0.1388088135582966,0.13215808129053444,0.1184286493690511,0.1544202615186993,0.17323877399740284,0.17296128827955742,0.23684460322829698,0.17264095036630817,0.13789807668200085,0.1556429715893458,0.15012280535638836,0.21829854235593985,0.15268293435745026,0.19529709130770817,0.2359996486225968,0.16306220151638193,0.2536433813305471,0.15433224600928747,0.1707494488860777,0.1683602026153417,0.17973204688152042,0.20501800048627278,0.24579272780978892,0.19278162626393136,0.2101316625417655,0.15728301966717714,0.2022281104033163,0.41073670416594826,0.16647955593262173,0.1821661867556549,0.20383745709685933,0.15823503002852105,0.20039346173985068,0.13675858474356734,0.381398673910248,0.2020561166894986,0.1672910401961762,0.15727549786298692,0.16896397145816291,0.23762775866773408,0.16439843697159356,0.2716425859609535,0.2187236410811968,0.16458862769013788,0.19531654391707287,0.1642910394114239,0.1727830740840425,0.19892199704150637,0.18839361843562824,0.19670634108136648,0.17417150717969582,0.20312014594155364,0.1954292606650595,0.20994895765881655,0.138748175888561
84.0,1.7223882872594491,2.1032171885585647,1.5981463344138795,1.9793423289840817,1.8542162988547748,1.9862220717649226,1.9734897705421863,2.39628653388065,2.4385315376320724,2.1681073501917,2.3514299247921797,2.2058277119362995,1.9859134099765154,2.348921199857924,2.059863509008978,2.2007058122604843,2.38001885824974,2.29811283907342,2.4276379633355125,2.770632366904923,2.0675028921791347,2.4251628266026684,2.3200577141679686,2.446182990993583,2.1332024794568043,2.6076284261207245,2.5068063604948363,2.454733166670326,2.8660831061897696,2.4851309065710043,2.606109952537364,2.080179745313706,2.255086008196695,2.1809078562328716,2.050620256820451,2.105484049420957,2.5612145928835863,2.201114295199184,2.332020096526852,2.2341062629098243,2.2029611685395327,2.6347191467483397,2.1151826475568183,2.080501073983401,2.268441689247981,2.202219958044707,2.392058621952472,2.418319211452678,2.5378747736648926,2.296505753846035,2.499209560881539,2.3355447384942885,2.4353257199754257,2.335046575608347,2.404578675082487,2.4286091217423946,2.399360420000846,1.7580967440054878,2.1323223392014956,1.6503892746954032,2.018991372125302,1.8647806584588145,1.9644284815532318,1.9172517408669598,2.4216077358851233,2.454695969096802,2.2168390306616406,2.405399215021375,2.2281108038574016,1.9387328899832315,2.2628752266911385,2.070067747843301,2.177770581718861,2.4191904137996723,2.338497292781196,2.291282120571055,2.4668277865663315,2.730464076339813,2.121074671547576,2.4632207951130836,2.2772167288951075,2.4413469076367806,2.1316966103180928,2.150655585107493,2.4864401860796574,2.5035912029762803,2.086775674672913,2.9104135782944507,2.547065811028386,2.5679395387868746,2.0697460591281773,2.2608350737331993,2.130903423336134,1.752223469703275,2.5726569043648038,2.167528619227685,2.251584245725439,2.252743138619076,2.6493607789267952,2.1479624344822272,1.94831642962261,2.7310002999021012,2.2674799215783747,2.1931423287711347,2.420520562380607,2.4651572710524885,2.6194053704172617,2.6548848242622833,2.5027729182697085,2.5267831835694325,2.2800954688733457,2.440173981856751,2.4403121440877578,2.4086485359895273,0.15191542174901637,0.11105640530161695,0.1314674231618002,0.1479467171287135,0.1360712577355686,0.16169074222183752,0.16865978363641063,0.17147345678526313,0.24472852516397142,0.17656974361318112,0.1401763515063164,0.15761759070308698,0.159609489375681,0.22933774267241339,0.16220775420876177,0.20511760122674796,0.2241350989312441,0.19581984272541794,0.16520496505680907,0.17267413414714378,0.16270169273777083,0.17986113851126553,0.24855992036272886,0.2707589211098278,0.20670611937754133,0.15845617499219444,0.29101394079613735,0.21180185497156198,0.16541745096454594,0.16267594915516673,0.18933462040494287,0.16567467261986407,0.20806343237935315,0.15790675327216433,0.20478506981030953,0.38374140867625517,0.23402688452812576,0.1852533292484399,0.1973499968991115,0.19343923191251933,0.20309476509235908,0.26397377801813643,0.16743316540261696,0.265151169944843,0.17597147104307248,0.1930278935374503,0.16164683665149507,0.18888894605035197,0.15146481840522336,0.1733261933260908,0.18670075924236687,0.20127018880823916,0.1617423067575425,0.19899530586468733,0.212647012446418,0.21463222353832662,0.1530027184404371,0.16201601284707925,0.11126095415746506,0.13815421693265434,0.1298603041772622,0.11632771278398468,0.1551616209976946,0.17498628946598885,0.1738182518567584,0.23819661667585376,0.17265880354590535,0.1376585067895699,0.15611511958154792,0.1501192698964589,0.2191275348225937,0.15347241512481646,0.19673497095838027,0.23774942619541917,0.16282705057011584,0.25559652654318227,0.15416456284023813,0.17146520657704709,0.1701612435653524,0.18151547105913576,0.20559323626145712,0.24776435559910348,0.19655209828236084,0.2125576856060252,0.15886204959492137,0.20370163705485103,0.41453812026401393,0.1680432307593072,0.1865010997601066,0.20423187510076168,0.15815046628023838,0.2013727278946708,0.13729765866560187,0.3858504398012013,0.20249095171415518,0.16767899544326947,0.15843565571178328,0.17163362360783346,0.23864506593562637,0.16528323793049324,0.27465159552501056,0.21875993366206106,0.16548017711839177,0.19784808920999059,0.16529778225026992,0.17510279029451037,0.19936909794767776,0.18996162252500132,0.198876330707785,0.17587352213214744,0.2034178871215798,0.19504967715748528,0.2096876978936998,0.13878786306594937
85.0,1.7184149534185573,2.0983065426172915,1.5953755821307278,1.971804543367121,1.851618750148485,1.980019815799133,1.9607072418114266,2.387055399916172,2.424443608012069,2.1543255566592063,2.3443336676536966,2.2002663891100167,1.9804554199125444,2.3435838747438114,2.053327242724184,2.187548184446172,2.3712426591327294,2.291535704532371,2.4194731685068542,2.7663054125377275,2.0623227696858684,2.419628841118352,2.311985443298772,2.4301295758161925,2.12896704557367,2.6018642752326495,2.5110138708700687,2.452272716577327,2.858120343304461,2.4828001604756085,2.5998535684310933,2.0724217212645972,2.243116642062954,2.172103342746902,2.047082418637714,2.1002850287359114,2.5580493856353725,2.195240350198623,2.320826003737905,2.2275567780845176,2.2025308994994823,2.6296490773203254,2.109301732517491,2.066665907833994,2.263532291251775,2.1922829429353783,2.384045459351303,2.41764154036198,2.5303255413032066,2.2906438274175254,2.4927819741992714,2.327502902570013,2.430833699658003,2.3307181807129154,2.3939498323578032,2.420313042560005,2.39265339749809,1.754080079988504,2.128042421216886,1.6483206369289438,2.012214937937918,1.861247218028625,1.959042813183303,1.905761268786336,2.4129025315858024,2.440540546845812,2.2029459613877607,2.3992289532229925,2.222415515147044,1.9324943754564303,2.257437189031312,2.0639587658702867,2.1660246916522596,2.412696040903505,2.3298992382140424,2.2775499167450293,2.4600398901110507,2.721408985333451,2.117411372256109,2.458230857568282,2.2686898422666433,2.4304937594944644,2.129234471693529,2.149722843585943,2.480775784398272,2.5002693115423265,2.0913692237700077,2.9007822567766643,2.5486933810728325,2.5610180115513126,2.06265514893519,2.2491165746597512,2.1238114803642394,1.7383129338055718,2.56604016888629,2.1598333151672486,2.2436978187085224,2.253686295081593,2.646000150336817,2.1417628065973324,1.9307559077135532,2.726785427510113,2.261228524160695,2.18394274656187,2.4103523829381155,2.4673944466353004,2.617075932326766,2.649415222862056,2.4953696126212095,2.522663984829828,2.2760026892970546,2.428584035183047,2.4345082509774976,2.4036058086135834,0.15085292812384865,0.11023875010404516,0.13026633789595005,0.14795571044864725,0.1351576247738152,0.16323569008895705,0.16987906409595435,0.1727900967288088,0.24602299662846344,0.1782148788314426,0.13976430984371227,0.15792612757102337,0.16069334361556123,0.23068367588902888,0.1642267858094076,0.20740677406686564,0.22568465033363885,0.19823306014548023,0.16569131623288283,0.17431081227808337,0.16339782659780583,0.1808542283078076,0.25048610033569146,0.2713676432013948,0.21071947346508801,0.1602373486372746,0.29427060626045837,0.21294192904633427,0.165913229907012,0.16512306990371017,0.18949107733395465,0.16695853038838918,0.20940863268418777,0.1594939115218367,0.20775882453935246,0.38626336262149313,0.23523773005618553,0.1869635600521561,0.1982136233766338,0.19462637667689803,0.2070140660347363,0.265836159774463,0.1684146147774388,0.26776167731591133,0.1771913158911511,0.19498377075329273,0.1638225339537913,0.19178839871886097,0.15238438940877544,0.17465221886505375,0.18906114450679512,0.20222292894656055,0.1638843090601003,0.19932432787712603,0.215313119937481,0.2150515322237669,0.15386399255252878,0.16047952438503676,0.11066151648913013,0.1374771778445545,0.1273206550950599,0.1140211603859908,0.15585785692383428,0.17680284055358944,0.1746210620325869,0.23955635734044003,0.1725875050181095,0.1373787960167197,0.156628265266033,0.15003532359405436,0.2200109015825361,0.15422750543224437,0.19813300192067784,0.23952127475225984,0.16248011465623602,0.25756565897956035,0.15390484405504395,0.17216442763360348,0.17203277279018525,0.183321271267779,0.20613209708714833,0.24976786116545122,0.20045119633634745,0.2150399194993315,0.1604451804724881,0.20516509382766615,0.418471481842406,0.1696473276389245,0.19097774869844952,0.20459237829394789,0.15795213819389353,0.2023047899682702,0.13776891968594315,0.3904650868123102,0.2028683436251659,0.16800379954775557,0.15956894474293865,0.17434874442608195,0.23960634254474722,0.16613872925142534,0.2777377580250412,0.2187599973443799,0.16642005737800258,0.2004270082429203,0.16626503262928646,0.17746631929701534,0.19982885255566188,0.19162078143954264,0.20106035641537093,0.17756537691942867,0.20372804448900128,0.19455035559761968,0.20934399033810627,0.13881115874385222
86.0,1.714259151017105,2.093527438855673,1.5925711737273525,1.9642881927988156,1.8492993113684093,1.9741635018032702,1.9474426394806021,2.377688577781728,2.4097684163561457,2.1400892212049456,2.3372075124297482,2.194866712518645,1.9753617443900253,2.3384341058172478,2.0470369682030687,2.1739394349806167,2.3626614825738286,2.2851935854538317,2.411219997381956,2.76207839761865,2.057392512644441,2.414470636575417,2.304185043283737,2.4140608335742773,2.125201317452353,2.5960198942944372,2.5157603747905926,2.450262298647124,2.8500809103880647,2.480633090829112,2.5935450096502786,2.064714976971372,2.2309332167429243,2.1631494799900106,2.043913425087991,2.0949573706680393,2.555044791523226,2.189695167114368,2.3095896759344527,2.221224616713675,2.2027079482099,2.6250902830167515,2.1037692972088893,2.0523209767671773,2.259093297348528,2.1822943038726286,2.376146293993913,2.4174259066360833,2.52271215613884,2.285078423236319,2.486801412024544,2.319677471029416,2.426652996538111,2.3268712778838174,2.383072946127334,2.4120999724991994,2.3861334561094085,1.7496853688618335,2.123897226575045,1.6461421809835506,2.0054806298546137,1.857831229129779,1.9540585370622492,1.8939175097699417,2.4040921605947516,2.4258706766542524,2.188739366584239,2.3931089328988397,2.2169312892967836,1.9265693239522266,2.2521544108016247,2.0581243806653644,2.1539561582139237,2.4063790651086556,2.3214486285314977,2.263674744694131,2.45323820707419,2.7121737085528785,2.1140601692307346,2.453569719633352,2.2603759728394763,2.4197619326979045,2.12731865207347,2.149348933561343,2.475115818290032,2.497301035831239,2.0962427874052083,2.8909783023730427,2.550647470177628,2.554245159233647,2.0556804263133315,2.237158334536014,2.1166954479534836,1.7234453612698006,2.5594103427212183,2.152370971075841,2.235950673366199,2.2552173102242143,2.6432569349770794,2.1359216295912695,1.9125249860314784,2.722826965681694,2.2553519181444073,2.174802718442511,2.4000882587664027,2.4702249155475187,2.6150910792987814,2.6440025858737966,2.4883055074769995,2.5189209999933704,2.272500062753938,2.416572017258442,2.428901687246581,2.3988659260376175,0.14973722915448753,0.10935449609293084,0.12897228438023497,0.14796661193754804,0.13414846629984084,0.16478600180915973,0.1711008212682513,0.17411396959188663,0.24734218746036282,0.1799087409248029,0.13924231296712578,0.15820079168742465,0.1617668503954267,0.23207155284035327,0.1662980136991603,0.2097067486051858,0.22725097036256792,0.2007323167267794,0.16611704588759715,0.1759764576208422,0.16405349021416546,0.1818054110315538,0.2524703663017324,0.2719012378046778,0.21483548731255017,0.16201651784803633,0.29762080701892146,0.21403805454784064,0.1663729520294822,0.16762547069893977,0.18957099471051586,0.1682299839125818,0.21071741867123917,0.1610921711170984,0.21080810374790387,0.38883250560172417,0.23645691701646476,0.18868734472957782,0.19898934473763213,0.19579746368717799,0.21102571488743616,0.26770459204796554,0.16936643010175212,0.27043295843951354,0.17842346522203112,0.19691792458332247,0.16604244608039617,0.19472963301184334,0.15332573847859157,0.1759933743590017,0.19142585361237208,0.20314423782949365,0.16602710150755717,0.1996112681297688,0.21810013324458016,0.21542669543354237,0.15472398129734966,0.1588471681125537,0.1100456322086758,0.1367896247376698,0.12453001664063838,0.11150339062161155,0.15650432813379,0.17869051444424186,0.17536468486600812,0.24092253366930722,0.17242878345550788,0.13706811942819275,0.15719523638698982,0.14987227598104982,0.22095832407066132,0.1549473529338652,0.19948181779279756,0.24131123387095177,0.1620195004969522,0.2595439542014551,0.15355093085453322,0.1728473272531642,0.1739783430367091,0.1851456436635199,0.2066354373897049,0.25179715011254405,0.2044707999764538,0.2175711835451289,0.16202532226847885,0.20661173107849298,0.42253086741365103,0.17129675240937578,0.19558166816734662,0.2049218312835823,0.15763500614389786,0.2031810749333766,0.13816486137816703,0.3952353287461905,0.203187644268805,0.16826406829580642,0.16066882301013546,0.1770987339523354,0.2405037136216119,0.16696409844813204,0.28089547323917463,0.2187271740063315,0.16741698298046206,0.2030446089280209,0.16719064926514346,0.17986477516905194,0.20030960980987106,0.19337611305979963,0.20324838536170137,0.1792353677880268,0.20406143035662888,0.19392926318551607,0.20892352851970286,0.1388274922544223
87.0,1.7099177051033763,2.0888948198622916,1.5897355918436076,1.9568039365293937,1.8472769687963355,1.9686771397900753,1.9336855652230325,2.368188892188661,2.3944921261594008,2.1253888067744997,2.3300605988782657,2.189645356389862,1.9706602622325333,2.3334888199409574,2.041014481229751,2.1598676537716304,2.354289024038159,2.2791069386411826,2.40287933753519,2.757957493985098,2.052731345586023,2.4097102573111924,2.2966786189756077,2.3979893013894342,2.1219338440440794,2.5900948124932954,2.521075320855477,2.4487231450287648,2.841968916094846,2.478643073037521,2.587190875665516,2.0570730460324937,2.2185362254102534,2.154046521869792,2.0411370091137506,2.0894977471977474,2.5522132375426207,2.184502851752506,2.2983179679526082,2.2151266458878283,2.203526011039913,2.6210693892222334,2.098611854768304,2.037456414485742,2.25515525086452,2.1722614556976163,2.3683791078880945,2.4176975141354946,2.5150386184575884,2.2798316779910963,2.4812945772633554,2.312083773735067,2.422802557083263,2.3235371975568673,2.3719479370444554,2.4039837107607966,2.3798172912042785,1.7449000620368254,2.1199008333781353,1.6438517476984686,1.9987998671634437,1.8545443839025724,1.9495011395812583,1.8817151794214813,2.3951805696022546,2.41067406202908,2.1742155728254215,2.387050161055362,2.2116772063508114,1.9209829782798382,2.247041105851717,2.052586898126051,2.141558174024095,2.4002510510079973,2.313162280423396,2.2496573476850155,2.446425182109345,2.7027550812195424,2.1110412388678794,2.4492557879325583,2.252294471284692,2.4091637001641466,2.1259810197520688,2.1495648697633363,2.4694637871921334,2.494703940903759,2.101399009450266,2.881004326990628,2.5529449039276346,2.5476371316893056,2.0488377252827963,2.224959105276914,2.1095608918350153,1.7075849653556419,2.552774727109397,2.145162171543014,2.228356468680914,2.2573684647289003,2.6411620373487064,2.130466110101863,1.8936109513452464,2.719140864385392,2.2498767732823874,2.165734916145331,2.3897379121651814,2.473677550334002,2.613468000548682,2.638656125570766,2.481603982759888,2.51557547988267,2.2696242365661865,2.404130516377559,2.423509310075262,2.394448929484692,0.14858706189604223,0.1084177579598578,0.12759570304753412,0.1479930391220137,0.13305114494809728,0.16633565356793414,0.1723189333934569,0.17544116604886162,0.24868478986552783,0.18164931532426415,0.1386084253881076,0.15844252104245982,0.16282805156559035,0.23350153596649234,0.16841810947231897,0.2120064508605218,0.22882925479008678,0.20331520961856855,0.16647551211867648,0.17766796810820232,0.16466731998921116,0.18270900961070138,0.25451116796816126,0.27235116432614614,0.21904338280461244,0.16378396459364175,0.30105944596146494,0.2150834807032091,0.166799320370309,0.170177797542288,0.18956930266892347,0.16948424206174464,0.211980972057985,0.16269506234745998,0.21392490981118115,0.3914446964328239,0.2376824537161343,0.19041914959514572,0.19966528878036585,0.19694537245003058,0.21511816110565982,0.26957339805726777,0.17028546096270356,0.2731600941355066,0.17966646390194985,0.1988196634309217,0.1683029592843038,0.19770247263760296,0.15428978028950338,0.17734604905487786,0.19378413345500467,0.2040279143525848,0.16816024209643907,0.1998545965208487,0.22101172597385915,0.21576139834429797,0.15558100752870987,0.15713339053113132,0.10943166150765848,0.1361051869236455,0.12147932588145621,0.1087688642756776,0.15709632719950603,0.1806513717572215,0.17604391138629885,0.24229379756803673,0.172185452889665,0.1367370425834663,0.15782965503079024,0.14963237752387612,0.22197995239924084,0.15563158612994035,0.20077139574640965,0.243114964325167,0.16144411994354296,0.2615237610374483,0.1531014987663973,0.17351441186216748,0.17600174401703542,0.1869845122962315,0.20710489282951416,0.2538454479053511,0.208601627732642,0.22014365113178946,0.16359499653575846,0.20803449422640408,0.42670883002886173,0.17299662562964202,0.2002967716779451,0.20522379731580037,0.15719456781953428,0.20399239037054911,0.13847802481793461,0.40015208540294905,0.2034485428474726,0.16845899417864288,0.16172840733870558,0.17987203116584957,0.24132917002852278,0.16775902908229887,0.2841180882137661,0.21866544667099347,0.1684800159277495,0.20569132578569072,0.16807275724556328,0.18228841111638064,0.20082066539786494,0.1952321030151007,0.20542969928784224,0.1808708076741614,0.20442990160385405,0.19318521187576504,0.20843360095140304,0.1388475567315377
88.0,1.7053874407256542,2.084423628225721,1.5868713191193409,1.9493624338090767,1.845570708714041,1.963584739772293,1.9194256207120433,2.3585591678483384,2.3786009009169895,2.1102147763134185,2.32290206675727,2.1846189949513612,1.9663788522636898,2.3287649439776548,2.035281577588383,2.1453209307269896,2.3461389789908287,2.2732962208977607,2.3944520765409116,2.7539488734745095,2.0483584930418175,2.405369747663019,2.289488275227123,2.3819275163832323,2.119193174300097,2.584088559016449,2.5269881576638134,2.447676487871298,2.8337884690790527,2.47684348250678,2.5807977659474255,2.049509462046429,2.2059261612385574,2.1447947222938284,2.0387769036573946,2.0839028303054032,2.5495671506890187,2.1796875099191615,2.2870177346284333,2.2092797326974476,2.20501878435866,2.617613021321356,2.093855918333002,2.0220623546924803,2.251748695125985,2.1621918132515354,2.3607618830416244,2.41848156672078,2.507308928545244,2.2749257283705178,2.476288172821705,2.3047371405495594,2.4193013277609894,2.320747270167826,2.3605747257624787,2.3959780565456272,2.3737215981521844,1.739711610924851,2.116067319728349,1.6414471779129425,1.992184069152479,1.85139837448728,1.9453961071314962,1.869148993344669,2.386171705298629,2.3949384064772943,2.1593709066856595,2.3810636446989486,2.20667234635333,1.9157605812484946,2.2421114880312625,2.0473686241498763,2.128823931703042,2.3943235631944106,2.3050570105795685,2.2354984689843125,2.439603259870067,2.693149938554933,2.108374757563937,2.445307469090176,2.244464688273315,2.3987113348102107,2.125253443023524,2.1504016669215806,2.4638231905417958,2.4924955918206626,2.1068405337769147,2.8708629425364354,2.5556025079077527,2.541210078773716,2.0421428798637806,2.212517638797385,2.102413377740061,1.6906959593228088,2.5461406232906576,2.1382275011583625,2.2209288636350903,2.260172039277631,2.6397463619528416,2.1254234547669584,1.8740010904237492,2.715743073589682,2.244829759327486,2.1567520114025585,2.379311065434172,2.4777812235396492,2.6122238852917476,2.6333850542261987,2.475288418392711,2.51264867532038,2.267411858056069,2.3912521208350257,2.41834797664385,2.3903748601778956,0.14742530726991887,0.10744579783455446,0.1261495638154118,0.1480505836738973,0.1318750582299943,0.16787813314963557,0.1735265909261041,0.17676721850503735,0.250049015827875,0.18343367663822674,0.1378614896842667,0.1586525542389031,0.16387505525055054,0.23497332334624088,0.17058314758939783,0.21429395345909827,0.230414296588071,0.20597846491647853,0.16675994285361573,0.17938191864957184,0.165238824789149,0.18355950407872257,0.2566064570180389,0.272708740113192,0.22333176996765722,0.16553003270060695,0.30458138097897386,0.21607163738359492,0.167195603380498,0.1727748919829014,0.18948085809321205,0.17071637343664045,0.21319024907412132,0.16429600790281465,0.2171011207455264,0.39409526836473563,0.23891206452633099,0.19215295859296241,0.20022943492631254,0.19806278466588964,0.21927935058488013,0.27143679386094866,0.1711688251993169,0.2759377125599793,0.18091854880703476,0.20067799563493413,0.1706003472311065,0.20069636069577815,0.15527720811237558,0.17870597877687808,0.19612481251696534,0.20486766106246007,0.17027360628359794,0.20005296178316792,0.22405125810249685,0.2160603900066544,0.15643300935530377,0.1553554352675941,0.10883987961408054,0.13543889800616138,0.11815915602832494,0.10581159333242503,0.15762916197128318,0.18268743561468254,0.17665338361888572,0.24366871888591232,0.17186132932501047,0.13639721579459077,0.15854544857235703,0.14931875172994366,0.22308608974370603,0.15628037208160128,0.20199111969623942,0.24492781513146974,0.16075369653678837,0.2634966763281643,0.1525561886671387,0.17416647753960682,0.1781069740283529,0.18883361154712616,0.2075429397447176,0.2559054022442802,0.21283334304601645,0.22274907013408204,0.16514653925746345,0.20942618799207485,0.4309964563265375,0.17475202652908037,0.2051055666662128,0.20550243448235006,0.15662693946740694,0.20472898507875376,0.1387012304830186,0.4052045306777593,0.2036510267971752,0.16858834728591485,0.16274059120852166,0.18265632251184497,0.2420747409955343,0.16852374431408484,0.28739789703928253,0.2185793144271323,0.16961820666216929,0.2083568685348821,0.1689097632456608,0.18472680494594063,0.20137206149996628,0.1971924279401166,0.20759314130547257,0.18245824136362868,0.2048460156669707,0.19231783702433564,0.20788295798744916,0.13888304563121406
89.0,1.7006651829322126,2.080128806534561,1.5839808381944123,1.9419743438880852,1.8441995174033048,1.958910311762663,1.9046524076209412,2.3488022294720934,2.3620809041240243,2.0945575927672646,2.3157410558247027,2.179804302430802,1.9625453933070847,2.324279404790064,2.029860053063087,2.1302873557545023,2.3382250428969487,2.2677818890269643,2.385939101973522,2.7500587079243197,2.044293179542977,2.401471151968229,2.2826361168910276,2.3658880156772675,2.117007857171655,2.578000663051127,2.533528333814666,2.4471435593237896,2.825543677994974,2.4752476946428708,2.574372279966597,2.042037758611582,2.1931035174014823,2.135394335169722,2.0368568416613715,2.078169291971409,2.547118957957888,2.1752732474204395,2.2756958307980324,2.20370074423305,2.207219964535296,2.614747804698731,2.0895280010402772,2.0061289310901977,2.248904173459199,2.1520927913755417,2.3533126014623194,2.419803268252453,2.499527086687629,2.2703827110632417,2.471808901605576,2.2976529013354785,2.4161682550388117,2.3185328261524996,2.348953232934749,2.3880968090545074,2.36786307232262,1.7341074669372554,2.1124107637278873,1.6389263124661955,1.9856446551098006,1.8484048930241896,1.9417689261041473,1.8562136671431932,2.3770695143741687,2.378651413505879,2.144201694739252,2.3751603908360863,2.2019357893485125,1.9109273756674108,2.2373797711898953,2.0424918646343495,2.1157466238710465,2.3886081662607337,2.297149635689862,2.2211988518586567,2.4327748850099797,2.6833551157805076,2.1060809017153184,2.441743169730506,2.2369059744764073,2.3884171095531195,2.1251677901819903,2.1518903397657163,2.458197527776242,2.490693553642701,2.1125700042569053,2.860556760917455,2.558637107702832,2.5349801503423106,2.0356117240764835,2.19983268701234,2.095258471399748,1.672742556430985,2.5395153325048274,2.1315875445114383,2.2136815172111612,2.2636603145523755,2.6390408132905914,2.1208208702243585,1.8536826900358516,2.71264954326308,2.2402375460325623,2.1478666759464597,2.3688174408731064,2.482564807709363,2.6113759227433304,2.628198584113393,2.4693821942982552,2.5101618371291035,2.265899574545786,2.3779294189254516,2.4134345441326026,2.386663759340337,0.14627914593111743,0.10645901184378845,0.12464927877401825,0.14815660403619582,0.1306315924262903,0.16940655760756848,0.1747163708600489,0.1780870691833634,0.25143252720142556,0.18525783106719718,0.1370011352568625,0.1588323343695069,0.16490604362501385,0.2364860367823864,0.17278862810588677,0.21655664873020194,0.23200058379672717,0.20871787403702927,0.16696355959568818,0.18111461390091588,0.16576862730349498,0.1843517395947104,0.258753663489107,0.2729653503564155,0.22768894776192372,0.16724551080688727,0.30818171444275533,0.2169964089026149,0.16756551600515943,0.17541212827301106,0.18930044926526013,0.17192139404020748,0.21433621334512365,0.1658885673819874,0.22032884947404516,0.3967791384766235,0.24014315183662635,0.19388232800860677,0.20066994297825835,0.1991424069086238,0.22349705635778971,0.27328908388574075,0.17201402331106347,0.27876011295740233,0.18217757969559698,0.20248194117150092,0.1729308730301576,0.20370065439073534,0.15628837264385265,0.18006819775417218,0.19843659164756142,0.2056572710743459,0.1723578341975363,0.20020518185947486,0.22722162021710607,0.21632942897573001,0.15727745084183017,0.15353304474491875,0.10829177428181976,0.1348067736431123,0.11455908225410895,0.10262441305500007,0.15809825237697994,0.1848006750493056,0.17718764995046724,0.2450457504674166,0.1714610878525357,0.1360609593606396,0.1593562444477865,0.1489352766203889,0.22428680890514324,0.156894470271211,0.20312986244316267,0.24674491397121373,0.15994874528754902,0.26545366041177093,0.15191572925628224,0.174804595017851,0.18029819615583728,0.19068858522152884,0.20795294826298083,0.25796921947132234,0.21715468729644277,0.22537903830343523,0.16667234705204415,0.2107796798607726,0.43538347561893775,0.17656769408818807,0.20998941486240216,0.20576235337079385,0.15592893501705496,0.20538063612023044,0.13882785524813626,0.41038019603110015,0.203795371671168,0.16865245533121165,0.1636981932231685,0.18543879872337166,0.24273270833058996,0.16925905018952087,0.2907261678330812,0.2184736328832651,0.1708401554595158,0.21103040690153602,0.16970036827833493,0.18716908018845674,0.20197432320967798,0.19925965860701375,0.20972742122034504,0.1839837306389907,0.2053225822367063,0.19132754718809114,0.20728159075333907,0.13894628878123602
90.0,1.6957477567713453,2.076025297377413,1.5810666317086608,1.934650326016643,1.843182381145906,1.9546778657739237,1.889355527623048,2.338920901771296,2.344918299275648,2.0784077190816017,2.308586705838532,2.1752179530558937,1.9591877641863311,2.3200491292409033,2.0247717034379993,2.114755018761945,2.33056091122163,2.262584399832139,2.377341301407365,2.7462931691719605,2.040554629620698,2.398036514564147,2.276144248820047,2.3498833363931184,2.1154064416099865,2.571830653784561,2.540725297907116,2.4471455915352682,2.817238651496834,2.4738690848517564,2.567921017193654,2.0346714693264523,2.1800687870726647,2.1258456144050553,2.0354005560680934,2.0722938041761445,2.544881086344689,2.1712841700624392,2.2643591112974866,2.1984065475851273,2.210163247938947,2.6125003647389584,2.0856546160274143,1.9896462773816639,2.246652229190396,2.141971804910831,2.3460492451579773,2.4216878225910548,2.4916970931705404,2.2662247627579424,2.467883466520982,2.2908463859554007,2.413422285384262,2.316925195946678,2.337083379214607,2.38035376748825,2.3622584090850745,1.728075081485409,2.1089452434788947,1.6362869921974799,1.979193044323465,1.8455756316535845,1.9386450828903863,1.8429039164207723,2.367877943519183,2.3618007866218003,2.1287042635605657,2.3693514064731644,2.1974866153805785,1.9065086043457982,2.2328601691772976,2.0379789254769953,2.1023194431483683,2.3831164247998546,2.289456972444098,2.206759239574703,2.425942502182633,2.673367448117723,2.1041798477184455,2.438581296477813,2.229637680565036,2.378293297309901,2.125755929521653,2.1540619030253882,2.4525902983326624,2.4893153914306363,2.118590064761959,2.850088394040749,2.5620655288977527,2.528963496250535,2.029260091941099,2.1869030018367273,2.0881017385452525,1.6536889699398565,2.5329061559917294,2.125262886191809,2.20662808839157,2.267865571235106,2.639076295863081,2.116685563111926,1.8326430369504358,2.709876223374105,2.2361268031504795,2.1390915815092866,2.3582667607816927,2.488057175388009,2.6109413021187637,2.6231059275055695,2.4639086903993532,2.508136216131471,2.265124033357561,2.3641549989434734,2.4087858697218234,2.3833356681950963,0.14518007347105055,0.10548077969189319,0.12311250560193836,0.14832990829475146,0.12933399789551248,0.17091381411028234,0.17588033705202916,0.17939503732827908,0.2528323725883662,0.18711655666543908,0.13602776568838024,0.1589833913794359,0.16591927458309155,0.23803810736863143,0.1750295148779861,0.21878145923867973,0.23358241528528953,0.21152823767932127,0.1670797199782894,0.18286215364515326,0.1662587172686434,0.1850811559286046,0.2609496804174851,0.27311269753821843,0.2321032301192704,0.1689220466718975,0.3118560940805706,0.21785244320011096,0.16791306877632695,0.17808575970508048,0.18902280715899378,0.17309436964413305,0.21541010608991418,0.16746670570055713,0.2236008282463071,0.3994909409641974,0.24137276277433203,0.19560046246882856,0.20097553977889296,0.2001772215003695,0.22775923101815718,0.2751248883519078,0.1728190632305212,0.2816214096152954,0.18344096730013404,0.20422089102938276,0.17529089231157627,0.206704943680988,0.1573231482041524,0.18142700741186074,0.20070837512925938,0.2063908413489351,0.17440479808305914,0.20031023081067517,0.2305250608838414,0.21657518576484322,0.15811123216119866,0.15168796651617783,0.10780912595890016,0.13422528049717725,0.1106667748782715,0.09919799688279024,0.1584992389571039,0.18699298001355055,0.17764125680218895,0.24642318288800497,0.17099006171905923,0.13574075775060468,0.1602746756297498,0.14848641757414546,0.2255915161961903,0.15747527984795662,0.20417608329821668,0.2485612790709806,0.1590305267175733,0.2673851937716621,0.15118204075055056,0.17543007975544572,0.1825796752766748,0.19254509661304733,0.2083392298318697,0.26002883154800394,0.22155363289753444,0.2280253245982029,0.16816515710211474,0.2120881378094449,0.43985841685056365,0.17844770310747649,0.21492882980781486,0.2060084439395665,0.1550981436803452,0.20593676175659953,0.1388521458638494,0.41566512922740495,0.20388218486514476,0.16865216407021133,0.1645941312572413,0.18820644932960426,0.24329586101976175,0.1699663814707761,0.294093197782199,0.2183534333954349,0.17215351116010208,0.2137007822261729,0.17044357892925585,0.18960414954118,0.20263814348688663,0.20143496192312849,0.2118214692740739,0.18543320514174683,0.2058721257372923,0.1902154526837564,0.20664042469885344,0.13904979716200153
91.0,1.6906319872913345,2.072128043342869,1.578131182301943,1.9274010394449774,1.8425382862236364,1.9509114118188289,1.8735245823916975,2.3289180094572646,2.3270992498669996,2.061755618201982,2.301448156556742,2.1708766210542927,1.956333843725015,2.316091044192902,2.0200383244972335,2.0987120096571177,2.323160279429997,2.2577242101166717,2.3686595624168367,2.742658429054855,2.037162067806168,2.3950878797881145,2.2700347758669253,2.3339260156523594,2.1144174765663477,2.565578060403956,2.548608498540244,2.447703816654786,2.808877498238918,2.4727210285394077,2.56145057709919,2.02742412778947,2.166822463425738,2.1161488139074316,2.0344317798200096,2.0662730388999826,2.542865962844897,2.167744383651301,2.253014430962894,2.1934140098441595,2.2138823309387456,2.610897326826648,2.0822622764316785,1.9726045272696973,2.2450234056458247,2.1318362686985415,2.3389897961363695,2.4241604335971103,2.4838229482797813,2.262474020143292,2.4645385704738914,2.284332924271895,2.4110823652648414,2.315955709986166,2.32496508525539,2.372762731047692,2.3569243038090346,1.7216019059806724,2.105684837083579,1.6335270579460266,1.9728406560815377,1.8429222825157359,1.9360500638813973,1.8292144567811048,2.358600939423994,2.3443742293320815,2.1128749397239104,2.363647698616639,2.1933439044937098,1.902529510092884,2.2285668958430964,2.0338521125753415,2.088535582155275,2.3778599034046475,2.28199583753212,2.1921803753990874,2.419108556041614,2.6631837707880432,2.1026917719697007,2.435840255956372,2.2226791572102527,2.368352170997587,2.1270497293366875,2.1569473714302307,2.447005001648292,2.4883786702452286,2.1249033591638367,2.839460453813311,2.5659045970773744,2.523176266353835,2.0231038174778377,2.1737273351854487,2.080948744907774,1.6334994131091203,2.5263203949911963,2.119274110789048,2.1997822361587422,2.2728200900077895,2.6398837141714533,2.1130447400674996,1.8108694179363765,2.707439063891251,2.2325242004341024,2.130439399823314,2.3476687474596387,2.4942871991204796,2.610937212633366,2.6181162966760176,2.458891286618813,2.5065930631500946,2.2651218818136534,2.3499214491837024,2.4044188105917894,2.380410627965284,0.14416373523558643,0.10453715581199824,0.12155883865119793,0.14859032911214173,0.12799718482634362,0.17239271694133998,0.17701016249952106,0.1806847859165131,0.25424493763984146,0.18900325073043645,0.1349425274552926,0.15910721000571001,0.1669130767058409,0.2396271659435736,0.17730028831331862,0.22095507863998165,0.23515402851044614,0.21440332197362524,0.16710207335425725,0.18462050820459763,0.1667127012877299,0.18574402612777705,0.26319085954152177,0.2731430835183978,0.23656327674611266,0.17055256673916494,0.31560099898296956,0.21863548319841242,0.1682423930662715,0.18079324396778162,0.1886426280707436,0.17423052962646685,0.2164037423983453,0.16902506905075992,0.2269107921566344,0.4022251778840336,0.24259756597256954,0.19730031278102297,0.20113595086707625,0.20116075092406685,0.2320543574956743,0.2769393936631738,0.17358259076292695,0.2845156876387233,0.18470560305961475,0.2058849975926145,0.177676946947049,0.20969937247035778,0.15838079418988263,0.18277596850499847,0.20292962523334243,0.20706300222179994,0.1764080570361945,0.20036722557519443,0.23396300538132367,0.21680510297767036,0.158930606534425,0.1498432613345743,0.10741291130834658,0.13371073052079507,0.10646674257452378,0.09551956090689534,0.15882809781628363,0.18926612539415372,0.17800888136117451,0.24779908901591288,0.17045399030158,0.13544869556208078,0.1613116391832121,0.14797701819488937,0.227008486334464,0.15802487687722136,0.2051179360358309,0.2503719484517341,0.1580009789589744,0.2692814722213337,0.15035830876640083,0.17604444677784448,0.1849556920382484,0.1943989421294023,0.2087070795846567,0.26207608752796796,0.22601754777150915,0.23068022209911512,0.16961834643381682,0.2133452935834025,0.44440880805546473,0.1803951389010974,0.21990380112758498,0.2062456835881185,0.15413300718651435,0.20638655762687114,0.13876955572485192,0.42104410506913836,0.20391252628071105,0.16858878142115752,0.16542161410660447,0.19094638075042672,0.2437577854062545,0.1706478530167538,0.29748839571559565,0.21822373907892972,0.17356443497893712,0.2163567332996194,0.17113871806279743,0.1920209639407442,0.2033740354095936,0.20371782595598442,0.21386482234866314,0.18679286896239986,0.20650628625656658,0.18898328515312895,0.20597093776734773,0.13920573701836006
92.0,1.685314699540444,2.068451987019494,1.5751769726141167,1.92023714342331,1.8422862189182692,1.9476349599101077,1.8571491736001924,2.318796377241409,2.3086099193931697,2.044591753073952,2.2943345477373067,2.166796980653681,1.954011510746742,2.3124220765087644,2.0156817120249237,2.082146418347816,2.316036842987173,2.253221776683919,2.35989477257631,2.7391606594104183,2.034134718630543,2.3926472919774366,2.264329802884416,2.318028590576581,2.1140695109919516,2.5592424120965465,2.5572073843131227,2.4488394668314064,2.8004643268754714,2.4718169011117865,2.5549675591538317,2.020309267599084,2.1533650396343536,2.10630418758441,2.0339742458595285,2.060103668123324,2.5410860144539664,2.164677993993121,2.241668644630327,2.1887399981006928,2.218410909903861,2.6099653163463774,2.0793774953903736,1.9549938144570627,2.24404824615175,2.1216935975798554,2.332152236405323,2.4272463051311677,2.4759086523011553,2.259152619907953,2.4618009163703247,2.278127846147559,2.4091674411481065,2.315655698706742,2.3125982717104363,2.365337498933653,2.351877451863981,1.7146753918344009,2.102643622644114,1.630644350551078,1.9665989096720988,1.8404565377509439,1.9340093554683488,1.8151400038279037,2.3492424487788788,2.3263594451436576,2.09671004980364,2.358060274272931,2.1895267367321063,1.899015335717884,2.2245141650369527,2.0301337318268877,2.074388233512029,2.3728501666679476,2.2747830476437674,2.177463002598456,2.412275491240522,2.6528009190129573,2.101636850865523,2.4335384547904506,2.2160497550831098,2.358606003533209,2.1290810579212587,2.1605777597098887,2.44144513716033,2.487900955147241,2.1315125313342755,2.8286755521421956,2.57017113782658,2.5176346105076424,2.0171587347068867,2.1603044389734483,2.073805056218456,1.6121380991984722,2.519765350743036,2.113641802892703,2.1931576194951097,2.2785561515524173,2.641493972716824,2.109925607728878,1.7883491197625507,2.705354014783038,2.229456407636276,2.121922802620783,2.337033123206672,2.501283751451672,2.6113808435024577,2.613238903897972,2.4543533628794503,2.5055536290076357,2.2659297672362815,2.3352213579407723,2.4003502239227914,2.377908679873965,0.14326954064006153,0.10365638718306186,0.12000939207521415,0.14895820093366022,0.12663744425008516,0.1738361718514426,0.17809726763301034,0.1819492899378516,0.2556659164880149,0.1909097955370185,0.1337472651466643,0.15920509328986157,0.16788583737447138,0.24124994753074475,0.17959501122295063,0.223064233205756,0.23670973212361962,0.2173358326351131,0.16702472236434632,0.18638560060304155,0.1671360303464986,0.18633768911370208,0.26547302109570703,0.27304971404820844,0.24105840590313254,0.1721316697505238,0.31941398112540464,0.21934270294995076,0.16855755351728843,0.18353351401534593,0.1881546125665365,0.17532538749098087,0.2173098187986019,0.17055924924963342,0.23025383134047103,0.4049763792230429,0.24381384380113288,0.19897469502046078,0.20114235875731304,0.20208731816910308,0.2363717723018173,0.27872861353631556,0.1743040194405086,0.2874371604188006,0.1859677961590968,0.20746557469408194,0.18008583800182296,0.21267493834633577,0.1594598220243831,0.18410792296298403,0.20509071943354382,0.20766915076721368,0.17836326111175702,0.20037541659508445,0.23753587657501474,0.21702721697426663,0.1597311127565648,0.14802242992909656,0.10712210288347544,0.133278650837981,0.10193860717724755,0.09157117375176223,0.15908125514526936,0.19162172221876925,0.17828550653103703,0.24917125990038896,0.1698587285120149,0.1351958816212864,0.16247556325371448,0.14741206034350246,0.22854439954735978,0.15854603756439087,0.2059433807857407,0.2521721203813129,0.15686263445957202,0.2711326346978193,0.14944901797558033,0.17664935155907713,0.18743043048333705,0.1962461601610645,0.20906281262037316,0.2641029612018934,0.23053336205970737,0.23333691336722184,0.17102623220135435,0.2145457192120839,0.4490214104402609,0.1824117976804116,0.22489413398853877,0.20647894134877307,0.15303289788227795,0.20671915139257963,0.13857708779270952,0.4265008821017636,0.20388812178308802,0.1684640103193982,0.1661743396350754,0.19364614181470052,0.24411318168546914,0.17130631886827913,0.30090039058115836,0.21808939830043378,0.17507706709370305,0.21898712192668013,0.17178543560873424,0.19440874908756056,0.204191975788486,0.2061058355089701,0.21584802134975284,0.1880496472277767,0.20723519843735178,0.18763332405411298,0.2052847205686634,0.13942536503494354
93.0,1.6797927185669799,2.0650120709959183,1.5722064852850275,1.913169297201858,1.842445165511577,1.9448725200605128,1.8402189029218514,2.308558829835047,2.2894364713493243,2.0269065866430993,2.287255019138183,2.162995706081751,1.9522486440751092,2.3090591530512343,2.011723661805202,2.0650463347418357,2.309204297358264,2.249097556337243,2.3510478194601405,2.7358060320761135,2.031491806625026,2.3907367954694716,2.259051434725244,2.3022035982873734,2.1143910938380497,2.552823238049543,2.5665514038248456,2.4505737742141562,2.7920032460607582,2.471170077974874,2.5484785628281768,2.0133404223537497,2.1396970088721368,2.0963119893436017,2.034051687129095,2.0537823638265578,2.5395536681673887,2.1621091068940097,2.2303286071359016,2.1844013794451986,2.223782681203409,2.609730958682773,2.07702678604077,1.9368042726465684,2.2437572940344155,2.1115512063959674,2.3255545479725956,2.430970641053752,2.467958205520468,2.2562826987406055,2.45969720711627,2.272246481444963,2.4076964595015538,2.316056492544201,2.2999828592330767,2.3580918703469544,2.3471345486193984,1.707282990457957,2.0998356782626866,1.627636710851872,1.9604792243832048,1.8381900894994765,1.9325484440424376,1.8006752731648616,2.339806418274158,2.3077441375635517,2.080205920374087,2.3526001404484744,2.186054192139949,1.8959913240300226,2.2207161906085386,2.0268460891291875,2.0598705898389156,2.368098779182647,2.267835419468856,2.1626078644394484,2.405445752432928,2.642215728013902,2.101035260802298,2.43169429960435,2.20976882485466,2.349067067833789,2.1318817835695616,2.164984082594026,2.4359142043060014,2.4878998111974284,2.138420225144997,2.8177363009343925,2.5748819767302464,2.512354678567389,2.011440677648445,2.146633065115634,2.0666762382084634,1.5895692414675933,2.5132483244870896,2.10838654709236,2.186767897383113,2.2851060365509266,2.643937976000336,2.107355372733921,1.7650694291978226,2.7036370260179554,2.2269500945098923,2.113554461633951,2.326369610322521,2.509075704926451,2.6122893839413837,2.6084829614447176,2.4503182991040835,2.505039164526686,2.2675843369476514,2.3200473135092996,2.3965969668951006,2.3758498651442403,0.14254002053489864,0.10286825286313303,0.11848628681592308,0.14945375810796097,0.1252721048539455,0.17523733810834677,0.1791329674030606,0.18318081050986101,0.2570903126361205,0.19282645493548092,0.13244447040850754,0.15927803396667045,0.1688359843236555,0.2429022200969204,0.1819074061238765,0.22509595261314688,0.23824403588089105,0.22031741396033994,0.16684238292557824,0.18815339191027816,0.16753618360364614,0.18686075921727405,0.26779148071549036,0.2728270127397523,0.24557886658296252,0.1736559608849343,0.32329383259091593,0.21997302810433658,0.168862360222952,0.18630716130786404,0.18755352526691083,0.1763748617705363,0.21812221490912992,0.1720660163905216,0.23362667973128487,0.40773926344107675,0.24501750474501394,0.20061642894704806,0.2009878649434024,0.20295228436904678,0.24070193572437337,0.28048964614141747,0.1749836521630263,0.2903803181075628,0.18722322461184487,0.20895548305229278,0.18251466694963323,0.21562374698291148,0.16055787952430003,0.18541505124672772,0.20718328722922844,0.2082056746452874,0.1802684653423748,0.2003341865593263,0.24124293062164978,0.21724994791071797,0.16050753297718579,0.1462483984140102,0.10695246606173828,0.13294319092499524,0.09705470916074302,0.08732752024825907,0.15925569346947652,0.19406115572012758,0.17846663453001768,0.2505371349433446,0.16920993506677237,0.13499191704932392,0.1637717455978278,0.14679640823248252,0.23020391723869252,0.15904224286984348,0.20664029288133517,0.25395729719239174,0.15561853024971267,0.27292901451986396,0.14845993749494382,0.17724651999470462,0.1900078372301182,0.1980831270489526,0.20941379087365664,0.2661017650216551,0.23508772895054267,0.23598982545499395,0.17238435207434497,0.2156851014768808,0.45368247784862975,0.1844979397383826,0.22987979208408954,0.20671279411143315,0.15179819826395297,0.20692376927942954,0.13827362375119462,0.43201849728618635,0.20381167258901012,0.16827987637039468,0.1668466865632495,0.1962940402759221,0.24435819244671983,0.1719454389960399,0.3043171636049574,0.21795495603132065,0.17669304094236313,0.22158114339771384,0.17238371921970957,0.19675721216191164,0.20510106673031753,0.20859452624565114,0.21776299430205076,0.18919165182287753,0.2080668969321497,0.18616834779864533,0.20459300257381186,0.1397184652433732
94.0,1.6740628694192103,2.0618232378607,1.5692222029545255,1.9062081600308503,1.8430341122853529,1.9426481022827773,1.8227233720300087,2.298208191949524,2.26956506923057,2.008690581854972,2.280218710517351,2.1594894715661694,1.9510731225337248,2.3060192006830085,2.0081859696221973,2.0473998487469505,2.3026763380083786,2.245372005880028,2.3421195906427252,2.7326007188893424,2.0292525563207793,2.389378434601544,2.2542217762421557,2.2864635759062897,2.1154107740558956,2.546320067450164,2.5766700056744676,2.452927970952113,2.783498364449035,2.47079393453463,2.5419901875928144,2.0065311256519314,2.1258188643127367,2.086172473092594,2.034687836571124,2.047305797990047,2.5382813509805913,2.1600618281600914,2.2190011733156796,2.1804150209681725,2.2300313412065274,2.6102208792204245,2.0752366615201434,1.9180260355409982,2.2441810926200825,2.101416509988025,2.319214712846009,2.4353586452253984,2.4599756082235213,2.2538863933298896,2.458254145617734,2.2667041600266895,2.406688366792723,2.317189421934326,2.287118768476648,2.351039644488421,2.3427122894447887,1.6994121532627031,2.0972750820414614,1.624501979687652,1.9544930195029233,1.8361346299016248,1.9316928159948243,1.7858149803956864,2.3302967946001463,2.2885160100987303,2.063358878009579,2.3472783041497025,2.182945350761457,1.8934827178385152,2.217187186407492,2.0240114903797393,2.044975843756185,2.363617305541615,2.2611697696972475,2.147615704188707,2.398621784272404,2.6314250330123756,2.1009071781764583,2.4303261970223384,2.2038557171959794,2.339747636816351,2.1354837745757393,2.1701973548122657,2.430415702522495,2.4883928034565415,2.145629084467773,2.806645312096952,2.5800539393732187,2.507352620388526,2.0059654803227027,2.132711965526946,2.0595678566089957,1.565757053176192,2.506776617463179,2.1035289279775813,2.180626728805188,2.292502025685331,2.6472466285230865,2.105361241720451,1.7410176330110798,2.7023040475645375,2.225031930807782,2.105347048595074,2.3156879311068925,2.517691932089725,2.613680023165451,2.6038576815894787,2.446809475215516,2.505070920529876,2.2701222382700137,2.3043919041838956,2.3931758966890118,2.3742542249992136,0.14201990112433846,0.1022032338745671,0.11701205983509502,0.15009648007376084,0.12391914109914641,0.17658977884015611,0.18010861950945953,0.18437088146918323,0.2585124775595776,0.19474181470026294,0.13103723329581043,0.1593266073506865,0.16976196132092525,0.24457874847679553,0.18423094243096658,0.22703783787309037,0.2397517708974503,0.22333868002408694,0.1665505354517111,0.18991996639252445,0.16792278610150055,0.1873132955527077,0.27014109611360715,0.2724709296190435,0.2501160504800196,0.17512429417050251,0.32724065220873993,0.2205274186822326,0.16916019310299274,0.1891165029621322,0.18683427866250252,0.1773753897396309,0.21883627111985343,0.17354350100239402,0.23702790985498134,0.4105088900734023,0.2462041189559324,0.20221849240915138,0.20066792970792333,0.20375224634326322,0.24503662702158677,0.2822209112118616,0.1756227859718748,0.2933400572529966,0.18846690783689268,0.21034947608401272,0.18496083635899493,0.21853920047117598,0.16167166525775348,0.18668896984419417,0.2092005036136508,0.20867015381942633,0.18212431692136036,0.2002430611896188,0.24508212113333816,0.2174818677141879,0.161253885454344,0.1445424254665958,0.10691547180786685,0.13271663218622423,0.09177667622359638,0.08275282714114614,0.15934904151650203,0.19658551199637322,0.17854853020061676,0.2518937305620591,0.16851276056309603,0.13484446593123922,0.16520182716007725,0.14613455399484906,0.23198933414285106,0.1595176596537629,0.20719656186326246,0.25572342365005796,0.15427212247972025,0.27466140222699637,0.14739805419143637,0.17783767223765462,0.19269145220437975,0.1999066333603833,0.2097684340234,0.2680653597195946,0.2396671739913519,0.2386349497749065,0.17368970317368618,0.21676049712594142,0.4583780323317303,0.18665211871000456,0.23484123333856113,0.20695136936459924,0.15043038102586756,0.20698990681326024,0.13786021818264382,0.43757958963611043,0.2036872468368457,0.1680386564458543,0.16743388662716444,0.1988794354595326,0.24449072390835896,0.17256975010248835,0.307726201917135,0.21782457967590343,0.1784110929411287,0.2241285084488895,0.17293390342185808,0.19905670492391006,0.20610924069666667,0.21117734217743558,0.21960339722802608,0.19020864146110864,0.20900680145969466,0.18459162647848099,0.20390617360187369,0.14009283314535687
95.0,1.6681219771454265,2.0589004302024536,1.5662266082624685,1.899364391160503,1.8440720455213715,1.9409857165896542,1.804652182597969,2.2877472882962127,2.2489818765320577,1.9899342016551311,2.2732347616327946,2.156294951334633,1.9505128249461878,2.30331914626681,2.005090431260047,2.029195050270988,2.2964666604026402,2.242065582115623,2.333110973698408,2.729550891687549,2.0274361922489987,2.3885942537109894,2.249862932287899,2.270821060554942,2.1171571005967222,2.5397324294856567,2.5875926384610897,2.455923289194304,2.774953790694584,2.4707018461970156,2.535509032918369,1.9998949110920625,2.1117310991297793,2.0758858927389645,2.0359064271280642,2.040670642594199,2.5372814898890614,2.1585602635974475,2.2076931980057672,2.1767977897601165,2.237190586282373,2.6114617033439274,2.0740336349657937,1.8986492368431622,2.2453501852349875,2.091296923197209,2.313150713033357,2.4404355215066267,2.4519648606961226,2.2519858403644974,2.4574984347806885,2.26151621175532,2.4061621094891144,2.319085817312909,2.274005920094509,2.344194620558867,2.3386273697096263,1.6910503316599934,2.0949759120826377,1.6212379978976477,1.9486517143193354,1.8343018510976634,1.9314679577167024,1.7705538411240886,2.320717524447114,2.268662766256189,2.0461652492844338,2.3421057723830545,2.1802192926408104,1.8915147599525757,2.2139413662834597,2.0216522414760685,2.0296971878841177,2.3594173103377143,2.254802915018756,2.13248726511288,2.3918060314125533,2.620425669229807,2.101272779384381,2.429452553668703,2.1983297827780848,2.3306599833979327,2.1399188992339964,2.1762485910942675,2.424953131247042,2.4893974969853616,2.1531417531743178,2.7954051975368763,2.585703851340385,2.502644585826469,2.0007489767498763,2.1185398921222993,2.052485477151208,1.5406657475839503,2.5003575309111334,2.099089530137942,2.1747477727437694,2.30077639963757,2.6514508347862287,2.1039704213262964,1.7161810179712012,2.7013710293912774,2.2237285862828324,2.09731323523641,2.304997807859501,2.5271613054863686,2.6155699503900127,2.5993722766055507,2.4438502711365833,2.5056701478398358,2.2735801185256044,2.288247718259216,2.3901038704847988,2.3731418006619687,0.1417548864450437,0.10169153903368128,0.11560901900920591,0.15090441550041597,0.12259675177938671,0.1778875916017372,0.18101576662049398,0.18551031711520036,0.2599261942798068,0.19664277869911237,0.1295292053833194,0.1593508993860368,0.17066219894525134,0.246273303880383,0.18655893225732598,0.2288783146953421,0.24122819479769908,0.2263892851427743,0.16614556129019992,0.19168161370783643,0.168307639015591,0.18769691584228093,0.27251633539414477,0.2719792285870385,0.25466262965753556,0.17653789618567034,0.331255792663967,0.22100909242778244,0.16945384905180721,0.1919655133301862,0.18599204200496008,0.17832402552507617,0.21944902518516166,0.17499131036594642,0.24045800824045852,0.4132807975387905,0.24736897753857537,0.20377418698851751,0.20018076269274357,0.2044851801690726,0.24936904929892661,0.2839223512167212,0.17622379080221653,0.2963117839589315,0.18969320836400105,0.21164448279521184,0.18742200516443686,0.22141610483487534,0.16279688487153748,0.1879208717423974,0.21113731876354103,0.2090615299162783,0.18393408610072498,0.20010173510521354,0.24905000518555476,0.21773145777877168,0.16196346107786005,0.1429230141786199,0.1070174443450219,0.13260905811224363,0.08605024240068994,0.07779636875057894,0.15935964018098653,0.19919549740099962,0.17852847984450954,0.2532375723337051,0.16777155782982428,0.1347589817031618,0.16676345623960848,0.14543038307570746,0.2339003421349889,0.15997709370714946,0.20760017477660142,0.2574670109925234,0.15282721677257902,0.27632130622788503,0.14627145586472334,0.1784244465431955,0.19548421385331885,0.2017139360898925,0.21013620442443068,0.2699873492963066,0.24425823079158301,0.24127010199018167,0.17494091946983967,0.21777055111894703,0.4630941477827859,0.18887110272388366,0.23975972894577585,0.20719822512137087,0.14893208652829845,0.2069074957982917,0.1373403368787103,0.44316674380210946,0.20352072106246935,0.16774281341982727,0.16793216505050415,0.20139299519920623,0.24451073602100684,0.1731847322851557,0.31111467200217374,0.21770204898816697,0.18022681246075986,0.2266195862022081,0.17343667460046824,0.20129833498225067,0.20722302987092164,0.21384571429642843,0.22136488460133796,0.1910924490488718,0.21005733287965953,0.1829069694539791,0.2032333332249085,0.14055385179623142
