,Mean (mm),Mean (mm),Mean (mm),Mean (mm),Mean (mm),Mean (mm),Mean (mm),Mean (mm),Mean (mm),Mean (mm),Mean (mm),Mean (mm),Mean (mm),Mean (mm),Mean (mm),Mean (mm),Mean (mm),Mean (mm),Mean (mm),Mean (mm),Mean (mm),Mean (mm),Mean (mm),Mean (mm),Mean (mm),Mean (mm),Mean (mm),Mean (mm),Mean (mm),Mean (mm),Mean (mm),Mean (mm),Mean (mm),Mean (mm),Mean (mm),Mean (mm),Mean (mm),Mean (mm),Mean (mm),Mean (mm),Mean (mm),Mean (mm),Mean (mm),Mean (mm),Mean (mm),Mean (mm),Mean (mm),Mean (mm),Mean (mm),Mean (mm),Mean (mm),SD (mm),SD (mm),SD (mm),SD (mm),SD (mm),SD (mm),SD (mm),SD (mm),SD (mm),SD (mm),SD (mm),SD (mm),SD (mm),SD (mm),SD (mm),SD (mm),SD (mm),SD (mm),SD (mm),SD (mm),SD (mm),SD (mm),SD (mm),SD (mm),SD (mm),SD (mm),SD (mm),SD (mm),SD (mm),SD (mm),SD (mm),SD (mm),SD (mm),SD (mm),SD (mm),SD (mm),SD (mm),SD (mm),SD (mm),SD (mm),SD (mm),SD (mm),SD (mm),SD (mm),SD (mm),SD (mm),SD (mm),SD (mm),SD (mm),SD (mm),SD (mm)
,7Networks_LH_Vis,7Networks_LH_SomMot,7Networks_LH_DorsAttn_Post,7Networks_LH_DorsAttn_FEF,7Networks_LH_DorsAttn_PrCv,7Networks_LH_SalVentAttn_ParOper,7Networks_LH_SalVentAttn_TempOcc,7Networks_LH_SalVentAttn_FrOperIns,7Networks_LH_SalVentAttn_PFCl,7Networks_LH_SalVentAttn_Med,7Networks_LH_Limbic_OFC,7Networks_LH_Limbic_TempPole,7Networks_LH_Cont_Par,7Networks_LH_Cont_Temp,7Networks_LH_Cont_PFCd,7Networks_LH_Cont_PFCl,7Networks_LH_Cont_OFC,7Networks_LH_Cont_PFCv,7Networks_LH_Cont_pCun,7Networks_LH_Cont_Cing,7Networks_LH_Cont_PFCmp,7Networks_LH_Default_Par,7Networks_LH_Default_Temp,7Networks_LH_Default_PFC,7Networks_LH_Default_pCunPCC,7Networks_LH_Default_PHC,7Networks_RH_Vis,7Networks_RH_SomMot,7Networks_RH_DorsAttn_Post,7Networks_RH_DorsAttn_FEF,7Networks_RH_DorsAttn_PrCv,7Networks_RH_SalVentAttn_TempOccPar,7Networks_RH_SalVentAttn_PrC,7Networks_RH_SalVentAttn_FrOperIns,7Networks_RH_SalVentAttn_PFCv,7Networks_RH_SalVentAttn_PFCl,7Networks_RH_SalVentAttn_Med,7Networks_RH_Limbic_OFC,7Networks_RH_Limbic_TempPole,7Networks_RH_Cont_Par,7Networks_RH_Cont_Temp,7Networks_RH_Cont_PFCv,7Networks_RH_Cont_PFCl,7Networks_RH_Cont_pCun,7Networks_RH_Cont_Cing,7Networks_RH_Cont_PFCmp,7Networks_RH_Default_Par,7Networks_RH_Default_Temp,7Networks_RH_Default_PFCv,7Networks_RH_Default_PFCdPFCm,7Networks_RH_Default_pCunPCC,7Networks_LH_Vis,7Networks_LH_SomMot,7Networks_LH_DorsAttn_Post,7Networks_LH_DorsAttn_FEF,7Networks_LH_DorsAttn_PrCv,7Networks_LH_SalVentAttn_ParOper,7Networks_LH_SalVentAttn_TempOcc,7Networks_LH_SalVentAttn_FrOperIns,7Networks_LH_SalVentAttn_PFCl,7Networks_LH_SalVentAttn_Med,7Networks_LH_Limbic_OFC,7Networks_LH_Limbic_TempPole,7Networks_LH_Cont_Par,7Networks_LH_Cont_Temp,7Networks_LH_Cont_PFCd,7Networks_LH_Cont_PFCl,7Networks_LH_Cont_OFC,7Networks_LH_Cont_PFCv,7Networks_LH_Cont_pCun,7Networks_LH_Cont_Cing,7Networks_LH_Cont_PFCmp,7Networks_LH_Default_Par,7Networks_LH_Default_Temp,7Networks_LH_Default_PFC,7Networks_LH_Default_pCunPCC,7Networks_LH_Default_PHC,7Networks_RH_Vis,7Networks_RH_SomMot,7Networks_RH_DorsAttn_Post,7Networks_RH_DorsAttn_FEF,7Networks_RH_DorsAttn_PrCv,7Networks_RH_SalVentAttn_TempOccPar,7Networks_RH_SalVentAttn_PrC,7Networks_RH_SalVentAttn_FrOperIns,7Networks_RH_SalVentAttn_PFCv,7Networks_RH_SalVentAttn_PFCl,7Networks_RH_SalVentAttn_Med,7Networks_RH_Limbic_OFC,7Networks_RH_Limbic_TempPole,7Networks_RH_Cont_Par,7Networks_RH_Cont_Temp,7Networks_RH_Cont_PFCv,7Networks_RH_Cont_PFCl,7Networks_RH_Cont_pCun,7Networks_RH_Cont_Cing,7Networks_RH_Cont_PFCmp,7Networks_RH_Default_Par,7Networks_RH_Default_Temp,7Networks_RH_Default_PFCv,7Networks_RH_Default_PFCdPFCm,7Networks_RH_Default_pCunPCC
Age (years),,,,,,,,,,,,,,,,,,,,,,,,,,,,,,,,,,,,,,,,,,,,,,,,,,,,,,,,,,,,,,,,,,,,,,,,,,,,,,,,,,,,,,,,,,,,,,,,,,,,,,
5.0,2.4730991049469724,2.7173321532044885,2.742218680058205,2.7750311916907555,2.889200344369479,2.9635200984443077,2.9804689071261548,3.1877057270258007,2.757257221154948,3.053840842331874,2.9982572834750845,3.2528773467220002,2.849640588533372,3.1276593045417926,2.960014309707726,2.770557979973015,3.0366958778296675,3.5077738097099287,2.7993482920932387,2.5648492631640836,3.3634961538362655,3.0014161329200038,3.097719379405916,3.1284097430606974,3.091666030281884,3.0352607104034712,2.525687021850679,2.726142996333674,2.7442929376008967,2.730006712443063,2.835691372049056,3.009796408143055,2.9112026950954886,3.1672965285371464,2.9840412025706313,2.6422479250541517,3.053659714396436,2.9958528661899333,3.2751046872166727,2.814931780275587,3.066291548135779,3.313979701926664,2.8250962888854563,2.8940031923508713,2.270352827090624,3.3719519087045406,2.9563754081225455,3.189091204745194,3.2287508565525473,3.1071403970333904,3.1183330188755742,0.10260803913455628,0.11233075972227362,0.11134790214219685,0.16539769911271293,0.17664430878419418,0.15991992672922173,0.2162894038965021,0.11800115144435704,0.20710595881981056,0.1257712392155107,0.13948975801135913,0.14503899639648873,0.1432232720330716,0.2048365988594595,0.18526369355343375,0.12454161869656544,0.2351903645188938,0.23551595123632177,0.18743361796621125,0.22617803896286423,0.1994569448805682,0.13682772970700302,0.13726672747765126,0.12181644657924905,0.12988845045757227,0.23760370705382292,0.10899086144535884,0.11051488103379584,0.11422157486036469,0.17215546136508308,0.18556330785277725,0.14107879015360605,0.23864193925797542,0.11736601492448838,0.2740417751482908,0.21931556248311673,0.13162952213623544,0.14269507152644598,0.1437030447095746,0.141631551755474,0.19947651759697782,0.22053777215552306,0.11654223572856329,0.15917638514258628,0.23588343663874417,0.1945417854289049,0.14189473057191893,0.14421083499045056,0.1531276661079718,0.13048217175770194,0.1342785870450526
6.0,2.444554059019602,2.692733187387134,2.706232125517908,2.762968144839376,2.8739669269907475,2.929731734559737,2.948204230136659,3.165334686999597,2.7246668120203053,3.018307444560829,2.9650905978632696,3.240154125515185,2.813466985141871,3.1007991223229587,2.941397939815401,2.7394533319942638,2.9912013160838735,3.478214851204888,2.7556310719883195,2.5491539087078032,3.332052621528434,2.9636759565543227,3.0698783267531318,3.0937955235964614,3.0508028220793046,3.0114800183855484,2.4967980512348817,2.700979379577424,2.7085008801373363,2.717912779214006,2.8183888601824316,2.9803855403798463,2.907127254312384,3.1470612581156585,2.9428429578195248,2.6056960697524545,3.022530073552221,2.9613492232452443,3.2619872290245313,2.7796279780712343,3.0412045717577945,3.290637195488303,2.7925995759140605,2.8522377918566733,2.2632860159482995,3.337780310328184,2.92134964730749,3.1583914505185677,3.1971765991916716,3.069292651643624,3.079080956540567,0.10164719279651548,0.1110834418466537,0.11028993988641139,0.16344244775839628,0.17468507206062953,0.1576501063162098,0.21404171409717515,0.11718125618709761,0.2047636360991206,0.12515263887654068,0.1380417155351228,0.14375680369564295,0.14185856959551352,0.2027194803140873,0.18356541651919306,0.12331888295471505,0.2325257684894133,0.2340992452494857,0.185844220030542,0.22367478727469928,0.19725827331705273,0.13554415369605174,0.1356200795804709,0.12083535488049331,0.12868211517083594,0.2381830685526612,0.10774130836876501,0.10964692161804347,0.1131967530774235,0.17003991738899868,0.18364821469021933,0.13980016811695356,0.2338472017905519,0.11634557526275245,0.27127549751255536,0.21675126902615713,0.13062667947239068,0.14094275072938606,0.14294625941905423,0.14055462865880516,0.19724447122729494,0.21751817957505015,0.11558316943311646,0.1582537604111409,0.23303441014473222,0.19314197899317745,0.14107782885954032,0.14252882668813077,0.15193253635680556,0.12939917552054986,0.13373432020005585
7.0,2.41759237770897,2.6694203508572736,2.672270903363872,2.7512871222038227,2.8593445961887247,2.8978147811138717,2.917539704750405,3.1438959700301505,2.693915607827657,2.984571389564064,2.93366681809416,3.2280896747393903,2.779251233404596,3.075400032818904,2.923657951516259,2.7099813276585274,2.9483509183053687,3.4498347388459,2.714391100847234,2.5341298046759646,3.3020943062815475,2.928013996833205,3.0434016844391008,3.060964753966229,3.0121733705334433,2.9890039527428796,2.469469587819153,2.677136866084866,2.6747132073741335,2.70622874001243,2.8018174257903206,2.9525436528491245,2.903034983154786,3.127616763919379,2.903893583387158,2.571270250868764,2.9929226296020754,2.9286558540554495,3.249624009136054,2.7462552667752846,3.0174497450327684,3.2682664532453862,2.7618315485304663,2.8128041704898723,2.256470367394298,3.305243292572446,2.888270577228979,3.129225719417857,3.1671949180999173,3.0334366827161245,3.0419230456376916,0.10071846913846301,0.1099206435737036,0.10928480389925604,0.16161545525638862,0.1728526737121906,0.15552740141381616,0.21192719886571315,0.11639168021366948,0.20254595840331355,0.12453482855455619,0.13666568335131177,0.1425479858431987,0.140567698943581,0.20071658810770288,0.1819328818377056,0.1221565948154181,0.23000060854635257,0.23273876387069956,0.1843236913495511,0.22136192699360985,0.19516876174291378,0.13432436791899321,0.13408748528859069,0.11987969989540265,0.1275353250167811,0.23868406150277527,0.10654177967839527,0.10882767918329782,0.1122181883587204,0.16805694513969724,0.1818255088315814,0.13857927939159287,0.22939744344318777,0.11537178144332269,0.26865953220076755,0.21433285428608004,0.12965601240773916,0.13929540212762329,0.14219959653052852,0.1395203535692359,0.1951306621460604,0.21468733762336867,0.11464418312443207,0.15735659739332805,0.230408636578673,0.1917750671067639,0.14028297986619093,0.14094619608724548,0.15077024274395748,0.1283586191119997,0.13317237972581705
8.0,2.3921700464164206,2.647356546012048,2.640277998895091,2.739978335954771,2.845315624479168,2.8677154619890843,2.8884329896311165,3.1233655757795034,2.6649497316910677,2.952582737091427,2.903940170496346,3.216663878716425,2.7469386139677194,3.0514218209561834,2.906768042108967,2.6820961121625775,2.908073435658198,3.4226067981514157,2.675557931197783,2.5197595544668605,3.2735794842844115,2.8943712007739024,3.01825263871323,3.029867612259821,2.9757159903837462,2.9677940667395535,2.4436590878019215,2.6545770347788067,2.642873172423461,2.6949437021761575,2.7859572082077864,2.926225445457693,2.898922420700151,3.1089429310672068,2.8671297588837024,2.53890940068575,2.9647952703625124,2.897725830065297,3.2379916281043535,2.7147588681599046,2.994989969789914,3.2468432017758624,2.732743847473824,2.7756363038663032,2.2498988948842955,3.2742958836962472,2.857081958493841,3.1015523759414627,3.1387613131478815,2.9995175305118713,3.0068024692637643,0.09982178925025038,0.10883905161767268,0.10833088145573519,0.15990916138404493,0.17113969500299747,0.1535451873889111,0.20993879097170798,0.11563144660795309,0.20044665566078104,0.12392053304412727,0.13535835491896409,0.14140819269898128,0.13934791903268953,0.19882375147030035,0.18036475074838298,0.12105166495113207,0.2276081250920405,0.23143236675843967,0.18287039751713405,0.2192281765523553,0.19318414410982765,0.1331652211733854,0.13266057835148906,0.11894918487793212,0.12644507130149596,0.2391144363770962,0.10539101465390871,0.1080557751807727,0.1112840612348711,0.16619703449715587,0.18009093418594485,0.13741350166692942,0.22527285092125157,0.11444257639319826,0.26618735100605306,0.21205298542693135,0.1287167713287388,0.13774957514919783,0.14146284193081557,0.1385269843044278,0.19312912002376226,0.21203654378403353,0.11372596040964378,0.15648448085242192,0.22799181913611669,0.19044141711482632,0.1395090859856889,0.13945756410278523,0.14964245564684597,0.12735892965114629,0.1325952417042036
9.0,2.368243050543278,2.626504675248549,2.610196397410534,2.729031998263001,2.8318622843778187,2.8393800010677435,2.8608417434425455,3.1037195039096805,2.637715306724601,2.9222915468928106,2.875864881398455,3.205856621768072,2.7164744074774076,3.028824271661335,2.890701908892183,2.6557518307031636,2.8702976193064225,3.396504354639877,2.639061115567826,2.5060257614787633,3.246466431725859,2.8626885153936663,2.994394375824913,3.0004542765669906,2.941368996369552,2.947811913639691,2.419324007381615,2.633261464582034,2.6129240283974915,2.684046773042975,2.7707883467699026,2.9013856181123665,2.8947861060259563,3.0910196446779676,2.8324881639193635,2.508552451486074,2.9381058836500444,2.868512222719548,3.2270666864825874,2.6850840039972756,2.9737881478584067,3.2263431676576766,2.705288113483281,2.740668167601837,2.2435646118739743,3.244893111958529,2.827727551708926,3.0753297845877774,3.1118312842061697,2.9674802352918315,2.973662410515558,0.09895705508120792,0.1078354589997522,0.10742660918302004,0.1583167163808766,0.16953934055770079,0.15169717420217274,0.20807001282292414,0.11489974118276135,0.19845994323226776,0.12331222616516703,0.1341167086428385,0.14033353610540134,0.1381966165287344,0.19703703367281636,0.17885978140383232,0.12000130417091986,0.22534213384106158,0.23017829768704023,0.1814827864978711,0.2172631841505708,0.19130042284659135,0.13206386157747627,0.1313318468849337,0.11804358979722951,0.12540869179517178,0.23948144726952936,0.10428780321345359,0.10732988732894186,0.11039273712144868,0.1644516911921135,0.17844065658347602,0.13630051863820497,0.22145487432721866,0.11355615145377028,0.26385290508809806,0.20990482354383444,0.12780834046836445,0.1363018130567349,0.14073603489564115,0.13757305529628397,0.1912343916242747,0.20955757943174433,0.1128290905575683,0.15563721433506533,0.22577084628647678,0.18914143551258944,0.13875541353024856,0.13805797079341647,0.1485505825615493,0.12639865500296574,0.13200541292225135
10.0,2.345767375490856,2.606827640963885,2.5819690842091925,2.7184383212992254,2.8189668484004047,2.8127546222322333,2.8347236248484315,3.084933754082683,2.612158456042319,2.8936478787180633,2.849395177129115,3.195647788216162,2.6878038945798366,3.0075671698609043,2.875433249164575,2.6309026284770534,2.834952220414105,3.3715007338296896,2.6048302064851785,2.4929110291099486,3.220713424794661,2.832906887709715,2.9717900820235608,2.972674924977555,2.9090707032303142,2.9290190467074253,2.396421802756666,2.6131517344173556,2.5848090284084098,2.673527059950703,2.7562909808117375,2.877978870719956,2.8906225782096735,3.0738267898705702,2.7999054781042862,2.4801383355523527,2.9128123572811706,2.8409681034629757,3.2168257848238793,2.6571758960595866,2.953807181067444,3.2067420774688,2.6794159872979924,2.707833737312305,2.2374605318190066,3.216990005618168,2.800151117481047,3.05051630985518,3.086360331145383,2.937269837317023,2.942446052489885,0.09812415618869887,0.10690677012930469,0.10657047808364951,0.15683190394562752,0.16804538746502773,0.14997738787908013,0.20631491712607716,0.11419588774467815,0.19658048367850237,0.12271214461833863,0.13293798060564369,0.13932054914704647,0.13711130303336388,0.1953527098177291,0.17741680418215205,0.11900299270223587,0.2231969689894651,0.2289751128272189,0.1801593774392631,0.21545744570265943,0.18951384863426218,0.13101770511324073,0.13009455077238036,0.11716276125190005,0.12442382442845082,0.23979186368684297,0.10323099272357902,0.10664875128976573,0.1095427487323068,0.16281333418345692,0.17687120273488297,0.13523828098311988,0.21792615399685694,0.11271091192308576,0.26165056746777,0.20788198307910194,0.1269302115171279,0.1349486763641224,0.1400194175332386,0.1366573369040155,0.18944149395476273,0.2072426786079622,0.11195407727960233,0.15481476884979892,0.22373369744253918,0.18787554183504787,0.13802151941340166,0.13674284719313912,0.14749578573348063,0.12547645508309108,0.1314053856110903
11.0,2.324699006660481,2.5882883455551577,2.5555390445900015,2.708187517234169,2.8066115890626935,2.787785549364916,2.8100362925125113,3.0669843259605747,2.5882253027583024,2.866601792317076,2.8244852840169328,3.1860172623825047,2.660872355921161,2.987610300481429,2.8609357602248253,2.6075026506809937,2.801965990145326,3.347569261239333,2.572794756477683,2.480397960758705,3.1962787396796783,2.804967264739312,2.9504029435585815,2.946479735581303,2.878759425705385,2.911377019206847,2.3749099301254923,2.5942094232075417,2.5584714255683787,2.663373670237138,2.74244524966838,2.855959903187266,2.88642837632875,3.057344251763851,2.7693183810486834,2.4536059851672576,2.8888725790724306,2.815046543740325,3.207245523681352,2.630979766118987,2.9350099712462585,3.188015657787153,2.655079109657071,2.677066988613587,2.2315796681750735,3.190541592934098,2.774296416417067,3.027070316242074,3.0623039538360888,2.9088313768483984,2.91309657828351,0.09732297519431495,0.10605000437933082,0.10576103738655457,0.15544907296395202,0.16665213661124584,0.1483801530842518,0.20466803361961405,0.11351932699835389,0.19480335119960535,0.1221223030751859,0.1318196393937545,0.13836614813820125,0.1360896119925167,0.19376724787371635,0.17603470354259876,0.11805445259445628,0.22116743133153746,0.2278216204000482,0.1788987517556734,0.21380222841732108,0.1878209030306275,0.13002440781365907,0.12894264560068358,0.1163066040595717,0.12348836687327477,0.2400519858127721,0.10221949275183102,0.10601116148004408,0.10873278046980468,0.16127520276727114,0.1753794085609636,0.13422497265987052,0.2146704515772334,0.11190544803550898,0.2595750830984488,0.20597849548277225,0.1260819626630584,0.13368676226657933,0.13931339299205897,0.13577880043987284,0.18774587205271154,0.20508449847410926,0.11110134765005703,0.15401724107155318,0.22186935332437716,0.18664414978416088,0.13730719021744367,0.1355079884065456,0.1464790003864209,0.1245910942900294,0.1307976041203273
12.0,2.304993929453484,2.5708496914194745,2.5308492638519753,2.698269798238554,2.7947787788804064,2.7644190063481666,2.78673740509853,3.049847219205363,2.565861969986593,2.8411033474397063,2.801089428390532,3.1769449285888913,2.635625072147565,2.968913448449453,2.8471831393715923,2.585506042511755,2.771267679664124,3.324683262387213,2.5428843180731566,2.4684691598233046,3.173120652569698,2.778810593499685,2.930196146679367,2.9218188864680052,2.8503734785342134,2.8948473844020772,2.354745845686523,2.5763961098754082,2.533854472989572,2.6535757112400904,2.729231292674874,2.83528341542111,2.882200039460676,3.0415519154766932,2.7406635523627365,2.4288943326134405,2.8662444368402906,2.790700614996378,3.1983025036081596,2.6064408359476516,2.9173594202240136,3.1701396351907167,2.6322291212996842,2.6483018971215193,2.2259150343978504,3.165502902165246,2.7501072091238243,3.0049501682468462,3.0396176521489204,2.882109894146969,2.8855571709932497,0.09655339208503402,0.1052622982471524,0.10499689734819516,0.1541630769148942,0.1653543665188055,0.14690007666255517,0.2031243212197058,0.11286959868791713,0.1931239985605526,0.12154451017006265,0.1307593630444003,0.13746759725640223,0.1351292952647411,0.19227729231245883,0.17471240521653356,0.11715362298474265,0.21924874106391656,0.2267168301974671,0.17769954623967776,0.21228949992232532,0.18621828315127795,0.12908184112855065,0.1278707129001168,0.11547507426562968,0.12260044159145067,0.2402676626058041,0.10125227792809388,0.10541597112900936,0.10796165456879588,0.15983127214499512,0.1739623757820373,0.13325898187597648,0.2116725841407688,0.1111385105336632,0.25762152574505015,0.20418877653707712,0.12526324203700964,0.13251272045871695,0.13861849112034405,0.1349365882451111,0.1861433608008884,0.20307609139464577,0.1102712610711441,0.15324481975994447,0.2201677111095518,0.18544765414809458,0.13661239184459895,0.1343495277388842,0.14550095334199653,0.12374143486906186,0.13018444151498973
13.0,2.286608129271185,2.5544745809539515,2.507842727294074,2.688675376483113,2.783450690369292,2.7426012170643586,2.7647846212702194,3.0334984334790844,2.54501458084128,2.81710260383584,2.7791618365785458,3.1684106711571234,2.6120073239052197,2.951436398691512,2.834149083903552,2.5648669491660834,2.742786040134568,3.3028160627918006,2.515028443799433,2.457107229702021,3.151197439653529,2.754377821008088,2.91113287763533,2.8986425557274527,2.8238511764561642,2.879391695557237,2.335887005638198,2.5596733733437333,2.510901423784157,2.644122290297363,2.71662924916631,2.8159041073282856,2.8779341066828943,3.0264296661279593,2.7138776716566144,2.4059423101735344,2.8448858184012886,2.7678833886758873,3.1899733251574243,2.5835043273177796,2.9008184298299384,3.1530897362574364,2.6108176629649593,2.6214724384519466,2.2204596439430344,3.1418289615705093,2.727527256208142,2.9841142303678962,3.0182569259544536,2.85705042947371,2.85977101371588,0.09581528750701508,0.10454090622617818,0.10427673113179493,0.15296922003552324,0.1641472899093362,0.14553203203722814,0.20167912500347965,0.1122463265854973,0.19153822633404455,0.12098038505387172,0.12975501807411535,0.1366224757335884,0.1342282193769088,0.1908796498275548,0.17344886765631456,0.11629863797217448,0.21743649498057255,0.2256599115974999,0.1765604479219336,0.2109118627620662,0.1847028878433174,0.12818807007899255,0.12687389638061003,0.11466817335777689,0.12175836585470651,0.2404443121181116,0.10032838912985902,0.10486209169852194,0.10722831879729658,0.1584761765730909,0.17261743567809698,0.13233887613676826,0.20891836057064775,0.11040899012327403,0.2557852608773939,0.202507596857434,0.12447375472738201,0.13142326569816026,0.13793534042633562,0.13412998820791333,0.18463015026215082,0.2012108786109743,0.10946411818874666,0.15249775916238142,0.21861950443056968,0.18428642232276593,0.13593722816469533,0.13326391173237287,0.14456218179733146,0.12292643105617232,0.129568184290132
14.0,2.2694975915149085,2.5391259165556797,2.486462420215269,2.67939446413859,2.7726095960451067,2.7222784053958824,2.7441355996913193,3.0179139684437524,2.525629258436426,2.794549621255334,2.7586567349095645,3.160394374409023,2.5899643918402813,2.9351389361341487,2.8218072911193497,2.545539515840764,2.716449822720708,3.281940987971481,2.4891566861843515,2.4462947737931477,3.1304673771199796,2.731609894281748,2.893176322675864,2.8769009214494377,2.79913083421064,2.8649715059364484,2.3182908661789265,2.5440027925353332,2.4895555310643176,2.635002514746757,2.704619258477749,2.7977766788156084,2.8736271170728855,3.0119573888365356,2.6888974185405035,2.3846888501302193,2.824754611571936,2.746547936223619,3.1822345888822685,2.562115462001519,2.885349901893213,3.136841687565254,2.590796375392037,2.5965125882207416,2.2152065102662757,3.119474799408814,2.7065003182768734,2.964520867103588,2.9981772751232865,2.8335980230895794,2.8356812895481993,0.0951085452008603,0.10388320053449905,0.10359927589218593,0.1518632094367788,0.16302651313481042,0.14427114437646463,0.2003281375190992,0.11164920595856317,0.19004215430590082,0.12043137418881614,0.12880464050186785,0.13582864750757948,0.1333843615242463,0.18957127671909685,0.17224307680744624,0.11548780685526877,0.21572662774143928,0.22465015884222075,0.17548019039299276,0.20966249403117845,0.18327180496188245,0.1273413338689316,0.12594784380567411,0.11388594350739278,0.12096062620337857,0.24058694346895512,0.0994469332312433,0.10434849178106816,0.1065318355395628,0.1572051394646778,0.17134211898969365,0.13146338084190645,0.20639451978092338,0.10971590021512398,0.25406191379985765,0.2009300551585039,0.1237132526838927,0.13041518745481123,0.13726464533975555,0.13335841216899785,0.18320275411078868,0.1994826254660758,0.10868016967184309,0.15177635828015745,0.217216228234505,0.18316078946171688,0.13528190727105882,0.1322478760537187,0.14366305202849475,0.12214512388398177,0.12895102361690305
15.0,2.253618301585983,2.52476660062178,2.4666513279145272,2.6704172733757003,2.762237768423566,2.703396795225099,2.724747999025559,3.0030698237614235,2.5076521258860867,2.7733944594480615,2.739528349712231,3.152875922666384,2.5694415565989313,2.9199808457038947,2.810131458317671,2.527477887732514,2.6921877785866304,3.2620313634447355,2.465198597755731,2.436014395494937,3.110888741157879,2.7104477603379116,2.8762896680503673,2.856544161723761,2.7761507665370497,2.8515483688038024,2.301914883507146,2.529345946372971,2.469760047942226,2.6262054919260875,2.693181459944261,2.780855829789892,2.869275609708114,2.998114968721262,2.6656594726245832,2.3650728847661244,2.8058087041687414,2.726647329084323,3.1750628953358486,2.5422194617710616,2.8709167382430443,3.121371215692128,2.572116899320046,2.573356322043738,2.2101486468232743,3.0983954439390673,2.686970155936832,2.9461284429523382,2.9793341995260216,2.8116977152556117,2.8132311815870037,0.09443305372199219,0.10328666985441022,0.1029633331887946,0.150841112462399,0.16198799854130816,0.14311277645667278,0.1990673639657883,0.11107799317584727,0.18863219489930863,0.11989876809887517,0.12790641875130562,0.13508423322754085,0.13259580538531263,0.18834926761403387,0.17109404341306622,0.11471959650001617,0.21411537688976937,0.22368696248519288,0.1744575513116423,0.2085350898632526,0.18192229948738303,0.12654002866820818,0.12508865411754355,0.11312846368618253,0.12020585680660681,0.24070017996403598,0.09860708166156695,0.10387419558524745,0.10587137210738715,0.15601390995338207,0.17013413101470487,0.1306313609561281,0.20408867056771832,0.10905836245186198,0.2524473422825599,0.1994515539358942,0.1229815269566163,0.1294853569701993,0.1366071679146835,0.13262137771356675,0.18185798080702692,0.19788541813248686,0.10791962477880912,0.15108094499559022,0.2159500684678679,0.1820710564596936,0.13464671413830268,0.13129842222845164,0.14280377780410408,0.12139663655677446,0.12833505175186144
16.0,2.238926244885715,2.5113595355493508,2.448352435690853,2.661734016365152,2.7523174800204258,2.685902610434377,2.706579477936694,2.988941999094099,2.49102930630434,2.7535871781638885,2.721730907315159,3.145835200251026,2.5503840988273474,2.9059219123273023,2.799095282797178,2.510636210038133,2.669928658896382,3.2430605147299763,2.443083731041403,2.4262486982056886,3.0924198079560195,2.6908323661938227,2.860436100008262,2.8375224546401916,2.7548492881747872,2.8390838374234306,2.28671651382128,2.5156644137794464,2.4514582275300394,2.617720329173159,2.6822959929009036,2.7650962601579434,2.8648761236660403,2.984882290901026,2.6441005135190454,2.347033346363899,2.788005984008199,2.7081346387027803,3.168434845071279,2.5237615483985776,2.8574818407086293,3.106654047216011,2.5547308754881657,2.5519376155368074,2.2052790670697067,3.0785459234201964,2.66888052979489,2.928895322412525,2.9616831990332386,2.7912945462327556,2.792363872929082,0.09378870758062602,0.10274891723683444,0.1023677688412802,0.14989931866894154,0.16102802975624542,0.14205251516374942,0.19789309083204815,0.11053249714331763,0.18730502848356403,0.11938371783462712,0.12705867830099554,0.134387584499086,0.13186073682569222,0.18721084526371742,0.17000080219672367,0.11399261561962232,0.21259925129597784,0.22276978604823972,0.17349135084753167,0.20752381446682344,0.18065180231190084,0.1257826923172711,0.12429282941658402,0.11239584652882696,0.11949282120562987,0.24078828291653875,0.09780806801193409,0.1034382811101271,0.10524619214317371,0.15489870549686444,0.16899133105597103,0.12984180533525985,0.20198923304444727,0.10843559459402874,0.2509376130204113,0.19806777726497882,0.12227840181854313,0.12863073203732006,0.13596371323948162,0.1319184928993293,0.18059290721834895,0.19641364178602408,0.10718265964594777,0.15041186418185215,0.21481383649895847,0.18101749012305368,0.13403198864002133,0.13041279524964727,0.14198443832056526,0.12068017032014733,0.1277222624494493
17.0,2.2253774068154617,2.498867623735503,2.4315087288431982,2.6533349052777044,2.742831003351437,2.6697420749061034,2.6895876950884574,2.9755064941038154,2.4757069228052537,2.7350778371527054,2.705218634046956,3.139252091484744,2.532737299171681,2.8929219209309203,2.7886724618565477,2.4949686279543495,2.6496012148140173,3.225001767345669,2.4227416385691947,2.416980285323671,3.0750188537032344,2.6727046588667256,2.8455788047989254,2.8197859782885297,2.7351647138632704,2.827539465059454,2.272653213319752,2.5029197736775712,2.4345933229399526,2.6095361338257654,2.6719429966827852,2.750452669826569,2.8604251980241413,2.972239240494681,2.624157220834076,2.330509167206194,2.771304338906829,2.69096293652373,3.162327038641684,2.506686943656236,2.845008111119171,3.092665908714857,2.5385899446354943,2.532190444315791,2.200590784461231,3.059881266111104,2.652175200457873,2.912779869982557,2.945179773515549,2.7723335562820064,2.7730225466712137,0.09317540792433526,0.10226765731853922,0.10181151233243713,0.14903450588023384,0.160143179827704,0.1410861585840065,0.19680185761980157,0.1100125722947033,0.1860575804409272,0.11888725095746146,0.12625986794582264,0.13373726024850838,0.13117743956063677,0.18615335121794865,0.16896241239409143,0.11330560076251239,0.211175002716241,0.2218981470520501,0.17258045083559848,0.20662325338827686,0.17945789958528072,0.12506799073307728,0.12355723140053877,0.1116882358304982,0.11882039695556776,0.24085517579125929,0.0970491849121938,0.10303987809998029,0.10465564799405319,0.15385616012124811,0.16791171547994224,0.12909381333953696,0.20008538171128692,0.10784690040264847,0.24952898131692397,0.19677467046030228,0.12160373040190234,0.12784835979765924,0.1353351179305223,0.13124944351894122,0.17940485443746185,0.19506196015704635,0.10646942524613982,0.14976946903777313,0.21380090814444921,0.1800003250012344,0.1334381080313992,0.1295884621059925,0.14120499550272192,0.11999500076422157,0.12711455440941338
18.0,2.2129277727765144,2.487253767577338,2.4160631926705167,2.6452101522840743,2.73376061093233,2.6548614125226395,2.6737303091445703,2.9627393084525955,2.4616310985028726,2.7178164961643545,2.6899457562362543,3.133106480689347,2.516446438278103,2.8809406564412745,2.778836692794435,2.4804292866779463,2.631134197503605,3.207828446810214,2.404101872866948,2.4081917602471785,3.0586441545883214,2.656005585373838,2.8316809686717894,2.8032849107585527,2.71703535834187,2.816876804975976,2.2596824382010072,2.4910736049901336,2.4191085872841285,2.6016420132217326,2.6621026106249417,2.7368797587025737,2.855919371859885,2.9601657026210972,2.605766274179837,2.315439279575666,2.7556616566811574,2.6750852939919425,3.1567160766002105,2.4909408693162076,2.8334584513038465,3.0793825267666124,2.5236457475011966,2.514048783996543,2.1960768124535552,3.042356500270726,2.63679792853259,2.897740450160816,2.929779422843563,2.754759785664338,2.755150385910209,0.09259306287382278,0.10184071299005705,0.10129355585213905,0.14824360983567297,0.15933028209590902,0.1402097036444241,0.1957904313177372,0.10951811289377694,0.18488699987231716,0.11841028689312406,0.12550854753388294,0.13313200508165468,0.13054429083953697,0.185174237221347,0.16797795921388364,0.11265740382123653,0.20983960017017037,0.22107160169951734,0.17172375445211951,0.20582837068010504,0.17833832255269502,0.1243947058200353,0.12287904188098173,0.11100580458318085,0.11818756272369996,0.2409044683568029,0.09632978037954207,0.10267816586037859,0.1040991739502167,0.1528832779095363,0.1668934037500053,0.1283865834129052,0.19836699026239407,0.10729166120801827,0.24821787346329155,0.19556842137393998,0.12095739154455937,0.12713537783756657,0.13472224118353976,0.1306139825408687,0.178291365583975,0.1938252963818841,0.10578005497749098,0.14915411500309786,0.212905167129258,0.1790197664526706,0.13286547313219918,0.12882309128066263,0.14046531054729472,0.11934047450905891,0.1265137369627404
19.0,2.2015333281702087,2.4764808694719505,2.401958812471837,2.6373499695549936,2.7250885752788623,2.6412068471663552,2.6589649787687994,2.950616441802481,2.448747956511279,2.701753214948724,2.6758665002116686,3.1273782521866442,2.501456796792791,2.869937903784897,2.769561672909499,2.466972331405662,2.6144563581291993,3.1915138786420667,2.3870939864624736,2.3998657263744665,3.0432539868000883,2.6406760927324364,2.8187057778762448,2.7879694301400586,2.7003995363500013,2.8070574104371016,2.2477616446634516,2.4800874866399116,2.404947273674724,2.5940270746988534,2.6527549740624488,2.724332226692768,2.851355184250721,2.948641562399152,2.588864353166531,2.301762615754966,2.7410358251476734,2.6604547825521943,3.1515785595000056,2.4764685471506716,2.8227957630918885,3.0667796279492485,2.509849924824426,2.497446610194916,2.19173016450233,3.0259266541579604,2.6226924746259157,2.8837354274456755,2.9154376468878556,2.7385182746407546,2.738690573742845,0.09204158761002952,0.10146601163987123,0.10081295306502314,0.14752379700989965,0.15858640364213483,0.1394193342681624,0.19485578331980447,0.10904904843674024,0.18379063982917748,0.11795365154540341,0.12480337704890114,0.13257072951125626,0.1299597572059696,0.18427105721482218,0.1670465559017928,0.11204698089118197,0.20859020686152344,0.22028973259403942,0.1709202062542367,0.20513446966025786,0.177290937842005,0.12376172471079523,0.12225572701240969,0.11034875346747545,0.1175933874489255,0.24093948059010142,0.09564925381662025,0.1023523710060369,0.1035762802529599,0.15197739133162846,0.165934626895341,0.12771940334907195,0.19682457825633026,0.10676932889826221,0.2470008713554512,0.1944454431404469,0.12033928759634796,0.12648901384998057,0.13412595794031115,0.1300119214151208,0.17725018540697637,0.1926988150703274,0.10511467185270162,0.14856615571275922,0.2121209527799251,0.17807599459974774,0.1323144975605661,0.12811453327134895,0.13976515961876482,0.11871600622797639,0.12592153734973718
20.0,2.1911500583978687,2.4665118318164794,2.3891385735460955,2.629744569261179,2.716797168906748,2.6287246027196485,2.64524936262486,2.9391138938154873,2.437003619944548,2.6868380532556917,2.662935092301818,3.122047290298435,2.4877136553619184,2.859873447888355,2.7608210995004323,2.454551907334276,2.5994964478548703,3.176031388359663,2.371647531883628,2.39198478710383,3.0288066265273517,2.6266571279597417,2.8066164186616827,2.773789714522835,2.68519556262707,2.7980428347069757,2.236848288905519,2.4699229975497166,2.3920526352239424,2.586680425594938,2.6438802263303907,2.712764773703968,2.8467291742741248,2.9376467049477144,2.573388137404336,2.289418108026722,2.7273847321228946,2.647024473649247,3.1468910878941805,2.463215198931819,2.8129829483124773,3.054832938840688,2.4971541173442824,2.4823178985267615,2.187543854063264,3.010546756031732,2.6098025993446807,2.870723166335556,2.9021099455190207,2.7235540634722204,2.7235862932659316,0.09152090429879246,0.10114158108693166,0.1003688176737813,0.1468724402325953,0.1579088211382087,0.1387114100161589,0.19399506851524967,0.10860533997190694,0.18276603896520002,0.11751809109625931,0.12414310691657371,0.13205249192698235,0.12942239037748596,0.18344145985402452,0.16616734615905168,0.11147338232401875,0.2074241593875976,0.21955213896713505,0.17016879245477712,0.20453715696177885,0.17631373817582133,0.12316803018019705,0.1216850048914767,0.10971730972753575,0.11703702121445221,0.2409632661309884,0.0950070518132624,0.10206176520063563,0.10308654778882582,0.15113612400946935,0.16503371796422633,0.1270916420026366,0.1954492597759444,0.10627942009864466,0.24587469895964373,0.19340235820078575,0.11974934297897781,0.12590658410938013,0.13354715380024257,0.129443122969312,0.17627924153017654,0.19167790550123365,0.10447339526929486,0.14800594054042807,0.2114430117317123,0.1771691688939941,0.13178559946877744,0.12746080217562394,0.13910424863665274,0.1181210759696603,0.12533960907224828
21.0,2.181733948860826,2.4573095570080072,2.3775454611922777,2.622384163573372,2.7088686643317614,2.617360903064872,2.6325411193765045,2.9282076641536445,2.426344211916724,2.673021070835115,2.6511057588353264,3.117093479346536,2.475162294631656,2.8507070736781825,2.752588669865893,2.44312215966051,2.5861832178446793,3.161354301481436,2.3576920616582275,2.384531545833547,3.015260349958919,2.613889638072994,2.7953760772775214,2.7606959419966683,2.671361751912459,2.789794631049693,2.2268998271256457,2.4605417166423305,2.380367925043936,2.579591173247773,2.635458506763828,2.7021320996429763,2.842037881007575,2.927161015385635,2.559274306503414,2.278344688673622,2.7146662654233227,2.634747438727837,3.142630262335874,2.4511260464317903,2.8039829087948136,3.0435181860189036,2.485509965799949,2.4685966246079354,2.183510894592015,2.996171834150952,2.5980720632956995,2.8586620313288296,2.8897518186076665,2.709812192419747,2.70978072757623,0.09103094192818655,0.10086554529973074,0.09996032183967955,0.14628709678234925,0.15729499890851453,0.13808245518944648,0.19320560630510789,0.10818697718003796,0.18181090450790793,0.1171042849483539,0.123526569422933,0.13157648218484672,0.12893082328012787,0.18268318147936932,0.16533950673044176,0.11093574383628273,0.2063389490054804,0.21885842897101837,0.16946854133104589,0.20403230958947288,0.17540483349325245,0.12261269209240315,0.1211648162081803,0.10911172636637959,0.11651768753155245,0.2409786351316942,0.09440266388327449,0.10180566293932974,0.10262962339584922,0.15035735751271648,0.16418910408835358,0.12650274223684238,0.19423269419142097,0.10582151134489078,0.24483621029870908,0.19243598345876145,0.1191875033293009,0.1253854909878835,0.13298672136754644,0.12890749565608484,0.17537662720141872,0.19075816585734545,0.10385634734873148,0.1474738133616577,0.21086645341785354,0.17629943306749296,0.1312791953197453,0.12686005837670342,0.13848222711860375,0.11755522674391904,0.12476954090984212
22.0,2.1732409849604024,2.448836947443641,2.3671224607093437,2.615258964662296,2.7012853340696186,2.607061972084415,2.6207979076874652,2.9178737524789855,2.4167158555418897,2.660252327436866,2.640332726140789,3.112496703652744,2.463747995248158,2.8423985660809046,2.7448380813045388,2.432637233581147,2.5744454192626818,3.147455943525833,2.3451571283140877,2.3774886059618714,3.0025734332836165,2.60231457008944,2.784947939973155,2.748638290651344,2.6588364189455884,2.782274352729373,2.21787371552225,2.451905222840548,2.369836396246889,2.572748424995194,2.627469954697836,2.6923889044166076,2.8372778435285144,2.9171643788318007,2.546459540073983,2.268481289978282,2.702838312865479,2.623576749232752,3.1387726833782237,2.4401463114227817,2.795758546368104,3.0328110960618386,2.4748691109305456,2.456216764054289,2.17962429954427,2.9827569167745356,2.587444627085854,2.847510386923898,2.8783187660243934,2.6972377017442866,2.6972170597705567,0.09057163612367447,0.10063611998658945,0.09958669451247083,0.1457654886685074,0.15674256901389305,0.13752914836981728,0.1924848633268368,0.10779397608201832,0.18092309645646967,0.11671285778987374,0.12295267114287232,0.13114200669658332,0.1284837662643476,0.18199403948985152,0.1645622500268764,0.11043327854817998,0.20533220474579894,0.21820821366288576,0.16881852368961442,0.2036160447204631,0.17456244247239427,0.12209485975658532,0.12069329765612057,0.10853228160734463,0.11603467677506811,0.24098817638666153,0.09383561824659215,0.10158341941597335,0.10220521571639576,0.14963920178967816,0.16339929985176443,0.12595221492866768,0.1931670391201137,0.10539523508183081,0.2438823786862204,0.19154331644172418,0.11865373508584735,0.12492321971895101,0.13244555777636086,0.1284049889450829,0.17454058542511416,0.18993538841202884,0.10326365883886955,0.14697011223584394,0.21038670910479532,0.17546692029162728,0.13079569531898486,0.12631059235404293,0.13789870106502303,0.11701806233900981,0.12421286627900409
23.0,2.16562715209791,2.441056905520498,2.3578125573962962,2.6083591846986667,2.6940294506360853,2.5977740336606385,2.609977386221486,2.90808815845353,2.408064673934108,2.648481882810812,2.6305702205468666,3.1082368475388695,2.4534160378576098,2.834907710023078,2.737543031115058,2.423051274292976,2.5642118032729373,3.1343096400112715,2.3339722843790693,2.370838570887119,2.9907041526902396,2.5918728710263146,2.775295192997983,2.7375669385766455,2.647557878465838,2.775443553010122,2.2097274102937523,2.443975095067171,2.3604013019449566,2.5661412881750003,2.6198947094674807,2.6834898879316618,2.8324456009144283,2.9076366804050737,2.5348805177261995,2.259766844223375,2.6918587622658827,2.6134654766087366,3.13529495157435,2.4302212156769682,2.788272762861539,3.022687395547456,2.4651831934752053,2.4451122924816744,2.1758770823756914,2.9702570321614,2.5778640513219444,2.8372265976191406,2.86776628763978,2.685775631706841,2.685838472945707,0.09014292899722935,0.10045160812885988,0.0992472197133042,0.1453054848502574,0.15624931317106985,0.13704831237881385,0.1918304376938556,0.10742637726113455,0.18010061291860374,0.1163443907802097,0.12242038628671283,0.13074847490487057,0.1280800035217855,0.1813719260864536,0.16383482668692967,0.10996526984147545,0.20440167818643945,0.21760110236950286,0.16821785332890327,0.20328469200693405,0.17378488444834866,0.12161375508075328,0.12026875783433659,0.10797927857511788,0.11558734055058185,0.24099427866230522,0.09330547774818307,0.10139442850927265,0.10181309153856896,0.14897996885496598,0.16266290171488684,0.12543963387744783,0.1922449056532643,0.10500027634328349,0.24301028698348198,0.19072152235318704,0.11814802540390378,0.12451733459267285,0.13192456317960252,0.12793558968155355,0.1737694943703524,0.18920554558442032,0.1026954745793535,0.14649516976484056,0.20999949423870484,0.1746717584015521,0.13033550018216059,0.12581080963215138,0.13735324488827264,0.1165092453410216,0.12367107268721567
24.0,2.1588484356746873,2.433932333635689,2.3495587365520936,2.6016750358532414,2.687083286546901,2.5894433116759252,2.600037213642304,2.8988268817393057,2.400336790207445,2.6376597967068305,2.621772468382146,3.1042937953267242,2.444111703106168,2.828194290431231,2.7306772165960917,2.4143184269926934,2.555411121039499,3.12188871645621,2.3240670823809806,2.3645640440075497,2.9796107843676123,2.5825054879008653,2.766381022601419,2.7274320638623744,2.637464445212615,2.7692637851560593,2.202418367638588,2.4367129122449924,2.3520058952503193,2.5597588701249796,2.61271291040784,2.6753897500949413,2.8275376922427826,2.898557805224316,2.5244739190702585,2.252140283691547,2.681685501441019,2.60436669230056,3.1321736674773955,2.421295980966521,2.781488460104314,3.0131228110537,2.4564038541731046,2.435217185505948,2.172262256541984,2.958627208570472,2.5692740966108243,2.827769027912961,2.858049883324446,2.67537102256839,2.6755881501984593,0.08974476907869515,0.10031039551664139,0.09894123480661489,0.14490508517351053,0.15581314633036714,0.13663690463690212,0.19124004458016683,0.10708424450516969,0.17934157650607446,0.11599943186915439,0.12192875088174986,0.1303953870365217,0.12771838971627167,0.18081480236138397,0.16315652801172725,0.10953106493809457,0.20354522971945715,0.2170366991741405,0.16766568745779578,0.20303476816124402,0.17307057172405177,0.12116866642655742,0.11988965539805493,0.10745304515673192,0.1151750868085601,0.24099915117467813,0.09281183598822805,0.10123812091514524,0.1014530725747591,0.1483781493781701,0.16197858329178993,0.124964631485373,0.19145931589553272,0.10463636999075501,0.242217118695705,0.1899679219189684,0.11767038230595742,0.1241654747436575,0.131424640023703,0.1274993192594443,0.17306185395962756,0.18856477678491035,0.10215195853352559,0.14604931393554355,0.2097007738747859,0.17391407507564924,0.1298989989743976,0.1253592168701599,0.1368454124029764,0.11602849532798151,0.12314561109262713
25.0,2.1528608210920526,2.4274261341863004,2.3423039834757065,2.5951967302967285,2.6804291143177847,2.582016030012633,2.5909350486136473,2.8900659219983544,2.3934783274759646,2.627736128874796,2.613893695975256,3.1006474313380976,2.4357802716400143,2.8222180922319122,2.7242143350463253,2.4063928368771177,2.5479721237264554,3.110166498379065,2.3153710748476577,2.358647628721441,2.9692516045045383,2.5741533677303434,2.7581686150328655,2.718183844598314,2.6284944339253244,2.7636966024313065,2.1959040437551938,2.4300802532967962,2.3445934292751733,2.553590278182954,2.6059046968539703,2.668043190813281,2.8225506565910337,2.8899076384083875,2.5151764237163228,2.2455405406654267,2.67227641820741,2.5962334677529926,3.1293854316404977,2.413315829063613,2.7753685399256405,3.0040930691585204,2.4484827337633406,2.4264654187429593,2.1687728354988125,2.947822474260642,2.5616185235593285,2.8190960423037397,2.8491250529489616,2.6659689145899335,2.6664092746256096,0.08937711137067776,0.1002109463354679,0.0986681287902784,0.1445624058338906,0.15543210174691047,0.13629200790619045,0.19071150300199216,0.10676766378912218,0.1786442217150235,0.1156785052725355,0.1214768577138537,0.13008232303263834,0.12739784683740868,0.1803206927173666,0.16252668823019592,0.10913006911286155,0.2027608161638943,0.21651460031402742,0.16716122704198239,0.20286295362527798,0.17241800227314993,0.12075894308026765,0.11955457923952542,0.10695393400928674,0.11479737555243873,0.24100484318609086,0.09235431372335813,0.10111396244647135,0.1011250326317319,0.1478323918453353,0.1613450913182498,0.12452689509742801,0.1908036628402337,0.10430329840767308,0.24150014975894993,0.18927997994087437,0.1172208349928108,0.1238653496695154,0.13094669296170855,0.12709623147977744,0.1724162735537789,0.18800937597951123,0.10163329839357156,0.14563286929529087,0.20948673097090123,0.17319400288481834,0.12948656780543943,0.12495440908446452,0.13637474690421578,0.11557558721332295,0.12263790502717388
26.0,2.1476202937513285,2.4215012095694384,2.3359912834661216,2.588914480199851,2.6740492064645047,2.575438412553162,2.582628549799264,2.881781278892688,2.387435408853726,2.6186609390645694,2.606888129654822,3.097277639894814,2.4283670241053246,2.8169389003516616,2.7181280837644173,2.3992286491429478,2.541823562497847,3.0991163112982956,2.307813814306924,2.353071928427062,2.9595848892898218,2.566757457531979,2.7506211565417242,2.709772458874242,2.620586159343359,2.7587035580999735,2.190141894841985,2.4240386971453973,2.338107157131665,2.547624619686727,2.5994502081409605,2.661404909993467,2.8174810330366657,2.8816660650761823,2.5069247112746025,2.2399065474277027,2.663589400381578,2.5890188744107907,3.126906844616774,2.4062259817404192,2.7698759041547127,2.9955738964398657,2.441371472985082,2.418790967808551,2.1654018327018476,2.937797857490854,2.5548410927743017,2.811166005289885,2.840947296383949,2.6575143480324392,2.6582450293239543,0.08903991756215104,0.1001517988422656,0.0984273406275004,0.14427566619876453,0.15510431739502498,0.13601082140129128,0.1902427236684833,0.10647674253282882,0.17800688322422648,0.11538212013436229,0.1210638519614001,0.1298089325619957,0.12711736128105117,0.17988767960732197,0.16194468656834152,0.10876174046458446,0.20204647959533512,0.21603439231615285,0.16670371706064743,0.20276607114697626,0.17182575283596555,0.12038399026665926,0.11926223050267534,0.10648232268703478,0.11445371501584098,0.24101326271019216,0.09193255558583549,0.10102145251609465,0.10082889513181655,0.14734148399547556,0.16076124218069265,0.12412616390500189,0.1902716725822843,0.10400088956282186,0.24085674089937528,0.18865529448304053,0.11679943425665987,0.12361473459530649,0.1304916292824364,0.12672641098536258,0.17183146065817523,0.18753577990903655,0.10113970976802475,0.14524615834370252,0.20935373733962895,0.17251168414777693,0.1290985692055165,0.12459505798735475,0.1359407903678197,0.11515034971518909,0.12214935937856215
27.0,2.1430828390538372,2.416120462182231,2.330563621822312,2.582818497733351,2.667925835502786,2.56965668317987,2.575075375862902,2.873948952084342,2.3821541574548157,2.610384287026026,2.600709995749438,3.09416430531867,2.421817241148244,2.812316499717028,2.7123921600490375,2.392780008986997,2.536894188517735,3.0887114807323135,2.301324853286625,2.347819546522721,2.950568914912304,2.5602587043229956,2.743701833377384,2.7021480847799686,2.6136779362061215,2.7542462054261767,2.185089377097391,2.418549822713546,2.3324903319319654,2.5418510019740834,2.593329583603854,2.655429607542306,2.8123253606571144,2.8738129703465507,2.499655461355269,2.2351772362609927,2.65558233578002,2.582675983718704,3.1247145069593736,2.3999716607691135,2.764973454620743,2.9875410194757133,2.43502171257746,2.4121278083186017,2.162142261606783,2.92850838652001,2.5488855648625695,2.803937281369765,2.833472113499984,2.6499523631568906,2.65103859739027,0.08873315643056044,0.1001315611596959,0.09821835763891877,0.14404317684315102,0.15482802359102435,0.13579065225394982,0.18983169779209522,0.10621160907939799,0.17742798505123372,0.11511077841030182,0.12068892746002267,0.12957492603133297,0.12687598115777868,0.17951389858945294,0.1614099491083453,0.10842558517958799,0.20140033727976683,0.21559565073338988,0.16629244666491996,0.20274106610710813,0.17129247241146764,0.12004326464327639,0.11901140625642977,0.10603861386589793,0.11414365820927036,0.24102619432957456,0.09154622715630624,0.10096012281430525,0.10056463094933112,0.14690433626633903,0.1602259189026759,0.12376222633183692,0.18985736885264298,0.10372901537168058,0.24028433047172762,0.1880915866260736,0.11640625295138676,0.12341146577736672,0.130060359754305,0.1263899721808011,0.17130621058361378,0.18714055690675885,0.10067143996266358,0.14488950305371875,0.20929832706730148,0.17186727554632997,0.1287353520414308,0.12427990141603659,0.1355430918120476,0.11475266392978985,0.12168136875646231
28.0,2.139204442400909,2.411246794421778,2.3259639838432324,2.5768989950679533,2.6620412739483803,2.5646170657751237,2.5682331854682796,2.8665449412353534,2.377580696393283,2.6028562325090383,2.595313520587757,3.0912873119314797,2.4160762034149568,2.808310675254535,2.7069802611988676,2.387001061606,2.533112752950176,3.0789253321995833,2.2958337443145864,2.3428730864066694,2.9421619575607645,2.554598055120664,2.7373738317892546,2.6952609004052634,2.6077080792530154,2.7502860976740306,2.180703946719839,2.413575208924074,2.3276862067882633,2.5362585323828797,2.5875229625777534,2.650071983366629,2.8070801785298753,2.866328239338359,2.4933053535684984,2.231291539447947,2.6482131122192447,2.5771578671215085,3.1227850192214106,2.3944980879218596,2.7606240931528907,2.979970164843983,2.4293850932796306,2.406409915888944,2.158987135669294,2.9199090896070232,2.543695700430969,2.7973682350417954,2.8266550041676854,2.64322800022428,2.644733161921358,0.08845680445743496,0.1001489072097426,0.09804071396914618,0.14386332867384224,0.154601531705335,0.1356289073179356,0.1894764867661814,0.1059724123503923,0.17690603051320233,0.11486498201023032,0.12035132354211608,0.12938006651358092,0.12667281382792525,0.17919753369634667,0.1609219504319591,0.10812115323081564,0.200820572614747,0.21519793937227508,0.1659267492366018,0.202784988458392,0.17081687615016153,0.11973627022250256,0.11880098467110618,0.10562323564854155,0.11386679975909404,0.24104531614123031,0.09119501241592191,0.10092953618803761,0.10033225653047505,0.1465199670158638,0.15973806850731312,0.12343491783355556,0.18955503984258928,0.1034875902977096,0.23978042770557298,0.1875866907332253,0.11604138648760491,0.12325343581893185,0.12965379979981947,0.1260870585624782,0.17083939700305067,0.18682039626602573,0.10022877136737894,0.14456322645906555,0.20931717222403984,0.17126095246950546,0.12839725186177078,0.12400773381887464,0.13518121486319642,0.1143824619887337,0.12123532539214599
29.0,2.135941089193857,2.4068431086851785,2.32213535482789,2.571146184374371,2.656377794317038,2.5602657842213126,2.5620596372791398,2.8595452460077277,2.3736611487832104,2.5960268352634683,2.590652930498374,3.08862654405503,2.411089191551642,2.804881211890746,2.701866084512549,2.3818459521967164,2.530408006959249,3.069731191218514,2.291270039918618,2.338215151477181,2.934322293424022,2.5497164569422046,2.731600338026741,2.689061083839921,2.602614903223425,2.7467847881076564,2.176943059907759,2.4090764346997697,2.3236380348127237,2.530836318250873,2.582010484397717,2.645286737373228,2.801742025732406,2.8591917571704757,2.487811067524469,2.228188389271246,2.641439617515772,2.572417596063976,3.1210949819560407,2.3897504849708495,2.756790721580399,2.97283705912264,2.424413255830716,2.4015712661354254,2.1559294683450525,2.911954995010813,2.5392152600863636,2.791417230804335,2.8204514682576254,2.637286299495594,2.6392719060140184,0.08821084667827078,0.1002025727999954,0.09789398913840165,0.14373458303349357,0.1544232238603034,0.1355230853014351,0.1891752126328547,0.10575932164236804,0.1764395929459797,0.11464523923919834,0.12005032239972017,0.12922416252219654,0.12650702365973251,0.1789368131194766,0.1604802150488814,0.1078480344638507,0.20030542699509987,0.21484080992912294,0.1656060023514382,0.20289497615686802,0.17039773965496047,0.11946255467806982,0.118629911560287,0.10523664193783606,0.11362277298179412,0.24107221585380015,0.09087861159496054,0.10092928572556156,0.10013183226858617,0.1461874893172745,0.1592966996918644,0.1231441190529722,0.1893592072734849,0.10327657014749143,0.2393426063061449,0.1871385451811092,0.11570495333088802,0.12313858905011243,0.12927287093112527,0.12581784239707433,0.1704299633522477,0.18657209811693445,0.09981202446289839,0.1442676542660306,0.2094070607047071,0.17069291306804743,0.12808459158514124,0.12377739775901551,0.13485474456941138,0.11403972578191669,0.12081262654003612
30.0,2.1332487648340277,2.4028723073695426,2.3190207200752377,2.565550277823353,2.650917669124485,2.556549062400799,2.55651238995924,2.8529258660635084,2.3703416377386373,2.5898461550391954,2.5866824518099203,3.086161886011143,2.4068014862044627,2.8019878945521732,2.697023327288773,2.3772688259558974,2.528708701709016,3.0611023833075635,2.2875632926265785,2.333828345132556,2.9270081986908996,2.5455548568048654,2.7263445383392697,2.6834988131737294,2.5983367228567738,2.74370382999115,2.1737641728595647,2.4050150789634213,2.320289069117523,2.5255734669158802,2.5767722883988005,2.6410285694689084,2.796307441342167,2.852383408961773,2.4831092828333885,2.2258067180135015,2.6352197394860966,2.5684082419908405,3.11962099571639,2.3856740736882487,2.753436241732445,2.9661174288896457,2.420057840969866,2.397545834673923,2.1529622730897513,2.9046011309903,2.5353880044355512,2.786042633155804,2.8148170056404083,2.632072301231801,2.6345980127650375,0.08799527778365561,0.10029135186948399,0.09777780668689215,0.14365546269202487,0.1542915435246853,0.1354707692148467,0.18892604927820708,0.1055725265368847,0.17602730714159756,0.1144520705768191,0.11978524692360443,0.12910706156659568,0.1263778300056191,0.17873000521264704,0.1600843186152501,0.10760585502873304,0.19985319253348766,0.2145238019730457,0.1653296276558725,0.20306823998195,0.1700338936993167,0.11922170600110764,0.1184971881670032,0.10487931287090992,0.11341124715460134,0.24110840606701556,0.09059673942743558,0.10095899404749177,0.0999634611099731,0.1459060991557877,0.15890088076538736,0.12288975428305222,0.18926459765746712,0.10309595102416237,0.23896849837246753,0.1867451835150234,0.11539709549134056,0.12306491700619311,0.12891850238911035,0.12558252469926098,0.1700769150288233,0.1863925637784076,0.0994215604624022,0.14400311646497416,0.2095648760565829,0.1701633820114393,0.12779768246654521,0.12358777638982257,0.1345632935075985,0.11372448572917403,0.12041468136535019
31.0,2.131083454722723,2.3992972928719687,2.316563064884255,2.5601014875856274,2.6456431708864656,2.5534131241959677,2.5515491021723014,2.846662801064725,2.3675682863736487,2.5842642515860894,2.583356310851003,3.083873222121646,2.40315836801959,2.799590508165384,2.6924256868261898,2.3732238280803104,2.527943588363512,3.053012233985155,2.2846430549662813,2.3296952707710785,2.920177949550206,2.542054201725898,2.7215696189762086,2.6785242664964737,2.5948118528924393,2.741004776588652,2.171124741773702,2.4013527206378233,2.317582562814823,2.520459085715719,2.5717885139160925,2.637252179560496,2.7907729644366186,2.8458830798311228,2.479136679105408,2.2240854579574116,2.629511365946751,2.5650828763468865,3.1183396610555736,2.382214075846231,2.7505235554382192,2.9597870007229368,2.4162704894362173,2.394267597120264,2.1500785633590502,2.8978025258044,2.5321576940854076,2.781202806594579,2.8097071161866363,2.627531045693906,2.6306546652712015,0.08781010348520853,0.10041409289502938,0.0976918329171306,0.14362454364668054,0.15420498692943688,0.13546961912243874,0.18872721430468747,0.10541223690262465,0.17566786147072172,0.11428601383511902,0.11955545897520077,0.12902864443006887,0.12628450539029834,0.178575414819614,0.15973388895067284,0.1073942741233066,0.19946220557836936,0.214246443233468,0.1650970906700765,0.2033020496567777,0.16972421937412183,0.11901334947857758,0.11840186008798388,0.10455175531006829,0.11323192495998025,0.24115533876856465,0.09034912381442435,0.10101831280241923,0.09982728736854099,0.1456750648829092,0.1585497378125432,0.12267179019793771,0.18926611568657717,0.1029457684129195,0.23865578860905465,0.18640472599579896,0.11511797900137494,0.12303045402107181,0.128591632938723,0.1253813354698782,0.16977931235013258,0.1862787865587277,0.09905778360411467,0.14376994893199105,0.20978757916503507,0.169672613948749,0.12753682529521418,0.12343778685177415,0.1343065072280917,0.1134368195854926,0.12004291731507002
32.0,2.129401144261279,2.396080967589581,2.314705374553909,2.5547900258319047,2.6405365721187315,2.5508041934891805,2.547127432582061,2.84073205067338,2.3652872178023165,2.579231184654023,2.5806287339502574,3.081740436708308,2.400105117643167,2.797648837656888,2.6880468604234764,2.369665103766712,2.5280414180868163,3.04543406876974,2.2824388794655657,2.325798531790996,2.913789822190737,2.539155438722535,2.7172387661869633,2.6740876218979373,2.5919786080698373,2.7386491811642477,2.1689822228485975,2.3980509386457585,2.3154617690168102,2.515482281988185,2.567039300284652,2.6339122675547895,2.78513513409325,2.8396706548973807,2.4758299359507414,2.222963541385585,2.624272384714211,2.562394570576863,3.1172275785267387,2.379315713216976,2.748015564526949,2.953821501200476,2.4130028419689125,2.3916705290903124,2.1472713526086307,2.8915142077120244,2.5294680896427506,2.7768561156190623,2.8050772997669156,2.623607573142886,2.6273850466292985,0.08765534215688738,0.10056969545386615,0.0976357757373549,0.1436404476646992,0.15416209524184335,0.13551736518684535,0.1885769615418598,0.10527868297394463,0.17535999066270339,0.11414762873449263,0.11936035805165199,0.12898882011750984,0.12622637390343883,0.17847137993245846,0.15942860686478186,0.10721298102010514,0.1991308409831969,0.21400825016626243,0.1649079005332146,0.2035937211943581,0.16946764367702152,0.11883714497399844,0.11834300724321126,0.10425450339060868,0.11308454009614641,0.24121441908714014,0.09013550489288112,0.10110692236335438,0.09972349573017737,0.14549371780995302,0.15824245305693255,0.12249023482013602,0.18935881968187582,0.10282609638065787,0.23840220881938218,0.1861153715113074,0.11486779438636413,0.12303327293697577,0.12829321278191755,0.1252145341651983,0.16953626423594273,0.18622784298367726,0.09872114311192101,0.14356849502402366,0.21007219168328672,0.16922089668240223,0.12730231179279505,0.12332637453671635,0.13408406908083326,0.11317685126611653,0.11969878598054294
33.0,2.1281578188510104,2.393186233919465,2.3133906343831896,2.549606104732926,2.6355801453370185,2.548668494162819,2.5432050398522765,2.8351096145515324,2.3634445551387024,2.574697013992847,2.5784539474362953,3.079743414092956,2.3975870157214065,2.796122667953265,2.683860545379299,2.3665467982118673,2.5289309420429817,3.0383412131797405,2.2808803186522444,2.322120731590602,2.907802092801334,2.536799514812019,2.713315166220964,2.670139057467928,2.589775303128357,2.736598596982085,2.1672940722826612,2.3950713119100313,2.3138699408356542,2.5106321630710937,2.5625047868395625,2.6309635333585875,2.7793904893895274,2.8337260192794282,2.473125732979541,2.22237990058067,2.6194606836050283,2.5602963961255525,3.1162613486830257,2.376924207572659,2.745875170827813,2.948196656900211,2.410206539307097,2.389688606199924,2.1445336542941877,2.8856912049720798,2.5272629517144294,2.7729609247276317,2.8008830562518243,2.6202469238397215,2.624732339936148,0.08753102675953471,0.10075710693368808,0.09760938360756649,0.14370183551391855,0.1541614474461447,0.1356118009957997,0.18847357416700758,0.10517211549514464,0.1751024692216642,0.11403750093669571,0.11919938030782293,0.12898752142573852,0.12620280978869172,0.1784162686883728,0.15916820680643864,0.10706169235450501,0.1988575070913051,0.21380872878708843,0.1647616097095063,0.20394060540752537,0.16926313555974926,0.11869278449674359,0.11831973481016331,0.1039881191290059,0.11296885505895027,0.24128701834304742,0.08995563450148462,0.10122453171942583,0.09965231043038442,0.14536144384549016,0.15797826340612264,0.12234513669892788,0.18953789902985368,0.10273704687906805,0.23820553267975964,0.18587538983131552,0.11464675713980599,0.12307148091750753,0.1280242055572958,0.12508241037600126,0.16934692258709255,0.18623688443680902,0.09841213484193898,0.14339910718182228,0.21041578110635334,0.1688085540706909,0.12709442619432862,0.12325250816268993,0.1338957044654232,0.11294474967934556,0.11938376846959703
34.0,2.1273094638932504,2.3905759942587523,2.312561829671065,2.5445399364594237,2.630756163057077,2.5469522500992645,2.539739582646658,2.829771492361199,2.361986421496858,2.570611799352468,2.576786177637735,3.0778620385973716,2.3955493429004453,2.7949717839810355,2.6798404389923216,2.3638230566125324,2.530540911396084,3.0317069927336036,2.2798969250541563,2.318644473568181,2.9021730375707877,2.534927377011579,2.7097620053275837,2.666628751296221,2.58814025280739,2.7348145773062575,2.1660177462743357,2.392375419353449,2.3127503313835196,2.5058978363022444,2.558165112915879,2.6283606768787084,2.7735355694028825,2.8280290580961207,2.4709607498020065,2.2222734678253384,2.6150341504356858,2.5587414244376943,3.115417572077559,2.374984780685433,2.7440652761700206,2.9428881944000995,2.4078332221899106,2.388255804064955,2.1418584818713935,2.8802885458435057,2.5254860409072655,2.769475598418699,2.7970798855119625,2.6173941380454,2.6226397282885037,0.08743720705421079,0.1009753193772304,0.09761244458838667,0.14380740083692772,0.154201653888618,0.13575077716087755,0.18841535841618356,0.10509280592407917,0.17489410546244735,0.11395624557287083,0.11907199790276966,0.12902470109417627,0.126213236220136,0.17840847671341006,0.15895247735066365,0.10694014965709628,0.19864064141095264,0.21364737577319418,0.16465781367574572,0.20434007753198993,0.16910970245077017,0.11857999005193766,0.11833116505304213,0.10375319309806487,0.11288465911209314,0.24137448643965217,0.08980927603060124,0.10137087855589177,0.09961399459096626,0.14527767610186246,0.15775645916817888,0.12223658428142964,0.1897986535307331,0.10267876914688005,0.23806357080139812,0.18568311418928654,0.1144551082207987,0.12314321533863214,0.12778559040241466,0.12498528470226758,0.16921047733629593,0.1863031292010107,0.09813130263374174,0.1432621485646942,0.21081544740226785,0.16843594868056716,0.12691344700628207,0.123215175601072,0.1337411845456136,0.11274072755620408,0.11909938031445927
35.0,2.126812064789321,2.388213151004514,2.3121619457165083,2.539581733182106,2.626046897794644,2.54560168518087,2.5366887196289607,2.8246936837644108,2.3608589399908593,2.5669256004827243,2.575579650883177,3.076076194543392,2.3939373798264767,2.7941559706667456,2.6759602385612173,2.3614480241654507,2.532800077310164,3.025504732949742,2.2794182511991474,2.3153523611220175,2.896860932687908,2.533479972338471,2.7065424697562386,2.6635068814726046,2.5870117718463588,2.733258675400881,2.165110701022036,2.389924839898789,2.312046193772589,2.501268409019434,2.5540004178486844,2.6260583980219674,2.7675669132108167,2.822559656466332,2.4692716660283196,2.222583175402243,2.610950673022711,2.5576827269580544,3.114672849263468,2.373442654327514,2.7425487823827672,2.9378718402780857,2.4058345313564917,2.387306098301246,2.13923884879592,2.875261258585194,2.524081117828114,2.7663585011906275,2.7936232874179203,2.6149942560209136,2.621050394783188,0.08737395210788482,0.10122336644500389,0.09764478549187917,0.14395586463367424,0.15428135045359126,0.13593219517832134,0.18840063787442413,0.10504104669251546,0.174733736155276,0.11390451030342277,0.11897771864199254,0.12910032849814485,0.12625712425650557,0.17844642482249565,0.15878126154020458,0.10684811711798096,0.1984787069644396,0.2135236798460258,0.16459615061255323,0.20478952792173372,0.16900638727187547,0.11849851176810414,0.11837642998709164,0.10355034517841402,0.11283176647272454,0.2414781636403647,0.08969620463974806,0.10154572951446696,0.09960884970372319,0.1452418884136823,0.15757638293627813,0.1221647054636636,0.19013647458188618,0.10265144921241018,0.23797416609651842,0.1855369341789705,0.11429311459699228,0.12324663972142814,0.12757836406112255,0.12492350981542368,0.1691261521520225,0.186423854894411,0.09787923938554487,0.14315799474912475,0.21126831112578665,0.16810348421712024,0.12675964894635355,0.12321338039757422,0.13362032946668337,0.112565040267418,0.11884717594919615
36.0,2.1266216069405512,2.3860606065538974,2.3121339678184984,2.5347217070717263,2.6214346220654594,2.5445630232900345,2.5340101094629253,2.819852188423187,2.3600082337347694,2.5635884771335045,2.574788593501278,3.074365766252805,2.3926964071456505,2.7936350129369245,2.6721936413846414,2.3593758460673993,2.535637190949302,3.019707759346643,2.2793738496150318,2.3122269976503587,2.891824054341507,2.53239824780993,2.703619745756336,2.660723626086871,2.586328174984653,2.7318924445300774,2.164530392724199,2.3876811524688257,2.311700781115026,2.496732988560492,2.5499908409730505,2.6240113966951686,2.761481059890795,2.8172976995089316,2.467995161268656,2.2232479555940112,2.6071681391826016,2.557073375131405,3.1140037807938787,2.372243050271033,2.7412885912952443,2.933123321112118,2.404162107545988,2.3867734645246514,2.1366677685234494,2.8705643714560773,2.522991943083801,2.763567997541824,2.790468761840313,2.6129923180272274,2.6199075225169746,0.08734135309346078,0.10150032047679176,0.09770627113265329,0.14414597032583756,0.1543991933441568,0.13615400154223659,0.1884277483410519,0.1050171515239233,0.1746202217725248,0.11388297794512922,0.11891608589088051,0.12921438685115966,0.12633399196290604,0.17852855708566062,0.1586544571004638,0.10678537957503494,0.1983701893042464,0.21343712345674834,0.16457630112275612,0.2052863537847956,0.16895226596829319,0.11844812630426646,0.11845466482693023,0.10338022539813621,0.11281001474798179,0.24159939177689438,0.08961620782302397,0.10174888062526118,0.09963721525107866,0.14525358972647254,0.15743742864404178,0.12212966731451833,0.19054682811944648,0.10265530950219419,0.2379351894713407,0.1854352889572049,0.11416106986073174,0.12337993966135623,0.1274035430243927,0.12489747170535903,0.16909320078102083,0.18659639129679148,0.09765658787307502,0.14308703553018337,0.2117715029508892,0.16781160776015583,0.12663330507909787,0.12324613892981996,0.13353301111168905,0.11241798461925383,0.11862875279693574
37.0,2.126694075748243,2.384081263303983,2.3124208812760068,2.529950070298994,2.6169016083852648,2.543782488309114,2.531661410812283,2.8152230059995658,2.3593804258426685,2.5605504890546715,2.5743672318206285,3.0727106380474334,2.391771705504155,2.7933686957181254,2.6685143447612796,2.3575606675151315,2.5389810034775486,3.01428939744268,2.27969327282964,2.309250986551504,2.8870206787204116,2.531623150443207,2.70095701957728,2.6582291632288015,2.5860277769616715,2.730677437957954,2.1642342775792454,2.3856059359863973,2.311657346523012,2.49228068226319,2.546116521624029,2.6221743728051163,2.7552745485202506,2.8122230723427797,2.4670679151332036,2.2242067406833153,2.60364443673187,2.556866440402499,3.113386967221944,2.3713311902881777,2.740247604736656,2.9286183634801697,2.4027675914975264,2.3865918783510303,2.134138254509653,2.866152912715053,2.522162277281184,2.761062451970693,2.7875718086497385,2.611333364325351,2.6191542945866613,0.08733952638488728,0.1018052896299957,0.0977968036769054,0.14437647938384066,0.1545538544475342,0.1364141821006005,0.18849503327235878,0.10502145581219079,0.17455244233513792,0.11389236869913079,0.11888667873912603,0.12936687088632345,0.12644340368911935,0.1786533392710578,0.15857201654821976,0.106751740722106,0.1983135941977483,0.21338718480527313,0.16459798800090966,0.20582795193515946,0.16894644557235405,0.11842863554220802,0.118565002175811,0.1032435148743647,0.11281926366492763,0.24173952493524029,0.08956908630092204,0.10198015790123736,0.09969946845538857,0.14531231932642832,0.1573390407996987,0.12213167597067202,0.1910252392422085,0.10269060856529097,0.23794453587477238,0.1853766607472273,0.11405929494981318,0.1235413187013631,0.12726216569908708,0.12490759111393343,0.16911090401957293,0.18681811356507405,0.09746404133198462,0.14304967687018436,0.2123221545686312,0.16756081184147004,0.12653468916982955,0.12331247814684375,0.13347915542979424,0.1122998976207225,0.11844575501278287
38.0,2.1269854566137374,2.382238023651886,2.312965671388007,2.525257035034646,2.6124301292698155,2.5432063041204827,2.5296002823407715,2.8107821361555625,2.3589216394286123,2.5577616959961036,2.5742697921698614,3.071090694249063,2.3911085555481515,2.7933168039368805,2.664896045989792,2.355956633705405,2.5427602660589734,3.0092229727563438,2.280306073370804,2.306406931223747,2.8824090820134036,2.5310956272555254,2.698517477468454,2.6559736709881943,2.586048892516804,2.729575208948641,2.164179811785618,2.3836607693742726,2.3118591431087205,2.4879005974653756,2.542357599136718,2.6205020262586145,2.748943918176697,2.8073156600867484,2.4664266072321372,2.2253984629527954,2.6003374534870134,2.5570149942161113,3.112799009100782,2.3706522961511447,2.7393887245361976,2.924332693960177,2.4016026239502732,2.3866953153962345,2.1316433202102183,2.861981910621064,2.521535881027074,2.758800228975601,2.7848879277167593,2.609962435176233,2.6187338940890332,0.08736861694729435,0.10213741507084816,0.09791632208653259,0.14464616750414275,0.1547440172702351,0.13671075664457827,0.18860083980961115,0.10505431706712787,0.17452929385990268,0.11393344201131868,0.11888911240058218,0.12955778499035686,0.12658496949298795,0.17881925767590579,0.15853394721615402,0.1067470215366984,0.19830744599032274,0.2133733402307754,0.16466097607804156,0.20641171254311208,0.16898806282072218,0.11843986557310977,0.1187065669199899,0.10314092687230438,0.11285939414158949,0.2418999396663585,0.08955465521576808,0.10223941808605731,0.09979602415034831,0.1454176428929082,0.15728071391213053,0.12217097670543654,0.19156727844404103,0.10275764092582809,0.23800012073656832,0.18535956863900574,0.11398813900709692,0.1237289940903461,0.12715529460503194,0.12495432516047329,0.16917856730802186,0.18708643583816997,0.09730234382349467,0.1430463430433712,0.21291739090638429,0.16735163639873063,0.12646407828689454,0.12341143383996425,0.13345874436674265,0.11221115521539429,0.11829987693302917
39.0,2.127451734938379,2.380493789994698,2.3137113234534725,2.5206328134494074,2.6080024572348335,2.5427806946065217,2.527784382712149,2.8065055785532267,2.358577997606671,2.5551721577076543,2.574450500877583,3.069485819179515,2.390652237923811,2.7934391225197457,2.66131244236885,2.354517889834982,2.5469037298576156,3.0044818108060376,2.2811418037663618,2.303677435065339,2.8779475404093366,2.530756625264138,2.696264305679268,2.6539073274548217,2.5863298363894778,2.728547310766233,2.16432445154172,2.3818072315552334,2.3122494239843205,2.4835818415048214,2.538694212846165,2.618949056962488,2.7424857079375573,2.8025553478597174,2.4660079171756606,2.2267620546851075,2.597205077264582,2.55747210801699,3.112216506983536,2.3701515896320715,2.73867485252309,2.9202420391300907,2.4006188456433404,2.3870177512761104,2.1291759790808324,2.8580063934330133,2.521056514928323,2.7567396930549544,2.7823726189120177,2.6088245708409037,2.618589504120895,0.0874288020216839,0.10249586819287086,0.09806480165501902,0.14495382133045964,0.1549683734325525,0.13704177372160567,0.18874351540533024,0.10511611543454562,0.17454968541202634,0.11400699809405729,0.11892303883802038,0.12978714176700823,0.12675834469678288,0.17902481835710038,0.15854031121650392,0.10677105892994805,0.19835028666459426,0.2133950670180034,0.16476507216518407,0.20703501387218534,0.16907628334464528,0.11848166599081607,0.11887847179909494,0.10307320799833092,0.11293030775039241,0.24208204476859768,0.08957274560778689,0.10252654954644978,0.09992733476943927,0.14556914936390697,0.1572619921262802,0.1222478541790547,0.1921685493842802,0.10285673707855017,0.23809987683263648,0.1853825626845957,0.11394798041511099,0.12394119236421675,0.12708401860676194,0.12503816916785643,0.16929551894750905,0.1873988052325719,0.09717229040238862,0.1430774790284055,0.21355432363333143,0.16718467064328232,0.1264217556893527,0.12354204940008143,0.13347181742395287,0.11215217097159301,0.11819286628488984
40.0,2.1280488961234574,2.3788114647295595,2.314600822771395,2.516067617714014,2.6036008647960793,2.542451883649606,2.526171370590128,2.802369332854557,2.3582956234909,2.552731933939222,2.574863584272429,3.0678758971605857,2.390348033277293,2.7936954363932416,2.6577372311971037,2.353198581100618,2.5513401460375635,3.000039237110233,2.282130016544139,2.301045101474575,2.873594330096995,2.5305470914862926,2.694160690459148,2.6519803107184887,2.586808923319052,2.7275552966748546,2.164625653045992,2.3800069014520906,2.3127714422619823,2.4793135217193423,2.535106502087445,2.6174701648235392,2.735896456880334,2.797922020780536,2.4657485245739412,2.22823644816289,2.594205195881037,2.558190853249904,3.111616061423333,2.3697742925031657,2.738068890526508,2.9163221255678664,2.3997678973158845,2.3874931616065176,2.1267292445771595,2.854181389409811,2.5206679395917764,2.754839208707131,2.7799813821060773,2.6078648115803036,2.618664307779026,0.0875202951036961,0.10287984783573968,0.09824225363142489,0.1452982357178132,0.15522561971560347,0.13740530566256148,0.18892140506529007,0.10520725430019943,0.17461253677028496,0.11411387913506041,0.1189881476075008,0.13005496100963243,0.12696322956387016,0.17926854677387652,0.1585912253680673,0.10682370462466824,0.19844067562119266,0.21345184666898753,0.16491012511812547,0.20769521799577387,0.16921030145159544,0.11855390950661542,0.11907981362966848,0.10304113954456894,0.1130319266272159,0.24228729068882912,0.08962320614952339,0.1028414733008601,0.10009389044773173,0.14576644861169405,0.15728246908929258,0.12236263288222904,0.19282467812995305,0.10298826364351546,0.23824175161797825,0.1854442182873501,0.11393922804268806,0.12417614468392309,0.12704945519233124,0.12515965870024973,0.1694611089422105,0.18775269623061572,0.09707472710548548,0.14314355320215297,0.21423004592544337,0.16706055487960664,0.1264080140434568,0.12370337502351887,0.133518472868654,0.11212339472501276,0.11812652721340247
41.0,2.128732925570307,2.3771539502535366,2.3155771546407156,2.511551659999176,2.5992076244692965,2.542166095132101,2.5247189046384566,2.7983493987215993,2.358020640195377,2.550391084440647,2.575463268682995,3.066240812514091,2.390141222254784,2.7940455304839187,2.65414410977323,2.351952852699064,2.555998265762864,2.9958685771873235,2.2832002642319513,2.298492533849728,2.8693077272651935,2.5304079729392077,2.6921698180574696,2.6501427988689708,2.587424468044973,2.7265607199386244,2.1650408724968653,2.378221357987633,2.3133684510538908,2.4750847454467504,2.5315746061956363,2.6160200497485664,2.7291727040824725,2.7933955639680703,2.465585109037148,2.2297605756687946,2.5912956971529253,2.5591243013596054,3.1109742729733045,2.3694656265365865,2.737533740375658,2.912548679851472,2.3990014197070466,2.388055522003313,2.1242961301548813,2.850461926810368,2.520313915624251,2.753057140430536,2.777669717169551,2.607028197655461,2.618901488160233,0.0876433502163757,0.1032885774768834,0.0984487249284572,0.1456782115428243,0.15551445565736624,0.13779944381310302,0.1891328492277287,0.10532816098794062,0.1747167767144559,0.11425497021551304,0.1190841669225517,0.13036126906570325,0.12719936908238677,0.1795489878556027,0.15868686111113234,0.1069048242699844,0.19857719021373646,0.21354316869407847,0.16509602604401638,0.2083896674908587,0.16938934051504412,0.11865649190266564,0.11930967016505072,0.10304553900262214,0.11316419387962952,0.24251717858856456,0.08970590511804423,0.10318414417704987,0.10029621923459907,0.14600916993127383,0.15734178807204321,0.12251567778855785,0.1935313038092153,0.10315262369668488,0.23842370506942584,0.18554313088395624,0.11396232274056657,0.12443208186316149,0.1270527528176641,0.12531937182541134,0.16967470847467195,0.18814560546341205,0.0970105507772588,0.14324506038861232,0.21494162847120257,0.16697998231350653,0.12642315901706452,0.12389446733702937,0.13359886861283196,0.11212531116780577,0.11810272318315543
42.0,2.129459808680244,2.3754841489637664,2.3165833043604414,2.507075152475644,2.5948050087702077,2.541869552936391,2.5233846435208727,2.794421775816379,2.3576991708341657,2.5480996689618287,2.5762037804379316,3.064560449561838,2.38997708550244,2.794449189718333,2.6505067753959035,2.350734849827088,2.5608068401975665,2.99194315655577,2.2842820993576463,2.2960023355890753,2.8650460081027456,2.530280216640149,2.6902548747236428,2.6483449699960557,2.5881147853065993,2.7255251338216406,2.165527566092755,2.376412180084655,2.313983703472194,2.4708846200248415,2.5280786645058027,2.614553411644388,2.722310988621444,2.7889558625412056,2.4654543501754813,2.2312733694854865,2.5884344688967444,2.5602255237908773,3.110267742186583,2.369170813504512,2.7370323038997366,2.908897428558833,2.3982710535559626,2.388638808082323,2.1218696492696694,2.8468030338936257,2.51993820363261,2.7513518527235648,2.7753931239730187,2.606259769327337,2.619244228361293,0.08779826647761645,0.10372130236768569,0.09868429791024344,0.14609255406743546,0.155833581697033,0.13822229395888347,0.1893761823049934,0.10547928756303354,0.1748613419468374,0.11443119995512534,0.11921086494398768,0.130706098578997,0.12746655284201014,0.1798647065085997,0.15882744443453933,0.10701429680362332,0.19875842707782748,0.21366853497954574,0.16532270866797874,0.20911568311010292,0.16961265398694703,0.11878933234310733,0.11956709758062167,0.10308726176391333,0.1133270745466198,0.24277326912018612,0.08982073258704809,0.1035545520925715,0.1005348874159857,0.14629696134860445,0.1574396423733384,0.12270739523503864,0.1942840706221366,0.10335025729294041,0.2386437080808341,0.18567791091776217,0.11401773912168292,0.12470722901794822,0.1270950933409903,0.1255179316157215,0.1699357100261143,0.1885750468901221,0.09698070874728153,0.14338252531578483,0.21568611670722665,0.16694370088424884,0.1264675133062979,0.12411438942243823,0.13371322277346567,0.11215843837792092,0.11812337981197263
43.0,2.1301855308546247,2.3737649632573343,2.317562257229529,2.50262830731413,2.590375290214577,2.5415084809448376,2.522126245901114,2.7905624638009083,2.3572773385213255,2.545807747252615,2.5770393458658343,3.062814692625615,2.3898009036664485,2.7948661990229904,2.6467989253637985,2.3494987176814557,2.565694620505764,2.9882363007340036,2.285305074449048,2.29355711009089,2.8607674487984522,2.530104769606344,2.6883790467070816,2.6465370021895565,2.5888181898433453,2.7244100915880503,2.1660431900321044,2.3745409466659457,2.3145604526290886,2.4667022527914315,2.5245988163530253,2.6130249504178096,2.7153078495747094,2.7845828016188077,2.4652929275991173,2.232713761895601,2.585579398928993,2.561447591988469,3.10947306961631,2.368835075179095,2.7365274829279578,2.9053440982679093,2.3975284396017797,2.3891769954594424,2.1194428153772304,2.8431597389184575,2.519484564223674,2.7496817100845843,2.7731071023870952,2.605504566856891,2.6196357114790083,0.08798539296407772,0.10417728658604587,0.09894909025503412,0.1465400718662772,0.15618169786970793,0.13867197193387826,0.1896497319163204,0.10566111175174596,0.1750451766614733,0.11464354089665851,0.11936805130692357,0.13108948859824837,0.12776461498923047,0.18021428857677654,0.15901325583782772,0.10715201407532385,0.19898300430064578,0.2138274647912805,0.16559014987464757,0.20987056243704014,0.16987952704480594,0.11895237406352843,0.11985112857926196,0.10316720302337692,0.11352055715937032,0.243057190956538,0.08996760282467152,0.10395272345357248,0.10081049994583514,0.1466294897588455,0.1575757760359258,0.12293823405284397,0.19507862116294436,0.10358164219706978,0.23889974145265014,0.18584717910070403,0.11410598765955934,0.12499979977054944,0.12717769457791106,0.12575600890277885,0.17024352815781027,0.18903854737461448,0.0969861983716612,0.14355650653077454,0.2164605292808331,0.16695251515276444,0.12654142115333772,0.12436221123256343,0.1338618139204835,0.11222332628192178,0.11819048769139584
44.0,2.1308660774947428,2.371959295531362,2.3184569985469548,2.4982013366853715,2.5859007413181274,2.5410291030398238,2.520901370442936,2.7867474623372552,2.35670126637094,2.54346537906288,2.577924191295322,3.0609834260272417,2.3895579573929586,2.7952563433244677,2.6429942569755616,2.3481986014589116,2.5705903578514944,2.984721335240469,2.2861987420339864,2.2911394607534636,2.8564303255411527,2.5298225788550353,2.686505520257176,2.6446690735392386,2.5894729963946355,2.723177146501942,2.16654520051333,2.372569236654313,2.3150419516367373,2.4625267510843227,2.5211152010723494,2.611389365975654,2.708159826019754,2.7802562663197254,2.4650375209182465,2.2340206851817928,2.5826883750662053,2.5627435773971308,3.1085668558156065,2.3684036333325458,2.7359821792894996,2.901864415556663,2.39672521858364,2.389604059750487,2.1170086419332086,2.839487070143828,2.5188967580042894,2.748005077011999,2.7707671522823665,2.6047076305051564,2.620019120610153,0.0882051338747559,0.10465580997725853,0.0992432548875973,0.14701957633017831,0.15655750305616684,0.13914659940043664,0.18995181884378123,0.10587413798799586,0.17526723277627465,0.11489300963651952,0.11955557890231171,0.13151148504430415,0.12809343424579286,0.1805963422719123,0.15924463034915945,0.10731788074714875,0.19924956448431402,0.2140195004753693,0.165898370435593,0.21065157953225325,0.1701892788819054,0.11914558546078662,0.12016077111786193,0.10328629990201772,0.11374465594843515,0.24337064911441786,0.09014645688747151,0.10437872266921921,0.10112370098709744,0.1470064419075129,0.15774998490445502,0.12320868697311751,0.195910591017111,0.10384729483643441,0.23918979551577674,0.18604956195937447,0.11422761713466034,0.12530798994130746,0.12730181301349794,0.126034325300494,0.17059760097383564,0.1895336426596426,0.09702806644753882,0.14376760081936263,0.2172618577446082,0.16700728827348238,0.12664525341819924,0.12463701040248493,0.1340449810119981,0.11232055504367593,0.11830610524456928
45.0,2.1314574340019323,2.3700300481829486,2.3192105136117105,2.4937844527600888,2.5813636345966096,2.540377643103726,2.51966767581005,2.7829527710874107,2.3559170774970566,2.5410226241425105,2.5788125430550224,3.059046534088524,2.389193527328146,2.795579407549287,2.6390664675298696,2.346788646356213,2.5754228033988142,2.9813715855935974,2.2868926546403014,2.2887319909750676,2.8519929145196294,2.5293745914034713,2.6845974816233382,2.642691362134889,2.590017519699821,2.7217878518274317,2.166991053734858,2.3704586289725436,2.315371453607316,2.458347222241325,2.517607957998877,2.6096013582247077,2.700863457034023,2.775956141762853,2.4646248097430323,2.2351330716267195,2.579719285124863,2.5640665514616487,3.107525701337604,2.3678217097370116,2.73535929481358,2.8984341070030464,2.3958130312406736,2.389853976571335,2.1145601423933083,2.8357400558286274,2.518118545581278,2.7462803180042203,2.768328773529436,2.6038140005330948,2.620337638851551,0.08845795399902413,0.10515616495568117,0.09956697997551446,0.14752988175985207,0.15695969479516855,0.1396442997889259,0.19028075774667919,0.10611889859702187,0.17552647084464,0.11518066670121485,0.11977334593604816,0.13197214153127396,0.12845293397413365,0.1810095000905666,0.15952195761629429,0.1075118144887391,0.19955677876254513,0.21424421391643186,0.1662474359287676,0.2114559855814015,0.1705412656454974,0.11936896160630639,0.12049500776195148,0.10344553380210308,0.11399941373696801,0.24371543310877175,0.0903572654067002,0.10483265378112598,0.10147517456343812,0.14742752622948269,0.15796211805556676,0.12351929233454206,0.1967756046072392,0.10414777148638477,0.23951187042632052,0.1862836876583989,0.11438321745380889,0.12562997066347525,0.12746874671346142,0.1263536565111349,0.1709973922896801,0.1900578737375998,0.09710740850604206,0.14401644817062412,0.21808706749631027,0.16710894407131652,0.12677941327063502,0.12493787347393658,0.1342631230085846,0.11245073337020225,0.11847236166576104
46.0,2.1319155857775063,2.3679401236092015,2.3197657877227553,2.4893678677090265,2.576746242565781,2.5395003250189094,2.5183828206662078,2.779154389713405,2.354870895013757,2.538429542241353,2.579658627473561,3.056983901131268,2.3886528941182013,2.795795176623978,2.634989254325394,2.345222997570135,2.580120708311804,2.9781603773118235,2.2873163647958137,2.2863173041539797,2.847413491922717,2.528701754268886,2.682618117054961,2.640554046066294,2.5903900744983415,2.720203760828648,2.1673382058951067,2.3681707025434138,2.315492211652992,2.4541527736002267,2.5140572264676617,2.6076156270717963,2.6934152816949957,2.771662313067033,2.4639914736836874,2.235989853513006,2.5766300169215106,2.565369585626764,3.106326206735447,2.3670345261646872,2.7346217313293737,2.8950288991849957,2.394743518312044,2.389860721537829,2.1120903302131877,2.8318737242317695,2.5170936875615166,2.744465797559605,2.7657474659988965,2.60276871720168,2.6205344492999565,0.08874438449575371,0.10567765314043057,0.09992048898291676,0.14806980606458256,0.1573869696687754,0.14016319438393993,0.19063485867292668,0.10639595512472341,0.1758218616644744,0.11550761616172725,0.12002129829437375,0.13247152054098119,0.12884308227266836,0.18145242123587227,0.1598456820832345,0.10773374648781056,0.19990335183624372,0.21450121381351384,0.1666374578504523,0.21228101055872073,0.17093488402325963,0.1196225262068453,0.12085279568216387,0.10364593300648367,0.11428490555248337,0.24409342496948813,0.09060003156965772,0.1053146622095347,0.10186564532334189,0.14789247556245005,0.15821207962925307,0.12387063612086534,0.19766927227363457,0.10448366969596433,0.2398639771631204,0.1865481820913023,0.11457342286160946,0.12596388085817464,0.12767983848179326,0.12671483592772068,0.17144239453541196,0.19060878361564446,0.09722536798477924,0.14430373731973564,0.21893309998600374,0.16725846923765186,0.12694434257091686,0.12526389756564302,0.13451669814955472,0.11261449672460525,0.11869145997702833
47.0,2.1321965182228113,2.3656524242072265,2.3200658061790564,2.4849417937028955,2.5720308377413637,2.5383433726677547,2.5170044636751463,2.7753283178772863,2.3535088420350845,2.535636193109304,2.580416670879544,3.0547754114772796,2.387881338409261,2.795863435475113,2.630736314660795,2.3434558002974217,2.58461282375451,2.97506103591359,2.2873994250283345,2.283878003688484,2.842650333939202,2.5277450144685187,2.680530612801453,2.6382073034232647,2.5905289755295757,2.7183864267696918,2.1675441131925304,2.365667036289738,2.3153474788859514,2.449932512498859,2.510443145813785,2.6053868724237197,2.685811839080133,2.76735466535115,2.4630741923503643,2.236529963123343,2.5733784582726233,2.566605751337254,3.1049449725622704,2.3659873043877244,2.733732390666111,2.89162451868048,2.3934683205368623,2.3895582702658102,2.109592218848541,2.827843103612173,2.5157659445518004,2.742519880176562,2.7629787295613313,2.6015168207719075,2.620552735052183,0.0890650289920194,0.1062195817993944,0.10030404077440165,0.14863817208077593,0.1578380242743601,0.14070139854301011,0.19101242940922997,0.10670589981946714,0.17615238860376384,0.11587500496915339,0.1202994322498547,0.13300969495424747,0.12926389208266817,0.1819237945638344,0.16021630325917885,0.10798362229849169,0.20028802809972873,0.21479015383093192,0.1670685949135387,0.21312386592215635,0.17136957547327294,0.11990633403738032,0.1212330673134349,0.10388857553073717,0.11460124298080292,0.24450660714640077,0.09087479430660358,0.10582493662058186,0.10229587941877968,0.14840105075280363,0.15849983108843074,0.12426335435741609,0.19858718858875216,0.10485562995701088,0.24024413925379995,0.18684166522547466,0.11479891555523605,0.12630781900892762,0.12793647931732968,0.12711875854451826,0.17193213242636787,0.19118391447157546,0.09738313527599624,0.14463021189280403,0.2197968762212325,0.1674569156497559,0.12714052901014014,0.12561419253896527,0.1348062228642847,0.11281250543442628,0.1189656802262525
48.0,2.1322562167391625,2.3631298523741324,2.3200535542796135,2.4804964429124134,2.5671996926391034,2.536853009932643,2.515490263500603,2.77145055524107,2.3517770416751453,2.5325926364962132,2.5810408996015974,3.052400949448374,2.38682414084752,2.795743969029214,2.626281345834752,2.341441199734842,2.588827900890989,2.9720468869173233,2.2870713878657316,2.2813966929768488,2.837661716757923,2.5264453190196052,2.6782981551122154,2.6356013122955697,2.5903725375329296,2.7162974029146802,2.1675662318255324,2.362909209134298,2.31488050841835,2.445675546275008,2.5067458553722943,2.6028697941872827,2.6780496682668957,2.7630130837340636,2.4618096453532736,2.2366923327403523,2.5699224969947325,2.567728120037864,3.103358599371188,2.3646252661783156,2.732654174652974,2.888196692067442,2.3919390786542936,2.3888805983711485,2.10705882175504,2.823603222228763,2.514079077158997,2.740400930353479,2.759978064087369,2.6000033515047667,2.6203356792050356,0.08942057001180992,0.10678126007713214,0.1007179297609164,0.14923380952454193,0.15831155680048464,0.14125701803256427,0.19141177871529455,0.1070493572707751,0.17651705066311726,0.11628402198512895,0.12060779754771853,0.13358674994728223,0.12971542128715768,0.1824223420751978,0.16063437607908648,0.10826140305246663,0.2007095989350852,0.21511074167761446,0.16754105451828621,0.21398174835847902,0.17184483108695625,0.12022047387119024,0.12163473170569976,0.10417459223350142,0.11494857927515155,0.24495707032033517,0.09118163170249342,0.10636371092182542,0.10276668550097826,0.1489530451729736,0.158825393930197,0.12469813589590222,0.19952493191941637,0.10526433761434584,0.2406503952473958,0.18716274768362484,0.1150604297047679,0.12665983417790438,0.12824011222642134,0.1275663851851438,0.17246616743877805,0.19178080519523574,0.09758194664084371,0.14499667716613482,0.22067530161024737,0.16770540280681065,0.12736851408181868,0.12598788372651815,0.13513227028056066,0.11304544268194684,0.11929738283670471
49.0,2.132050666727874,2.360335310507031,2.3196720173233696,2.4760220275083498,2.5622350797747497,2.5349754606959185,2.513797878806336,2.767497101466782,2.349621617047957,2.5292489321519676,2.5814855399683276,3.0498403993663374,2.385426582079138,2.7953965622128107,2.621598045145922,2.3391333410791444,2.592694690885327,2.969091255841476,2.286261805835806,2.2788559754173554,2.8324059165676765,2.5247436149394185,2.6758839302366586,2.6326862507730033,2.5898590752478095,2.7138982425277445,2.1673620179925517,2.359858799999898,2.314034553362371,2.4413709822664846,2.5029454944782756,2.600019092269304,2.670125308332776,2.7586174533346437,2.4601345123025715,2.236415894646688,2.5662200209043413,2.56868976317338,3.1015436877153517,2.3628936333086226,2.7313499851191505,2.8847211459238333,2.390107433403459,2.3877616814696925,2.104483152388362,2.8191091083404527,2.511976845989917,2.7380673125887585,2.756700969447571,2.5981733496612462,2.619826464855269,0.08981177574701658,0.10736199498377498,0.10116248607828486,0.14985555759104502,0.15880626922762328,0.1418281454645446,0.19183122049076595,0.10742698620637477,0.17691486629701042,0.11673589666956018,0.12094650091773028,0.13420278526680782,0.13019777278076927,0.18294682297539172,0.16110051134643666,0.10856706706034366,0.20116691125789699,0.21546274916301553,0.16805509437279462,0.21485184459839093,0.17236019706779915,0.1205650719323668,0.12205667660353227,0.10450517018650082,0.11532711522043869,0.24544702112852676,0.09152066466280649,0.10693126639623883,0.10327891583613356,0.14954829017014773,0.15918885286738124,0.12517572561647894,0.20047806526688663,0.10571052500827821,0.2410808019422278,0.18751002753925228,0.11535875587034293,0.12701791620912614,0.1285922364533544,0.12805874705489798,0.1730441031324354,0.1923969893083844,0.09782308297374132,0.1454040074386185,0.22156527219273878,0.16800512036262064,0.12762890195689924,0.1263841153118672,0.13549546827955022,0.11331401236101057,0.11968901210121002
50.0,2.1315358535902664,2.3572317010030064,2.3188641806093218,2.471508759661387,2.557119271664046,2.532656948839992,2.511884968256054,2.7634439562164417,2.346988691267626,2.525555139826413,2.581704818308362,3.0470736455529894,2.3836339427502784,2.79478099995247,2.616660109892957,2.336486369527098,2.596141944901565,2.966167468204462,2.284900231466402,2.2762384544082876,2.8268412095572737,2.522580849245159,2.6732511244241683,2.6294122969453384,2.5889269034135953,2.7111504988729846,2.1668889278920065,2.3564773878093277,2.3127528668301816,2.4370079278110968,2.4990222024668083,2.5967894665765887,2.662035298355203,2.7541476592717626,2.4579854728084487,2.2356395811249987,2.5622289178179614,2.5694437521885476,3.0994768381478814,2.3607376275508294,2.729782723893863,2.881173606827614,2.387925025523528,2.3861354951772857,2.1018582242041886,2.8143157902061415,2.5094030116514268,2.735477391380774,2.753102945512569,2.595971855502307,2.6189682750997125,0.09023950718471266,0.10796108712384922,0.10163807578778167,0.15050226821121768,0.1593208701787264,0.14241285681561036,0.192269078927238,0.10783948144559977,0.17734487801686274,0.11723189737585428,0.12131571006219195,0.13485791790364318,0.13071109448778967,0.18349603832646755,0.16161537623871006,0.10890061183323237,0.201658877403244,0.21584602327043387,0.1686110242301529,0.215731337322474,0.17291528080124,0.12094029589584897,0.1224977713017986,0.10488155630138704,0.1157371057370985,0.24597878980147309,0.09189206087403837,0.10752793398815984,0.10383346754414528,0.15018666146679122,0.15959035949268244,0.1256969280752531,0.2014421384325174,0.1061949738330284,0.24153343836640753,0.18788208729807113,0.11569474579456906,0.12737998506760786,0.12899441219443658,0.1285969506204243,0.17366559136761595,0.19302999325379555,0.0981078683934983,0.14585315399954513,0.22246368231701932,0.1683573307199884,0.1279223693338824,0.12680205447152385,0.13589649703328577,0.11361893678282989,0.12014309979362149
51.0,2.130677301334363,2.353789940491202,2.3175857660818977,2.466946533706053,2.5518379186286655,2.5298562670543063,2.509717662945183,2.7592717368845543,2.3438379834360785,2.521473099854282,2.5816623110840067,3.044084682062868,2.3814035472693407,2.7938656574643477,2.6114464654573557,2.333465117003763,2.5991153625584493,2.963253158680966,2.2829330038329263,2.2735277267069667,2.820936587472189,2.519912028051126,2.6703702970743928,2.6257415288510497,2.587527274535798,2.7080246004059307,2.1661134130183384,2.3527353561882864,2.3109915811759065,2.4325758291879636,2.494959630011527,2.5931459413586944,2.6537769944579286,2.749586977488235,2.4553159386098677,2.2343175244957356,2.5579171815479547,2.5699537169226523,3.0971391798974395,2.3581149111813846,2.7279229103224565,2.8775344048231233,2.385354821217442,2.3839511946951,2.0991745927459355,2.809189485935934,2.5063148001343114,2.732598894992394,2.749150429636245,2.5933570170828264,2.617715059404024,0.09070396527046559,0.10857802393274663,0.10214495318998681,0.1511732479474707,0.15985432686827933,0.14300981348827865,0.19272407057354804,0.1082872709307367,0.1778068069845948,0.1177728413679946,0.12171578546007542,0.13555188346623123,0.13125553366700268,0.1840688575837322,0.16217927436062132,0.1092624510312995,0.2021849989359502,0.21626052466293844,0.1692087279736993,0.21661838919269855,0.1735096847442387,0.12134631205498854,0.12295694537535265,0.105304976272338,0.11617899147920886,0.24655406539586952,0.09229541258369364,0.10815381368573804,0.10443071152563552,0.15086790556469237,0.16002995290131614,0.12626196614154464,0.20241372243137828,0.10671800956291892,0.2420069026861102,0.18827835105088095,0.11606917787715744,0.12774530244683552,0.12944774940327172,0.12918156069516193,0.17432997552715795,0.1936780992768087,0.09843751125264517,0.1463447098827048,0.22336872665548507,0.16876284227425636,0.12824931372294637,0.12724074055603596,0.13633598423299487,0.11396099614471106,0.12066136447403339
52.0,2.1294786883947756,2.3500130025287143,2.3158434422672793,2.462323972631923,2.5463901822140627,2.526582483256683,2.507295983695868,2.7549795317953425,2.340183596606833,2.5170117749095895,2.5813589952922675,3.040873941881505,2.3787408950935487,2.792653271123093,2.605956949551678,2.3300771623474517,2.601628437293466,2.960343198570582,2.2803736082011152,2.270711362506901,2.814703904284486,2.516748393859746,2.667241500187905,2.621683624323156,2.5856631921841906,2.7045264763477923,2.1650379060500122,2.3486383075741277,2.3087583457214658,2.42806548844149,2.4907554731403967,2.5890948382362335,2.6453510209496485,2.744932247222683,2.4521462499609354,2.2324646572304943,2.553293229889996,2.5702255207931124,3.094529956894738,2.3550329084938375,2.725771533814955,2.87380228382029,2.38240508854354,2.381218653565534,2.0964129819079176,2.8037411730446,2.5027232989652273,2.7294370067443547,2.7448536091058315,2.590339413633145,2.616063832709535,0.09120236791181086,0.10921307189136634,0.10268280970597067,0.15186958531010492,0.16040662032245023,0.14362009393932487,0.19319644340055145,0.10876959507345606,0.17830302937773518,0.11835761267972518,0.12214766053117818,0.13628282510735143,0.13183109138524127,0.18466427641559013,0.16279087020745656,0.10965461888714706,0.20274692179023682,0.21670641036424504,0.16984620694294758,0.21751508954011572,0.1741427822523928,0.12178314096974457,0.1234334300806268,0.10577638213215572,0.11665377461371837,0.24717153834149933,0.09272784322828725,0.10880790313863797,0.1050687574032638,0.15159109932926093,0.16050699210857236,0.12686851837711835,0.20339351904745437,0.10727795524648305,0.24250180259386708,0.18870170280434123,0.11648233041622226,0.12811880060084546,0.12995134925277857,0.12981070834958996,0.17503519197198247,0.19434265573932552,0.09881262364069025,0.1468775610633815,0.22428380025297376,0.16922040516292908,0.12860875512338868,0.12769861363748933,0.13681418662478878,0.11434116156977121,0.12124196782271184
53.0,2.1279532318128638,2.345911874904685,2.313656614337132,2.4576293815923376,2.540778601771625,2.5228572341720232,2.504628423761879,2.750571047005523,2.33605322982129,2.5121919082512405,2.580805198063861,3.037445967727133,2.3756635294423445,2.7911551675930126,2.60019662797135,2.326340771124802,2.6037116109987988,2.9574367683291127,2.277252316384267,2.2677779253606287,2.8081657295229476,2.5131152482704713,2.6638721589154986,2.6172601611433666,2.5833505976946665,2.700670931111197,2.1636738349615086,2.3442006491071194,2.3060736890307134,2.4234680465573764,2.4864109392199696,2.584652803172523,2.6367588191853644,2.740183698537715,2.4485134792445105,2.2301111118386565,2.548375586635635,2.5702755856118467,3.091652941746053,2.3515114842860076,2.723337201297491,2.8699805911954193,2.3790954210239392,2.3779629249162926,2.0935516576722346,2.7979930188980995,2.498653061054807,2.726006273721852,2.740233608691878,2.586942732177479,2.6140223763264405,0.09173113712570509,0.10986669000069477,0.10325120377958723,0.15259285546181514,0.16097801262173234,0.1442454121794526,0.19368686004588687,0.10928540988996766,0.17883667461311312,0.11898459785056874,0.1226124516743065,0.1370484795449591,0.1324377445889629,0.18528133302843566,0.16344842517307312,0.11007962454582301,0.20334691248148495,0.21718394128371984,0.17052098383842867,0.2184245397948531,0.17481391426132725,0.1222507882567144,0.12392655592567738,0.10629670675331823,0.11716263869640292,0.2478291295517178,0.09318584906944258,0.10948890027186535,0.10574513333203672,0.15235518361602715,0.16102066805414997,0.12751359881220337,0.20438329099325148,0.10787261214617341,0.24301929832263092,0.18915598344991716,0.11693437859260317,0.12850695135914308,0.13050382490701964,0.13048189958026543,0.1757788353007953,0.19502582093013482,0.09923368322355004,0.14745017068870148,0.22521364321857665,0.16972826853781434,0.12899938413956447,0.12817396253759755,0.13733128145644474,0.11476049122183538,0.1218821655251501
54.0,2.126114148629935,2.3414975454082256,2.3110446874630886,2.4528510657406755,2.5350057166527282,2.5187021565252437,2.501723476397067,2.7460499885717713,2.331474582120832,2.5070342431380856,2.5800112465294607,3.0338053023180076,2.3721889935351848,2.789382673538385,2.594170566511744,2.3222742089024235,2.6053953255666076,2.954533048412378,2.273599400195676,2.264715978820719,2.801344632716273,2.5090378928827595,2.660269698407981,2.6124927170933967,2.5806054324031047,2.6964727691087695,2.162032627727307,2.3394367879275166,2.302958139667519,2.4187746445213403,2.4819272356167823,2.579836482130932,2.6280018305200477,2.7353415614959116,2.444454698843457,2.2272870208296247,2.543182775576419,2.5701203331908076,3.0885119070576086,2.3475705033557177,2.7206285196962563,2.866072674324816,2.375445412180805,2.374209061875065,2.09056888602093,2.79196719086236,2.4941286393136637,2.722321243010098,2.735311553164933,2.5831906597400667,2.6115984715649336,0.09228662474728422,0.11053933884810507,0.10384970559121377,0.15334468522447972,0.1615687998967273,0.14488752531622978,0.1941960217321342,0.10983369031083834,0.17941098712609568,0.11965217346788447,0.12311133129558562,0.13784656705664,0.13307548947878242,0.1859190789584694,0.16415021387758683,0.11054007057744573,0.2039873425784109,0.21769344589888032,0.17123057246180814,0.21934987553808552,0.175522453470127,0.12274928678210176,0.12443567949964238,0.10686694896893721,0.11770681714562406,0.24852473474605422,0.09366590417137957,0.11019547064132618,0.10645734411486729,0.15315913492453598,0.16157017475268126,0.12819418367108465,0.20538483126329887,0.10849975699858741,0.2435606161379819,0.18964515408105126,0.11742552704592987,0.12891639928269216,0.13110380284216397,0.13119261716849773,0.1765585079297941,0.195729812058096,0.09970119308216893,0.14806100470178052,0.22616304637414833,0.17028470621089878,0.12941990475574108,0.12866506664515925,0.13788747604118223,0.11522010274296633,0.12257919429570026
55.0,2.1239746558872965,2.336781001828481,2.30802706681681,2.44797733023027,2.529074066208785,2.5141388870412635,2.4985896348552217,2.741420062550807,2.3264753525468382,2.5015595228289835,2.578987467819797,3.0299564883724015,2.3683348305915124,2.7873471156235134,2.587883830968258,2.3178957412469625,2.6067100228890765,2.9516312192762006,2.2694451314486686,2.261514086439701,2.7942631833932277,2.504541629296073,2.6564415438161375,2.607402869954933,2.577443637645392,2.691946794753114,2.1601257123218565,2.3343611311755748,2.299432226195747,2.413976423319086,2.4773055696973643,2.574662521074788,2.619081496308675,2.730406066159838,2.440006981140675,2.224022516712791,2.537733320503868,2.5697761853419028,3.0851106254356635,2.343229830500813,2.717654095937405,2.86208188058481,2.3714746555362742,2.3699821175695712,2.087442932936088,2.7856858563033433,2.489174586652421,2.71839646169431,2.730108567295505,2.5791068833451165,2.60879989973524,0.09286508994223733,0.11123148640174624,0.10447789543694824,0.15412675276550764,0.1621793119012688,0.14554824164844013,0.19472466654930767,0.11041343000079051,0.1800293307887294,0.12035871001144087,0.12364552981691432,0.13867478207035996,0.13374434079872563,0.18657657353248175,0.1648945232682256,0.1110386599443204,0.20467068343014283,0.21823531207726182,0.1719724720520192,0.2202942628923018,0.17626779845396706,0.12327869258817131,0.12496018194985814,0.10748817309861325,0.11828758643137899,0.24925620777881896,0.09416444287205257,0.11092623775272296,0.10720286165977573,0.154001956598374,0.16215470175600577,0.1289071999536242,0.20639995977795472,0.1091571369317442,0.2441270513249282,0.1901733081898436,0.11795600568717685,0.129353996793759,0.13174991124313248,0.1319403076341182,0.17737180869491298,0.1964569132140792,0.10021568535202648,0.14870851971336446,0.22713684576119775,0.1708880169190975,0.1298690197829278,0.12917018401170569,0.13848301726062315,0.11572118436370914,0.12333026285156574
56.0,2.1215479706262896,2.3317732319545845,2.3046231575699463,2.4429964802144655,2.5229861897911605,2.5091890624449746,2.4952353923901396,2.7366849749993256,2.321083240140731,2.4957884905828296,2.5777441890655384,3.0259040686085372,2.364118583830769,2.7850598205126786,2.5813414871362825,2.3132236337250274,2.607686144858355,2.948730461376404,2.2648197819565548,2.2581608117701415,2.7869439510825287,2.4996517591098804,2.652395120290784,2.6020121975096853,2.573881154757406,2.6871078124568815,2.1579645167196793,2.328988085991584,2.295516477179247,2.4090645239363386,2.472547148828302,2.5691475659674596,2.6099992579062086,2.725377442592104,2.4352073985190086,2.220347731997551,2.532045745209535,2.5692595638770723,3.081452869486457,2.3385093305191034,2.7144225369471053,2.8580115573517104,2.3672027446124773,2.365307145127522,2.084152064399752,2.7791711825869947,2.4838154559816923,2.714246476859663,2.7246457758541487,2.5747150900168387,2.605634442147541,0.09346267799898594,0.11194361305622598,0.10513536182204175,0.1549407863369405,0.1628099114097342,0.14622942778304254,0.1952735678040912,0.11102364095017239,0.1806951924040251,0.12110257548529617,0.12421633790529066,0.13953078438326383,0.13444433049146878,0.18725287830538784,0.165679651377905,0.11157820098867681,0.20539950078131455,0.21880997940742258,0.17274416147298557,0.22126089472354046,0.1770493678648166,0.12383908061306863,0.12549946727212427,0.1081615075036018,0.11890625924512942,0.2500213445728929,0.09467784273653182,0.11167977387630533,0.10797911598880755,0.15488266991557356,0.16277342672922884,0.12964951450951703,0.2074305198187718,0.10984246445976122,0.24471997073226032,0.19074468201700007,0.11852606567101151,0.12982683269398862,0.13244076910397967,0.13272236852804395,0.17821632165833642,0.19720948217665712,0.10077772410663173,0.1493911514487078,0.228139916684739,0.17153652395706162,0.1303454175071426,0.12968753997319651,0.13911819951340837,0.11626500435466923,0.12413254341019185
57.0,2.1188473098882468,2.326485223575623,2.3008523648941464,2.4378968208466247,2.5167446267512505,2.503874319461283,2.4916692422556403,2.7318484319740315,2.315325943943873,2.489741889658487,2.5762917373973853,3.0216525857446888,2.3595577964724055,2.782532114870168,2.5745486008112106,2.3082761519032498,2.6083541333666416,2.945829955168791,2.2597536235326436,2.254644718364589,2.7794095053129366,2.4943935839236446,2.6481378529827255,2.596342277539363,2.5699339250750195,2.681970626632677,2.1555604688952243,2.3233320595157623,2.2912314211818816,2.4040300873587848,2.4676531803760793,2.5633082627722805,2.600756556667656,2.720255920855282,2.4300930233613416,2.2162927991932717,2.5261385734849506,2.5685868906082456,3.077542411816249,2.333428868208424,2.7109424496515215,2.853865052001826,2.3626492729315824,2.360209197676611,2.0806745463939973,2.7724453370792714,2.4780758002121006,2.709885835591382,2.7189443036114223,2.570038966779478,2.602109880112056,0.09407540032419985,0.11267621593762288,0.10582169926877594,0.15578856202007887,0.16346099341658174,0.14693301474254516,0.19584353248709382,0.11166335283302772,0.1814121842025455,0.12188213884749022,0.12482510893169295,0.14041219093673799,0.13517550567967102,0.18794705141314666,0.16650390574348442,0.11216161034071107,0.20617644921743764,0.21941793201754167,0.1735430932378923,0.22225298665766824,0.17786659471850874,0.12443054023164178,0.12605296036720737,0.10888814215407826,0.11956417770040892,0.2508178676961361,0.09520240789005815,0.11245459134837973,0.10878348675800414,0.15580030500856773,0.16342550818991666,0.1304179235816274,0.20847837416744158,0.11055341258369301,0.24534081490725657,0.19136366300649282,0.11913597559217438,0.13034225370629743,0.1331749759866464,0.13353613601098907,0.17908960502168017,0.19798995606356956,0.101387907541795,0.1501073038055958,0.22917716729810794,0.1722285741741392,0.13084775960890366,0.13021531619331875,0.1397933711403871,0.11685291879985531,0.12498316376822945
58.0,2.115885890714462,2.320927964480764,2.2967340939610508,2.4326666572801035,2.510351916440432,2.4982162948151028,2.487899677705533,2.7269141395315906,2.3092311629976887,2.483440463314815,2.574640439946058,3.0172065824990932,2.3546700117358728,2.7797753253602693,2.5675102377884484,2.3030715613482573,2.608744430306087,2.942928881109193,2.254276927990218,2.2509543697755836,2.771682415613197,2.4887924053368047,2.6436771670427577,2.5904146878256533,2.565617889934126,2.6765500416931327,2.152924996822953,2.3174074588884093,2.2865975867675283,2.3988642545721497,2.4626248717072876,2.557161257452593,2.591354833947968,2.71504173101196,2.4247009280505565,2.211887850809382,2.5200303291216555,2.567774587347361,3.0733830250312817,2.328008308366599,2.7072224409768273,2.849645711911469,2.3578338340157163,2.354713328344544,2.0769886449009114,2.7655304871461004,2.471980172254291,2.705329084974672,2.713025275337837,2.5651022006572397,2.5982339949389868,0.09469911557846208,0.1134298124679311,0.1065365058382313,0.15667190040495546,0.16413298410199023,0.14766100301469778,0.1964353999225874,0.11233161210966909,0.1821840452400387,0.12269577321778202,0.1254732616430055,0.14131656809009663,0.13593792592442516,0.18865814177935125,0.1673656014575686,0.11279191362877625,0.20700426636648173,0.22005969183007604,0.17436668733447883,0.22327377290868766,0.17871892074346588,0.12505317065202187,0.12662010482288408,0.10966932516627892,0.12026270659499505,0.25164341162758497,0.09573435266061385,0.11324913436136624,0.10961329525577918,0.1567538915431716,0.16411007845697084,0.13120914280775134,0.20954540087686827,0.11128761001938177,0.24599109981834472,0.19203479628293185,0.11978601795805106,0.13090787858272282,0.1339511024200384,0.13437887266732496,0.17998918005826195,0.19880085580723741,0.10204686949107718,0.1508553385450182,0.23025353175853713,0.17296253629573138,0.13137467045682072,0.1307516400801859,0.14050893931912561,0.11748637763735927,0.12587920000177033
59.0,2.1126769301462724,2.315112442459121,2.292287749942326,2.4272942946682488,2.503810598210106,2.492236625231346,2.4839351919936314,2.7218858037287523,2.3028265963435466,2.4769049548107205,2.5728006238422347,3.012570601590026,2.349472772840612,2.7768007786472753,2.560231463863362,2.2976281276266692,2.6088874775688726,2.9400264196534236,2.24841996714261,2.2470783295556926,2.7637852515120285,2.482873524948842,2.6390204876216967,2.5842510061502564,2.5609489906706044,2.6708608620508625,2.1500695284773634,2.3112286912497777,2.2816355025000488,2.3935581665621712,2.457463430188456,2.5507231959717513,2.5817955311021294,2.709735103124714,2.4190681849695017,2.207163019355248,2.513739535911185,2.5668390759063398,3.068978481737801,2.3222675157914425,2.7032711178491784,2.8453568844569492,2.352776021387027,2.348844590259052,2.073072625902541,2.758448800153444,2.4655531250188405,2.7005907720947295,2.7069098158039364,2.5599284786743457,2.5940145679385322,0.09532951191632856,0.11420494317761339,0.10727938036499743,0.15759266210567133,0.1648263395105632,0.14841546648188272,0.19705004067525544,0.11302748083217624,0.18301464155594885,0.12354185881306046,0.126162282993595,0.14224142435655818,0.1367316597036662,0.18938518311672367,0.1682630587953494,0.11347224384642601,0.20788576675548756,0.22073581216322313,0.17521232479941698,0.22432650190349074,0.17960579074043412,0.12570707620837096,0.1272003603902131,0.1105063582297861,0.12100322674332883,0.2524955087740969,0.09626978551391407,0.11406177125522352,0.11046579686233957,0.15774244907454368,0.16482623684868453,0.1320197976907996,0.21063348861044742,0.1120426365647825,0.24667241812597848,0.19276278902970895,0.12047648597390226,0.13153160424221147,0.13476768095855501,0.1352477555102915,0.18091251999695826,0.19964478940097918,0.1027552802664052,0.15163356562702063,0.23137396299216725,0.17373679849510038,0.13192472791624016,0.1312945745930328,0.1412653733749638,0.11816692886911402,0.12681766981396733
60.0,2.1092336452250096,2.3090496452998104,2.2875327380095998,2.4217680381644184,2.497123211411651,2.4859569474349175,2.4797842783737187,2.716767130622179,2.2961399430228333,2.4701561074050513,2.5707826162166283,3.007749185735722,2.343983623006076,2.7736198013954914,2.552717344831362,2.2919641163051043,2.6088137170471684,2.937121751257299,2.2422130128031332,2.24300516125745,2.755740582538172,2.4766622443592077,2.6341752398703284,2.5778728102949082,2.5559431686203364,2.6649178921184955,2.147005491832932,2.3048101637401177,2.276365696943301,2.388102964314524,2.4521700631861187,2.5440107242930994,2.5720800894851346,2.704336267256148,2.4132318665010706,2.2021484373402713,2.507284717645083,2.565796778097129,3.0643325545420494,2.3162263552807985,2.6990970871947404,2.841001917014591,2.3474954285676626,2.3426280365478167,2.0689047553809585,2.7512224434672397,2.458819211416404,2.695685444036753,2.700619049780277,2.554541487855014,2.5894593804208887,0.09596209033804899,0.11500217373949786,0.10804991940369973,0.1585527419789691,0.16554154386974648,0.14919855515424918,0.1976883557949912,0.11375003508895548,0.18390796490144115,0.12441878552866908,0.12689373103339852,0.14318420359439454,0.1375567800458193,0.19012718767108047,0.16919460032062603,0.1142058371938636,0.2088238351821447,0.22144687154381007,0.17607734097749322,0.2254144316638902,0.1805266468731732,0.12639236159408254,0.12779320013555648,0.11140059079440338,0.12178712836250688,0.25337157631595647,0.09680469333947998,0.11489078733446338,0.11133817397590666,0.1587649769843967,0.16557304315786067,0.13284641457632373,0.2117445314838925,0.1128160186102756,0.24738643992170298,0.19355251259910794,0.12120768065746375,0.13222160334254257,0.13562319796707384,0.1361398641479227,0.181857038820852,0.20052445382187953,0.10351384677059877,0.15244023420104444,0.23254342509855716,0.17454976510872663,0.1324964558577586,0.13184210853035663,0.14206320640175996,0.11889622078768942,0.1277955265478934
61.0,2.1055692529919803,2.3027505607919823,2.2824884633345413,2.416076192921961,2.490292295396463,2.479398898150736,2.4754554300996263,2.711561826268586,2.289198902076963,2.4632146643566744,2.5685967441999127,3.0027468776544395,2.3382201054516987,2.7702437202691748,2.5449729464878357,2.2860977929502195,2.6085535906331545,2.9342140563766383,2.2356863367850703,2.238723428433423,2.747570978220394,2.4701838651673644,2.6291488489394363,2.571301678041266,2.5506163651191995,2.658735936308648,2.1437443148641253,2.298166283499704,2.2708086986611464,2.3824897888149197,2.4467459780668173,2.537040488379983,2.56220995045193,2.6988454534688326,2.4072290450281297,2.196874237273847,2.500684398114883,2.5646641157316457,3.0594490160502863,2.3099046916324797,2.694708955939693,2.8365841569606984,2.342011649079739,2.336088720338539,2.0644632993182466,2.7438735844534596,2.4518029843575944,2.690627647885962,2.6941741020373984,2.54896491522348,2.5845762136962787,0.09659214922042567,0.1158220961772419,0.10884771388609006,0.159554061874068,0.16627910745029523,0.1500124966182628,0.19835127648325435,0.11449836299908242,0.18486812978152642,0.1253249550513668,0.1276692376858391,0.14414227868395693,0.1384133592468031,0.19088313966508663,0.17015854733206495,0.11499602616365077,0.2098214194096969,0.22219346754125027,0.1769590183931056,0.22654082487290172,0.18148092277666014,0.12710912708142583,0.12839810726637454,0.11235341282135966,0.12261580446660789,0.2542689039829716,0.09733492624716987,0.11573437824698135,0.11222752944307149,0.15982044388757288,0.1663495114153211,0.13368541221417007,0.21288042333264826,0.11360522478589472,0.2481349128114057,0.19440900213154044,0.12197990827549042,0.13298631265262587,0.1365160862587578,0.13705216909862147,0.18282007998577315,0.20144263548539829,0.10432331176986667,0.15327352426312743,0.2337668853981665,0.175399852356047,0.133088318600814,0.1323921474771917,0.1429030350216493,0.11967600200358443,0.12880965388013693
62.0,2.1016969704885113,2.2962261767247445,2.277174331088793,2.4102070640942306,2.483320389515925,2.4725841141036864,2.4709571404251434,2.7062735967246705,2.28203117254734,2.4561013689244837,2.566253334922818,2.9975682200644296,2.332199763396936,2.7666838619326377,2.537003334628183,2.2800474231285928,2.608137540218988,2.9313025154672543,2.2288702109017406,2.234221694636141,2.7392990080874067,2.4634636889727703,2.623948739979853,2.564559187171058,2.5449845215030633,2.652329799033959,2.1402974255454166,2.2913114576687845,2.2649850362174484,2.376709781049088,2.4411923821971,2.529829134195746,2.5521865553575056,2.6932628918253627,2.4010967929335645,2.191370551665353,2.4939571011121373,2.563457510621824,3.054331638868752,2.3033223896443107,2.690115331010175,2.8321069516715913,2.3363442764454323,2.329251694758943,2.0597265236964355,2.736424390478015,2.44452899675303,2.685431930727545,2.687596097345826,2.543222447803949,2.5793728490749004,0.09721477017368707,0.11666532917643872,0.10967234548718169,0.1605985616965164,0.16703956384232138,0.1508595961007063,0.19903976426231706,0.11527156213829733,0.18589936847871283,0.1262587823557227,0.1284905111707972,0.14511294576845912,0.13930146259143777,0.19165198841235434,0.1711532154612924,0.11584622958220227,0.21088152192876386,0.22297621036805926,0.1778545791577026,0.22770894350809268,0.18246803733160613,0.1278574637727766,0.12901457164920213,0.11336624582496896,0.12349064419280216,0.2551846428915578,0.09785618316193498,0.1165906439738076,0.11313088057129195,0.16090777637721104,0.16715460393133502,0.13453309402847866,0.21404305130677326,0.11440766172916109,0.24891966117055997,0.195337453399968,0.12279347806608534,0.13383441157887227,0.13744471878337783,0.13798152027183838,0.18379890511740646,0.20240220902487083,0.10518445214398721,0.15413153900231058,0.2350493060814829,0.176285482892359,0.1336987175851021,0.1329425056880033,0.14378551703876957,0.12050811898085398,0.1298568612148062
63.0,2.0976300147559246,2.2894874808872165,2.2716097464440033,2.4041489568345753,2.4762100331214154,2.4655342320186917,2.4662979026040923,2.7009061480471197,2.274664453475311,2.4488369643673273,2.5637627155160168,2.9922177556839378,2.325940140061247,2.7629515530501583,2.528813575047786,2.2738312724068948,2.607596007696857,2.928386308984983,2.221794906966464,2.2294885234181683,2.730947241667962,2.4565270173748934,2.6185823381423745,2.557666915465977,2.5390635791078426,2.645714284707049,2.1366762518512985,2.2842600933876347,2.25891523817607,2.370754082002742,2.435510482943521,2.52239330770373,2.5420113455568516,2.6875888123883134,2.3948721826002184,2.1856675130241787,2.4871213504283562,2.5621933845796026,3.048984195603707,2.2964993141141385,2.6853248193323798,2.827573648523583,2.3305129041868766,2.322142012936727,2.054672694497628,2.7288970289068906,2.4370218015133314,2.680112839646704,2.6809061604760993,2.5373377726206403,2.5738570678669475,0.09782480547207936,0.11753251739574107,0.11052338269830815,0.16168818851775316,0.16782346648685506,0.15174223503702947,0.19975481172121756,0.11606873624603802,0.1870060236357925,0.12721869640032918,0.12935933773510286,0.14609341919354193,0.14022114099322538,0.1924326410891768,0.17217690917802883,0.11675993925025079,0.21200719045161814,0.22379571591929662,0.17876117683748013,0.22892204287071813,0.18348738791179814,0.1286374489246834,0.1296420860625867,0.11444053183904954,0.12441302594940354,0.25611579560908676,0.09836399866342042,0.11745758349287098,0.11404515385191905,0.16202584695599817,0.16798722557724968,0.13538564127775765,0.21523428866393896,0.11522066994636351,0.24974258434655666,0.19634321652801676,0.12364870017732245,0.1347747902154896,0.13840740364736254,0.1389246356633414,0.18479068281132324,0.20340613411550615,0.10609807585017612,0.15501229787614385,0.23639563535551325,0.1772050789914825,0.13432599062767553,0.13349089929397176,0.14471136665653445,0.12139451070236047,0.13093387980891655
64.0,2.0933816028355556,2.2825454610685556,2.2658141145718202,2.397890176296347,2.468963765564335,2.4582708886206524,2.4614862098902752,2.6954631862926433,2.2671264439023093,2.4414421939440984,2.561135213110223,2.9867000272312394,2.3194587786640453,2.7590581202860407,2.520408733542046,2.267467606351713,2.6069594349589114,2.925464617385621,2.2144906967925375,2.2245124783320542,2.7225382484907974,2.4493991519731804,2.6130570685777923,2.5506464407077365,2.532869479269399,2.638904197740522,2.1328922217562334,2.2770265977965143,2.2526198331008747,2.3646138326615707,2.4297014876726046,2.514749654867301,2.5316857624049303,2.681823445220275,2.388592286410979,2.17979525385974,2.4801956698550938,2.5608881594169044,3.0434104588613833,2.289455329839757,2.6803460278324605,2.8229875948929863,2.324537125826222,2.3147847279995872,2.049280077703868,2.7213136671060107,2.429305951549119,2.6746849217286623,2.6741254161987675,2.53133457669778,2.568036651382635,0.09841686743048225,0.11842432963880554,0.11140037660387384,0.16282488340580953,0.16863138426446458,0.15266286802211018,0.20049744389860086,0.11688899102678733,0.18819253787420795,0.12820313980347825,0.13027758224625355,0.1470808273482221,0.14117242245924475,0.19322395517142094,0.17322791489405984,0.1177407027487267,0.2132015067140253,0.22465259784181085,0.17967588771127932,0.23018336477610205,0.18453834286413348,0.12944914137862393,0.13028014225612547,0.11557771983917582,0.12538431024190375,0.2570592076550529,0.09885373170929702,0.11833309019522731,0.11496718058270232,0.1631734609765188,0.16884621823685522,0.1362391073547839,0.21645598658987578,0.11604151972879258,0.25060565352603975,0.19743178615754012,0.12454588371494642,0.13581650633618172,0.13940238084216314,0.1398780903566634,0.1857924777383758,0.20445744997729567,0.1070650172446155,0.15591373048094828,0.23781079790277806,0.17815705412236782,0.13496841419623795,0.13403494134980515,0.1456813468320022,0.12233719998958958,0.13203735967903524
65.0,2.088964951768709,2.275411105057868,2.259806840643888,2.3914190276328977,2.461584126196063,2.450815720634493,2.4565305555374986,2.689948417517936,2.259444842869709,2.433937800913643,2.5583811548361317,2.9810195774245747,2.3127732224248017,2.75501489030456,2.5117938759063456,2.260974690529704,2.606258263897349,2.922536621124995,2.2069878521932638,2.21928212293035,2.7140945980846753,2.442105394367108,2.607380356436918,2.5435193406780283,2.526418163323605,2.6319143425470184,2.1289567632347017,2.2696253780356765,2.2461193495557317,2.3582801740113033,2.4237666037509014,2.5069148216497905,2.5212112472567156,2.6759670203838404,2.3822941767487187,2.173783906681398,2.4731985831838905,2.559558256945665,3.0376142012480374,2.28221030161902,2.6751875634365785,2.818352138156097,2.3184365348855853,2.3072048930752422,2.0435269392972395,2.713696472441333,2.4214059997710167,2.6691627240586233,2.6672749892843712,2.5252365470595963,2.5619193809321725,0.09898532025022343,0.11934145570546448,0.11230285635680645,0.16401056559238303,0.16946389589975788,0.1536240180107815,0.20126872034194299,0.11773142881959969,0.18946343981463973,0.12921056724044774,0.13124718708626548,0.14807220968799872,0.14215530227971107,0.19402473056774103,0.17430449228781503,0.11879210189437736,0.2144675730589625,0.22554745813585522,0.1805957013596578,0.23149612959961607,0.18562023293095226,0.13029257712088863,0.13092822691887027,0.11677924904041934,0.12640583199950917,0.2580115606999944,0.09932055710951163,0.11921494814910726,0.115893693649728,0.1643493423869322,0.1697303553190044,0.13708941355471643,0.21770996482448446,0.11686740707393065,0.25151090692409334,0.1986087875655599,0.12548533475037085,0.13696873082557232,0.1404278211637755,0.14083830597300073,0.18680124034842657,0.2055592670951698,0.10808613030532267,0.156833671316963,0.23929968437081053,0.1791398026515746,0.13562420920868584,0.13457213937568285,0.14669625823542476,0.12333828089820544,0.13316386736582475
66.0,2.0843932785967145,2.2680954006442775,2.2536073298318655,2.384723815997593,2.4540736543679946,2.443190364785094,2.451439432799559,2.6843655477796973,2.2516473494189033,2.4263445285348793,2.5555108678244447,2.975180948982185,2.305901014562967,2.750833189770006,2.502974067936076,2.254370790507474,2.6055229364043244,2.9196015006589255,2.1993166449819532,2.2137860207655975,2.7056388599782983,2.4346710461561307,2.6015596268705443,2.5363071931585623,2.5197255726063528,2.6247595235391517,2.1248813042611774,2.262070841245398,2.2394343161044876,2.351744247037651,2.417707038544962,2.498905454014554,2.510589241467213,2.6700197679415822,2.3760149259963264,2.1676636039985615,2.4661486142062734,2.5582200989778228,3.0315991953699184,2.2747840942497395,2.6698580330709087,2.8136706256892476,2.3122307248871437,2.299427561291402,2.03739154525981,2.706067612278802,2.4133464990896405,2.6635607937217736,2.6603760045034526,2.5190673707303026,2.555513037825737,0.09952427503668829,0.1202846016927067,0.11323032434520658,0.16524711352960997,0.17032158289465066,0.1546282696248176,0.20206973785389518,0.11859514186778627,0.19082332575240857,0.13023944226747353,0.13227016865546545,0.1490645153092913,0.1431697318349484,0.19483370150714358,0.17540486339606623,0.11991772624683032,0.215808496169244,0.22648087569916173,0.18151751054308812,0.2328635267957356,0.1867323412718848,0.13116776497808422,0.13158581769577724,0.11804652837576673,0.12747889219353115,0.2589693677827775,0.09975946088494303,0.12010082932573836,0.11682132581002069,0.16555211805003162,0.17063833618037255,0.13793234672875712,0.21899800081171736,0.11769544955047363,0.252460442888496,0.1998799581548405,0.12646735409579324,0.13824068116335872,0.14148182792128614,0.14180154077144616,0.187813797567971,0.20671475558960115,0.10916227919487188,0.15776985559193404,0.24086713949830535,0.1801516873724567,0.13629155095373208,0.13509989620363175,0.14775692417087904,0.12439990150345943,0.13430988466767507
67.0,2.079679800360889,2.260609335616925,2.247234987307398,2.3777928465437763,2.446434889431501,2.435416457797398,2.446221334930288,2.6787182831346237,2.2437616625913006,2.418683120066635,2.552534679205846,2.9691886846223414,2.298859698297979,2.7465243453466712,2.493954375426645,2.247674171851646,2.604783894371997,2.9166584364432335,2.1915073469719224,2.2080127353903656,2.6971936037004207,2.4271214089396964,2.5956023050294874,2.5290315759310302,2.51280764845352,2.617454545129561,2.1206772728101453,2.2543773945659225,2.2325852613110237,2.3449971927263227,2.4115239994213145,2.4907381979249306,2.4998211863913724,2.6639819179560944,2.369791606536643,2.16146447832064,2.4590642867138053,2.556890107325297,3.0253692138332577,2.267196572529745,2.6643660436616052,2.808946404868756,2.305939289353029,2.2914777857757453,2.0308521615736264,2.6984492539843674,2.405152002415621,2.6578936778033166,2.653449586626542,2.5128507347341262,2.548825403373554,0.10002758890106458,0.1212544834638575,0.11418225103942191,0.16653634232966083,0.17120502065619067,0.15567826041250504,0.20290163389847715,0.11947920387796278,0.19227683612877292,0.13128823224291059,0.13334861066688686,0.15005460354187258,0.1442156059068699,0.19564952826870202,0.17652719894143196,0.12112114099290562,0.2172273672084584,0.2274533921312312,0.1824381003509053,0.23428870342804078,0.18787389169054333,0.1320746824337387,0.13225237942862167,0.11938091135051129,0.12860474851232215,0.2599289709345064,0.10016524094864608,0.1209882919212027,0.11774660990674807,0.1667803003757283,0.17156878026122419,0.13876355933897633,0.22032181702369488,0.11852268203631708,0.25345641044832284,0.20125112367140927,0.12749223460762182,0.13964154272215176,0.14256244215249952,0.1427638806699896,0.18882684500058874,0.20792712955998596,0.11029432549664124,0.15871991625888254,0.24251794836030263,0.1811910245339097,0.1369685838143427,0.13561551510222072,0.14886417069949165,0.12552424128558873,0.13547180849638754
68.0,2.074837734102566,2.252963897764922,2.240709218242142,2.3706144244247835,2.4386703707379893,2.427515636396285,2.4408847551834687,2.6730103296394265,2.2358154814282694,2.4109743187677983,2.5494629161110383,2.9630473270632804,2.291666816849283,2.742099683698851,2.4847398641734215,2.240903100128867,2.604071579692575,2.9137066089337225,2.1835902299764673,2.201950830357176,2.6887813987797977,2.4194817843172824,2.5895158160645324,2.5217140667771467,2.5056803322009915,2.610014211730839,2.116356096856058,2.246559445137521,2.225592713739189,2.3380301520630278,2.4052186937465194,2.4824296993442596,2.4889085233841794,2.6578537004899654,2.363661290752566,2.155216662156987,2.4519641244979935,2.555584703800026,3.018928029244326,2.259467601256863,2.658720202134834,2.804182823070921,2.299581821805372,2.2833806196560156,2.02388705422078,2.69086356492398,2.396847062659548,2.6521759233884814,2.6465168604241778,2.5066103260952692,2.541864258885824,0.10048886929948016,0.12225181794966718,0.11515806950480209,0.16787997702681376,0.17211476743975834,0.1567766698966305,0.20376559059128857,0.12038265951660275,0.19382862583989893,0.13235540098735374,0.13448465329024797,0.15103924713018393,0.14529274837873155,0.19647078887326186,0.17766960128851078,0.12240584847500698,0.21872723753099765,0.22846549402992442,0.18335413663381148,0.23577475017000613,0.18904403462406913,0.13301327152489376,0.132927360836352,0.12078366537330373,0.12978460483785018,0.2608865416717909,0.1005325148887845,0.12187477993048827,0.11866598154724996,0.1680322679815201,0.17252022068976702,0.13957857253548947,0.2216830660368055,0.11934605225188305,0.25450099677560645,0.20272816844237207,0.12856025773504257,0.14118037781959875,0.1436676521842141,0.14372123153473002,0.18983694126073844,0.20919962661183913,0.1114831113611964,0.15968138254393788,0.24425682008325733,0.182256066019803,0.13765344155956188,0.13611621032441165,0.1500188010971144,0.12671348223370354,0.136645952055646
69.0,2.06988029686306,2.245170074877407,2.2340494278077387,2.3631768547939918,2.430782637638838,2.419509537306669,2.435438186812934,2.6672453933507843,2.2278365049712154,2.4032388678972416,2.546305905670733,2.9567614190232714,2.284339913436317,2.737570531490823,2.4753355999718334,2.2340758409057475,2.6034164342582096,2.9107451985862265,2.1755955658089077,2.1955888692186067,2.680424814745155,2.411777473888345,2.5833075851265006,2.514376243478606,2.498359565184652,2.6024533277556534,2.111929204373424,2.238631400100468,2.2184772019528674,2.3308342660334804,2.3987923288871005,2.4739966042358983,2.4778526938005956,2.651635345605755,2.357661051026945,2.1489502880170317,2.4448666513503983,2.5543203102139285,3.012279414209358,2.2516170452289197,2.652929115416782,2.799383227672052,2.2931779157663295,2.2751611160598877,2.0164744891833184,2.6833327124635806,2.388456232732105,2.6464220775624447,2.6395989506669317,2.5003698318379683,2.534637385672761,0.10090148503387128,0.12327731189080263,0.11615716956091258,0.16927962106189168,0.17305135069053657,0.15792620623711334,0.2046628391373932,0.12130451145692286,0.19548332735149235,0.13343939880662273,0.1356804771040568,0.15201513868136557,0.14640089620770944,0.1972959708903645,0.17883008335460093,0.12377524260206271,0.22031108904556018,0.22951759094282906,0.18426215377252345,0.23732468416602379,0.19024183041684503,0.13398343474484475,0.1336101918868237,0.12225593459975324,0.13101959925966256,0.26183808490111526,0.1008557370030416,0.12275762415304182,0.11957578487660184,0.16930624407593334,0.17349109706537486,0.1403727829865166,0.2230833128635231,0.12016241600994557,0.2555964109768042,0.20431699888653387,0.12967168899104112,0.14286602267497045,0.14479540848468744,0.14466931316889398,0.19084050519638834,0.21053548167493674,0.11272943772047214,0.16065168028653629,0.24608836824740962,0.18334497831937183,0.13834427404309185,0.136599124392864,0.1512215636834272,0.12796977272016116,0.13782854759472324
70.0,2.0648207056836867,2.237238854743511,2.2272750211758394,2.35546844280475,2.4227742294854404,2.411419797253469,2.4298901230724788,2.6614271803254144,2.219852432261546,2.395497510713838,2.543073975015617,2.950335503220566,2.27689653127855,2.732948215386898,2.4657466486172415,2.227210659748907,2.602848899961058,2.9077733858565535,2.16755362628255,2.188915415527198,2.672146421125226,2.4040337792523387,2.5769850373661556,2.5070396838171036,2.4908612887403687,2.5947866976165814,2.107408023336708,2.2306076665950023,2.211259254515886,2.323400675623389,2.3922461122096133,2.465455558563193,2.466655138995638,2.645327083366085,2.3518279597426894,2.142695488410131,2.4377903910625465,2.553113348378969,3.005427141334616,2.243664769243737,2.6470013904335983,2.7945509660484795,2.2867471647580304,2.2668443281151007,2.0085927324433364,2.6758788639691216,2.3800040655438455,2.640646687410429,2.6327169821252885,2.4941529389864514,2.527152565044557,0.10125858563659104,0.12433164758190803,0.11717889156328182,0.17073671937219245,0.17401525034218648,0.15912959032627277,0.20559466450658723,0.12224370456518933,0.19724550555630946,0.13453864950176322,0.13693828075407802,0.15297890116108098,0.14753968156211253,0.19812346354681928,0.18000654275332542,0.12523255540146064,0.2219817982804253,0.2306099880953958,0.18515854188476552,0.23894142808749755,0.19146622938203894,0.13498503083883723,0.13430028214378023,0.12379869530846807,0.13231079036676727,0.26277944685561677,0.1011292271218652,0.12363404483292237,0.12047228218067961,0.17060027225083335,0.1744797470924965,0.1411414742993913,0.22452401397384947,0.12096853211117964,0.25674486359489523,0.2060234995389221,0.13082677199356646,0.14470697265878626,0.14594364484338032,0.1456036555220546,0.19183381687645393,0.2119378941340847,0.11403403668025879,0.161628134484141,0.24801708706663886,0.18445581793529592,0.1390392811969878,0.13706135359255006,0.15247311199305177,0.12929518317295327,0.13901575104231287
71.0,2.0596721776057914,2.229181225152344,2.220405403518086,2.3474774936103855,2.414647685629153,2.4032680529615753,2.424249057215904,2.655559396620001,2.2118909623406235,2.3877709904764735,2.5397774512763838,2.9437741223733993,2.2693542135954154,2.7282440620513313,2.455978075905034,2.220325822224981,2.602399418693324,2.904790351200524,2.159494683210689,2.181919032835491,2.6639687874487845,2.3962760020087295,2.5705555979343497,2.4997259655743607,2.483201444204033,2.5870291257262843,2.1028039817203625,2.2225026517614013,2.203959399992131,2.3157205218184562,2.385581251080595,2.4568232082894843,2.4553173003242397,2.638929143833512,2.3461990892826368,2.1364823958457033,2.430753867425981,2.55198024010704,2.9983749832263316,2.235630638099128,2.6409456341114477,2.789689385576495,2.2803091623026357,2.258455308949326,2.000220049982861,2.668524186806545,2.3715151140054287,2.6348643000176386,2.625892079569832,2.4879833345649205,2.5194175783114,0.1015531311772694,0.12541546513902918,0.11822251977927058,0.17225251548826687,0.1750068786309762,0.1603895371287921,0.20656241004699288,0.12319910681141226,0.19911960334623918,0.13565153401850405,0.13826025122114488,0.1539271033083283,0.1487086120320069,0.1989515503542099,0.1811967304353056,0.1267807950607298,0.2237420932265779,0.23174285302384098,0.18603953363376713,0.24062778469084276,0.19271604816738686,0.1360178703330611,0.13499702039492084,0.1254127028861041,0.13365914158159867,0.26370632775971464,0.10134721414027671,0.12450115616011337,0.12135166814451201,0.17191218937579397,0.17548439671220792,0.14187983396799297,0.2260064923823328,0.12176105683739159,0.2579485411928249,0.20785348086082558,0.13202572071155444,0.14671125649226344,0.14711030696018548,0.14651959772932668,0.19281302332270536,0.21340998724192978,0.11539753720369178,0.16260797450259115,0.2500473223259082,0.18558650290838796,0.1397367552195388,0.1374999832634725,0.15377395623940487,0.1306916526127072,0.14020364887400888
72.0,2.0544479296706677,2.221008173893046,2.2134599800061454,2.339192312364288,2.4064055454214093,2.3950759411559175,2.4185234824970165,2.6496457482912485,2.2039797942498636,2.380080050443981,2.536426661583747,2.9370818192000323,2.261730503606352,2.723469398148438,2.446034947630635,2.2134395939005955,2.6020984323471557,2.901795275073959,2.1514490084066527,2.174588284696054,2.655914483244536,2.3885294437569753,2.5640266919818413,2.492456666532071,2.4753959729115356,2.5791954164973547,2.0981285074988887,2.214330762739914,2.196598166945465,2.3077849456044066,2.3787989528666023,2.448116199378127,2.4438406191414126,2.632441757070639,2.3408115120296786,2.1303411428331205,2.4237756042322243,2.5509374072100983,2.9911267124907477,2.2275345165929568,2.634770453376485,2.7848018336324336,2.273883501922279,2.25001911169028,1.9913347077839885,2.6612908483418165,2.3630139310274756,2.6290894624692562,2.6191453677710843,2.4818847055976034,2.511440206783529,0.10177793485256277,0.1265293407928806,0.11928727532593505,0.1738280021068968,0.1760265560181243,0.16170873407611583,0.20756748163312203,0.12416948651549539,0.20110987699732258,0.1367763704579512,0.13964852570223676,0.15485628090405698,0.149907048852605,0.1997784024980233,0.18239821312817972,0.12842267499442978,0.22559450215591642,0.23291617531564016,0.186901190875446,0.2423864061966604,0.1939899419993284,0.1370817105833615,0.13569977587236356,0.12709842965623588,0.13506550334837536,0.26461429997700875,0.1015038975203234,0.1253559728812244,0.12221008966238696,0.17323959531870642,0.17650314837626835,0.14258297685760904,0.2275319081409075,0.12253653803900466,0.2592095754172617,0.20981261819395586,0.1332687095629491,0.14888630035572273,0.14829338950893334,0.14741229067409825,0.19377415003482804,0.21495475878319606,0.11682042327144733,0.16358834247507803,0.25218323597786957,0.1867347802062965,0.14043513180555225,0.13791213454992365,0.15512440507139544,0.1321609252495865,0.14138826760556306
73.0,2.0491611789196664,2.212730688754744,2.206458155811635,2.330601204219787,2.3980503482135767,2.386865098561391,2.412721892169633,2.643689941395861,2.1961466270306516,2.3724454338752783,2.5330319330683935,2.930263136418735,2.254042944530828,2.718635550342495,2.435922329589407,2.206570240342362,2.6019763828147235,2.8987873379326703,2.1434468736837244,2.166911734661417,2.648006078041221,2.380819406096535,2.557405744659455,2.485253364471931,2.467460816198741,2.5713003743424374,2.093393028646759,2.206106406670831,2.1891960839397546,2.299585087966957,2.371900424934156,2.4393511777924464,2.4322265368021134,2.6258651531400448,2.335702300366664,2.124301861881779,2.4168741252728427,2.550001271500063,2.983686101734146,2.2193962695230254,2.6284844551549043,2.7798916575925956,2.267489777139109,2.2415607894656775,1.9819149718287847,2.6542010159408704,2.354525069520578,2.6233367218505075,2.6124979714995913,2.4758807391087214,2.503228231771122,0.10192572102650092,0.12767376072034503,0.12037230863549227,0.17546386474481418,0.17707448289737887,0.163089816327845,0.2086113508230786,0.12515348560948011,0.2032203207160902,0.13791139029692756,0.14110514434290097,0.15576296484770513,0.1511341831287435,0.20060207324695617,0.18360832899261179,0.1301605337840627,0.22754129386126523,0.23412971883137074,0.18773939147045055,0.2442197578792028,0.1952863725000828,0.1381762500685598,0.1364079013572768,0.1288559930798405,0.13653059306726875,0.26549883243086814,0.10159353027717294,0.12619541928571454,0.12304367212983985,0.1745798192800883,0.1775339671409748,0.14324597627605898,0.22910122357775392,0.1232914088891951,0.2605300060234989,0.21190638137688042,0.1345558610603883,0.15123878321031328,0.1494909826270936,0.14827670383742908,0.19471311936715507,0.21657502203531914,0.11830298387322392,0.16456630545931827,0.2544287632714524,0.1878981888409473,0.14113305112593835,0.13829502423069373,0.1565244967689601,0.13370447658372814,0.1425655863246026
74.0,2.0438251423940863,2.20435975752655,2.1994193361062524,2.321692474330237,2.3895846333570288,2.3786571619028978,2.406852779487561,2.6376956819905377,2.1884191597243783,2.3648878840292076,2.529603592861033,2.9233226167477357,2.246309079588273,2.7137538452978114,2.4256452875767587,2.1997360271169253,2.602063711988223,2.895765720232477,2.1355185508552332,2.158877946284153,2.640266141367612,2.3731711906268713,2.5507001811179957,2.478137637175648,2.459411915401535,2.563358803674153,2.0886089731384394,2.1978439906943676,2.181773679538856,2.2911120898917994,2.3648868746498173,2.430544789495819,2.420476494661327,2.61919956210431,2.330908526676501,2.1183946855011,2.410067954339354,2.5491882547888767,2.976056923562735,2.2112357616871448,2.622096246372847,2.7749622048333102,2.2611475814752686,2.2331053954032156,1.971939108099307,2.6472768569696536,2.346073082395396,2.6176206252465897,2.605971015525884,2.469995122122494,2.4947894345844075,0.10198920165118706,0.12884908997792086,0.12147669141400948,0.17716041829951587,0.1781507069155486,0.16453533872245638,0.20969555636166642,0.12614958872526807,0.2054545801025954,0.13905471086935384,0.14263199346750222,0.15664371694793658,0.1523890101214984,0.2014204936421261,0.18482413613016252,0.13199624630717374,0.22958440918172549,0.23538296608045273,0.18854981669322146,0.24613007540239726,0.19660357097621542,0.13930112158444402,0.1371207384055206,0.1306850743185041,0.13805497278284198,0.26635532207994067,0.10161052704921184,0.1270163408452175,0.12384855312382057,0.17592988263371392,0.17857466433951344,0.14386390365968857,0.23071516267478284,0.12402198149522617,0.26191173749546176,0.21413995479043998,0.135887230797223,0.15377448503877306,0.15070132853761198,0.14910763724117615,0.19562577673471268,0.21827333624901518,0.11984525447721284,0.16553887194332595,0.2567875613285638,0.18907401875972232,0.14182942899577836,0.13864603907976034,0.15797391929694476,0.13532342885316836,0.14373155266608692
75.0,2.038453037135258,2.1959063679976185,2.192362926061608,2.312454427848991,2.3810109402031676,2.3704737679053616,2.4009246377046054,2.6316666761319696,2.1808250913724394,2.357428144164653,2.5261519680923508,2.916264802905302,2.238546451998133,2.7088356096786526,2.415208887388089,2.1929552197908917,2.6023908617598064,2.8927296024292066,2.127694311734482,2.1504754831167947,2.632717242752417,2.365610098947455,2.5439174265082496,2.4711310624249214,2.4512652118558065,2.5553855089051054,2.083787768948429,2.1895579219508328,2.174351482306627,2.282357092364662,2.357759509380114,2.421713680451578,2.4085919340740314,2.612445214026028,2.326467263342031,2.112649746200429,2.4033756152233137,2.5485147788884643,2.968242950582782,2.203072857883172,2.6156144339564835,2.770016822730867,2.254876508452898,2.2246779826306073,1.961385382577627,2.640540538794114,2.337682522562526,2.611955719742709,2.5995856246205182,2.464251541663153,2.486131596533556,0.10196117417382992,0.13005553620720708,0.12259940806214423,0.17891753667192747,0.1792550859685342,0.16604774425821192,0.21082170321365784,0.12715608812236276,0.20781585488241125,0.14020430446013035,0.14423073957747004,0.15749517419146175,0.153670301760219,0.20223146970635636,0.18604235393523938,0.1339311270239868,0.23172538430048042,0.236675054884238,0.18932793979512919,0.24811931568476323,0.1979394973869777,0.14045588391935984,0.13783762482877532,0.13258482781966377,0.139639024796915,0.26717913316385633,0.1015496006799545,0.12781551878513536,0.12462092427101291,0.17728645832304982,0.17962287873846666,0.14443187779979083,0.23237416410107284,0.1247244407302792,0.263356489138388,0.21651814795160404,0.13726278972511907,0.15649813018486888,0.15192288858676722,0.1498997392960808,0.19650792541723838,0.22005192618392314,0.12144695006683734,0.16650301327286327,0.2592629482261212,0.19025926581343006,0.14252353823364944,0.13896282583132968,0.15947191907104266,0.13701845625674355,0.14488210258996245
76.0,2.0330580801845124,2.187381507957052,2.18530833084936,2.302875369929396,2.3723318081033917,2.362336553293676,2.3949459600745673,2.625606629876857,2.173392121016221,2.350086957540494,2.52268738589305,2.9090942376096676,2.230772604979865,2.703892170149313,2.4046181948187764,2.1862460839308993,2.6029882740216332,2.8896781649786756,2.120004428134764,2.1416929087119083,2.625381951724396,2.358161432657732,2.5370649059810257,2.4642552180014703,2.443036646897428,2.547395294447944,2.0789408440511687,2.1812626075804498,2.1669500208069294,2.2733112363712453,2.350519536491602,2.412874496623061,2.396574296395195,2.6056023389677807,2.322415582746151,2.107097176489185,2.3968156317162337,2.547997265610755,2.9602479554005248,2.1949274229089157,2.6090476248319874,2.7650588586615985,2.248696151594143,2.21630360427556,1.9502320612458217,2.6340142287801975,2.329377942932591,2.606356552424066,2.5933629235540123,2.4586736847548947,2.477262498928789,0.10183464407372515,0.13129310795790877,0.12373934653421347,0.18073457605872995,0.1803872472708782,0.167629328974138,0.21199145814851383,0.1281710447687843,0.21030679207363046,0.14135796478016555,0.14590275526125654,0.15831410198610055,0.15497657768056014,0.2030326813670649,0.18725929780990763,0.1359658272457058,0.23396526716663812,0.23800470811624488,0.19006901642412585,0.25018910144178874,0.19929179563787372,0.14164001151312944,0.1385579044030977,0.13455378348401942,0.1412829255876185,0.26796564478667767,0.10140593018470458,0.1285896878552151,0.12535708188697123,0.1786458270805084,0.18067605531426648,0.14494512432079087,0.2340783276389096,0.12539483888808867,0.26486573887498543,0.21904529724330998,0.1386824039067207,0.15941322853393414,0.1531544203390738,0.15064753131424552,0.19735537035305323,0.22191259070928576,0.12310739045012256,0.1674556905046462,0.26185783190712214,0.19145058345407626,0.14321509956323275,0.13924339718032547,0.16101719891626343,0.13878968117124543,0.14601318422106235
77.0,2.0276534885831707,2.1787961651939876,2.1782749556411742,2.292943605724825,2.36354977640906,2.354267154792768,2.3889252398512646,2.6195192492819035,2.1661479476971364,2.3428850674155854,2.5192201733938195,2.9018154635791165,2.223005081752905,2.6989348533740993,2.3938782756642114,2.179626885103575,2.6038863906659144,2.8866105883366875,2.1124791718694076,2.1325187866220245,2.618282837812274,2.3508504933571692,2.5301500446871223,2.457531681686974,2.4347421618622827,2.5394029647152676,2.074079626421166,2.1729724547235105,2.159589823603644,2.263965662897259,2.34316816335083,2.404043883973623,2.384425022979812,2.598671166992163,2.3187905572717074,2.1017671088767558,2.3904065276096804,2.547652136767683,2.9520757106222346,2.1868193215622056,2.6024044259255175,2.7600916600017986,2.24262610442114,2.2080073134657576,1.9384574100859295,2.627720094293869,2.321183896416218,2.6008376703758604,2.5873240370969275,2.4532852384219583,2.468189923080321,0.1016029750077871,0.13256156773065175,0.12489528862475545,0.18261029311235985,0.18154654334494716,0.16928220314170672,0.21320654073197623,0.12919224629427195,0.21292937179900948,0.1425132721408779,0.1476490393012631,0.15909745645003165,0.15630607526606405,0.20382168320688038,0.1884708084863844,0.13810022927191923,0.23630452951770392,0.23937015818754448,0.190768077769968,0.25234066005777395,0.20065774642678808,0.14285288152178008,0.13928093854225682,0.13658974412139155,0.14298661867981466,0.2687103071553862,0.10117536189102516,0.12933555753442333,0.1260534866107773,0.1800038310210305,0.18173142211491317,0.14539904576643056,0.2358273540757977,0.12602909207612323,0.26644066145528095,0.2217251599550877,0.14014581224097447,0.16252191793894966,0.15439506346665632,0.15134543932080016,0.1981639707353988,0.22385660114400732,0.12482541934958566,0.1683938870555313,0.26457462866279186,0.1926442322688029,0.14390438049488852,0.13948625327054484,0.16260780654349064,0.14063656359340834,0.14712078584998317
78.0,2.0222524793725376,2.170161327497541,2.17128220560868,2.2826474403886086,2.354667384471575,2.346287209127533,2.3828709702884976,2.6134082404038086,2.1591202704565466,2.335843217048805,2.5157606577253815,2.8944330235318874,2.21526142553672,2.6939749860172824,2.382994195719799,2.173115888875548,2.6051156535847793,2.883526052959079,2.1051488147517174,2.122941680399708,2.6114424705448007,2.3437025826452147,2.5231802677773585,2.4509820312631323,2.426397698086259,2.531423324119728,2.069215544032882,2.164701870520256,2.1522914192606244,2.2543115129284295,2.335706597324323,2.3952384884666147,2.3721455551828297,2.5916519281617383,2.3156292593015966,2.096689675872523,2.384166826695158,2.5474958141711834,2.9437299888541326,2.178768418640859,2.5956934441632473,2.7551185741277955,2.236685960456036,2.1998141633289334,1.9260396950800476,2.6216803027010616,2.313124935924032,2.5954136206833174,2.5814900900197855,2.448109889688572,2.458921650298336,0.10126006910256913,0.1338603801880833,0.12606589969141863,0.18454275989583283,0.18273200633919193,0.17100824873093334,0.21446870842330892,0.1302171630545929,0.21568478921774964,0.14366755933369174,0.14947013466094528,0.1598424552119901,0.1576567193899725,0.204595907040633,0.1896721781457454,0.14033334153354218,0.2387429783576741,0.2407690690566465,0.1914199274912737,0.2545747580872244,0.20203421960421442,0.14409375763794788,0.14000611935830481,0.13868968227951284,0.1447497874232712,0.2694087064187761,0.10085464376552956,0.1300498368496276,0.1267068317347611,0.18135582551425802,0.18278596611256917,0.14578930212691435,0.2376204791102676,0.12662297965116578,0.26808206240651317,0.22456080250789254,0.14165260305505964,0.16582481205435962,0.15564443198140437,0.15198783358725568,0.1989297004244155,0.2258845908809574,0.12659931976465322,0.16931464730909962,0.26741517151836103,0.1938360290193707,0.1445922994118071,0.13969051674685898,0.16424101594613685,0.14255778725581322,0.14820096796165882
79.0,2.0168682695939415,2.1614879826568605,2.1643494859235415,2.271975179074108,2.3456871716423326,2.338418353022873,2.376791644640077,2.6072773092992607,2.1523367883358646,2.328982149699038,2.512319166018412,2.886951460186229,2.207559179550728,2.689023894743154,2.371971020780915,2.166731360813418,2.6067065046704343,2.8804237393016554,2.0980436285949957,2.112950153597505,2.6048834194507147,2.336743002121353,2.5161630004025137,2.444627844511677,2.41801919690524,2.523471177073928,2.0643600248607963,2.1564652621109692,2.145075336341723,2.2443399274504663,2.3281360457786264,2.386474956065385,2.3597373343592576,2.584544852539113,2.312968761218684,2.0918950099858953,2.3781150527642447,2.547544719633179,2.9352145627024866,2.1707945789427083,2.5889232864713296,2.750142948415898,2.2308953132209943,2.191749206992782,1.9129571822102351,2.615917021367723,2.305225614366632,2.5900989504316163,2.5758822070931564,2.443171325578931,2.4494654618930616,0.1008005791384131,0.13518865641813377,0.12724971785108116,0.18652927841256037,0.18394230275072435,0.17280907317977634,0.2157797343475871,0.13124290417246348,0.2185733374905155,0.14481788103174167,0.1513660496326345,0.16054665538282967,0.15902609281421806,0.2053526661672731,0.19085807668023377,0.14266320025357404,0.24127967232839193,0.24219845987247604,0.19201914368559894,0.25689163346914606,0.203417628886766,0.145361769961063,0.1407328831356802,0.1408496420885206,0.14657182898087098,0.27005663754655057,0.1004416903067077,0.13072926290170978,0.1273141192194975,0.182696630653891,0.18383640950494765,0.14611190092962648,0.23945640244472322,0.1271721484503011,0.2697903098022057,0.22755448552261723,0.14320219092282302,0.1693208585662937,0.1569027088885819,0.15256907600011793,0.19964871418497007,0.22799643891637825,0.12842672923250376,0.1702151210539391,0.27038060962507415,0.19502129752722347,0.14528053055473011,0.13985607763924546,0.16591320541863697,0.1445511472442299,0.1492498988549906
80.0,2.0115140762887247,2.1527871184610574,2.1574962017573895,2.2609151269346754,2.3366116772727024,2.3306822232037034,2.370695756159809,2.6011301620249556,2.145825200376479,2.32232260862514,2.508906025403613,2.879375316260391,2.1999158870143884,2.6840929062160126,2.36081381664297,2.1604915664838416,2.608689385815033,2.8773028278202215,2.0911938852125425,2.1025327697679668,2.5986282540587653,2.3299970533850183,2.5091056677134045,2.438490699214274,2.4096225996550866,2.5155613279904947,2.0595244968793924,2.1482770366358825,2.1379621034108203,2.2340420474490585,2.320457716080301,2.3777699327332567,2.347201801864068,2.5773501701868495,2.310846135405832,2.0874132437262527,2.372269729608454,2.547815274965608,2.926533204773524,2.16291766726559,2.582102559775931,2.7451681302424134,2.225273756238126,2.183837497585012,1.8991881374585522,2.610452417659808,2.297510484654656,2.584908206705975,2.570521513087529,2.4384932331172777,2.439829139174668,0.10022015315760514,0.13654509564530243,0.1284451427245032,0.18856629842948341,0.1851756913607866,0.17468595957211458,0.21714137623532542,0.13226617612765437,0.22159429821220417,0.14596099042731633,0.15333618910428717,0.16120803636549066,0.16041140849769994,0.20608916096970548,0.19202248278563627,0.14508678453389634,0.2439128500911696,0.2436546358515499,0.19256008738032454,0.25929092842135865,0.20480389275082608,0.14665589018718125,0.14146072277902202,0.14306465339831148,0.14845183118408803,0.2706501840508807,0.09993587175919692,0.13137063307138422,0.12787274149205008,0.1840204841007454,0.18487918857253685,0.1463632951160574,0.2413332140148926,0.12767212404615652,0.27156526680295645,0.23070754922084016,0.14479379557380198,0.1730072136432567,0.1581707376434074,0.15308357497493513,0.2003174166258039,0.23019115116006122,0.13030455982873207,0.17109261327072903,0.2734713006965007,0.1961948245087473,0.14597160377035345,0.13998374211798628,0.167619737383058,0.146613445388673,0.15026389305332682
81.0,2.0062031164981975,2.144069722699266,2.150741758281893,2.2494555891236536,2.3274434407140907,2.323100456394935,2.364591798101504,2.5949705046376246,2.1396132056197894,2.3158853370860006,2.505531563011689,2.8717091344726406,2.1923490911471704,2.6791933471001292,2.3495276491013377,2.154414771453419,2.6110947389107406,2.8741624989706316,2.0846298564176746,2.091678092463648,2.5926995438976705,2.3234900380356938,2.502015694860814,2.4325921731526527,2.4012238476717016,2.507708581282041,2.0547203880631275,2.140151601235289,2.1309722490317555,2.223409013909936,2.3126728155958665,2.3691400644335987,2.3345403990522255,2.5700681111675623,2.309298454245931,2.083274509602998,2.3666493810193274,2.5483239019804005,2.9176896876735117,2.1551575484073178,2.5752398710032316,2.7401974669836737,2.2198408830295904,2.176104088233321,1.8847108268070758,2.60530865894326,2.290004099698728,2.5798559365915947,2.565429132773492,2.4340992993278223,2.430020463453395,0.0995157103428134,0.137927926345138,0.12965042385588973,0.19064934326671812,0.1864299879292294,0.17663981341636273,0.21855533502957103,0.13328324720333065,0.22474584719953386,0.14709332772380707,0.1553793044670765,0.16182508403018264,0.16180948538279183,0.2068024853544778,0.1931586260099954,0.1475999530299067,0.24663987943186164,0.24513313353873023,0.19303691924010327,0.2617716268982606,0.20618840636499947,0.1479749014153117,0.14218919728761661,0.1453286670299278,0.1503885542357704,0.27118580260539077,0.09933831672694182,0.13197084071587223,0.12838056608020057,0.18532099754507383,0.18591043790584186,0.1465404858615507,0.24324832021195925,0.1281183316961498,0.273406228877505,0.23402030345044708,0.14642642524426142,0.17687913917650314,0.15945010298819604,0.15352584714711878,0.20093252959645835,0.23246674477388124,0.1322289289342527,0.17194463838293897,0.2766866995839562,0.19735082429453393,0.14666899083885768,0.14007537660175653,0.1693548468010934,0.1487404010629624,0.15123945130952554
82.0,2.0009486072636693,2.1353467831606032,2.1441055606686814,2.2375848707944037,2.31818500131786,2.3156946893214627,2.3584882637189692,2.588802043193925,2.133728503107175,2.3096910783404607,2.502206105973342,2.8639574575412143,2.184876335168468,2.674336544059828,2.3381175839514423,2.1485192412887897,2.6139530058497464,2.8710019332086847,2.0783818140236994,2.080374685237089,2.5871198584961856,2.3172472576728307,2.494900506995563,2.4269538441085055,2.392838882290951,2.4999277413612115,2.0499591263864967,2.1321033630494366,2.12412630176842,2.212431967818811,2.304782551691887,2.3606019971297494,2.321754567278703,2.562698905543816,2.308362790121829,2.079508940125497,2.36127253078841,2.5490870224894837,2.9086877840086873,2.1475340871657145,2.568343827079385,2.735234306015972,2.2146162871175297,2.1685740320654148,1.8695035162378586,2.6005079125840322,2.2827310124094713,2.574956687173674,2.560626190921566,2.4300132112347943,2.4200472160394266,0.09868574483947443,0.13933484927477677,0.13086364900022335,0.19277294909672604,0.1877025408405051,0.17867110631470037,0.2200232017931327,0.13428992177349006,0.22802498469440582,0.14821102589702578,0.1574934718617729,0.16239687158186697,0.16321672954591535,0.207489633369929,0.19425894729157522,0.1501974112673416,0.2494572370568733,0.24662868903409715,0.1934436263903589,0.2643320013378642,0.2075660303911336,0.1493173619699917,0.142917935812307,0.147634521183026,0.15238041947256953,0.2716604098088906,0.09865221160243909,0.13252691396429483,0.12883601900583924,0.18659111946461554,0.18692598351334413,0.14664112632207985,0.24519837394137856,0.12850612996904254,0.2753118705853175,0.23749192731560373,0.14809886721064042,0.18092992989579587,0.16074319204228443,0.15389058455782878,0.2014911529300129,0.23482014217148164,0.1341951077904983,0.17276897768469443,0.28002524718302463,0.19848291721146233,0.14737716808463786,0.14013403601254706,0.17111154652039473,0.15092658610275642,0.152173300628833
83.0,1.9957637656264815,2.1266292876342066,2.1376070140894345,2.225291277100293,2.3088388984354222,2.3084865587082146,2.3523936462660098,2.5826284837505926,2.1281987918800453,2.303760575647434,2.4989399814192628,2.8561248281843694,2.1775151622977744,2.6695338237593598,2.3265886869886288,2.142823241556578,2.617294628524214,2.8678203109901874,2.0724800298439234,2.0686111116408497,2.5819117673830556,2.311294013895873,2.4877675292684582,2.421597289863529,2.3844836448487383,2.492233612640615,2.045252139823952,2.124146729218579,2.1174447901846487,2.2011020501613845,2.2967881317348815,2.3521723767850684,2.3088457478984967,2.5552427833782043,2.3080762154164236,2.0761466678031693,2.3561577027072342,2.550121058304802,2.899531266385311,2.140067148338623,2.5614230349305576,2.7302819947156354,2.2096195620241006,2.1612723822090194,1.853544471732986,2.5960723459480617,2.2757157756974866,2.5702250055374245,2.556133812302296,2.4262586558624064,2.409917178242977,0.0977306515718077,0.14076298541995438,0.13208273255608916,0.1949306239476283,0.1889902223229462,0.18077981692645498,0.22154639185070235,0.1352815289220242,0.23142749967729265,0.14930993966640166,0.1596761089080649,0.16292313132782493,0.16462912288402018,0.2081475052625951,0.19531508670077885,0.15287271892382925,0.25236052963041566,0.24813523884884534,0.1937740614241545,0.26696957404835125,0.2089311032483467,0.1506815628470278,0.14364663344020315,0.14997394964881058,0.1544255074669576,0.27207146755349215,0.09788307386671417,0.13303605697483592,0.1292381617615892,0.18782310718122724,0.1879213489050389,0.14666362111746944,0.24717921334900123,0.12883086009760752,0.2772802076922396,0.24112038384692988,0.14980968843086948,0.1851508775667245,0.1620532252066681,0.1541727255719869,0.20199081311539,0.23724708256125643,0.13619749547108947,0.1735637383278533,0.28348426488241873,0.19958412719462984,0.14810164306305848,0.14016406248469948,0.17288155927996693,0.15316539308830754,0.153062432436816
84.0,1.9906618086279437,2.1179282239091908,2.131265523715764,2.2125631131946504,2.299407671418148,2.3014977012800806,2.3463164389964284,2.5764535323643027,2.123051770979767,2.2981145722657614,2.495743516480158,2.8482157891203657,2.1702831157545353,2.6647965128630298,2.3149460240083277,2.1373450378234087,2.621150048826318,2.8646168127709672,2.066954775691657,2.0563759352274724,2.577097840087003,2.3056556083043023,2.480624186830269,2.4165440881994407,2.376174076680921,2.484640999532879,2.0406108563500056,2.1162961068829915,2.110948242844337,2.189410401923383,2.28869076309141,2.3438678493628746,2.2958153822665714,2.5476999747333067,2.3084758025125667,2.0732178251453854,2.3513234205673332,2.551442431238273,2.890223907409605,2.13277659672384,2.554486101482913,2.7253438804589623,2.204870301271428,2.1542241917918137,1.8368119592745182,2.592024126401303,2.2689829424734147,2.5656754387680505,2.5519731216862076,2.4228593202348803,2.3996381313742385,0.09665306512425689,0.14220883219262773,0.13330540452759918,0.19711483288315604,0.19028943992843528,0.1829653697695269,0.22312606561757362,0.13625293007745823,0.23494797778937945,0.15038570367579707,0.16192403940105718,0.16340431070494132,0.16604222172401795,0.20877291228439598,0.1963179078155484,0.15561834576151512,0.25534456614371887,0.2496459634857123,0.19402199576360046,0.2696810988203122,0.21027748381122432,0.15206547872988796,0.1443750356285355,0.15233764214952372,0.1565215675675755,0.27241706279834005,0.09703896981931806,0.13349569273510623,0.12958675578726744,0.18900851136046637,0.18889177858611406,0.14660721533437784,0.24918581491234093,0.12908791378731388,0.2793085810639855,0.24490235524870263,0.1515572490805293,0.18953127902753392,0.16338424590522316,0.15436752740432721,0.20242949509260735,0.23974205983829358,0.13822962589103877,0.17432741207581254,0.2870598605598867,0.2006469048273221,0.14884893178039416,0.14017113901888095,0.17465528705566974,0.15544904596405784,0.153904136892925
85.0,1.9856559533093818,2.1092545797746993,2.125100494719352,2.1993886842308292,2.2898938596174436,2.294749753761984,2.340265135164042,2.570280895091742,2.118315139447769,2.2927738114543357,2.4926270382867015,2.8402348830674518,2.1631977387581642,2.660135938035128,2.3031946608059224,2.1321028956559003,2.6255497086482253,2.8613906190068508,2.0618363233802106,2.0436577195495147,2.5727006461367794,2.3003573424975894,2.473477904831834,2.4118158168979384,2.3679261191234,2.47716470645064,2.036046703939099,2.1085659031829196,2.1046571883113137,2.1773481640905046,2.2804916531280166,2.33570506082653,2.2826649117379176,2.540070709671707,2.30959862379316,2.070752544661551,2.346788208160251,2.553067563101844,2.8807694796878454,2.1256822971192157,2.5475416336626364,2.720423310622281,2.2003880983816466,2.1474545139415264,1.819284244844511,2.5883854213097153,2.2625570656478757,2.561322533950751,2.5481652438438593,2.419838891376436,2.3892178567434104,0.09545819958750833,0.1436682313050388,0.1345292005273664,0.19931701557742917,0.19159617251343983,0.18522657259118677,0.22476303633705805,0.13719855008127385,0.23857986106800833,0.15143382526766913,0.16423361334344272,0.16384160557530994,0.16745116783966524,0.20936257980595366,0.19725756813836798,0.15842578310660493,0.2584034898476935,0.2511533832993028,0.19418118955275085,0.2724625680249725,0.21159863130062498,0.153466713023004,0.14510290828641642,0.1547153655548787,0.15866604046475277,0.2726959771492189,0.09613064159681965,0.1339035061782759,0.12988230784352633,0.1901381759687756,0.1898322833397282,0.14647206614670014,0.2512122671943546,0.1292728213802905,0.28139366907039265,0.248833203885486,0.15333973119441258,0.1940584936653184,0.16474105882670695,0.1544706379881919,0.20280565418914553,0.24229829601265238,0.14028421463922533,0.17505893210717127,0.29074685254001864,0.201663182350877,0.14962647262296289,0.14016228200473294,0.1764218287078435,0.1577686606360696,0.15469603148060876
86.0,1.9807594167121243,2.1006193430198516,2.1191313322718344,2.185756295362192,2.28030000238467,2.288264352878824,2.3342482280226466,2.5641142779896438,2.1140165963254183,2.2877590364720075,2.4896008739696245,2.8321866527438813,2.156276574528125,2.6555634259399556,2.2913396631767977,2.127115080620682,2.6305240498821107,2.8581409101536503,2.0571549447228783,2.030445028159527,2.5687427550611432,2.2954245180751687,2.4663361084239237,2.4074340537407046,2.359755713512031,2.469819537806493,2.0315711105657415,2.1009705252586572,2.0985921551494595,2.164906477648459,2.272192009211247,2.327700657139393,2.2693957776674933,2.5323552182560034,2.311481751641036,2.068780958861069,2.3425705892775244,2.5550128757074204,2.8711717558262633,2.1188041143225758,2.540598238395862,2.715523632581892,2.196192546876931,2.1409884017858505,1.8009395944250473,2.5851783980392207,2.2564626981314677,2.5571808381707317,2.544731303545788,2.417221056311296,2.3786641356607108,0.09415417410477785,0.14513635151979049,0.13575145348192766,0.2015276415836792,0.19290603388749042,0.18756155330451457,0.22645766599442413,0.1381124352543894,0.24231556511860308,0.15244981575759048,0.16660088587320349,0.16423696417203146,0.16885071428974152,0.20991314876948064,0.19812364394871376,0.16128571467042577,0.26153097445873474,0.2526495143729132,0.19424548012756654,0.2753092494318959,0.21288772813002477,0.1548824380187985,0.14582999099538377,0.15709615168794605,0.1608560944644929,0.27290774162816034,0.0951715047440501,0.13425748606672006,0.13012608975522827,0.1912022562233818,0.19073771107994508,0.14625929001891105,0.25325177172504715,0.12938136084944685,0.2835315349461928,0.252906963231181,0.1551551835292179,0.19871805399939715,0.16612910852935625,0.15447816509182868,0.20311820838550165,0.24490775898680514,0.14235325059679932,0.17575772655430555,0.294538717819496,0.2026244670835445,0.15044246448234846,0.1401457578328535,0.1781690562389505,0.16011436063972778,0.15543608246100785
87.0,1.9759854158774866,2.092033501433768,2.1133774415448476,2.1716542517421003,2.270628639071242,2.2820631353555125,2.3282742108260632,2.5579573871146875,2.110183840654108,2.283090990577681,2.486675350659604,2.8240756408679077,2.1495371662838823,2.651090303241778,2.279386096916343,2.1223998582843895,2.636103514420141,2.854866866667178,2.052940911532987,2.016726424610056,2.5652467363888025,2.290882436636503,2.4592062227573694,2.403420376509463,2.351678801182724,2.462620298013081,2.0271955042043817,2.0935243802504306,2.092773671922636,2.15207648358297,2.263793038707629,2.319871284264784,2.2560094214102895,2.524553730548786,2.3141622584391004,2.0673332002533016,2.3386890877107023,2.5572947908669454,2.8614345084311243,2.1121619131317484,2.5336645226087717,2.7106481937141216,2.192303240279403,2.1348509084524894,1.781756273998188,2.5824252239557977,2.250724392834844,2.553264898513196,2.54169242556251,2.415029502063681,2.36798474943635,0.09275230591164176,0.1466076888885789,0.13696928786555584,0.20373630694131742,0.19421436554314034,0.18996769786706064,0.22820975198957816,0.13898834051488243,0.24614665544291262,0.15342936166520818,0.16902185312178816,0.16459305635104662,0.17023526820453141,0.21042117623978282,0.19890531578855844,0.16418824610274746,0.2647204840893632,0.25412608883360954,0.19420889079760154,0.27821575519219294,0.21413784954710388,0.1563093321516542,0.14655593185328683,0.1594685528638936,0.16308867484360653,0.27305267248478987,0.09417747775455622,0.1345559637830866,0.13032012684223682,0.19219025618952632,0.1916028458054186,0.1459709790797679,0.25529667705691633,0.12940968608457645,0.2857177145022317,0.25711636147331896,0.1570015821373282,0.20349383039064106,0.16755429424823462,0.15438674112213108,0.20336651543577366,0.24756123219131504,0.14442813444523755,0.17642376821679562,0.2984275701588467,0.2035219789604963,0.15130561997301037,0.1401309125003995,0.17988375816000007,0.16247544919757725,0.15612261858042611
88.0,1.971347167846794,2.083508042805584,2.1078582277100644,2.157070858523884,2.260882309028518,2.2761677379169507,2.322351576828103,2.5518139285235844,2.1068445714752366,2.278790417030202,2.4838607954873506,2.8159063901577746,2.1429970572448584,2.6467278966048924,2.2673390278199683,2.117975494213627,2.6423185441545,2.8515676690032636,2.049224495623838,2.0024904724536357,2.5622351596485133,2.2867563997810767,2.4520956729829573,2.3997963629859207,2.343711323471339,2.455581791483028,2.02293131282949,2.086241875298522,2.087222267194715,2.1388493228797394,2.2552959489837114,2.312233588166077,2.2425072843212757,2.5166664766126035,2.3176772165702015,2.066439401347673,2.3351622272512955,2.559929730392371,2.8515615101086462,2.105775558344544,2.5267490932275316,2.7058003413952743,2.188739772111204,2.129067087069157,1.7617125495460046,2.5801480664253744,2.2453667026686075,2.5495892620633653,2.5390697346645945,2.413287915657817,2.3571874793805203,0.09126735010945776,0.14807608615597534,0.13817961745525617,0.20593187340212254,0.19551635751142,0.19244159101133718,0.23001840868686765,0.13981984545467463,0.2500640796034267,0.15436853394391054,0.17149273608083135,0.16491320504156712,0.1715989521055823,0.21088313674047748,0.19959161733880879,0.167123187196929,0.2679655895672102,0.2555748391692866,0.19406576113973958,0.2811761429488566,0.2153421810106317,0.1577435172609927,0.14728020395224245,0.16182096037613833,0.16536056399741075,0.27313188489309187,0.09316661067123004,0.1347976468926086,0.13046715106461917,0.19309108639731168,0.19242253524694036,0.1456101817714303,0.25733855091751456,0.12935447045827644,0.28794734761404334,0.2614528784193019,0.15887690407245492,0.20836824773461068,0.1690227224591269,0.1541935829398183,0.20355034428885793,0.2502484412709518,0.1464998623905616,0.17705762093725105,0.30240417235077705,0.20434683638124182,0.15222483048506033,0.14012790944510073,0.18155185537621,0.16484063419605596,0.1567543375165515
89.0,1.9668578896613687,2.0750539549244293,2.1025930959391084,2.141994420860905,2.2510635516079107,2.270599797288054,2.316488819282544,2.545687608273003,2.104026487830202,2.2748780590884365,2.481167535583549,2.8076834433317663,2.1366737906305158,2.6424875326936106,2.255203521683046,2.1138602539750457,2.649199580977353,2.8482424976177105,2.046035968808738,1.9877257352428588,2.559730594369019,2.2830717091083237,2.445011884251484,2.3965835909517605,2.335869221713775,2.4487188226289427,2.018789964415569,2.0791374175431843,2.0819584695295283,2.1252161365244855,2.246701947406047,2.3048042148065995,2.2288908077554312,2.508693686510066,2.3220636984172423,2.0661296946535432,2.332008531690862,2.56293411609562,2.8415565334651016,2.0996649147587934,2.5198605571783137,2.700983423001657,2.1855217358944894,2.1236619907635506,1.7407866870505562,2.578369092813899,2.2404141805433735,2.54616847590642,2.536884355622568,2.41201998411791,2.3462801068034196,0.08971766332229285,0.14953477179833663,0.13937914774781052,0.2081026486336952,0.19680719359239188,0.19497896244492838,0.2318819496223615,0.14060049665342111,0.2540584461706318,0.15526402905535983,0.17401029581671532,0.16520127987508296,0.17293568452398358,0.2112954270787161,0.2001717458786031,0.17008037462289421,0.2712603260307774,0.2569878399113688,0.19381089920364286,0.28418404606996345,0.21649428045943112,0.15918049982110746,0.14800200550716316,0.16414197431146552,0.16766844822913102,0.2731472828520191,0.09215849257886094,0.13498164513197325,0.1305705174469962,0.1938931402366681,0.19319184525510844,0.14518084532421602,0.2593682935123922,0.12921305898970453,0.29021535397012066,0.2659068339941464,0.16077920934203238,0.21332254867098038,0.17054040578042087,0.15389654712937118,0.20366985475547122,0.25295823973402326,0.14855924905357845,0.17766048428878248,0.30645798522885853,0.20509029208966362,0.153208748101921,0.14014737963568896,0.1831586906649349,0.16719829724444282,0.15733030678265753
90.0,1.9625307983625344,2.066682225579418,2.0976014514036683,2.1264132439065118,2.241174906160797,2.265380950193727,2.310694431443228,2.5395821324196715,2.1017572887603992,2.2713746600112845,2.478605898078904,2.799411343108091,2.1305849096602785,2.6383805381721865,2.242984644300987,2.110072403135256,2.656777066780863,2.844890532966344,2.043405602900973,1.9724207765302522,2.5577556100790506,2.2798536662177136,2.437962281713757,2.393803638188702,2.328168437245897,2.4420461958634565,2.014782886937078,2.072225414124687,2.077002807490977,2.1111680655029033,2.2380122413411665,2.2975998101496953,2.215161433067736,2.500635590303768,2.3273587763630634,2.066434212680313,2.3292465248209573,2.5663243697886005,2.8314233511067295,2.0938498471723186,2.513007521387261,2.696200785909596,2.182668725151409,2.118660672663391,1.718956952493913,2.5771104704873307,2.23589137936978,2.5430170871275686,2.535157413206974,2.411249394468199,2.335270413015258,0.08812526672188388,0.1509764178380205,0.14056438427940293,0.21023660255420537,0.19808221432093212,0.1975746420095677,0.2337977777891669,0.14132397067814523,0.2581203356623023,0.1561134311256375,0.17657215585677158,0.1654615565906498,0.17423927958626134,0.21165437827349506,0.20063542714802393,0.17305001718289312,0.2745995688061937,0.2583578930052503,0.19343975492272358,0.2872328269187218,0.21758837822615337,0.16061512109828394,0.14872014798280345,0.16642080607677717,0.170008985216758,0.2731015254347204,0.09117343838235636,0.13510748637537295,0.13063408551574693,0.19458438609589193,0.1939062360297247,0.144687720858542,0.2613762924704677,0.12898361994184412,0.2925166497174188,0.27046750429232846,0.16270672399959163,0.21833709479213992,0.17211292429668265,0.15349418230119136,0.20372560216152394,0.2556788514489845,0.1505971790172875,0.17823423919164008,0.31057725400561204,0.20574401736390316,0.15426529964956953,0.14019999843574904,0.18468938746063107,0.1695367926977532,0.15784996193527537
91.0,1.9583791109916056,2.05840384255969,2.092902699275352,2.1103156328140638,2.231218912038564,2.260532833358881,2.3049769065639403,2.5335012070202896,2.100064673307187,2.2683009630576003,2.4761862101041134,2.791094632205029,2.124747957553627,2.634418239704928,2.2306874614691687,2.106630207260882,2.665081443457222,2.841510955504986,2.0413636697138884,1.9565641598683388,2.5563327763073502,2.2771275727087104,2.4309542905205714,2.391478082478425,2.3206249114035957,2.4355787155992044,2.0109215083684995,2.06552027218329,2.0723758096429012,2.0966962508007287,2.229228038155615,2.290637020158732,2.201320601613173,2.4924924180562775,2.333599522790551,2.0673830879373853,2.326894730433074,2.570116913283256,2.821165735639788,2.0883502203829623,2.506198592780561,2.6914557774953995,2.1802003334040787,2.114088185896377,1.696201611858144,2.576394366811606,2.2318228520584307,2.5401496428120143,2.533910032188354,2.4109998337328835,2.324166179326244,0.08651578256799161,0.15239321431360203,0.14173164810358732,0.2123216118459308,0.19933708847324041,0.20022252825686965,0.23576229284703526,0.14198424958059652,0.26224062379838253,0.15691547993420635,0.17917710153710856,0.165698549448295,0.17550356389577038,0.2119562787592811,0.20097332176622812,0.17602304075612976,0.27797939770672386,0.2596789361064531,0.19294861258473717,0.29031574435022117,0.21861970275242196,0.16204152203999173,0.14943293897190538,0.168647688807569,0.17237886476194966,0.27299797150284244,0.09023148293803486,0.1351751201666691,0.13066207092665919,0.1951524704623045,0.1945617522906886,0.14413623567892028,0.263352616840952,0.12866528483711467,0.2948463971496756,0.2751232592913314,0.16465791553146913,0.22339169500223796,0.17374507217167195,0.1529857808455259,0.20371858353439637,0.2583981634654707,0.15260487264102604,0.17878149744257807,0.3147491306221535,0.20630042843663784,0.1554011592589992,0.1402960145654808,0.18612926771722071,0.17184475811274022,0.1583131056388
92.0,1.9544160445899221,2.0502297936543643,2.088516244725831,2.0936898927369074,2.221198108592601,2.256077083508425,2.2993447378984957,2.527448538131532,2.0989763405120083,2.2656777114862674,2.4739187987898856,2.7827378533408247,2.1191804775299743,2.63061196395612,2.218317038982992,2.103551931918547,2.6741431528985746,2.8381029456894495,2.0399404410607644,1.940144448809713,2.5554846625826664,2.2749187301807754,2.423995335822749,2.389628501602652,2.3132545855227447,2.4293311862487825,2.007217256684318,2.05903639885924,2.068098004549181,2.0817918334036563,2.220350545215935,2.283932490797043,2.1873697547467104,2.4842643998301908,2.3408230100825813,2.069006452934152,2.3249716723187945,2.57432816839153,2.810787459670508,2.0831858991885404,2.499442378284374,2.6867517451353726,2.1781361541746684,2.1099695835902104,1.6724989311253204,2.5762429491526793,2.2282331515199516,2.5375806900449818,2.5331633373372426,2.4112949889362096,2.3129751870465833,0.08491821741234919,0.1537769572996767,0.14287709957651812,0.21434572211016556,0.20056798215639837,0.20291557582808992,0.23777082509246536,0.1425757987018188,0.2664107942421421,0.1576703257640685,0.18182532286540343,0.16591682690360382,0.17672250751824403,0.21219741297197864,0.20117745502551357,0.17899140721783138,0.2813974152817839,0.26094644694092733,0.19233479843469584,0.293426124757859,0.21958481602090252,0.16345312924633024,0.15013806873082033,0.17081426643097292,0.1747748547465275,0.2728406068739309,0.08935124260674272,0.1351849066278474,0.13065887570951096,0.19558482576767908,0.19515521686167053,0.14353234115017335,0.2652872442235555,0.12825826507473292,0.2972002748765694,0.2798617154055284,0.16663155084496614,0.22846594889589808,0.17544051713141526,0.15237143277065845,0.2036503377737995,0.26110405833305766,0.1545741491336654,0.17930565747167188,0.31895982925694083,0.20675304404133693,0.1566212162106596,0.14044476576522183,0.18746431268497313,0.17411141483337855,0.15871991112336475
93.0,1.9506548161987853,2.0421710666525716,2.084461492926754,2.076524328828418,2.2111150351742848,2.252035337367262,2.293806418700708,2.5214278318101195,2.098519989416222,2.2635256485561466,2.471813991266904,2.7743455492337334,2.1139000128087857,2.626973037590067,2.205878442637853,2.1008558426748825,2.6839926369971145,2.8346656839755506,2.0391661887549355,1.9231502069069062,2.5552338384337268,2.273252440233363,2.4170928427710745,2.38827647334308,2.306073400939251,2.4233184122248423,2.0036815598589794,2.05278820129282,2.0641899207736545,2.066445954297414,2.2113809698886815,2.27750286802796,2.1733103338233315,2.475951765688093,2.349066310622025,2.07133444017999,2.323495874269635,2.578974556925346,2.8002922958051544,2.078376748386866,2.4927474848248554,2.6820920362058502,2.1764957809853116,2.1063299188726003,1.6478271762775032,2.5766783848765002,2.2251468306649826,2.5353247759116475,2.5329384534241868,2.4121585471023774,2.3017052174864756,0.08336456485102921,0.15511914681464717,0.14399677133781494,0.2162974154526496,0.20177171393290333,0.20564580771234,0.2398176063555363,0.14309373562224886,0.2706232173000205,0.15837974981635286,0.18451856812103973,0.16612082259748123,0.17789036429046684,0.2123741185229344,0.2012416475503191,0.18194838140313901,0.2848529832852876,0.26215781286476303,0.19159689739006755,0.29655752539954905,0.22048193931192342,0.16484266848327894,0.15083251083613736,0.17291393049348613,0.1771938246263976,0.27263395946401753,0.08854873554258823,0.13513758899490155,0.1306289081114647,0.19586877588426718,0.1956844153315394,0.1428823478860393,0.26717031189986457,0.12776393387735382,0.29957475155722796,0.2846698963893078,0.16862672754114424,0.2335395929145893,0.17720150182892855,0.15165208356255472,0.203523104083956,0.2637847713951833,0.1564976690864413,0.1798109666074796,0.32319481122057014,0.20709685769716332,0.15792808257544338,0.14065422152939885,0.18868164518101113,0.17632683685823625,0.15907093261784644
94.0,1.9471086428595314,2.0342386493434246,2.080757849049761,2.0588072462419063,2.2009722311350224,2.2484292316602925,2.2883704422243816,2.5154427941127375,2.098723319061244,2.261865517526109,2.4698821146658836,2.7659222626020146,2.10892410660951,2.6235127872710438,2.193376738229129,2.0985602050965078,2.6946603376450007,2.8311983508191116,2.039071184609677,1.9055699977124725,2.555602873389281,2.272154004465938,2.410254236516354,2.3874435754814143,2.299097298988955,2.417555197939975,2.0003258458669935,2.0467900866242843,2.0606720868802064,2.0506497544676776,2.2023205195403914,2.271364797814854,2.1591437801980065,2.467554745692563,2.3583664967917577,2.0743971821842986,2.3224858600771316,2.5840725006966427,2.78968401664996,2.0739426327757964,2.48612251932818,2.6774799980831068,2.175298807358147,2.10319424487124,1.6221646132967655,2.577722841349017,2.2225884424041125,2.5333964474972306,2.533256505219711,2.413614195255611,2.2903640519561135,0.08188920231039268,0.15641109090066424,0.14508661094450845,0.21816587080071093,0.20294588521541398,0.2084043586522036,0.24189578746354476,0.1435339794098246,0.2748713731887214,0.15904732847332248,0.18726018061363545,0.1663146538772165,0.17900181516212182,0.21248286334206945,0.20116192155969828,0.18488872299391082,0.2883473445111173,0.2633126338518566,0.1907349705352735,0.2997038796373189,0.22131124801586738,0.16620221175484465,0.15151244808076136,0.17494207554886315,0.17963274048179023,0.2723830089382472,0.08783627565823171,0.13503424872043493,0.13057640446096047,0.1959916320252728,0.19614825885012271,0.14219276228192548,0.2689923801272707,0.127184864280675,0.30196734290674193,0.2895343977557429,0.17064287092238464,0.23859283796157804,0.17902861352462074,0.1508295962799559,0.2033400314642563,0.266429255873033,0.15836913997930704,0.18030258665799176,0.32743899527090475,0.20732870336586856,0.15932168843770667,0.14093059387591717,0.189770007956874,0.17848216808598766,0.15936712342432874
95.0,1.9437907416134836,2.026443529516075,2.077424718266502,2.040526950130758,2.190772235826186,2.2452804031124387,2.283045301723309,2.509497131096097,2.0996140284884413,2.2607180616550298,2.4681334961175034,2.757472536163919,2.1042703021515776,2.620242539663328,2.1808169915522235,2.0966832847500703,2.706176696734418,2.82770012667595,2.039685700438317,1.887392384778953,2.5566143369780785,2.271648724477957,2.4034869422093825,2.3871513857993394,2.292342221007761,2.4120563478068493,1.9971615426828206,2.0410564619938953,2.0575650314326768,2.0343943749002067,2.1931704015376097,2.2655349261210667,2.144871535225712,2.4590735699061894,2.3687606409746294,2.0782248114564736,2.3219601535328307,2.5896384215173347,2.7789663948111825,2.0699034171531197,2.4795760887205227,2.672918978143501,2.1745648268153204,2.1005876147138505,1.5954895081651617,2.5793984859361667,2.2205825396479835,2.5318102518869336,2.5341386174943774,2.415685620420148,2.27895947176573,0.08052806191445402,0.1576440125577171,0.14614253302076885,0.21994120504648415,0.20408897726876926,0.2111815554184559,0.24399751039205275,0.14389337095054702,0.27915000335563933,0.1596785214535222,0.19005500066766612,0.16650195850473276,0.18005210704640534,0.21252034153342259,0.20093685670747316,0.1878087859137932,0.2918836044205945,0.2644129300009219,0.18975076270434957,0.30285961606843603,0.22207511410680994,0.1675232628780459,0.1521732342734328,0.17689624908603002,0.1820886286040582,0.2720930977816408,0.0872215640699884,0.1348762430271115,0.1305052655468193,0.19594077240735183,0.19654691291820936,0.14147013923145405,0.27074469393135936,0.1265248171664534,0.3043768298789765,0.29444155256325844,0.17267969228320781,0.24360668875140662,0.18092064196270902,0.14990681547355747,0.20310541899847406,0.2690275371852547,0.16018347148410386,0.1807866550188588,0.33167698985893895,0.2074475891123977,0.16079900999013116,0.14127805172207,0.1907202105141658,0.18056977231391025,0.15960985965440977
