,Mean (mm),Mean (mm),Mean (mm),Mean (mm),Mean (mm),Mean (mm),Mean (mm),Mean (mm),Mean (mm),Mean (mm),Mean (mm),Mean (mm),Mean (mm),Mean (mm),Mean (mm),Mean (mm),Mean (mm),Mean (mm),Mean (mm),Mean (mm),Mean (mm),Mean (mm),Mean (mm),Mean (mm),Mean (mm),Mean (mm),Mean (mm),Mean (mm),Mean (mm),Mean (mm),Mean (mm),Mean (mm),Mean (mm),Mean (mm),Mean (mm),Mean (mm),Mean (mm),Mean (mm),Mean (mm),Mean (mm),Mean (mm),Mean (mm),Mean (mm),Mean (mm),Mean (mm),Mean (mm),Mean (mm),Mean (mm),Mean (mm),Mean (mm),Mean (mm),SD (mm),SD (mm),SD (mm),SD (mm),SD (mm),SD (mm),SD (mm),SD (mm),SD (mm),SD (mm),SD (mm),SD (mm),SD (mm),SD (mm),SD (mm),SD (mm),SD (mm),SD (mm),SD (mm),SD (mm),SD (mm),SD (mm),SD (mm),SD (mm),SD (mm),SD (mm),SD (mm),SD (mm),SD (mm),SD (mm),SD (mm),SD (mm),SD (mm),SD (mm),SD (mm),SD (mm),SD (mm),SD (mm),SD (mm),SD (mm),SD (mm),SD (mm),SD (mm),SD (mm),SD (mm),SD (mm),SD (mm),SD (mm),SD (mm),SD (mm),SD (mm)
,7Networks_LH_Vis,7Networks_LH_SomMot,7Networks_LH_DorsAttn_Post,7Networks_LH_DorsAttn_FEF,7Networks_LH_DorsAttn_PrCv,7Networks_LH_SalVentAttn_ParOper,7Networks_LH_SalVentAttn_TempOcc,7Networks_LH_SalVentAttn_FrOperIns,7Networks_LH_SalVentAttn_PFCl,7Networks_LH_SalVentAttn_Med,7Networks_LH_Limbic_OFC,7Networks_LH_Limbic_TempPole,7Networks_LH_Cont_Par,7Networks_LH_Cont_Temp,7Networks_LH_Cont_PFCd,7Networks_LH_Cont_PFCl,7Networks_LH_Cont_OFC,7Networks_LH_Cont_PFCv,7Networks_LH_Cont_pCun,7Networks_LH_Cont_Cing,7Networks_LH_Cont_PFCmp,7Networks_LH_Default_Par,7Networks_LH_Default_Temp,7Networks_LH_Default_PFC,7Networks_LH_Default_pCunPCC,7Networks_LH_Default_PHC,7Networks_RH_Vis,7Networks_RH_SomMot,7Networks_RH_DorsAttn_Post,7Networks_RH_DorsAttn_FEF,7Networks_RH_DorsAttn_PrCv,7Networks_RH_SalVentAttn_TempOccPar,7Networks_RH_SalVentAttn_PrC,7Networks_RH_SalVentAttn_FrOperIns,7Networks_RH_SalVentAttn_PFCv,7Networks_RH_SalVentAttn_PFCl,7Networks_RH_SalVentAttn_Med,7Networks_RH_Limbic_OFC,7Networks_RH_Limbic_TempPole,7Networks_RH_Cont_Par,7Networks_RH_Cont_Temp,7Networks_RH_Cont_PFCv,7Networks_RH_Cont_PFCl,7Networks_RH_Cont_pCun,7Networks_RH_Cont_Cing,7Networks_RH_Cont_PFCmp,7Networks_RH_Default_Par,7Networks_RH_Default_Temp,7Networks_RH_Default_PFCv,7Networks_RH_Default_PFCdPFCm,7Networks_RH_Default_pCunPCC,7Networks_LH_Vis,7Networks_LH_SomMot,7Networks_LH_DorsAttn_Post,7Networks_LH_DorsAttn_FEF,7Networks_LH_DorsAttn_PrCv,7Networks_LH_SalVentAttn_ParOper,7Networks_LH_SalVentAttn_TempOcc,7Networks_LH_SalVentAttn_FrOperIns,7Networks_LH_SalVentAttn_PFCl,7Networks_LH_SalVentAttn_Med,7Networks_LH_Limbic_OFC,7Networks_LH_Limbic_TempPole,7Networks_LH_Cont_Par,7Networks_LH_Cont_Temp,7Networks_LH_Cont_PFCd,7Networks_LH_Cont_PFCl,7Networks_LH_Cont_OFC,7Networks_LH_Cont_PFCv,7Networks_LH_Cont_pCun,7Networks_LH_Cont_Cing,7Networks_LH_Cont_PFCmp,7Networks_LH_Default_Par,7Networks_LH_Default_Temp,7Networks_LH_Default_PFC,7Networks_LH_Default_pCunPCC,7Networks_LH_Default_PHC,7Networks_RH_Vis,7Networks_RH_SomMot,7Networks_RH_DorsAttn_Post,7Networks_RH_DorsAttn_FEF,7Networks_RH_DorsAttn_PrCv,7Networks_RH_SalVentAttn_TempOccPar,7Networks_RH_SalVentAttn_PrC,7Networks_RH_SalVentAttn_FrOperIns,7Networks_RH_SalVentAttn_PFCv,7Networks_RH_SalVentAttn_PFCl,7Networks_RH_SalVentAttn_Med,7Networks_RH_Limbic_OFC,7Networks_RH_Limbic_TempPole,7Networks_RH_Cont_Par,7Networks_RH_Cont_Temp,7Networks_RH_Cont_PFCv,7Networks_RH_Cont_PFCl,7Networks_RH_Cont_pCun,7Networks_RH_Cont_Cing,7Networks_RH_Cont_PFCmp,7Networks_RH_Default_Par,7Networks_RH_Default_Temp,7Networks_RH_Default_PFCv,7Networks_RH_Default_PFCdPFCm,7Networks_RH_Default_pCunPCC
Age (years),,,,,,,,,,,,,,,,,,,,,,,,,,,,,,,,,,,,,,,,,,,,,,,,,,,,,,,,,,,,,,,,,,,,,,,,,,,,,,,,,,,,,,,,,,,,,,,,,,,,,,
5.0,2.4772309670955246,2.704956217072961,2.735149747602366,2.7670799698916992,2.8846512112183516,2.9604221294821365,2.9736257974413007,3.1954333208239287,2.750355054511184,3.042740089528961,3.000899860708945,3.2550132300645362,2.8356672600158412,3.1260879592675286,2.9498076538358466,2.770332662891187,3.035282528497816,3.5027397803335587,2.798594390103476,2.5604868883124796,3.3397238687852013,2.9878422004539433,3.1042331677951065,3.1186998886847666,3.089970202614637,2.993195955785959,2.52949359184277,2.7166825061453403,2.7370191038061513,2.7218890379073937,2.8327285138163596,3.0058312157488807,2.907290903900288,3.177591547181298,2.9788758180713493,2.6413387974241753,3.0457508127316326,2.9919774728684647,3.2717082077216153,2.8042316910418643,3.0613602905266197,3.309457885060544,2.822022070520627,2.8879911513494294,2.239104134731509,3.357298777989005,2.9434020657996056,3.2000889227941545,3.2177616232514397,3.095550509548303,3.116710080262495,0.10290322117797061,0.11296798635796074,0.11190898561010999,0.1664925948551913,0.17723768557135547,0.16016412169891373,0.21508666022020265,0.11879700178027201,0.20676671713323294,0.1267870222334988,0.13994060044682013,0.14468449975302516,0.14331003888395238,0.2031685381173899,0.18512425291064047,0.12584272128541557,0.23430272463555765,0.2346350917346084,0.1877613882593271,0.22612043542482801,0.19966112614842113,0.13721582136823587,0.13694532535808146,0.12292322294943281,0.13063131473984757,0.23836505960110696,0.10893811426406674,0.11099440449549876,0.1147872203318048,0.17334661048150105,0.18556316761909517,0.14138481039126577,0.23787074686986653,0.1179228029413335,0.2728527630817584,0.2189731460367825,0.13237510282185608,0.14240510407063153,0.1433473827066377,0.14205058883059865,0.1980300180787339,0.22096774315183149,0.11737477899874847,0.15933911994273575,0.2354893857734839,0.19550886256877398,0.141914873734933,0.1443332579109128,0.15337574099711723,0.13149832905663056,0.13521108725194414
6.0,2.4486859211681447,2.6803572512556024,2.699163193062066,2.7550169230403205,2.8694177938396104,2.9266337655975736,2.941361120451795,3.17306228079772,2.7177646453765516,3.007206691757912,2.967733175097131,3.24229000885771,2.7994936566243456,3.099227777048698,2.93119128394352,2.739228014912426,2.9897879667520355,3.4731808218285085,2.7548771699985517,2.544791533856201,3.3082803364773627,2.9501020240882543,3.07639211514232,3.0840856692205176,3.049106994412054,2.969415263768049,2.5006046212269735,2.6915188893890805,2.7012270463425763,2.709795104678331,2.8154260019497324,2.976420347985666,2.9032154631171805,3.1573562767597982,2.9376775733202476,2.604786942122472,3.0146211718874163,2.957473829923779,3.258590749529483,2.76892788883751,3.0362733141486467,3.28611537862219,2.7895253575492127,2.846225750855233,2.232037323589192,3.3231271796126336,2.908376304984547,3.169389168567529,3.1861873658905573,3.0577027641585444,3.077458017927476,0.1019393880245576,0.11171339426795651,0.11084511667941886,0.1645259069545786,0.17527463091416196,0.15788912079057252,0.21285676500140374,0.11797069857671795,0.20442592496820208,0.12616171615339905,0.13848907206346325,0.14340121460715247,0.14195099427925253,0.20107431953007485,0.18343658482400552,0.12460178088953515,0.2316543877991726,0.2332383382791473,0.1861653178009038,0.22362169941142768,0.19746896064180844,0.13593449964404158,0.13530617354972452,0.12193339871343545,0.1294148091295798,0.23892072012796187,0.10769071549165558,0.11012299869077499,0.11375613784820011,0.17120242982455341,0.1836517649801315,0.14010359931439936,0.23309951422973055,0.1168996780202374,0.2701021973066336,0.21640959205659271,0.13136639684155413,0.14065212990346182,0.14258898017522031,0.1409748159043538,0.1958107517095312,0.2179463954037364,0.11640911981905637,0.15841072516672913,0.23265915906732546,0.1941037370381093,0.14109894513042523,0.14264699928444638,0.15217560656587892,0.13040309451193247,0.13465070114179514
7.0,2.4217242398575123,2.6570444147257533,2.6652019709080337,2.7433359004047544,2.854795463037603,2.8947168121516995,2.910696595065541,3.151623563828283,2.687013441183894,2.9734706367611388,2.936309395328022,3.230225558081912,2.7652779048870673,3.0738286875446437,2.913451295644371,2.7097560105766956,2.9469375689735147,3.4448007094695323,2.713637198857458,2.5297674298243633,3.27832202123048,2.91444006436714,3.0499154728282867,3.0512548995902966,3.0104775428662083,2.9469391981253663,2.473276157811239,2.667676375896528,2.6674393735793767,2.6981110654767764,2.7988545675576217,2.948578460454947,2.8991231919595877,3.137911782563525,2.898728198887874,2.5703611232387926,2.9850137279372744,2.9247804607339782,3.246227529640992,2.735555177541564,3.0125184874236153,3.2637446363792724,2.7587573301656203,2.8067921294884206,2.225221675035195,3.2905901618569016,2.875297234906033,3.140223437466818,3.1562056847988034,3.0218467952310375,3.0403001070246085,0.10100778163516975,0.11054369019232442,0.10983439936251514,0.1626879242202073,0.1734382950362406,0.15576155525510374,0.21075860638782626,0.1171748344022114,0.2022096870265266,0.12553715340948707,0.13710939078124423,0.14219157758942322,0.14066534389354735,0.19909255406838722,0.18181362241888857,0.12342214497572078,0.2291440639274357,0.23189601650453612,0.18463852169328612,0.22131231751317046,0.19538494203524204,0.13471647937449133,0.13378082262480678,0.12096920461900398,0.12825828331593217,0.23939945651103758,0.10649331567729782,0.10930039689676994,0.11277166401034029,0.16919277498041513,0.18183210101782823,0.13888020612365679,0.22867130439764727,0.11592300796608684,0.2675006758989741,0.21399185354926678,0.1303898917404382,0.13900433380963664,0.1418410441568671,0.13994137110133362,0.19370896137281587,0.21511360321218165,0.11546381406357627,0.1575080513313464,0.23005019260683093,0.19273136166200017,0.1403048346331036,0.1410604132581005,0.1510084187269206,0.12935083184499852,0.13407362127087455
8.0,2.396301908564964,2.634980609880527,2.633209066439261,2.7320271141557173,2.8407664913280417,2.8646174930269157,2.881589879946245,3.1310931695776247,2.658047565047305,2.941481984288506,2.9065827477301935,3.218799762058944,2.7329652854501862,3.049850475681919,2.896561386237077,2.6818707950807457,2.9066600863263443,3.4175727687750417,2.674804029208012,2.515397179615262,3.249807199233341,2.880797268307843,3.024766427102417,3.0201577578838696,2.974020162716495,2.9257293121220465,2.447465657794013,2.6451165445904703,2.635599338628715,2.6868260276404894,2.7829943499750875,2.922260253063515,2.8950106295049545,3.1192379497113447,2.8619643743844256,2.538000273055778,2.956886368697713,2.8938504367438247,3.23459514860931,2.7040587789261847,2.9900587121807507,3.2423213849097463,2.72966962910899,2.7696242628648617,2.2186502025251893,3.259642752980708,2.844108616170892,3.1125500939904325,3.127772079846774,2.987927643026774,3.0051795306506706,0.10010831105966501,0.10945553258858504,0.10887520925519728,0.16097108704851928,0.1717213047175701,0.15377478269806305,0.2087852084458269,0.11640845386821197,0.20011172436734512,0.12491610383563694,0.13579826159293074,0.14105119632462787,0.1394503689065354,0.1972191658581154,0.18025409754198315,0.12230072465588167,0.2267650375627505,0.23060611021579663,0.18317935514268993,0.21918110434032081,0.1934049084740382,0.13355867273365618,0.1323608769959053,0.12003035618021557,0.12715871530853312,0.23980896671662374,0.10534463107111164,0.1085252131972844,0.11183196320540235,0.16730805189405223,0.18009997469327751,0.13771200837165545,0.22456641511345893,0.11499077563250935,0.2650417414494567,0.21171261922281326,0.12944487042134353,0.13745820909603473,0.1411033089678177,0.1389485442126759,0.1917186716331998,0.2124606927031779,0.11453954976580213,0.15663067773912537,0.22764832314280514,0.1913921795619953,0.1395314637046389,0.1395680914708094,0.14987584663072168,0.12833996376282372,0.13348227348499508
9.0,2.3723749126918166,2.614128739117023,2.6031274649547056,2.7210807764639515,2.827313151226692,2.8362820321055744,2.8539986337576844,3.111447097707794,2.6308131400808383,2.911190794089883,2.8785074586323165,3.2079925051106075,2.702501078959868,3.027252926387079,2.8804952530203005,2.6555265136213344,2.8688842699745707,3.3914703252634975,2.638307213578058,2.5016633866271594,3.2226941466747796,2.8491145829275992,3.0009081642141036,2.990744422191052,2.9396731687023143,2.905747159022184,2.4231305773737044,2.6238009743936983,2.6056501946027346,2.675929098507322,2.7678254885372064,2.8974204257181913,2.8908743148307634,3.1013146633221127,2.8273227794200753,2.507643323856098,2.930196981985239,2.8646368293980875,3.223670206987537,2.6743839147635575,2.9688568902492314,3.221821350791556,2.7022138951184482,2.7346561266003846,2.2123159195148587,3.230239981242987,2.8147542093859697,3.086327502636736,3.10084205090506,2.955890347806751,2.9720394719024754,0.09924086846326766,0.10844568962418526,0.10796597186319509,0.15936854525708286,0.17011690497020818,0.1519224969285803,0.20693017788798157,0.11567076086634462,0.19812624502595194,0.124301081002585,0.134552675011955,0.13997614539017494,0.13830347785125552,0.19545030691850182,0.17875683459191466,0.121234726476469,0.2245111715082452,0.22936697836174122,0.1817862559227026,0.21721779802397187,0.19152495763091326,0.13245828432424434,0.13103880280858135,0.11911664402482335,0.1261134317624423,0.24015645437040878,0.10424343238294435,0.1077961196093079,0.11093538640564285,0.16553968404888672,0.17845160287310452,0.13659669033288468,0.22076640169473688,0.114101207895741,0.26271941279298194,0.20956506721017343,0.12853074583040047,0.13601024902554185,0.1403757685597843,0.13799490001824674,0.18983442931084077,0.20997947213689955,0.11363691892215307,0.155778402452667,0.22544056640819918,0.1900866616708808,0.13877811605251594,0.13816504712819971,0.14877929747136961,0.12736903202513425,0.13287911853327283
10.0,2.3498992376393946,2.5944517048323554,2.574900151753346,2.710487099500166,2.8144177152492835,2.809656653270056,2.827880515163562,3.092661347880827,2.6052562893985542,2.8825471259151483,2.852037754362975,3.1977836715587036,2.673830566062292,3.0059958245866554,2.8652265932926975,2.6306773113952224,2.8335388710822613,3.366466704453324,2.60407630449541,2.48854865425835,3.1969411397436045,2.819332955243645,2.978303870412746,2.962965070601622,2.907374875563059,2.886954292089914,2.4002283727487446,2.6036912442290117,2.577535194613665,2.665409385415037,2.7533281225790476,2.8740136783257815,2.886710787014487,3.084121808514708,2.7947400936050086,2.479229207922371,2.9049034556163766,2.8370927101415067,3.2134293053288263,2.6464758068258645,2.9488759234582895,3.202220260602672,2.676341768933153,2.7018216963108683,2.2062118394598933,3.2023368749026226,2.787177775158115,3.0615140279041526,3.0753710978442705,2.925679949831941,2.9408231138767937,0.09840533569673275,0.10751104399875318,0.10710516766975728,0.15787408109270154,0.16861890835156002,0.15019870931956764,0.20518764531254646,0.11496109425678995,0.1962479058478954,0.12369435645042408,0.13336987967697136,0.13896292521201853,0.1372222038046374,0.19378233559470937,0.177320726157301,0.12022162241589161,0.22237684925903337,0.2281772839230482,0.18045773307157642,0.21541297801091294,0.1897414269497489,0.1314127803476516,0.12980784441566742,0.11822792397617161,0.12512006091490588,0.2404486399424338,0.1031885513487469,0.10711184763255575,0.11008045334906587,0.16388000967772787,0.1768835595774206,0.13553220382729994,0.21725400419547725,0.11325274143517183,0.2605281274250813,0.20754282524828413,0.12764703461662535,0.13465697040834584,0.1396586255219088,0.13707923752234724,0.18805125600482536,0.20766220053114096,0.1127564265470024,0.154951190883889,0.22341502240819847,0.18881528194319594,0.138044364491985,0.13684668701130495,0.14771993395640937,0.12643668904694985,0.1322666062915269
11.0,2.328830868809028,2.5759124094236334,2.5484701121341766,2.70023629543511,2.802062455911572,2.784687580402748,2.8031931828276564,3.074711919758703,2.5813231361145315,2.855501039514162,2.827127861250782,3.188153145725038,2.6468990274036255,2.986038955207173,2.8507291043529484,2.607277333599161,2.8005526408134784,3.342535231862967,2.5720408544879114,2.4760355859071037,3.172506454628617,2.79139333227326,2.956916731947766,2.9367698812053558,2.877063598038143,2.8693122645893414,2.3787165001175814,2.5847489330192084,2.551197591773626,2.6552559957014767,2.73948239143568,2.8519947107930848,2.8825165851335535,3.0676392704079976,2.7641529965493983,2.45269685753729,2.880963677407628,2.81117115041887,3.203849044186306,2.620279676885256,2.9300787136370934,3.183493840921031,2.6520048912922296,2.6710549476121384,2.200330975815966,3.1758884622185555,2.7613230740941397,3.038068034291046,3.0513147205349878,2.8972414893633194,2.911473639670429,0.09760158957055094,0.10664859625863986,0.10629133601365949,0.1564820410318324,0.1672216466003573,0.14859773127654285,0.2035522124954632,0.11427890715866845,0.194471776927711,0.12309797519170333,0.13224735707972843,0.13800842366854102,0.1362042012621224,0.19221179815084202,0.17594471516220622,0.11925912295636427,0.22035692249414573,0.22703593417928464,0.17919235792633134,0.21375798867691512,0.1880508768203735,0.13041986139736728,0.12866194742572198,0.11736410880066063,0.12417649162347844,0.240691775606486,0.10217888520785394,0.10647118892350964,0.10926583673911897,0.16232218895476555,0.17539272456018548,0.13451673440000383,0.21401307878769155,0.1124439940248481,0.2584626915586148,0.2056399349862382,0.1267933363371455,0.13339493297892954,0.13895224881063,0.13620055494591504,0.18636460529031165,0.205501558068575,0.11189849982571567,0.15414913396807092,0.22156078561512774,0.18757849971438056,0.1373300101965388,0.13560878461941045,0.14669869239685804,0.12554169059796622,0.1316471420095828
12.0,2.309125791602023,2.5584737552879537,2.523780331396147,2.690318576439498,2.7902296457292737,2.761321037385999,2.7798942954136794,3.057574813003487,2.558959803342833,2.8300025946367904,2.80373200562439,3.1790808119314162,2.621651743630026,2.9673421031751936,2.836976483499716,2.5852807254299255,2.7698543303322745,3.319649233010847,2.542130416083382,2.464106784971699,3.149348367518634,2.765236661033622,2.9367099350685626,2.9121090320920655,2.848677650866966,2.8527826297845715,2.358552415678618,2.5669356196870683,2.5265806391948207,2.645458036704423,2.726268434442178,2.8313182230269254,2.878288248265473,3.0518469341208405,2.735498167863447,2.4279852049834636,2.858335535175487,2.7868252216749174,3.1949060241131133,2.595740746713932,2.9124281626148636,3.1656178183245918,2.6291549029348444,2.642289856120067,2.194666342038749,3.1508497714496935,2.7371338668008827,3.015947886295813,3.0286284188478145,2.8705200066618892,2.883934232380161,0.09682950597536556,0.10585546670024942,0.10552307790299674,0.15518727530179213,0.1659199248389245,0.14711415767789413,0.2020189050673616,0.11362374944109728,0.1927933084868199,0.12251377213132389,0.13118279843801384,0.13710988033472007,0.13524724267511848,0.19073541289387236,0.17462778232030438,0.11834515296155876,0.2184466633574279,0.22594203083306572,0.17798875723005297,0.21224486863103198,0.1864500758585203,0.12947743840036763,0.12759568811467153,0.11652516136486049,0.12328083804609846,0.2408916630838766,0.10121339926969895,0.10587299521218146,0.10849034823169544,0.1608601198042837,0.1739762401243538,0.13354867219852637,0.21102853216458414,0.11167374046000478,0.25651823704383614,0.2038508198585487,0.1259693171484311,0.13222075498658695,0.13825713891616215,0.1353580198060677,0.18477032398512688,0.20349061821386466,0.1110634972781772,0.15337241459319043,0.2198678601225308,0.1863767477522909,0.13663503252515935,0.1344474542491637,0.14571630120982743,0.12468288940521004,0.13102306255304627
13.0,2.290739991419733,2.5420986448224263,2.5007737948382456,2.6807241546840572,2.778901557218166,2.7395032481021913,2.757941511585363,3.0412260272772125,2.538112414197525,2.8060018510329265,2.781804413812388,3.17054655449965,2.5980339953876768,2.9498650534172444,2.8239424280316685,2.564641632084264,2.7413726908027134,3.2977820334154244,2.514274541809669,2.4527448548504194,3.127425154602459,2.7408038885420205,2.9176466660245217,2.888932701351516,2.822155348788915,2.8373269409397297,2.339693575630282,2.55021288315539,2.503627589989414,2.6360046157616925,2.713666390933611,2.811938914934104,2.874022315487694,3.0367246847721114,2.708712287157327,2.4050331825435682,2.8369769167364836,2.7640079953544325,3.1865768456623824,2.572804238084057,2.8958871722207777,3.148567919391307,2.6077434446001155,2.615460397450497,2.189210951583927,3.1271758308549638,2.714553913885203,2.9951119484168487,3.0072676926533406,2.8454605419886145,2.8581480751027986,0.09608896299995591,0.10512889599230843,0.10479905789549422,0.1539850841852526,0.16470897853392535,0.14574285117653296,0.20058312999424716,0.11299525302676725,0.19120830003796552,0.12194338904735189,0.13017408366782152,0.13626485328906912,0.13434921468075206,0.18935005631940235,0.17336893782818855,0.11747783010103587,0.21664172121920416,0.22489482860899135,0.1768456080177745,0.2108662855007023,0.18493598769980055,0.12858361131057425,0.1266042089043066,0.11571108898898799,0.12243140942743372,0.2410536738171225,0.10029112779593058,0.10531617758337894,0.10775292600517278,0.15948836136937805,0.1726314750927437,0.1326265869502821,0.20828625820367971,0.11094089238435018,0.25469018434937624,0.20217025605088823,0.12517469711715212,0.1311311254069234,0.13757389933121822,0.13455094346821966,0.18326461698080587,0.20162282147817576,0.11025171784501378,0.15262128104166864,0.21832707978341556,0.18521042480606603,0.1359595478324036,0.13335912590964213,0.1447732996009482,0.1238592295091581,0.13039662082118242
14.0,2.273629453663456,2.526749980424157,2.4793934877594324,2.671443242339535,2.7680604628939673,2.719180436433717,2.7372924900064644,3.0256415622418844,2.5187270917926594,2.7834488684524135,2.7612993121434255,3.1625302577515573,2.57599106332274,2.9335675908598833,2.811600635247462,2.5453141987589287,2.715036473388869,3.276906958595125,2.4884027841945695,2.44193239894153,3.106695092068914,2.7180359618156773,2.8996901110650453,2.8671910670735063,2.797435006543395,2.8229067513189414,2.322097436171009,2.5345423023469813,2.482281697269564,2.6268848402110865,2.7016564002450427,2.7938114864214305,2.86971532587769,3.022252407480675,2.683732034041225,2.3837797225002397,2.816845709907138,2.7426725429021483,3.1788381093872236,2.551415372767803,2.880418644284057,3.132319870699132,2.587722157027187,2.590500547219296,2.183957817907174,3.104821668693256,2.6935269759539273,2.9755185851525563,2.987188041822179,2.822008135604505,2.8340583509351123,0.09537984319828122,0.10446624466596335,0.10411800517526064,0.15287117028743485,0.16358443333780315,0.14447892727430112,0.19924063734887026,0.112393119642055,0.18971287169361842,0.1213882918004324,0.12921926236329154,0.13547118839409,0.13350811408216745,0.18805275087239626,0.17216721636897986,0.11665544557512657,0.2149380835900496,0.223893701088375,0.17576163398213335,0.20961547592806193,0.18350575889670784,0.12773665021995814,0.12568315955497836,0.1149219388177598,0.12162668442436088,0.24118277087353607,0.09941117344660794,0.10479970524157431,0.10705262373337172,0.15820206444920237,0.17135599491191025,0.1317492065035956,0.20577307645533835,0.11024448140348192,0.25297421081680366,0.2005933461597855,0.12440924044595712,0.13012281315766722,0.13690321333535535,0.13377875961042052,0.1818440152160812,0.1998919507713656,0.1094634098143849,0.1518960263119762,0.21693003331495736,0.1840798916777298,0.13530377586950978,0.13234052104242508,0.14387005619294402,0.12306974125702232,0.1297699767437106
15.0,2.2577501637345243,2.5123906644902565,2.459582395458704,2.6624660515766343,2.7576886352724346,2.7002988262629284,2.7179048893406943,3.0107974175595476,2.5007499592423232,2.7622937066451474,2.74217092694609,3.155011806008913,2.5554682280814056,2.918409500429628,2.799924802445786,2.527252570650699,2.690774429254786,3.256997334068377,2.464444695765949,2.4316520206433307,3.0871164561068083,2.696873827871845,2.8828034564395533,2.846834307347818,2.7744549388698068,2.809483614186296,2.3057214534992343,2.5198854561846256,2.46248621414747,2.618087817390429,2.6902186017115475,2.7768906373957183,2.8653638185129164,3.0084099873654044,2.6604940881252976,2.3641637571361467,2.7978998025039328,2.722771935762857,3.1716664158407872,2.5315193725373373,2.865985480633879,3.116849398826002,2.5690426809552047,2.5673442810422986,2.178899954464162,3.0837423132235218,2.6739968136138956,2.9571261610013018,2.968344966224903,2.8001078277705256,2.8116082429739175,0.09470203515103641,0.10386499162897465,0.10347871395061815,0.1518415960473857,0.16254226785904116,0.1433177400973177,0.197987485915285,0.11181711067594786,0.1883034374838729,0.12084978747867066,0.1283165366648654,0.13472699094941,0.1327220436507986,0.18684065400122796,0.17102167463932438,0.11587644690868196,0.21333204085097585,0.22293811268217686,0.1747356030342852,0.2084861904691678,0.18215670764101893,0.1269349786006538,0.12482864368735447,0.11415779405721906,0.1208652894051211,0.24128353204439015,0.09857270554315832,0.10432260387166602,0.10638860080262982,0.15699690837091826,0.17014753694883203,0.1309153984545977,0.2034766722544667,0.10958364496891843,0.25136622344523696,0.19911549520803057,0.12367274804199292,0.12919267367849152,0.13624582524405215,0.13304100609303454,0.1805053464392384,0.19829210827889668,0.10869877951663649,0.15119697231019566,0.21566899430442657,0.18298547002486537,0.1346680125689696,0.13138862906168425,0.14300678738290093,0.12231353684204495,0.12914519347933495
16.0,2.2430581070342677,2.498983599417828,2.4412835032350197,2.653782794566099,2.747768346869307,2.6828046414722087,2.699736368251829,2.9966695928922227,2.4841271396605817,2.7424864253609744,2.724373484549014,3.147971083593551,2.5364107703098115,2.904350567053048,2.7888886269252886,2.510410892956309,2.6685153095645253,3.238026485353621,2.442329829051624,2.421886323354086,3.0686475229049592,2.6772584337277605,2.8669498883974565,2.8278126002642563,2.753153460507547,2.79701908280593,2.2905230838133663,2.506203923591105,2.444184393735294,2.6096026546374893,2.679333134668212,2.761131067763765,2.8609643324708567,2.99517730954516,2.638935129019761,2.3461242187339204,2.780097082343395,2.704259245381306,3.16503836557622,2.5130614591648563,2.8525505830994673,3.1021322303498806,2.5516566571233192,2.5459255745353597,2.1740303747105862,3.06389279270465,2.6559071874719513,2.939893040461496,2.95069396573213,2.7797046587476713,2.7907409343159997,0.09405543445725342,0.10332273185931248,0.10288004328930936,0.15089274586375126,0.16157877934056514,0.1422548688136294,0.19682001221571852,0.11126703884179144,0.18697668055612948,0.12032904123171594,0.12746424588135902,0.1340305996067416,0.1319892078246985,0.1857110482533916,0.16993139074818744,0.1151394225981196,0.21182015446788094,0.22202759577974812,0.173766325801384,0.2074726430664553,0.18088631312933215,0.12617715842907923,0.12403717023430319,0.11341877094845376,0.12014598018126577,0.24136017367594736,0.09777495739160984,0.10388395369856156,0.10576011363298089,0.15586904384589725,0.1690039901378589,0.13012415443801548,0.20138553840926518,0.1089576145985845,0.24986233552447598,0.1977323887267829,0.12296505196327763,0.12833765321246848,0.1356025253939215,0.13233730977859043,0.17924570846155288,0.19681769379409728,0.10795799972546755,0.15052445802751974,0.21453685600482572,0.18192744325304558,0.13405260817090373,0.13050068475673146,0.14218357523756348,0.12158980631616799,0.12852423764863283
17.0,2.2295092689639984,2.486491687603973,2.4244397963873605,2.6453836834786526,2.7382818702003067,2.6666441059439348,2.682744585403583,2.983234087901934,2.468804756161476,2.723977084349778,2.7078612112808167,3.141387974827275,2.518763970654149,2.8913505756566544,2.778465805984657,2.4947433108725274,2.648187865482166,3.219967737969304,2.421987736579419,2.4126179104720658,3.051246568652168,2.659130726400652,2.8520925931881242,2.810076123912583,2.73346888619602,2.7854747104419464,2.276459783311844,2.4934592834892224,2.427319489145198,2.601418459290103,2.6689801384500873,2.746487477432388,2.856513406828942,2.982534259138814,2.6189918363347884,2.329600039576215,2.7633954372420297,2.6870875432022574,3.1589305591466363,2.4959868544225055,2.840076853510006,3.0881440918487386,2.535515726270646,2.5261784033143435,2.1693420921021187,3.045228135395567,2.639201858134918,2.923777588031517,2.9341905402144413,2.760743668796914,2.77139960805813,0.09343994427946471,0.10283717342671168,0.10232091649720718,0.15002129228327943,0.16069055216737663,0.14128610464480712,0.195734802589314,0.11074276136885473,0.18572953013480853,0.11982709259651565,0.1266608527266979,0.13338056242802435,0.13130790837307246,0.18466133221798778,0.16889546495935015,0.11444308841286455,0.21039922836961983,0.22116173223716562,0.17285265483384857,0.2065694647572522,0.1796922054555439,0.12546187697334363,0.12330560942423116,0.11270501636737519,0.11946762667061409,0.24141657483951093,0.09701722289192723,0.10348288733781796,0.1051665079800131,0.15481504139673785,0.16792337823889952,0.12937457671160257,0.19948891851779613,0.10836570606633883,0.24845884650673716,0.1964399726559013,0.12228601136441615,0.1275547911058338,0.13497413824398088,0.13166737389590605,0.17806244464926557,0.19546338442911498,0.1072412177161643,0.14987883094215543,0.21352707076763328,0.18090605897951897,0.13345794979754444,0.1296741466127834,0.14140038476813235,0.12089781401690133,0.12790898262719677
18.0,2.217059634925049,2.474877831445805,2.4089942602146954,2.6372589304850127,2.7292114777812,2.651763443560466,2.6668871994597083,2.970466902250721,2.4547289318591083,2.70671574336144,2.692588333470116,3.1352423640318814,2.5024731097605732,2.87936931116701,2.768630036922549,2.4802039695961136,2.629720848171755,3.202794417433837,2.4033479708771677,2.4038293853955643,3.0348718695372474,2.6424316529077743,2.8381947570609833,2.7935750563826227,2.7153395306746253,2.77481205035846,2.263489008193096,2.481613114801782,2.4118347534893823,2.5935243386860614,2.6591397523922327,2.7329145663083976,2.8520075806646816,2.9704607212652365,2.60060088968056,2.3145301519456836,2.7477527550163505,2.671209900670479,3.153319597105175,2.4802407800824797,2.8285271936946983,3.0748607099004963,2.5205715291363613,2.508036742995095,2.1648281200944433,3.0277033695551894,2.6238245862096465,2.908738168209775,2.9187901895424515,2.7431698981792514,2.753527447297128,0.09285547555311165,0.10240613398021198,0.10180032013556338,0.14922416576840225,0.1598744290791013,0.1404074384311469,0.19472866798842572,0.11024417448329239,0.18455914012489127,0.11934487116383657,0.12590493103388012,0.13277561496292664,0.13067654008950894,0.18368901216559552,0.16791302135829425,0.11378627516909656,0.2090662831861046,0.22034013848442105,0.17199348432960845,0.20577166128430663,0.17857215595839246,0.12478793505025884,0.12263115290757558,0.11201670595488816,0.11882920003656582,0.24145630151545538,0.09629885263683684,0.10311858751842544,0.10460721210859587,0.15383184495357646,0.16690384607023154,0.12866586671116784,0.19777675201615283,0.10780731124822981,0.24715222458181596,0.19523443484764427,0.12163550963265465,0.12684122042209073,0.1343615130679587,0.13103096758892863,0.17695312143819286,0.19422411562144648,0.10654856294292532,0.1492604409987294,0.2126335939263537,0.17992153264976055,0.13288444771311528,0.12890667610884043,0.14065708045964936,0.12023689535893772,0.12730121409786813
19.0,2.205665190318751,2.4641049333404306,2.394889880016006,2.629398747755929,2.720539442127722,2.6381088782041977,2.652121869083932,2.958344035600605,2.441845789867517,2.6906524621458066,2.678509077445525,3.1295141355291687,2.487483468275262,2.868366558510636,2.7593550170376226,2.466747014323836,2.6130430087973493,3.186479849265701,2.3863400844727085,2.3955033515228688,3.0194817017490148,2.6271021602663693,2.825219566265431,2.7782595757641175,2.6987037086827597,2.7649926558196,2.2515682146555345,2.4706269964515726,2.3976734398799784,2.58590940016319,2.64979211582975,2.7203670342985964,2.8474433930555274,2.9589365810432944,2.5836989686672407,2.3008534881249765,2.7331269234828595,2.6565793892307377,3.148182080004962,2.4657684579169543,2.8178645054827296,3.0622578110831227,2.5067757064595764,2.491434569193471,2.160481472143228,3.0112735234424153,2.60971913230298,2.8947331454946394,2.904448413586732,2.726928387155665,2.737067635129754,0.09230194695809885,0.10202753682696962,0.10131730276052403,0.14849852761996254,0.15912748493078255,0.13961504871637018,0.19379862119111552,0.10977120896908102,0.18346286924848937,0.11888321147675289,0.12519515481497226,0.13221466021928374,0.1300935865670451,0.1827916942722309,0.16698321011715675,0.11316791781028882,0.20781853306350798,0.21956245363481142,0.17118775021578506,0.20507457428521225,0.177524067981041,0.12415423657959619,0.12201127765547727,0.11135404269458327,0.11822976189944755,0.2414826305287265,0.09561924967906879,0.10279028474779991,0.10408173074252988,0.15291673021970925,0.16594364817583426,0.1279973152957162,0.19623962108375495,0.10728189135909602,0.24593909149374166,0.19411218798705343,0.1210134524614154,0.12619416714543702,0.13376551679505871,0.13042791733379214,0.17591550768483064,0.19309506334833065,0.10588015430773849,0.14866963662243599,0.21185083191920406,0.17897405197006924,0.13233252462158912,0.1281961180477612,0.13995344196243983,0.11960645394807799,0.12670263721192537
20.0,2.195281920546417,2.4541358956849546,2.3820696410902595,2.6217933474621193,2.712248035755627,2.6256266337574776,2.6384062529399954,2.9468414876136126,2.4301014533007868,2.675737300452783,2.665577669535669,3.1241831736409615,2.4737403268443856,2.85830210261409,2.750614443628559,2.4543265902524327,2.5980830985230288,3.1709973589833025,2.370893629893868,2.3876224122522207,3.005034341476281,2.6130831954936666,2.8131302070508744,2.764079860146896,2.6834997349598195,2.755978080089471,2.2406548588976043,2.460462507361369,2.384778801429195,2.578562751059263,2.6409173680976883,2.7087995813097923,2.842817383078929,2.947941723591853,2.56822275290504,2.288508980396743,2.7194758304580864,2.6431490803277704,3.143494608399134,2.4525151096980857,2.8080516907033193,3.050311121974572,2.4940798989794475,2.476305857525321,2.1562951617041533,2.9958936253161847,2.596829257021737,2.8817208843845163,2.89112071221791,2.7119641759871427,2.721963354652837,0.09177928473826656,0.10169940671382853,0.10087097345760805,0.147841745683552,0.15844700282487648,0.13890529032257867,0.19294185615902107,0.10932382662819845,0.18243826260913068,0.11844286708863666,0.12453028854476886,0.13169675039988815,0.12955761609849423,0.18196707734245807,0.16610521010891618,0.11258704564502815,0.20665336479628224,0.21882833007251073,0.17043443045909767,0.20447384575393215,0.17654596801787303,0.12355977928188379,0.12144371328146157,0.1107172558660923,0.11766845526577396,0.24149857302933359,0.0949778651214293,0.10249725497859971,0.10358963970548098,0.15206726740694398,0.16504113947487764,0.12736829444013598,0.19486869953194177,0.1067889713518569,0.24481620920574876,0.1930698537661591,0.12041976665407857,0.1256109482266712,0.1331870286274639,0.12985809994718817,0.17494755569216727,0.1920716274590413,0.10523610700235211,0.14810676231761602,0.21117359442217173,0.1780637818859553,0.1318026074555183,0.12754048196543386,0.13928917888256376,0.11900595898015807,0.12611488483823274
21.0,2.185865811009376,2.444933620876475,2.370476528736453,2.6144329417743153,2.7043195311806274,2.6142629341027113,2.625698009691641,2.935935257951773,2.419442045272964,2.6619203180321973,2.653748336069186,3.119229362689067,2.4611889661141153,2.8491357284039185,2.74238201399401,2.4428968425786812,2.5847698685128333,3.156320272105068,2.356938159668454,2.3801691709819353,2.991488064907855,2.6003157056069353,2.801889865666698,2.75098608762073,2.669665924245215,2.747729876432187,2.230706397117736,2.451081226453988,2.373094091249186,2.57147349871211,2.6324956485311337,2.698166907248803,2.8381260898123766,2.9374560340297857,2.554108922004129,2.277435561043636,2.706757363758517,2.6308720454063708,3.139233782840821,2.440425957198075,2.7990516511856547,3.0389963691527844,2.482435747435102,2.4625845836064935,2.1522622022329,2.981518703435404,2.5850987209727743,2.8696597493777998,2.8787625853065606,2.6982223049346503,2.7081577889631494,0.09128742244335551,0.10141986540910787,0.10046050023342984,0.14725137251399031,0.15783045242732138,0.13827468339001273,0.19215572929823407,0.10890201748530651,0.18148303458412846,0.11802452373836443,0.12390917855580016,0.13122107028100868,0.12906727773621157,0.181212945968835,0.1652782316850461,0.11204277360784026,0.20556831903911524,0.21813742607587142,0.16973254550372366,0.20396538548741514,0.17563599723484333,0.1230036463827573,0.12092641246136097,0.11010660031185829,0.11714449686922666,0.24150689736033742,0.09437419366078494,0.10223881732729642,0.10313058117848763,0.15128128794542564,0.16419476751857268,0.1267782501663734,0.19365570378938274,0.10632813528487525,0.2437804680829244,0.19210424816950203,0.11985439948817163,0.1250889687020707,0.13262693612335746,0.12932143694521803,0.17404738376858214,0.19114941603529112,0.10461653891250876,0.14757215748102304,0.2105970502542686,0.17719086989047464,0.1312951211966824,0.1269379246553426,0.13866394463390896,0.11843494289148576,0.12553952648781633
22.0,2.177372847108944,2.4364610113121192,2.360053528253516,2.6073077428632376,2.6967362009185027,2.6039640031222437,2.613954798002602,2.92560134627711,2.409813688898132,2.649151574633946,2.642975303374656,3.1146325869952665,2.4497746667306233,2.8408272208066427,2.734631425432654,2.43241191649932,2.57303206993083,3.1424219141494674,2.3444032263243297,2.373126231110274,2.9788011482325563,2.5887406376233826,2.791461728362343,2.7389284362754016,2.6571405912783437,2.7402095981118615,2.2216802855143296,2.4424447326522145,2.3625625624521347,2.564630750459534,2.624507096465142,2.6884237120224275,2.8333660523333264,2.927459397475943,2.5412941555746884,2.2675721623483085,2.69492941120068,2.6197013559112765,3.135376203883173,2.4294462221890645,2.790827288758945,3.0282892791957265,2.4717948925656956,2.4502047230528503,2.1483756071851534,2.9681037860589927,2.5744712847629088,2.8585081049728553,2.8673295327232866,2.6856478142592013,2.695594121157486,0.09082630065796542,0.10118712716837236,0.10008510831734295,0.14672512571299287,0.1572754702787947,0.13771990285913613,0.1914377424074517,0.10850579760536731,0.18059505295132414,0.11762881162466568,0.12333074544270733,0.1307869221117644,0.12862129753714782,0.1805271640819954,0.16450151948114905,0.11153429442304057,0.20456107338523719,0.21748940010530146,0.16908115875904026,0.2035453412520722,0.17479240335647006,0.12248499920209452,0.12045752415234645,0.10952235596359888,0.11665717066153612,0.2415101511977475,0.0938077691956063,0.10201433188566687,0.1027042595080372,0.15055685478306027,0.16340306604669172,0.1262266965334219,0.19259284607768234,0.10589902249122826,0.24282887631745942,0.19121236774603664,0.11931731850103641,0.12462571809240056,0.13208613248554837,0.1288178900444839,0.17321326019513447,0.19032423069235835,0.10402157657982414,0.14706615612923782,0.21011668681411746,0.1763554514912596,0.13081048434503423,0.12638673383319854,0.1380773493361161,0.11789299923026227,0.12497807759103823
23.0,2.1697590142464542,2.428680969388981,2.350743624940467,2.6004079628996184,2.689480317484963,2.594676064698476,2.6031342765366174,2.915815752251655,2.4011625072903406,2.6373811300078986,2.6332127977807254,3.1103727308814055,2.439442709340075,2.833336364748813,2.727336375243176,2.422825957211138,2.5627984539410793,3.129275610634907,2.3332183823892954,2.3664761960355207,2.966931867639177,2.5782989385602466,2.7818089813871776,2.7278570842007053,2.6458620507985864,2.7333787983926032,2.21353398028584,2.434514604878829,2.353127468150205,2.5580236136393357,2.616931851234787,2.679524695537477,2.8285338097192483,2.917931699049211,2.5297151332269148,2.258857716593396,2.6839498606010754,2.609590083287272,3.1318984720793037,2.4195211264432537,2.7833415052523756,3.018165578681336,2.462108975110372,2.4391002514802347,2.1446283900165852,2.955603901445856,2.5648907089990054,2.8482243156681166,2.856777054338673,2.6741857442217536,2.684215534332614,0.09039586677304243,0.10099949415494494,0.09974407841700063,0.14626087019076,0.15677984191691713,0.13723776837491478,0.1907855271225455,0.10813520741302232,0.17977232416270228,0.11725631678031428,0.12279397738398519,0.13039371191864346,0.12821847501183914,0.1799076688588585,0.16377435515437166,0.11106087156492625,0.20362942712003587,0.21688390644642117,0.1684793770796292,0.20321007142753483,0.17401353291664368,0.12200307052020382,0.12003536933779309,0.10896482758238961,0.11620582223174965,0.24151068288190972,0.09327816058751764,0.10182319765854855,0.10231043750634168,0.14989223590636971,0.16266464959310717,0.12571321053209455,0.19167278984700756,0.10550132440844007,0.24195855036991043,0.19039137675780388,0.11880851158384145,0.12421876626550915,0.13156551483909723,0.1283474576264176,0.17244358849097213,0.18959205273783888,0.10345136072164271,0.14658908729847675,0.20972827280992876,0.17555765570160797,0.13034910571760128,0.12588531295458907,0.13752897176002424,0.11737978072084122,0.12443200887774183
24.0,2.16298029782323,2.421556397504158,2.3424898040962576,2.5937238140541767,2.682534153395771,2.586345342713751,2.593194103957445,2.9065544755374324,2.393434623563676,2.6265590439039173,2.6244150456160082,3.1064296786692496,2.4301383745886334,2.8266229451569735,2.7204705607242117,2.4140931099108784,2.5539977717076576,3.1168546870798512,2.3233131803912137,2.360201669155946,2.955838499316544,2.568931555434803,2.7728948109906084,2.7177222094864377,2.635768617545375,2.727199030538554,2.2062249376306826,2.4272524220566476,2.344732061455579,2.5516411955892977,2.609750052175137,2.6714245577007625,2.8236259010475893,2.908852823868457,2.5193085345709725,2.251231156061568,2.6737765997762097,2.600491298979093,3.1287771879823487,2.4105958917328065,2.7765572024951575,3.0086009941875718,2.453329635808259,2.429205144504508,2.14101356418287,2.9439740778549264,2.5563007542878826,2.838766745961931,2.847060650023329,2.6637811350833123,2.6739652115853727,0.08999607484755642,0.10085535187381793,0.0994367449641068,0.1458566021336957,0.15634148563446382,0.13682523459503165,0.19019683068988086,0.10779031042035984,0.1790129796838155,0.11690759156093317,0.12229792429831808,0.13004093710567038,0.12785767978994328,0.17935246496656732,0.1630960599865222,0.11062183291989014,0.20277128748033985,0.21632059195266803,0.16792635119643495,0.20295611990784732,0.1732978238730672,0.12155715862634424,0.11965841905008831,0.10843434467323541,0.11578985396846093,0.24151066188894513,0.0927849676503456,0.10166485065430896,0.10194893319214667,0.14928588073685486,0.1619782089375293,0.12523742775282673,0.1908886075174184,0.10513478194882196,0.24116670624164024,0.18963859510925515,0.11832798729254956,0.12386575892224849,0.13106598331771457,0.12791017201192312,0.17173689387908986,0.1889490301106567,0.10290605131306237,0.1461412759245631,0.20942782405233837,0.1747976104511482,0.1299113823148604,0.12543216718737177,0.13701837033606717,0.11689499749472072,0.12390275566985572
25.0,2.1569926832405852,2.4150501980547743,2.3352350510198803,2.587245508497657,2.6758799811666627,2.5789180610504796,2.584091938928779,2.89779351579648,2.3865761608321976,2.616635376071879,2.6165362732091166,3.1027833146806274,2.4218069431224785,2.82064674695765,2.7140076791744465,2.406167519795284,2.546558774394607,3.1051324690027022,2.3146171728578806,2.354285253869834,2.9454793194534687,2.5605794352642754,2.7646824034220625,2.7084739902223736,2.626798606258078,2.7216318478138035,2.199710613747275,2.4206197631084585,2.337319595480424,2.545472603647286,2.6029418386212706,2.6640779984190996,2.81863886539584,2.9002026570525343,2.510011039217046,2.2446314130354494,2.6643675165426166,2.592358074431525,3.125988952145442,2.4026157398298893,2.7704372823164896,2.999571252292401,2.4454085153985012,2.420453377741512,2.137524143139697,2.9331693435451007,2.5486451812363864,2.8300937603527077,2.8381358196478526,2.654379027104845,2.6647863360125217,0.08962688560111513,0.10075316466650959,0.09916249437985244,0.14551043448825396,0.15595843771109646,0.13647938188528735,0.18966950292225018,0.10747119228512488,0.17831526332462047,0.11658316427331875,0.12184169276102626,0.1297281752476657,0.12753784850998787,0.17885961912749235,0.1624659973094914,0.11021656506728461,0.20198465726978274,0.21579909367755762,0.1674212760714035,0.2027801930625029,0.1726437985870835,0.12114662196697124,0.11932527444791187,0.1079312615413353,0.11540872081167333,0.24151209841426347,0.09232781742538655,0.10153876214844276,0.10161961692629622,0.14873639908343464,0.16134250724030305,0.12479903871405924,0.19023374054857164,0.10479918330953006,0.2404506514292363,0.1889514869731072,0.11787577530293913,0.12356441284205112,0.13058844080914497,0.1275060974165464,0.1710918108656397,0.18839146502975773,0.1023858322383071,0.14572304405234335,0.20921157209040062,0.17407544783648152,0.12949769803979058,0.12502589053012508,0.1365450932514648,0.11643841546396932,0.1233917269432812
26.0,2.15175215589987,2.4091252734379207,2.328922351010291,2.5809632584007955,2.6695000733133747,2.572340443590996,2.5757854401144002,2.8895088726908176,2.3805332422099714,2.6075601862616504,2.6095307068886715,3.0994135232373434,2.4143936955877847,2.8153675550774033,2.70792142789254,2.3990033320611266,2.5404102131659982,3.09408228192193,2.307059912317159,2.348709553575467,2.9358126042387647,2.5531835250659016,2.7571349449309066,2.700062604498309,2.618890331676107,2.7166388034824656,2.19394846483407,2.4145782069570405,2.330833323336912,2.5395069451510555,2.5964873499082555,2.6574397175992845,2.813569241841463,2.8919610837203242,2.501759326775313,2.2389974197977156,2.6556804987167695,2.585143481089324,3.123510365121715,2.3955258925066967,2.7649446465455556,2.9910520795737545,2.438297254620242,2.4127789268071123,2.134153140342745,2.9231447267753143,2.5418677504513543,2.822163723338849,2.8299580630828367,2.6459244605473446,2.6566220907108584,0.08928826657221055,0.1006914713043084,0.09892076338365154,0.14522058379549135,0.1556288389705069,0.13619740738667385,0.1892014842111841,0.10717796013474636,0.1776775194941209,0.11628354797518259,0.12142444161341874,0.12945507398140038,0.12725798193702634,0.17842725499654874,0.1618835747263417,0.10984450810615984,0.20126762369925952,0.2153190372263767,0.16696339115878125,0.20267913858115572,0.17205005717233426,0.12077087432237611,0.11903464874766635,0.10745595746309111,0.11506192646942844,0.24151686205885653,0.09190636078875455,0.1014444371354852,0.10132240890147266,0.14824254236083936,0.16075637672978715,0.1243977857554782,0.18970196183964758,0.10449436213815673,0.23980777744195017,0.18832765003936985,0.11745192695268047,0.12331251100169802,0.1301337932351474,0.12713532847683992,0.1705070718557623,0.18791580228933216,0.10189091552093442,0.14533471225853556,0.2090759354843174,0.17339130915281148,0.1291084230953976,0.12466515405850159,0.1361086876696344,0.11600985481447688,0.12290031405360625
27.0,2.147214701202376,2.4037445260507124,2.323494689366476,2.5748672759342903,2.663376702351665,2.5665587142176953,2.568232266178026,2.881676545882474,2.37525199081106,2.599283534223112,2.603352572983299,3.096300188661201,2.4078439126307063,2.8107451544427557,2.7021855041771548,2.3925546919051643,2.535480839185883,3.0836774513559515,2.3005709512968586,2.3434571716711092,2.92679662986124,2.5466847718569214,2.750215621766568,2.69243823040403,2.6119821085388795,2.7121814508086706,2.1888959470894758,2.4090893325252023,2.3252164981372174,2.53373332743843,2.5903667253711573,2.651464415148135,2.8084135694619183,2.884107988990695,2.494490076855984,2.2342681086310097,2.6476734341152155,2.5788005903972366,3.1213180274643215,2.3892715715353874,2.760042197011573,2.983019202609584,2.431947494212614,2.4061157673171576,2.13089356924767,2.913855255804466,2.535912222539629,2.8149349994187314,2.822482880198876,2.638362475671805,2.6494156587771838,0.08898019247148155,0.10066888070825686,0.09871103736374738,0.1449853582326997,0.1553509225301837,0.13597661643964762,0.1887907944877281,0.10691074210303728,0.17709818231809496,0.1160092484827433,0.12104537820417344,0.12922134190697668,0.12701714230876618,0.1780535483466092,0.16134824611364096,0.10950515096438532,0.20061834833865472,0.21488003569109865,0.1665519805649551,0.20264992604618376,0.17151527121738974,0.1204293804508582,0.11878535083040871,0.1070088369503085,0.11474901999959973,0.241526699623703,0.09152026942550309,0.10138141297989638,0.1010572769501309,0.14780318681461552,0.16021871583860348,0.12403346041486654,0.18928734044318327,0.10422019598443064,0.23923555278881617,0.1877648053239121,0.11705651582725846,0.12310789765886986,0.1297029502628228,0.1267979892566084,0.16998149673767943,0.18751861814515344,0.10142154514416911,0.14497660120103537,0.20901749352338053,0.17274534966470056,0.1287439139209791,0.12434869527285476,0.13570870811048366,0.11560918859803239,0.12242989905020094
28.0,2.143336304549451,2.3988708582902563,2.3188950513874107,2.5689477732688877,2.6574921407972516,2.5615190968129578,2.5613900757834034,2.8742725350334712,2.3706785297495268,2.5917554797061135,2.5979560978216196,3.093423195274004,2.402102874897428,2.806739329980277,2.6967736053269853,2.386775744524167,2.531699403618335,3.073891302823218,2.2950798423248084,2.3385107115550663,2.9183896725096967,2.5410241226545955,2.7438876201784423,2.685551046029327,2.6060122515857618,2.708221343056534,2.1845105167119243,2.4041147187357352,2.3204123729935118,2.5281408578472067,2.5845601043450546,2.6461067909724556,2.8031683873346704,2.876623257982499,2.488139969069206,2.2303824118179776,2.640304210554433,2.5732824738000453,3.1193885397263665,2.38379799868814,2.7556928355437345,2.9754483479778586,2.4263108749147855,2.4003978748874997,2.127738443310183,2.905255958891479,2.530722358108025,2.8083659530907457,2.8156657708665707,2.631638112739194,2.6431102233082786,0.08870264575467235,0.10068406781603537,0.09853284882396861,0.14480314673784617,0.15512300262653636,0.1358144143519982,0.18843552304054784,0.10666968703631793,0.17657576556606694,0.11576077162530923,0.12070375520730293,0.12902674041925996,0.12681445090827012,0.17773672256126735,0.1608595133993878,0.10919802713523365,0.20003505808179078,0.2144816890615465,0.166186373105704,0.2026896290964153,0.17103817788927933,0.12012165214928693,0.11857627036573265,0.10659033009105881,0.11446959267975522,0.2415432520288722,0.09116923319546505,0.10134925827267395,0.10082423463873642,0.1474173185244681,0.15972848670693132,0.12370590121991223,0.18898420856113807,0.10397660498167184,0.2387315163638441,0.18726078748177216,0.11668963835862006,0.12294847347116455,0.12929682636163486,0.12649423265755896,0.16951398337473947,0.18719660974436642,0.10097800047411927,0.14464903323205874,0.20903296221343212,0.17213774308840532,0.12840451355665175,0.124075308513007,0.13534472403357417,0.11523634140380114,0.12198186252721047
29.0,2.140072951342407,2.394467172553652,2.3150664223720594,2.563194962575315,2.6518286611659057,2.557167815259146,2.555216527594285,2.8672728398058496,2.3667589821394497,2.5849260824605538,2.5932955077322273,3.090762427397568,2.3971158630341134,2.8033098666164795,2.6916594286406705,2.3816206351148828,2.5289946576274063,3.0646971618421532,2.2905161379288517,2.333852776625581,2.9105500083729643,2.5361425244761446,2.7381141264159417,2.6793512294639816,2.600919075556184,2.704720033490149,2.1807496298998434,2.399615944511435,2.3163642010179744,2.522718643715202,2.5790476261650026,2.641321544979051,2.7978302345372117,2.8694867758146203,2.4826456830251895,2.2272792616412675,2.633530715850961,2.5685422027425093,3.1176985024609896,2.379050395737131,2.7518594639712375,2.968315242256517,2.421339037465864,2.395559225133982,2.124680775985946,2.897301864295276,2.5262419177634126,2.8024149488532935,2.8094622349565137,2.625696412010503,2.637648967400935,0.08845561743580278,0.10073576960861245,0.09838577591730566,0.14467240910980617,0.15494346441327086,0.13570829849747595,0.18813381911554167,0.10645496433425126,0.17610885334049606,0.115538629787375,0.12039886796601386,0.1288710763964656,0.12664908585941737,0.17747504443690484,0.16041692811714403,0.1089227107943226,0.19951603704108348,0.21412358403102677,0.16586594226536636,0.20279540906317572,0.17061757442676112,0.11984724468787744,0.1184063643125357,0.10620089295533393,0.11422327510814083,0.2415680703824374,0.09085295790722003,0.10134757189710052,0.10062333962008727,0.14708401998808324,0.15928471298895258,0.12341499183729733,0.18878713077888856,0.10376355071323166,0.23829327117619176,0.18681353557848263,0.11635141441611642,0.12283219070154391,0.12891634213513586,0.12622424017278247,0.1691034989523639,0.18694658505860245,0.10056059929985385,0.14435233403304715,0.20911917237431635,0.17156868577024967,0.12809055235050254,0.12384383639947186,0.1350163266680024,0.11489128809132354,0.12155759097925294
30.0,2.1373806269825684,2.3904963712380147,2.311951787619402,2.557599056024299,2.6463685359733553,2.5534510934386265,2.5496692802743723,2.860653459861622,2.3634394710948747,2.578745402236276,2.589325029043772,3.0882977693536837,2.392828157686927,2.8004165492779145,2.6868166714168917,2.3770435088740673,2.5272953523771604,3.0560683539311952,2.2868093906368037,2.3294659702809537,2.903235913639838,2.5319809243388107,2.7328583267284534,2.673788958797794,2.5966408951895197,2.7016390753736506,2.177570742851659,2.395554588775083,2.313015235322767,2.517455792380207,2.5738094301661025,2.637063377074734,2.7923956501469593,2.8626784276059216,2.477943898334102,2.224897590383538,2.6273108378212844,2.5645328486693715,3.1162245162213447,2.3749739844545315,2.7485049841232767,2.9615956120235207,2.4169836226050183,2.391533793672481,2.1217135807306393,2.889948000274759,2.5224146621126105,2.7970403512047652,2.803827772339298,2.6204824137467146,2.6329750741519597,0.08823910815733832,0.10082278130300304,0.09826944107396159,0.14459166699278517,0.15481075464532124,0.13565585073299372,0.18788388323503363,0.10626676389807099,0.17569609148783005,0.11534334777921433,0.12013005231593227,0.12875419567995808,0.1265202801398075,0.17726682029810784,0.16002009274150208,0.10867881325695236,0.19905961930175067,0.21380529413641997,0.16559010606700406,0.20296449997632754,0.17025231303416372,0.11960575358525401,0.1182746446734819,0.1058410080579691,0.11400973449694976,0.24160263123066303,0.09057116350905825,0.10137598230416944,0.10045469221879996,0.14680245811660095,0.15888647791332428,0.12316065953104852,0.18869087548271743,0.10358103522942799,0.2379184783881052,0.18642108428003895,0.11604198787882028,0.1227570485427629,0.1285624258687055,0.12598822193367495,0.16874907213350798,0.18676545328744787,0.10016970050540755,0.1440868342466959,0.2092730497038696,0.17103840055565622,0.12780234894385398,0.12365316225482949,0.13472313513352652,0.11457405256868294,0.12115848364537782
31.0,2.135215316871271,2.386921356740448,2.3094941324284175,2.5521502657865707,2.6410940377353374,2.550315155233796,2.5447059924874362,2.8543903948628326,2.360666119729898,2.5731634987831677,2.5859988880848572,3.0860091054641803,2.389185039502036,2.7980191628911077,2.682219030954302,2.3729985109984715,2.5265302390316635,3.047978204608792,2.2838891529765073,2.325332895919467,2.896405664499132,2.5284802692598443,2.728083407365387,2.668814412120537,2.5931160252251946,2.698940021971144,2.1749313117657967,2.3918922304494776,2.310308729020074,2.5123414111800497,2.568825655683396,2.6332869871663136,2.7868611732414283,2.8561780984752643,2.4739712946061236,2.223176330327429,2.621602464281937,2.5612074830254263,3.1149431815605233,2.3715139866125106,2.7455922978290634,2.9552651838568145,2.413196271071379,2.3882555561188137,2.118829870999934,2.8831493950888523,2.519184351762468,2.7922005246435475,2.798717882885536,2.615941158208816,2.6290317266581233,0.08805312953081898,0.10094395271167836,0.09818350972904587,0.14455949566715545,0.15472337317402757,0.1356547301228041,0.18768395918719513,0.10610529616529478,0.17533617969753143,0.1151754680767941,0.11989668284496874,0.12867597728585323,0.12642731980459382,0.17711039243213705,0.15966866181335385,0.10846597974239965,0.19866418247780174,0.21352638019158,0.16535832686640167,0.20319419485314694,0.16994129618862946,0.11939681169743384,0.11818016739530016,0.1055111848753393,0.11382867213536449,0.24164835102559862,0.09032358269915115,0.10143414699579614,0.10031843422803845,0.14657187350001996,0.15853292256083584,0.12294287389067701,0.18869038839849178,0.10342910018959715,0.23760485163713913,0.18608155542884994,0.11576152718681466,0.12272108857632337,0.12823601524500333,0.12578641701157553,0.16844978598241261,0.18665021570590276,0.09980570638976477,0.14385287109636355,0.20949159668061862,0.17054714035207852,0.127540211488187,0.12350220345429011,0.1344648018972982,0.11428470660098314,0.12078595883793937
32.0,2.133533006409827,2.383705031458056,2.307636442098077,2.5468388040328502,2.6359874389676072,2.5477062245270115,2.5402843228971967,2.8484596444715162,2.3583850511585465,2.568130431851103,2.5832713111841157,3.083876320050831,2.386131789125628,2.7960774923826373,2.677840204551591,2.3694397866848877,2.526628068754966,3.040400039393374,2.2816849774757832,2.3214361569393938,2.890017537139686,2.5255815062564717,2.723752554576151,2.664377767522013,2.5902827804025876,2.696584426546749,2.17278879284068,2.388590448457426,2.3081879352220556,2.50736460745252,2.5640764420519617,2.6299470751606098,2.781223342898056,2.8499656735415297,2.4706645514514554,2.2220544137555893,2.61636348304941,2.5585191772554,3.1138310990316986,2.368615623983257,2.7430843069177886,2.949299684334358,2.4099286236040713,2.3856584880888705,2.1160226602495245,2.876861076996484,2.516494747319814,2.7878538336680347,2.7940880664658043,2.6120176856577944,2.62576210801623,0.0878977057584313,0.10109818476403969,0.09812768915303527,0.14457451658136042,0.1546798651914467,0.13570266595855993,0.18753232664765632,0.105970792215604,0.17502786426137595,0.11503555547126383,0.11969817155066406,0.12863632829507413,0.1263695424137526,0.1770041358494731,0.15936234286603165,0.10828388641770328,0.19832814202352866,0.21328639098930638,0.16517011108582902,0.20348183319671642,0.16968347237551384,0.11922008660123812,0.11812202232090366,0.10521196041605274,0.1136798210145617,0.24170659984959303,0.09010995995126736,0.10152175221188507,0.1002147478983021,0.14639157082566306,0.15822324433274712,0.12276164579730736,0.1887807681833131,0.10330782611194135,0.23735015163112638,0.18579314997908,0.11551022587668007,0.12272239036597639,0.1279380591877779,0.12561909394472842,0.16820477162216893,0.18659795693545983,0.09946906465178604,0.1436507899959329,0.20977187619228793,0.17009519139644375,0.12730443906277675,0.12338990565082675,0.13424101760970394,0.11402336863573914,0.12044145976415771
33.0,2.132289680999554,2.3808102977879475,2.3063217019273665,2.5416548829338743,2.631031012185892,2.5455705252006506,2.5363619301674025,2.842837208349665,2.3565423884949337,2.563596261189934,2.5810965246701523,3.0818792974354805,2.3836136872038645,2.7945513226790144,2.673653889507415,2.3663214811300355,2.5275175927111384,3.0333071838033687,2.280126416662461,2.317758356739004,2.8840298077502657,2.523225582345954,2.7198289546101373,2.6604292030919967,2.588079475461106,2.6945338423645753,2.1711006422747476,2.385610821721708,2.306596107040902,2.5025144885354265,2.5595419286068615,2.6269983409644033,2.7754786981943287,2.8440210379235658,2.467960348480256,2.221470772950697,2.6115517819402316,2.5564210028040875,3.1128648691879817,2.3662241183389336,2.7409439132186546,2.943674840034085,2.4071323209422575,2.383676565198483,2.113284961935078,2.8710380742565436,2.5142896093914855,2.7839586427766148,2.789893822950709,2.6086570363546375,2.6231094013230636,0.08777287554336928,0.10128442618082316,0.09810172738647274,0.14463539057075853,0.1546788141726042,0.13579745106460436,0.1874272944054121,0.1058635039374438,0.17476993147118777,0.11492420116742437,0.1195339668593668,0.12863517937407573,0.12634633565447798,0.17694645537853404,0.15910089716557527,0.108132237698937,0.19804994626497877,0.21308486426147916,0.16502500890604668,0.20382478964302014,0.16947783226845503,0.11907527825887783,0.11809932411178221,0.10494389984927506,0.11356294362002885,0.2417787144386869,0.0899300509472327,0.10163851281563392,0.1001438551016018,0.14626091035519279,0.1579566955921534,0.12261702660293665,0.18895724399773905,0.1032173317209396,0.23715218101484775,0.18555414027023848,0.11528830311321789,0.12275906717183475,0.12766951980249985,0.12548655146932583,0.16801320259701047,0.18660583662371294,0.09916027005787788,0.1434809461642334,0.21011099679128628,0.16968287624401465,0.12709532327553266,0.12331523781767809,0.13405151536148563,0.1137902026331727,0.120126459857775
34.0,2.1314413260417955,2.378200058127223,2.305492897215241,2.5365887146603616,2.626207029905947,2.5438542811370946,2.5328964729617915,2.8374990861593212,2.355084254853099,2.559511046549547,2.579428754871593,3.0799979219398987,2.381576014382908,2.7934004387067763,2.669633783120436,2.3635977395306997,2.5291275620642306,3.0266729633572282,2.27914302306439,2.3142820987165815,2.878400752519716,2.5213534445455155,2.7162757937167603,2.6569188969202875,2.586444425140151,2.6927498226887536,2.169824316266414,2.382914929165105,2.305476497588772,2.49778016176657,2.5552022546831794,2.6243954844845296,2.769623778207688,2.838324076740261,2.4657953653027183,2.221364340195367,2.6071252487708905,2.554866031116229,3.1120210925825105,2.3642846914517253,2.739134018560864,2.9383663775339706,2.4047590038250712,2.3822437630635176,2.1106097895122837,2.865635415127953,2.5125126985843336,2.7804733164676563,2.786090652210849,2.605804250560312,2.621016789675424,0.08767869429453859,0.10150167028833211,0.09810541227904783,0.14474081171940212,0.15471883547412277,0.1359369353782113,0.18736719417419037,0.10578370424915866,0.17456120163866187,0.11484202636950926,0.11940355297515724,0.1286724808835277,0.12635713614966126,0.1769357831035475,0.15888414028035472,0.10801076379295961,0.19782807212597794,0.21292132789948487,0.16492261393708516,0.20422046370714037,0.16932340537213442,0.11896211695606616,0.11811120407032283,0.10470759719740497,0.11347782990820489,0.2418660105485903,0.08978362240292029,0.10178417237012347,0.10010601665666952,0.14617930038547478,0.1577325824684186,0.12250910750433584,0.18921515498349212,0.10315777338827502,0.237008779516562,0.18536286262268148,0.11509600423548373,0.12282926175880748,0.12743137438934607,0.12538911944048126,0.1678742899153663,0.18667108152196324,0.09887986581093332,0.14334370626763906,0.2105060994914534,0.1693105565009431,0.1269131500412799,0.12327718804962216,0.1338960744025493,0.11358541689072725,0.11984246764668392
35.0,2.130943926937863,2.3758372148729943,2.305093013260678,2.531630511383055,2.6214977646435167,2.5425037162187047,2.5298456099440982,2.8324212775625437,2.353956773347102,2.5558248476798155,2.5782222281170384,3.0782120778859263,2.3799640513089284,2.792584625392481,2.6657535826893235,2.3612227070836127,2.53138672797832,3.020470703573387,2.278664349209374,2.310989986270409,2.873088647636833,2.5199060398724016,2.7130562581454267,2.6537970270966698,2.58531594417912,2.69119392078338,2.1689172710141227,2.380464349710442,2.304772359977838,2.4931507344837702,2.5510375596159887,2.622093205627786,2.7636551220156274,2.8328546751104815,2.46410628152903,2.2216740477722676,2.603041771357915,2.553807333636597,3.1112763697684067,2.362742565093787,2.737617524773604,2.9333500234119545,2.402760312991654,2.381294057299796,2.1079901564368146,2.8606081278696456,2.5111077755051707,2.7773562192396053,2.7826340541168184,2.6034043685358204,2.619427456170106,0.0876152366291958,0.1017489519559335,0.09813857063213934,0.14488950182991575,0.15479857055601928,0.13611901979479707,0.18735037497850862,0.10573168737218851,0.17440052372600107,0.11478968539133788,0.11930644953016066,0.12874819953684466,0.12640142844275928,0.17697057615532003,0.1587119424971499,0.10791921846720245,0.19766102153285328,0.21279530144804815,0.16486256288991705,0.20466627058891723,0.16921925714692929,0.11888036151103834,0.11815680280176358,0.104503676102564,0.11342429549459095,0.24196979470821015,0.08967045227090263,0.10195850339822474,0.100101531802986,0.14614619063581935,0.15755026382152754,0.12243801909900992,0.1895499315702234,0.10312934466856016,0.23691781939063558,0.1852177102428622,0.11493360134046501,0.12293114226237821,0.12722461751058484,0.12532715993513946,0.1677872777546032,0.18679097795408542,0.09862844463965265,0.14323945012258146,0.2109543460324833,0.16897863532730795,0.12675820154209994,0.12327476006428893,0.1337745233607866,0.11340926285231263,0.11959103118991016
36.0,2.130753469089088,2.3736846704223806,2.3050650353626674,2.526770485272668,2.6168854889143254,2.541465054327864,2.5271669997780615,2.82757978222131,2.3531060670910087,2.5524877243305957,2.57743117073513,3.076501649595343,2.378723078628119,2.7920636676626627,2.6619869855127734,2.3591505289855683,2.5342238416174654,3.014673729970263,2.2786199476252635,2.3078646227987587,2.8680517692904437,2.5188243153438687,2.7101335341455237,2.6510137717109283,2.5846323473174,2.6898276899125735,2.1683369627162885,2.378220662280501,2.3044269473202834,2.488615314024824,2.5470279827403433,2.6200462043009893,2.7575692686955935,2.8275927181530656,2.4628297767693645,2.2223388279640415,2.599259237517797,2.5531979818099426,3.1106073012988404,2.3615429610373035,2.736357333686082,2.928601504245997,2.4010878891811482,2.380761423523209,2.1054190761643365,2.8559112407405203,2.5100186007608594,2.7745657155907977,2.7794795285392175,2.6014024305421404,2.6182845839038835,0.08758259917552721,0.10202534463729244,0.098201067443069,0.1450802054749059,0.1549166818006292,0.13634165026835018,0.18737519811080222,0.10570776915706911,0.17428677058073302,0.11476786832638186,0.11924221151187649,0.12886231557462893,0.12647874414873597,0.17704931486531084,0.1585842291026144,0.10785737703922146,0.19754731849107054,0.21270629789520837,0.1648445352722566,0.20515963300720008,0.16916448663544303,0.11882979775631931,0.1182352636645346,0.10433279067875256,0.11340218008906365,0.24209137540659115,0.08959033030002293,0.1021613078171698,0.10013073781339436,0.14616106651891111,0.15740915036930292,0.12240393111615339,0.1899570785347779,0.10313227593564366,0.23687720117952957,0.1851171264296626,0.11480139393220258,0.12306289806571702,0.12705026310063777,0.12530106853422704,0.16775143981312457,0.18696286467297857,0.09840664962773628,0.1431685724965405,0.21145290854960117,0.16868755974114383,0.12663075838361829,0.12330697034601526,0.13368674299680722,0.11326203389386524,0.11937374212395506
37.0,2.1308259378967893,2.371705327172455,2.3053519488201712,2.5219988484999347,2.612352475234135,2.5406845193469403,2.5248183011274214,2.8229505997976956,2.3524782591989113,2.5494497362517565,2.57700980905449,3.074846521389966,2.377798376986628,2.791797350443868,2.6583076888894026,2.3573353504333063,2.5375676541457066,3.009255368066324,2.278939370839877,2.3048886116999068,2.86324839366934,2.5180492179771417,2.707470807966456,2.648519308852855,2.584331949294418,2.688612683340445,2.168040847571337,2.3761454457980538,2.3043835127282684,2.48416300772753,2.543153663391335,2.618209180410928,2.7513627573250647,2.822518090986925,2.461902530633919,2.223297613053346,2.595735535067066,2.5529910470810346,3.109990487726906,2.3606311010544587,2.7353163471274926,2.9240965466140483,2.399693373132695,2.380579837349593,2.1028895621505472,2.8514997819995163,2.5091889349582375,2.7720601700196608,2.7765825753486237,2.599743476840259,2.6175313559735844,0.08758090367595205,0.10232995749331841,0.09829280524864573,0.14531168561079733,0.15507184790869039,0.1366028121574762,0.1874400326623497,0.10571228746573696,0.1742188347722519,0.11477730331148159,0.11921042944740654,0.1290148204248888,0.12658866126016496,0.17717050129403306,0.1585009805507837,0.10782503458154757,0.197485506835685,0.2126538257895807,0.16486825313233178,0.20569797403946702,0.1691582246112384,0.11881023729902547,0.1183457269659079,0.10419562646352072,0.11341134622109261,0.2422320737597291,0.08954305893011041,0.10239241753876903,0.10019400973689065,0.14622344426517964,0.15730870398593727,0.12240705232072675,0.19043215973742517,0.10316683412897588,0.23688484982439528,0.1850595980759717,0.11469970966779838,0.12322273563474351,0.12690934661316347,0.12531127578587203,0.16776607630010199,0.1871841261032641,0.09821517480255904,0.14313148505163795,0.21199896059634613,0.16843782275687608,0.12653110196947945,0.12337284587741752,0.13363266852773448,0.11314406407770357,0.11919223936423677
38.0,2.131117318762297,2.3698620875203606,2.305896738932172,2.517305813235587,2.607880996118689,2.5401083351583047,2.522757172655912,2.8185097299536945,2.3520194727848596,2.5466609431931846,2.576912369403715,3.073226577591597,2.3771352270306174,2.7917454586626267,2.654689390117903,2.3557313166235767,2.5413469167271194,3.0041889433799827,2.279552171381038,2.3020445563721483,2.858636796962341,2.517521694789465,2.7050312658576363,2.646263816612244,2.5843530648495645,2.687510454331138,2.1679863817776996,2.3742002791859207,2.3045853093139748,2.479782922929705,2.539394740904009,2.6165368338644384,2.7450321269814997,2.8176106787308948,2.46126122273286,2.224489335322817,2.592428551822231,2.55313960089465,3.1094025296057444,2.359952206917411,2.734457466927046,2.9198108770940525,2.398528405585432,2.380683274394791,2.100394627851115,2.8473287799055296,2.5085625387041386,2.7697979470245713,2.773898694415656,2.5983725476911568,2.6171109554759444,0.08761030039110772,0.10266193257275229,0.09841372356505809,0.1455827197416649,0.15526275985773305,0.1369005248075127,0.18754325163635158,0.10574560261595627,0.17419562503135527,0.1148187584157743,0.11921072982904511,0.12920571482239096,0.12673080359699657,0.17733265814539775,0.15846223253887162,0.10782200434084697,0.19747414866580557,0.21263739172331747,0.16493348087455117,0.20627871095021905,0.16919963226995757,0.1188215165689421,0.11848732486731431,0.10409290148460532,0.11345167830290193,0.24239323370408314,0.0895284544989191,0.10265169522621086,0.10029176026487062,0.14633286688069935,0.15724843718524936,0.12244763059366169,0.19097078446165047,0.10323332262241808,0.23693871115848825,0.18504364946181712,0.11462890523452757,0.123408874251992,0.12680292720554986,0.125358248855318,0.1678305115576549,0.18745218597057103,0.0980547655027368,0.14312861847927527,0.21258966947779828,0.16822996539366958,0.12645951712384867,0.12347142240801325,0.1336122915500763,0.11305572686887223,0.11904821251214513
39.0,2.131583597086919,2.3681178538631737,2.3066423909976437,2.5126815916503538,2.603453324083706,2.5396827256443504,2.520941273027278,2.814233172351352,2.351675830962909,2.5440714049047406,2.5770930781114445,3.071621702522034,2.3766789094062704,2.7918677772454896,2.65110578649696,2.3542925727531547,2.54549038052577,2.9994477814296805,2.280387901776589,2.299315060213739,2.854175255358274,2.5171826927980723,2.7027780940684623,2.6441974730788806,2.5846340087222317,2.686482556148728,2.1681310215338083,2.3723467413668935,2.304975590189577,2.4754641669691613,2.535731354613461,2.6149838645683063,2.7385739167423693,2.812850366503857,2.460842532676375,2.225852927055123,2.589296175599769,2.553596714695521,3.1088200274884854,2.3594515003983574,2.7337435949139284,2.9157202222639658,2.3975446272785037,2.3810057102746645,2.097927286721719,2.8433532627174687,2.5080831726053754,2.767737411103921,2.7713833856109114,2.5972346833558184,2.616966565507814,0.0876709718040608,0.10302044202469354,0.09856379842073384,0.14589209662656177,0.15548811741222665,0.13723283635913938,0.18768322865652293,0.10580809789557298,0.17421606329731523,0.11489304318377216,0.11924277577057793,0.12943500736376,0.12690484038790964,0.1775343280792243,0.15846807601490973,0.10784811637357648,0.19751182348123347,0.2126565032254115,0.16504002517048616,0.20689924999727005,0.16928790048235604,0.11886349616663322,0.11865917697053349,0.1040253674581446,0.11352308208227342,0.24257623176366586,0.08954634873816043,0.10293903519866184,0.1004244397156495,0.14648890092713934,0.15722791280651802,0.1225259531957888,0.19156859528734155,0.10333208122999302,0.23703674882150375,0.18506783633681162,0.1145893673941218,0.12361954158587558,0.1267320899672661,0.12544249337028024,0.16794409231475807,0.18776450131880434,0.09792621854341615,0.14316042487728609,0.21322218986041233,0.16806457859039536,0.12641629499871268,0.12360174321487494,0.13362566158813038,0.11299743380714357,0.11894340502193251
40.0,2.1321807582719887,2.3664355285980356,2.3075318903155506,2.50811639591496,2.5990517316449524,2.5393539146874264,2.519328260905257,2.8100969266526716,2.351393456847144,2.5416311811363004,2.5775061615062835,3.0700117805031164,2.37637470475975,2.792124091118978,2.647530575325221,2.3529732640187886,2.5499267967057206,2.9950052077338554,2.2813761145543556,2.2966827266229695,2.84982204504593,2.5169731590202225,2.7006744788483377,2.6422704563425494,2.5851130956518182,2.6854905420573436,2.168432223038085,2.3705464112637484,2.3054976084672325,2.4711958471836732,2.532143643854736,2.6135049724293564,2.7319846656851383,2.808217039424673,2.4605831400746516,2.227327320532904,2.58629629421624,2.55431545992843,3.108219581928292,2.3590742032694423,2.73313763291735,2.9118003087017494,2.39669367895104,2.3814811206050748,2.095480552218051,2.839528258694256,2.5076945972688276,2.765836926756103,2.7689921488049665,2.596274924095229,2.6170413691659524,0.08776313662425675,0.10340468531616225,0.09874304197841162,0.14623861352904513,0.1557466261785841,0.13759781877378002,0.18785833528905582,0.10590018015576151,0.17427908237987416,0.11500100985838087,0.11930626788878765,0.12970271347804022,0.127110485970585,0.17777407343478305,0.15851865714168023,0.10790321640324131,0.19759712804710775,0.21271067211520145,0.16518773498746622,0.20755698220998078,0.16942224962760594,0.11893606052644572,0.11886038656236433,0.10399381113579755,0.11362548453869518,0.24278248643734948,0.08959659053625375,0.10325436447548049,0.10059253613347394,0.14669113411910137,0.15724674392462212,0.12264234722734323,0.19222125743156737,0.1034634863644143,0.2371769416357351,0.18513074029044715,0.11458151423117803,0.1238529690291144,0.1266979482046511,0.1255645554729725,0.16810618657658827,0.18811855691731488,0.09783038219710549,0.14322738042280372,0.2138936586329442,0.1679423050641814,0.1264017363090857,0.123762858317434,0.1336728872903165,0.11296963312859194,0.11887961718413666
41.0,2.132864787718851,2.3647780141220087,2.3085082221848885,2.5036004382001265,2.5946584913181674,2.5390681261699335,2.5178757949535937,2.806076992519727,2.3511184735516193,2.5392903316377398,2.578105845916854,3.0683766958566197,2.376167893737245,2.792474185209663,2.643937453901356,2.351727535617246,2.55458491643101,2.9908345478109584,2.2824463622421693,2.2941301589981227,2.8455354422141226,2.5168340404731495,2.698683606446662,2.64043294449303,2.585728640377721,2.6844959653211107,2.1688474424889552,2.368760867799284,2.3060946172591317,2.466967070911076,2.528611747962926,2.6120548573543885,2.7252609128872782,2.803690582612221,2.4604197245378674,2.2288514480388217,2.583386795488121,2.5552489080381435,3.107577793478257,2.358765537302864,2.7326024827665,2.908026862985349,2.3959272013422055,2.3820434810018556,2.0930474377957657,2.835808796094818,2.507340573301316,2.764054858479506,2.7666804838684396,2.5954383101703704,2.617278549547147,0.08788705409111468,0.10381388642696313,0.0989515022423193,0.14662107401206848,0.156036995201294,0.13799356306585564,0.18806693899986845,0.10602228049345125,0.1743836242459999,0.11514355430588946,0.11940094541005536,0.13000885479546276,0.12734749959762948,0.17805047637894117,0.1586141772417219,0.10798716490705736,0.19772867701974173,0.21279941837016117,0.1653765017553006,0.2082492801377589,0.16960193002351143,0.11903911791151063,0.11909003750148021,0.10399905581833968,0.11375883427690961,0.243013467252337,0.08967904794717564,0.10359764395277717,0.10079657549950714,0.14693917373961146,0.15730459400949126,0.12279718029882013,0.19292444949666449,0.10362795136478542,0.23735728148658944,0.18523096340886291,0.11460579664250022,0.12410738673850259,0.12670164580087595,0.12572502409188943,0.1683161831574072,0.18851186005993903,0.09776815600637973,0.14332998839441094,0.21460119100093825,0.16786384114871697,0.12641615494500394,0.12395382411712334,0.13375413729118246,0.112972808330626,0.11885870898331047
42.0,2.1335916708287974,2.3631082128322416,2.309514371904606,2.4991239306765847,2.5902558756190808,2.5387715839742206,2.516541533836002,2.8021493696145097,2.350797004190412,2.536998916158905,2.578846357671786,3.0666963329043666,2.3760037569849093,2.7928778444440643,2.6403001195240248,2.3505095327452628,2.5593934908657214,2.986909127179399,2.283528197367872,2.291639960737468,2.8412737230516796,2.516706284174088,2.6967686631128394,2.6386351156201298,2.5864189576393453,2.683460379204137,2.1693341360848413,2.366951689896314,2.306709869677454,2.462766945489181,2.5251158062731065,2.6105882192502103,2.718399197426248,2.7992508811853574,2.460288965676195,2.230364241855503,2.580525567231935,2.556350130469407,3.1068712626915422,2.3584707242707785,2.7321010462905786,2.9043756116927097,2.3951968351911184,2.382626767080892,2.0906209569105667,2.8321499031780735,2.5069648613096644,2.7623495707725225,2.764403890671917,2.5946698818422447,2.6176212897482114,0.0880430285779147,0.1042472909936702,0.0991892628459938,0.14703828628516263,0.15635793509928964,0.13841817473160534,0.18830740177280267,0.10617485503370377,0.17452863894333473,0.11532161666052852,0.11952658750749671,0.1303534589001914,0.12761568533424944,0.17836213949328314,0.15875489274778962,0.10809983644234362,0.1979051043739256,0.21292227456529123,0.16560625968916065,0.20897349557088532,0.16982622296803726,0.11917260075975397,0.11934719173711379,0.1040419630530607,0.11392310247067779,0.24327070352854302,0.08979361042753736,0.10396886970627636,0.10103712205339284,0.14723264587887025,0.15740117736245185,0.12299086143247438,0.19367385557206301,0.10382592700962731,0.23757577175044528,0.18536712321615273,0.11466270010295498,0.12438101830770278,0.12674435967598136,0.12592453344769705,0.1685734918694384,0.18894193575753976,0.09774049044278772,0.14346878259609208,0.21534187780502925,0.16782993864655196,0.12645988201440178,0.12417370344250432,0.13386964075152274,0.11300747667406466,0.11888260288732576
43.0,2.1343173930031516,2.3613890271258153,2.310493324773704,2.4946770855150744,2.5858261570634467,2.538410511982669,2.5152831362162535,2.798290057599043,2.3503751718775674,2.5347069944497,2.5796819230996904,3.0649505759681417,2.3758275751489095,2.793294853748726,2.6365922694919153,2.3492734005996154,2.5642812711739165,2.9832022713576514,2.2845511724592775,2.289194735239284,2.8369951637473956,2.516530837140285,2.6948928350962706,2.6368271478136154,2.5871223621761086,2.6823453369705375,2.169849760024197,2.3650804564776076,2.30728661883434,2.4585845782557705,2.521635958120321,2.6090597580236405,2.711396058379516,2.794877820262957,2.4601275430998357,2.231804634265624,2.5776704972641937,2.5575721986669975,3.106076590121261,2.358134985945375,2.7315962253187926,2.9008222814017848,2.3944542212369377,2.383164954458002,2.088194123018121,2.8285066082029253,2.506511221900728,2.7606794281335496,2.7621178690859884,2.5939146793718106,2.6180127728659226,0.08823141449772695,0.10470416337444237,0.09945644291588278,0.14748906211384372,0.15670815674433808,0.13886976936372697,0.18857807941792787,0.10635838582292972,0.17471308417407314,0.1155361817010132,0.1196830148797477,0.13073655945594798,0.12791489203308606,0.17870768681546703,0.15894111518185863,0.10824111922535146,0.19812506567879606,0.213078790943635,0.16587698628343453,0.20972695823906187,0.17009444240376173,0.11933646640154602,0.11963088745513994,0.10412343453154417,0.11411828440677549,0.24355579289675017,0.08994019128780516,0.10436807441596303,0.10131477872499364,0.1475711955048167,0.15753625985885428,0.12322384221683895,0.1944651586442358,0.10405790223037384,0.23783042631202234,0.18553784789706831,0.11475274674105533,0.12467207500518226,0.12682730237799023,0.12616376580824942,0.16887754438451882,0.18940632232502766,0.09774838642374034,0.14364433123299344,0.21611278406107803,0.16784140672644243,0.12653327037560233,0.12442156599180887,0.13401968758297914,0.1130741876152604,0.11895328662323881
44.0,2.134997939643287,2.3595833593998328,2.3113880660911343,2.4902501148863183,2.5813516081669974,2.5379311340776667,2.5140582607580617,2.7944750561353757,2.3497990997271905,2.5323646262599646,2.580566768529185,3.0631193093697706,2.3755846288754294,2.793684998050199,2.632787601103682,2.3479732843770833,2.5691770085196377,2.979687305864103,2.2854448400442258,2.2867770859018717,2.832658040490084,2.5162486463889757,2.6930193086463627,2.6349592191632927,2.587777168727375,2.6811123918844317,2.170351770505419,2.3631087464659672,2.307768117841987,2.4544090765486533,2.5181523428396573,2.607424173581469,2.704248034824556,2.7905512849638714,2.459872136418961,2.2331115575518137,2.5747794734014007,2.5588681840756626,3.105170376320553,2.357703544098818,2.731050921680333,2.897342598690538,2.3936510002187976,2.383592018749044,2.085759949574105,2.824833939428278,2.505923415681346,2.7590027950609795,2.7597779189812535,2.593117743020069,2.618396181997082,0.08845262151452396,0.10518378360660455,0.09975319700540564,0.1479722163034722,0.15708637048587012,0.13934646844050258,0.18887732160246348,0.10657338184348375,0.17493592553455628,0.11578827896550185,0.11987009158820548,0.13115819669671627,0.12824501337086744,0.17908576535109214,0.15917321118344532,0.10841091497753884,0.19838724127593463,0.21326854117860486,0.1661887029873734,0.21050697549609196,0.1704059372135239,0.11953069817095793,0.11994013785317405,0.10424441420315368,0.11434440167492205,0.24387040961069886,0.09011873034834385,0.10479532890981133,0.10163018767675927,0.14795448737686503,0.15770966002728146,0.1234966182392308,0.19529403527837352,0.10432440503863825,0.23811926921134113,0.18574177179613993,0.11487649775390738,0.12497874951056188,0.12695172484206202,0.12644345450784528,0.16922779578962163,0.18990256736293448,0.09779289469603981,0.1438572412849178,0.21691094872800729,0.16789911389223935,0.12663669972219188,0.12469648917741254,0.13420462835658245,0.1131735211604077,0.11907281599044665
45.0,2.1355892961504725,2.3576541120514207,2.3121415811558808,2.4858332309610343,2.5768145014454857,2.537279674141555,2.5128245661251825,2.790680364885532,2.349014910853298,2.5299218713395835,2.581455120288879,3.0611824174310613,2.375220198810622,2.794008062275014,2.6288598116579918,2.3465633292743897,2.574009454066966,2.9763375562172265,2.286138752650524,2.284369616123468,2.8282206294685612,2.515800658937409,2.6911112700125286,2.632981507758945,2.588321692032571,2.679723097209922,2.1707976237269393,2.3609981387841965,2.308097619812559,2.4502295477056495,2.5146450997661804,2.605636165830532,2.6969516658388355,2.7862511604069935,2.459459425243747,2.234223943996739,2.5718103834600585,2.5601911581401735,3.104129221842557,2.357121620503296,2.730428037204415,2.8939122901369223,2.3927388128758382,2.383841935569896,2.083311450034196,2.8210869251130792,2.505145203258349,2.7572780360531826,2.757339540228323,2.5922241130479997,2.6187147002384616,0.08870712006425151,0.10568544422944853,0.10007971509360226,0.14848656677134206,0.15749128592939873,0.139846395277359,0.18920347264009538,0.10682038015933398,0.175196137437258,0.11607898260454803,0.12008772717523661,0.13161841827829115,0.12860598793067954,0.17949504707347513,0.15945160260454455,0.10860913905654179,0.19869034041971434,0.21349112888882266,0.1665414760685229,0.2113108330018695,0.1707600941516105,0.11975530693369642,0.12027393055261591,0.10440589061777024,0.1146015050435104,0.24421631268957986,0.09032919679677856,0.10525074382597994,0.10198403095791368,0.1483822078164875,0.15792125049557496,0.12380973082327122,0.19615615154592472,0.1046260036778951,0.2384403349569058,0.18597753118579338,0.11503455618629783,0.12529920908440154,0.1271189193604149,0.12676438724534328,0.16962372686164587,0.19042822413250163,0.09787511509098532,0.1441081634177623,0.21773338571725712,0.16800399004376723,0.12677058228645258,0.12499755939064247,0.13442487388685712,0.1133060861330387,0.11924331775543584
46.0,2.1360474479260594,2.355564187477675,2.3126968552669256,2.481416645909967,2.572197109414641,2.5364023560567484,2.511539710981346,2.7868819835115364,2.347968728369998,2.527328789438432,2.5823012047074094,3.059119784473805,2.374679565600671,2.7942238313497216,2.624782598453507,2.3449976804882984,2.5787073589799476,2.9731263479354544,2.28656246280603,2.2819549293023718,2.8236412068716494,2.515127821802819,2.689131905444156,2.630844191690359,2.5886942468310923,2.678139006211138,2.1711447758872002,2.3587102123550663,2.3082183778582426,2.4460350990645674,2.511094368234963,2.6036504346776153,2.689503490499798,2.7819573317111765,2.4588260891843916,2.235080725883038,2.5687211152567024,2.561494192305293,3.1029297272404004,2.3563344369309602,2.729690473720227,2.8905070823188797,2.391669299947201,2.383848680536378,2.0808416378540793,2.8172205935162262,2.5041203452385754,2.7554635156085707,2.7547582326977804,2.5911788297165925,2.6189115106868837,0.08899544719244375,0.1062084469455157,0.10043622264183022,0.14903093522158695,0.15792161227856594,0.14036767112796733,0.18955487307772684,0.1070999472011521,0.175492704733095,0.11640941096383438,0.12033587909149356,0.13211728049033908,0.12899779931266903,0.17993423142996395,0.15977676668375423,0.10883572089134498,0.19903310644603583,0.21374619496499814,0.16693541766422376,0.2121357964153811,0.17115634141030087,0.12001033305564059,0.12063122766229856,0.1046088995090279,0.11488967805360716,0.2445953539225444,0.09057159224999663,0.10573447139521097,0.10237703127227055,0.14885406735027737,0.15817095983274818,0.1241637690999464,0.1970471601840032,0.1049633080066869,0.2387916695369059,0.18624376029298617,0.11522757009246658,0.12563158810865938,0.1273302228112464,0.12712740967467645,0.17006484709122507,0.19098084832196374,0.09799619565164437,0.14439779746561682,0.21857708616608565,0.16815702864250323,0.12693536923026053,0.1253238737205941,0.13468089447424253,0.11347251834431657,0.11946699266362272
47.0,2.1363283803713657,2.353276488075702,2.3129968737232303,2.476990571903835,2.567481704590229,2.535245403705586,2.5101613539902794,2.7830559116754157,2.346606675391328,2.5245354403063853,2.5830592481133956,3.0569112948198183,2.3739080098917285,2.794292090200851,2.6205296587889073,2.3432304832155975,2.583199474422658,2.9700270065372187,2.286645523038567,2.2795156288368696,2.818878048888138,2.514171082002457,2.6870444011906414,2.6284974490473236,2.5888331478623314,2.6763216721521874,2.171350683184623,2.356206546101391,2.308073645091205,2.441814837963182,2.507480287581075,2.6014216800295404,2.6819000478849304,2.7776496839952847,2.457908807851082,2.2356208354933593,2.5654695566078134,2.5627303580157896,3.101548493067215,2.355287215154007,2.7288011330569497,2.887102701814355,2.390394102172014,2.3835462292643737,2.078343526489421,2.81318997289663,2.5027926022288636,2.7535175982255238,2.7519894962602183,2.5899269332868196,2.6189297964391027,0.08931821271688561,0.10675209909469266,0.10082298070117676,0.14960414843756437,0.15837605925399892,0.14090841142099014,0.18992986212199656,0.10741268019730284,0.17582462505321633,0.1167807258796843,0.12061455546604445,0.13265484983299972,0.1294204762548523,0.1804020483747373,0.16014923630610559,0.10909060474342415,0.19941432304154913,0.2140334257658779,0.16737068701477748,0.2129791141146723,0.17159415281638504,0.12029584883652923,0.12101096651566172,0.10485452662646097,0.11520904135459428,0.2450094857606649,0.09084595403202456,0.10624670734775887,0.10280995286199673,0.14936980424281288,0.15845877481350337,0.12455937244164599,0.19796269898589652,0.10533697111602051,0.23917133215391798,0.1865390875702141,0.11545623609139632,0.12597397993766074,0.1275870202000872,0.12753342929963185,0.17055069848973126,0.1915579952002514,0.0981573316278629,0.14472689850683182,0.21943902200553722,0.16835928898551,0.12713155779437973,0.12567454217743712,0.13497321877862056,0.1136734786541091,0.11974611859238822
48.0,2.136388078887703,2.350753916242605,2.312984621823787,2.47254522111336,2.5626505594879676,2.5337550409704708,2.508647153815745,2.7791781490391982,2.344874875031384,2.521491883693298,2.583683476835449,3.0545368327908946,2.3728508123299856,2.7941726237549536,2.6160746899628675,2.3412158826530085,2.587414551559144,2.9670128575409582,2.2863174858759536,2.277034318125247,2.8138894317068552,2.5128713865535466,2.6848119435014084,2.6258914579196304,2.5886767098656827,2.674232648297183,2.171372801817615,2.3534487189459616,2.307606674623596,2.437557871739334,2.5037829971395835,2.598904601793104,2.674137877071705,2.773308102378205,2.456644260853979,2.2357832051103794,2.562013595329931,2.5638527267164006,3.0999621198761353,2.3539251769445957,2.7277229170438098,2.8836748752013226,2.388864860289451,2.382868557369699,2.075810129395922,2.8089500915132195,2.5011057348360546,2.751398648402453,2.74898883078625,2.5884134640196805,2.6187127405919512,0.08967610572577744,0.10731570991678999,0.1012402860623053,0.15020504020572278,0.1588533386055517,0.14146672211746641,0.1903267809512757,0.10775920875480434,0.17619091189063668,0.11719413166045302,0.12092381825847674,0.13323120496693155,0.12987409274438452,0.1808972619494036,0.1605696003476952,0.10937375081797296,0.19983282169124697,0.21435256223633034,0.16784749186411776,0.21383802096158566,0.17207305264634543,0.1206119614337114,0.12141206111133464,0.10514391082161978,0.11555975779379515,0.2454607691140875,0.0911523586880436,0.1067876929520124,0.10328360251006571,0.1499291889381042,0.15878474312841756,0.1249972332889499,0.1988983904365479,0.1057476911781902,0.23957739770069528,0.18686213219245035,0.11572130331712992,0.1263244280024417,0.12789074857193464,0.1279834196824717,0.17108086021826116,0.19215721715268322,0.09835976432885356,0.14509628354584056,0.22031615086273754,0.16861189857993414,0.1273596992783739,0.12604869048929654,0.1353024322855742,0.1139096509089974,0.12008305385520432
49.0,2.13618252887641,2.3479593743755016,2.312603084867545,2.4680708057092904,2.557685946623626,2.5318774917337517,2.5069547691214726,2.775224695264908,2.3427194504042075,2.518148179349042,2.584128117202185,3.0519762827088712,2.371453253561602,2.7938252169385507,2.6113913892740315,2.3389080239973112,2.5912813415534752,2.9640572264651026,2.285507903846038,2.2744936005657537,2.808633631516605,2.5111696824733616,2.682397718625844,2.622976396397061,2.5881632475805576,2.6718334879102335,2.1711685879846376,2.3503983098115584,2.3067607195676154,2.433253307730814,2.499982636245579,2.5960538998751286,2.6662135171375803,2.7689124719787808,2.454969127803282,2.2355067670167066,2.558311119239541,2.5648143698519164,3.0981472082202997,2.3521935440749036,2.726418727509995,2.8801993290577186,2.3870332150386253,2.381749640468252,2.073234460029249,2.8044559776249094,2.4990035036669758,2.749065030637718,2.7457117361464545,2.5865834621761543,2.6182035262421763,0.09006990142375092,0.1078985865798567,0.10168847143835602,0.1508324538835614,0.15935216623817003,0.1420406961725446,0.19074397696233292,0.10814019659138084,0.17659059844334868,0.11765087371580689,0.12126378683757214,0.13384643905123617,0.1303587680981225,0.18141867443408394,0.16103850409541767,0.10968513675174478,0.20028749038796068,0.21470340999507115,0.16836609000484928,0.2147097431303484,0.1725926210421585,0.12095881630096335,0.12183340429578648,0.10547824738931758,0.11594203825910095,0.24595138106277986,0.09149092576508047,0.10735771719502445,0.10379883066448636,0.15053202942961755,0.15914897655780733,0.1254781003997034,0.19984984262294989,0.10619621351778005,0.24000795998502059,0.1872115007565957,0.11602357775453992,0.1266809161148253,0.12824290135716718,0.1284784249730495,0.1716549540822686,0.1927760615913122,0.0986047798166869,0.14550683879864737,0.22120542234617835,0.16891605559736653,0.1276204079238846,0.12644546356258998,0.13566917531456194,0.11418173974136725,0.12048024064950137
50.0,2.1356677157388146,2.3448557648714847,2.3117952481534974,2.4635575378623322,2.5525701385129174,2.5295589798778226,2.5050418585711856,2.7711715500145755,2.3400865246238616,2.5144543870234997,2.584347395542216,3.0492095288955143,2.369660614232741,2.7932096546782064,2.6064534540210844,2.3362610524452636,2.5947285955697095,2.9611334388280923,2.2841463294766338,2.271876079556678,2.803068924506213,2.5090069167791,2.6797649128133574,2.619702442569407,2.5872310757463586,2.669085744255473,2.170695497884097,2.347016897620979,2.305479033035437,2.4288902532754317,2.49605934423411,2.5928242741823997,2.658123507160005,2.7644426779159037,2.4528200883091587,2.2347304534950228,2.554320016153157,2.565568358867086,3.096080358652842,2.350037538317111,2.724851466284698,2.876651789961499,2.3848508071586747,2.380123454175844,2.0706095318450832,2.7996626594905996,2.496429669328476,2.746475109429739,2.742113712211446,2.584381968017217,2.617345336486622,0.09050046833987542,0.10850002995336308,0.10216790567025395,0.151485245622199,0.15987126497549167,0.1426284100838709,0.19117980900442655,0.10855634341622374,0.17702274224189768,0.11815223678348126,0.12163464203652617,0.1345006624899722,0.13087466698959763,0.1819651310929667,0.16155664972194636,0.11002475950656286,0.20077728369280487,0.21508585043215245,0.1689267909341585,0.21559150401948368,0.17315250000202698,0.12133660116712724,0.12227387073644283,0.10585879166075846,0.11635614825749757,0.2464836224781503,0.0918618219015342,0.10795711911845023,0.10435653268767783,0.15117817757981636,0.15955165462073312,0.12600278254916653,0.20081265146696609,0.10668333288796684,0.24046113570007493,0.18758578415433694,0.11636392693794198,0.12704135792178803,0.12864503321871668,0.12901956476148113,0.17227265094079014,0.193412069230312,0.09889370741660827,0.14595952756337877,0.2221037857716646,0.1692730313724374,0.12791437077376547,0.12686402971920627,0.13607414050437505,0.11449046821160128,0.12094020862039132
51.0,2.1348091634829003,2.341414004359673,2.310516833626065,2.458995311907001,2.5472887854775377,2.526758298092134,2.5028745532603156,2.766999330682676,2.3369358167923187,2.5103723470513675,2.584304888317868,3.04622056540541,2.367430218751806,2.7922943121900867,2.60123980958547,2.3332397999219254,2.597702013226593,2.958219129304605,2.2821791018431528,2.269165351855364,2.7971643024211206,2.506338095585074,2.6768840854635876,2.6160316744751047,2.5858314468685513,2.665959845788423,2.1699199830104208,2.3432748659999416,2.303717747381166,2.424458154652307,2.4919967717788287,2.5891807489645164,2.6498652032627303,2.7598819961323704,2.4501505541105955,2.233408396865751,2.550008279883146,2.5660783236011877,3.093742700402387,2.3474148219476563,2.722991652713307,2.873012587957003,2.3822806028525965,2.377939153693656,2.067925900386825,2.7945363552203943,2.49334145781137,2.743596613041361,2.738161196335131,2.58176712959774,2.6160921207909507,0.09096800968063248,0.10911952740105457,0.10267884549631555,0.1521627261248813,0.1604096143782056,0.14322852775298728,0.19163302237255392,0.10900808108058735,0.17748708302843405,0.11869904820423118,0.12203675784280398,0.13519360392073354,0.13142195065610315,0.18253553615297416,0.1621243679593887,0.11039303079123687,0.2013017379905545,0.2154998736875272,0.1695294784594423,0.21648149308586498,0.17375231792505694,0.12174549841967879,0.12273239553576042,0.10628677537973714,0.11680253533254625,0.24705916008621792,0.09226463497628505,0.10858600363746108,0.1049570770759471,0.15186736429836506,0.15999283760236865,0.1265715040119665,0.20178342515589048,0.10720938504649187,0.24093555636514605,0.18798442002732868,0.1167431395506907,0.12740502001192391,0.12909824762426708,0.12960741184691754,0.17293330527360118,0.19406353422794745,0.09922775944995466,0.14645495022461988,0.22300947046343592,0.1696836427460854,0.12824199092357286,0.12730342679387652,0.13651796593001628,0.11483661779957709,0.12146467120351187
52.0,2.1336105505433256,2.3376370663971886,2.3087745098114576,2.454372750832857,2.541841049062933,2.5234845142945095,2.5004528740109944,2.762707125593465,2.333281429963076,2.5059110221066856,2.5840015725261267,3.0430098252240394,2.3647675665760084,2.791081925848824,2.5957502936797994,2.329851845265622,2.600215087961623,2.9553091691942113,2.279619706211345,2.2663489876552982,2.790931619233432,2.5031744613936873,2.6737552885770897,2.611973769947215,2.5839673645169436,2.6624617217302875,2.1688444760420955,2.339177817385781,2.3014845119267195,2.4199478139058206,2.487792614907696,2.5851296458420574,2.641439229754462,2.7552272658668353,2.4469808654616463,2.2315555296005107,2.5453843282251962,2.5663501274716523,3.0911334773996963,2.3443328192601127,2.720840276205785,2.869280466954176,2.3793308701786926,2.375206612564085,2.0651642895488083,2.7890880423290683,2.489749956642288,2.74043472479332,2.7338643758047225,2.5787495261480515,2.6144408940964525,0.0914697224983837,0.10975734367719736,0.10322098268832065,0.15286598774883875,0.16096719968464307,0.14384213740488372,0.19210386605985577,0.10949465058359578,0.17798602915591283,0.11929017548602963,0.12247108136800679,0.13592339776944382,0.13200062196203285,0.18312887829712915,0.162740317476936,0.1107919770919435,0.2018625006019383,0.21594564472618405,0.17017215598415844,0.21738176632142459,0.1743914372793577,0.1221855260530555,0.12320821500779713,0.10676314671524612,0.11728219200977073,0.24767668928610673,0.09269646935713763,0.10924335924517227,0.10559856821901929,0.15259868590987866,0.16047187580758768,0.127181932181745,0.20276286325689935,0.10777269221195568,0.24143184375055288,0.1884103274481891,0.11716148098829336,0.12777688583779812,0.12960163414058976,0.13024008418782204,0.1736348299136035,0.19473180634227918,0.09960754710968768,0.1469919812224554,0.2239258198127408,0.17014664518958378,0.1286022739469719,0.12776208097432587,0.1370009105680957,0.11522116317020256,0.12205177289377826
53.0,2.1320850939614093,2.3335359387731556,2.3065876818812954,2.4496781597932933,2.5362294686205,2.5197592652098497,2.4977853140770145,2.758298640803636,2.3291510631775285,2.5010911554483304,2.5834477752977176,3.039581851069664,2.3616902009248077,2.7895838223187486,2.5899899720994584,2.32611545404297,2.6022982616669457,2.9524027389527507,2.276498414394481,2.263415550509035,2.784393444471888,2.4995413158044055,2.6703859473046805,2.607550306767439,2.5816547700274173,2.6586061764936906,2.1674804049536025,2.334740158918772,2.298799855235974,2.4153503720217113,2.4834480809872628,2.58068761077835,2.6328470279901763,2.750478717181858,2.4433480947452284,2.2292019842086788,2.5404666849708297,2.5664001922903856,3.088256462251006,2.340811395052285,2.718405943688326,2.8654587743292987,2.3760212026590875,2.371950883914846,2.0623029653131253,2.7833398881825624,2.4856797187318604,2.7370039917708247,2.729244375390766,2.575352844692393,2.6123994377133553,0.0920020020507228,0.11041393609822019,0.10379387541028794,0.15359660976178865,0.1615442850185175,0.14447096470186727,0.19259299672845692,0.11001500789805524,0.17852274649884634,0.11992398162752752,0.12293874406137195,0.1366877715395264,0.13261065659849233,0.1837441781261096,0.1634027459088589,0.11122409801730222,0.2024618323328864,0.21642342761187888,0.17085234899237792,0.2182953761382131,0.17506917850782658,0.12265668198340361,0.12370066496783158,0.10728883255692168,0.11779628748633551,0.24833414224891712,0.09315379835890895,0.10992787126556973,0.10627852828617768,0.15337111176518445,0.1609879435466187,0.1278310666295297,0.20375271640491904,0.10837105204864338,0.2419511676051827,0.18886738801594558,0.11761910715003951,0.12816349233818813,0.13015379297303836,0.1309150692797296,0.1743747872381138,0.19541904301916782,0.10003354593313658,0.14756906680438273,0.224857499838991,0.1706602921758376,0.12899389086835342,0.12823826390344042,0.13752315223472744,0.11564516660246366,0.12269874832474276
54.0,2.130246010778466,2.3291216092767066,2.3039757550072593,2.44489984394162,2.530456583501609,2.5156041875630737,2.494880366712203,2.75377758236989,2.3245724154770646,2.495933490335163,2.582653823763326,3.035941185660542,2.358215665017644,2.7878113282641253,2.583963910639863,2.3220488918206015,2.6039819762347527,2.9494990190360113,2.2728454982059048,2.2603536039691057,2.7775723476652114,2.495463960416693,2.6667834867971587,2.6027828627174574,2.578909604735857,2.654408014491261,2.16583919771939,2.329976297739167,2.295684305872773,2.4106569699856775,2.478964377384086,2.5758712897367504,2.6240900393248547,2.74563658014004,2.4392893143441707,2.2263778931996483,2.5352738739116125,2.5662449398693323,3.0851154275625734,2.3368704141220085,2.715697262087096,2.861550857458704,2.3723711938159635,2.368197020873617,2.059320193661823,2.7773140601468196,2.481155296990726,2.7333189610590765,2.7243223198638202,2.571600772254978,2.6099755329518626,0.09256117313408002,0.11108976412310395,0.10439709342405763,0.15435622356260273,0.16214116851706867,0.1451167784517846,0.1931011096008123,0.11056812826137934,0.17910051709624955,0.12059881930565669,0.1234409351653568,0.13748443609805516,0.13325204950871308,0.1843804693590483,0.16410991460315996,0.1116919863359409,0.20310210069466272,0.21693355489338936,0.17156757433721248,0.2192254083657195,0.17578489350203846,0.12315899085827453,0.12420910768640939,0.10786482633622818,0.11834604014615173,0.24902942528135857,0.09363307253564156,0.11063819272641093,0.10699445599571501,0.1541836472589883,0.16154021777452385,0.12851586884637656,0.2047547655825801,0.1090022378194453,0.24249476414471038,0.1893596039831507,0.11811620274534954,0.12857155220746536,0.13075333732298325,0.13162983126604613,0.17515074717861037,0.19612746124925792,0.10050625698077126,0.1481846552268289,0.22580922622480396,0.17122286165690312,0.1294155258711898,0.12873023735032904,0.13808489941081506,0.11610974999744321,0.12340281207728862
55.0,2.128106518035841,2.324405065696964,2.3009581343609815,2.440026108431201,2.5245249330576582,2.511040918079093,2.491746525170355,2.7491476563489274,2.3195731859030753,2.490458770026062,2.5816300450536454,3.0320923717149277,2.3543615020739783,2.7857757703492534,2.5776771750963734,2.3176704241651422,2.6052966735572207,2.9465971898998435,2.268691229458902,2.2571517115880964,2.7704908983421626,2.490967696830022,2.662955332205334,2.5976930155790012,2.5757478099781443,2.6498820401356156,2.1639322823139575,2.324900640987235,2.2921583924009914,2.4058587487834213,2.4743427114646743,2.570697328680622,2.615169705113482,2.740701084803989,2.4348415966413843,2.223113389082817,2.5298244188390635,2.5659007920204315,3.08171414594062,2.3325297412670905,2.7127228383282413,2.8575600637186906,2.368400437171434,2.3639700765681306,2.0561942405769753,2.771032725587805,2.476201244329472,2.729394179743277,2.71911933399439,2.567516995860027,2.607176961122158,0.09314346742020226,0.11178529512431545,0.10503021643416267,0.15514651240509184,0.16275818200105263,0.14578139863630613,0.1936289366713686,0.11115300610838291,0.17972274357954166,0.12131303472690802,0.12397890383588614,0.1383110761286842,0.1339248141400326,0.18503679317844976,0.16486009777137822,0.11219833506846458,0.2037857745814344,0.2174764195333273,0.1723153346665178,0.22017497852774665,0.17653795979414727,0.12369249994829537,0.12473293025794188,0.1084921876395249,0.11893271071638627,0.24976040212018094,0.09413070182100111,0.11137293460616632,0.10774381703074051,0.15503532515077184,0.1621278705611433,0.1292332506837002,0.2057708187185573,0.10966399341668218,0.24306393909187776,0.1898911105849554,0.11865297712514222,0.12900798918791365,0.13139888153159665,0.13238179788750631,0.17596027553489363,0.19685934562352195,0.10102621058369925,0.14883718463133996,0.2267857586489795,0.1718326563751269,0.1298658616963907,0.12923624106930873,0.13868640086954143,0.11661610609031647,0.12416114961371884
56.0,2.1256798327748427,2.319397295823053,2.297554225114127,2.4350452584154096,2.5184370566400256,2.5060910934828,2.4883922827052785,2.74441256879745,2.314181073496958,2.4846877377799044,2.5803867662993905,3.028039951951075,2.3501452553132323,2.7834884752384204,2.5711348312644065,2.3129983166431964,2.6062727955265004,2.943696432000034,2.2640658799667857,2.2537984369185375,2.7631716660314702,2.4860778266438266,2.6589089086799724,2.5923023431337526,2.5721853270901556,2.6450430578393798,2.1617710867117697,2.319527595803234,2.2882426433844834,2.4009468494006647,2.469584290595594,2.565182373573283,2.60608746671103,2.735672461236246,2.430042014019717,2.2194386043675687,2.5241368435447264,2.5653841705556033,3.078056389991411,2.3278092412853892,2.709491279337943,2.8534897404855846,2.364128526247642,2.359295104126073,2.0529033720406407,2.7645180518714554,2.470842113658748,2.7252441949086417,2.7136565425530415,2.563125202531761,2.6040115035344567,0.09374500212966569,0.11250100939379928,0.10569283214670597,0.1559692101185018,0.163395690429546,0.14646670345690935,0.19417724500121952,0.11176865472785864,0.18039295261260566,0.12206497122556395,0.12455396140509241,0.13916534125383836,0.13462898105477128,0.18571219258048907,0.1656515812504014,0.11274594253863184,0.2045154187813327,0.21805246728134425,0.17309311267944857,0.22114722791671973,0.17732777478149944,0.12425727483632554,0.12527154280817476,0.10917204076668573,0.11955759539335035,0.25052487785187194,0.09464303826774291,0.11213065658174284,0.10852403502895838,0.15592519673341332,0.1627500616568755,0.1299800633104326,0.20680270706616044,0.110354028442837,0.24366007025113165,0.1904661864484058,0.11922966025649921,0.12947996661772035,0.13208903000982986,0.13316834778356762,0.1768009225965737,0.19761705517711414,0.10159396927541563,0.1495250715142743,0.2277918946768379,0.1724880034930353,0.13034356627762764,0.1297544812555249,0.13932795368616743,0.11716550792835241,0.1249709087556563
57.0,2.122979172036784,2.314109287444103,2.293783432438315,2.4299455990475702,2.512195493600116,2.5007763504991085,2.4848261325707823,2.739576025772148,2.3084237773001077,2.478641136855566,2.578934314631248,3.0237884690872168,2.3455844679548705,2.780960769595907,2.564341944939337,2.308050834821421,2.606940784034787,2.940795925792433,2.258999721542861,2.2502823435129824,2.7556372202618844,2.480819651457578,2.6546516413719163,2.5866324231634295,2.568238097407768,2.639905872015172,2.159367038887297,2.313871569327427,2.2839575873871327,2.3959124128231126,2.4646903221433796,2.559343070378097,2.5968447654724596,2.7305509394994245,2.42492763886206,2.215383671563304,2.5182296718201513,2.5647114972867793,3.074145932321198,2.322728778974702,2.706011192042355,2.8493432351357093,2.359575054566736,2.354197156675167,2.0494258540349013,2.7577922063637232,2.465102457889163,2.7208835536403564,2.707955070310304,2.5584490792943924,2.6004869414989797,0.09436175996680489,0.11323740439095469,0.10638453404289175,0.1568260987756328,0.16405409111626332,0.14717463536638087,0.19474683514859076,0.11241410563572804,0.18111479726611174,0.12285297261782797,0.12516748378857415,0.14004483775517076,0.13536459586041114,0.18640570667115294,0.16648266087663352,0.11333771528017314,0.205293688258353,0.21866218946570934,0.17389836519872537,0.222145319467561,0.17815374998008834,0.12485339493301872,0.12582437649488182,0.10990557221374313,0.12022201898832653,0.2513205834959872,0.09516635928757483,0.1129098582677223,0.10933248310662912,0.15685232278586253,0.16340593120323274,0.1307530866643529,0.2078522812740658,0.11107001336919599,0.2442846096486242,0.19108926202974602,0.11984649890450005,0.12999490885735648,0.1328223669118283,0.13398679809437353,0.17767021197713945,0.1984030290208227,0.10221012996088363,0.15024669982664576,0.22883246321370454,0.17318725353526207,0.13084728068529242,0.13028311949519755,0.14000990965766613,0.11775931659152623,0.12582919176394167
58.0,2.1200177528630038,2.3085520283492404,2.2896651615052224,2.424715435481049,2.505802783289304,2.4951183258529372,2.481056568020684,2.734641733329722,2.3023289963539226,2.4723397105119043,2.5772830171799126,3.0193424658416292,2.3406966832183387,2.778203980086006,2.5573035819165613,2.3028462442664224,2.607331080974231,2.937894851732824,2.253523026000446,2.2465919949239876,2.747910130562129,2.475218472870751,2.650190955431961,2.5807048334497105,2.5639220622668866,2.6344852870756266,2.156731566815033,2.3079469687000698,2.2793237529727848,2.3907465800364918,2.4596620134745963,2.553196065058409,2.5874430427527697,2.725336749656106,2.4195355435512678,2.210978723179415,2.5121214274568553,2.56389919402589,3.0699865455362283,2.3173082191328684,2.702291183367659,2.8451238950453384,2.354759615650873,2.3487012873431117,2.0457399525418056,2.750877356430553,2.459006829931348,2.716326803023647,2.702036042036727,2.5535123131721567,2.596611056325907,0.09498957025424079,0.11399499823145277,0.10710491886715925,0.157719005235868,0.16473381266937784,0.14790720603793783,0.19533853980150026,0.11308840764014162,0.18189205822034069,0.12367538629002642,0.12582091401263998,0.14094712083617864,0.13613171641036176,0.18711636484863364,0.16735164044426037,0.11397666867708112,0.20612332212506798,0.21930611614625903,0.1747285170228406,0.22317243342836152,0.17901530527940213,0.12548094885503108,0.1263908812629426,0.11069402703262779,0.12092732812385543,0.2521451613007598,0.0956968513270112,0.11370897094871697,0.1101664758852769,0.15781576423676683,0.16409459263384252,0.13154901938837565,0.20892140707733078,0.11180957479223712,0.2449390852324154,0.19176492599329997,0.12050375307251954,0.13056051512322284,0.1335974465374628,0.13483439231372135,0.17856562957702424,0.1992197907349366,0.10287532534908238,0.151000410726232,0.22991231755256433,0.17392877859974562,0.1313756084846315,0.13082026216635742,0.14073268012078607,0.11839898709701013,0.12673304805991362
59.0,2.1168087922948167,2.302736506327592,2.285218817486501,2.4193430728691943,2.4992614650589777,2.4891386562691884,2.4770920823087694,2.7296133975268844,2.295924429699779,2.465804202007807,2.5754432010760833,3.014706484932556,2.3354994443230788,2.7752294333730188,2.5500248079914836,2.29740281054484,2.6074741282370266,2.9349923902770594,2.247666065152843,2.2427159547040945,2.740012966460957,2.469299592482781,2.6455342760108747,2.574541151774335,2.559253163003359,2.6287961074333572,2.1538760984694516,2.3017682010614378,2.2743616687053003,2.3854404920265004,2.4545005719557538,2.5467580035775756,2.5778837399069388,2.7200301217688634,2.4139028004702188,2.2062538917252676,2.505830634246373,2.56296368258488,3.065582002242753,2.3115674265577253,2.6983398602400115,2.8408350675908287,2.349701803022185,2.3428325492576114,2.041823933543436,2.7437956694378967,2.4525797826958944,2.71158849014369,2.6959205825028225,2.5483385911892675,2.5923916293254408,0.09562409123326994,0.11477433240427491,0.10785358382950153,0.1586497964620788,0.16543531359943586,0.14866650020969968,0.19595322268922477,0.1137906255541519,0.18272864365158134,0.12453056596806637,0.12651576479909868,0.1418696873929109,0.13693040921834296,0.18784318081560172,0.1682568291865251,0.11466592518770516,0.20700713719823616,0.21998480953319136,0.1755809545059003,0.22423176281087673,0.17991186314480523,0.12614002970791147,0.12697052332488745,0.1115387039836262,0.121674884488251,0.25299615081360033,0.0962305939698116,0.11452634981748851,0.11102326200528834,0.1588145724547006,0.164815125804153,0.1323644692636411,0.21001196054416496,0.11257029079900736,0.24562510208946664,0.1924979294050935,0.12120169273618084,0.1311847651800485,0.1344127844877956,0.1357082883508268,0.17948461261326257,0.20006995146815698,0.10359022463852824,0.15178449299497998,0.23103632805538546,0.1747109697611079,0.13192710665238502,0.13136395031226383,0.14149673911104246,0.11908607238484067,0.12767946761362145
60.0,2.1133655073735507,2.2966737091682905,2.2804638055537816,2.413816816365367,2.492574078260528,2.4828589784727493,2.4729411686888603,2.7244947244203077,2.2892377763790868,2.4590553546021305,2.5734251934504813,3.009885069078254,2.330010294488542,2.7720484561212304,2.542510688959477,2.291738799223285,2.607400367715327,2.9320877218809405,2.241459110813364,2.238642786405851,2.7319682974871067,2.46308831189314,2.640689028259501,2.5681629559189627,2.5542473409530873,2.622853137500981,2.1508120618250173,2.2953496735517733,2.2690918631485495,2.3799852897788547,2.4492072049534106,2.5400455318989263,2.568168298289931,2.714631285900283,2.408066482001781,2.201239309710298,2.4993758159802875,2.561921384775664,3.0609360750470054,2.305526266047074,2.6941658295855815,2.836480100148471,2.344421210202817,2.3366159955463726,2.037656063021849,2.7365693127517,2.4458458690934615,2.7066831620857204,2.6896298164791705,2.542951600369928,2.5878364418078044,0.09626079354007461,0.11557597368889205,0.10863012352136829,0.15962037347684296,0.16615908051923461,0.14945467832906414,0.19659177785584336,0.11451983848914171,0.18362858760596792,0.12541687408369995,0.12725362109474914,0.14280996928861595,0.13776074502177432,0.1885851463715223,0.16919653868118686,0.115408709965903,0.20794802098998993,0.220698857529476,0.1764530188003816,0.2253265085798815,0.18084284268382483,0.12683073031964148,0.1275627823512809,0.11244094934583325,0.12246605813030069,0.2538709758073795,0.09676354453435085,0.1153602667429104,0.11190001713392639,0.15984777906725625,0.16556657037619335,0.13319594418055333,0.21112582281205225,0.11334968644359517,0.24634434309486833,0.19329318756735495,0.12194059488613976,0.13187591628581743,0.13526684964604185,0.1366055467719572,0.18042453868512243,0.20095621164309288,0.10435553339817594,0.15259717413148097,0.23220937449875828,0.17553223355608408,0.13250027824073787,0.131912150085976,0.14230262475072925,0.11982222522855879,0.12866537501609338
61.0,2.1097011151405223,2.2903746246604575,2.275419530878713,2.408124971122908,2.4857431622453308,2.4763009291885627,2.468612320414755,2.7192894200667195,2.282296735433204,2.452113911553765,2.5712393214337728,3.0048827609969706,2.3242467769341637,2.7686723749949227,2.534766290615961,2.2858724758683766,2.6071402413013067,2.9291800270002684,2.2349324347952986,2.2343610535818104,2.7237986931693245,2.456609932701296,2.6356626373286174,2.5615918236653306,2.548920537451951,2.616671181691148,2.147550884856209,2.2887057933113595,2.2635348648663958,2.3743721142792578,2.443783119834118,2.533075295985813,2.558298159256731,2.709140472112975,2.4020636605288495,2.195965109643857,2.4927754964500823,2.5607887224101735,3.05605253655524,2.299204602398757,2.689777698330524,2.8320623400945832,2.338937430714899,2.3300766793370964,2.0332146069591333,2.7292204537379128,2.4388296420346616,2.7016253659349214,2.683184868736289,2.537375027738385,2.5829532750832045,0.09689494492872129,0.11640051522456049,0.10943412654439126,0.16063266378435606,0.1669056258349129,0.15027397790932137,0.19725512938160994,0.11527513763676459,0.18459604660082207,0.12633268362053315,0.1280361423689697,0.1437653271666727,0.1386227934222657,0.1893412249450967,0.17016907903795925,0.11620834364538414,0.20894892393555792,0.22144886719930088,0.17734199868984013,0.2264598745063745,0.18180765345909533,0.127553138472488,0.12816714837220197,0.11340214918714782,0.12330222074729631,0.25476693216678337,0.09729152333709865,0.11620890360391896,0.11279383750707006,0.16091438519542112,0.1663479194679993,0.1340398437271257,0.21226487423547577,0.1141452293270771,0.24709856886402173,0.19415577926621533,0.1227207408706113,0.13264249074865683,0.13615805711662798,0.13752311921268967,0.18138271488804364,0.2018813611188581,0.10517199252795963,0.15343661213134782,0.23343633808784084,0.17639098740862783,0.13309356702825992,0.1324627439521127,0.14315093869016488,0.12060919785085952,0.12968762425034533
62.0,2.105828832637052,2.2838502405932144,2.2701053986329653,2.4022558422951716,2.478771256364792,2.469486145141518,2.4641140307402782,2.7140011905227905,2.275129005903575,2.4450006161215643,2.5688959121566604,2.999704103406964,2.3182264348794055,2.765112516658368,2.526796678756299,2.2798221060467694,2.606724190887136,2.9262684860909003,2.228116308911978,2.229859319784536,2.7155267230363376,2.449889756506709,2.630462528369038,2.554849332795124,2.5432886938358235,2.6102650444164603,2.1441039955375043,2.2818509674804432,2.257711202422707,2.368592106513422,2.4382295239644023,2.525863941801568,2.5482747641623176,2.703557910469502,2.395931408434277,2.1904614240353633,2.486048199447333,2.559582117300358,3.0509351593737133,2.2926223004105912,2.685184073401019,2.827585134805475,2.333270058080592,2.3232396537574957,2.0284778313373226,2.7217712597624764,2.43155565443009,2.6964296487765127,2.676606864044713,2.531632560318862,2.577749910461815,0.09752159639215358,0.1172485766587062,0.1102651718508246,0.16168861203962986,0.16767548479852812,0.15112671349935033,0.1979442316355995,0.11605562341844543,0.1856352941170265,0.12727637928890478,0.12886506442503218,0.14473304488394104,0.13951661652411512,0.19011034484023823,0.17117275417607322,0.11706823199619183,0.21001285059389832,0.22223545790079527,0.17824512293471675,0.22763506156554714,0.18280568889290952,0.12830733217986037,0.12878311841173634,0.11442371981823975,0.12418473888822015,0.2556811768682908,0.09781019992390426,0.11707034623856159,0.11370173408481449,0.16201334997115988,0.16715811355544682,0.1348924515217128,0.2134309878463689,0.11495432526297696,0.24788961682967223,0.19509094314451006,0.1235424139998789,0.13349325344782043,0.1370847623267806,0.13845783697812933,0.18235636704274402,0.20284827759944904,0.10604037611387963,0.15430088797833857,0.2347220930979428,0.17728565382042002,0.1337053544553936,0.13301352293179713,0.14404234335231372,0.12144883894994109,0.1307429941799792
63.0,2.1017618769044693,2.277111544755691,2.2645408139881726,2.3961977350355155,2.4716608999702836,2.4624362630565186,2.459454792919223,2.7086337418452464,2.267762286831555,2.43773621156441,2.5664052927498813,2.994353639026474,2.311966811543709,2.761380207775901,2.5186069191758973,2.2736059553250563,2.606182658365004,2.923352279608614,2.221041004976701,2.225126148566558,2.7071749566168934,2.4429530849088277,2.6250961265315613,2.5479570610900426,2.5373677514405943,2.6036495300895366,2.1404828218433836,2.2747996031993023,2.251641404381328,2.362636407467067,2.432547624710818,2.5184281153095562,2.538099554361645,2.6978838310324558,2.389706798100927,2.184758385394207,2.4792124487635485,2.558317991258139,3.0455877161086597,2.2857992248804133,2.680393561723222,2.823051831657462,2.3274386858220395,2.31612997193528,2.0234240021385084,2.7142438981913366,2.4240484591903892,2.6911105576956733,2.66991692717499,2.525747885135547,2.572234129253858,0.09813556993404232,0.11812080327094436,0.11112282479387356,0.1627901686962236,0.1684692117588,0.1520152751562919,0.19866007013528345,0.11686040184936691,0.186750712557203,0.1282463578437101,0.12974220037901554,0.1457103247043179,0.14044226148446037,0.1908913921857401,0.17220585594375537,0.11799185209574717,0.21114284948032644,0.22305925374848096,0.1791595520551288,0.2288552617067267,0.18383631906621553,0.12909337505075935,0.12941019290190944,0.11550709606523672,0.12511496696087646,0.2566107182232888,0.09831508073176275,0.11794257907134689,0.1146206274514779,0.16314357818486838,0.16799603458706633,0.1357499284749599,0.21462602199735126,0.115774313999389,0.2487193992125321,0.19610407084524883,0.12440589734195755,0.13443717869407093,0.13804525657878597,0.13940639988245349,0.18334262917283847,0.20385992300347383,0.10696148791236959,0.1551879988866644,0.2360714980404848,0.1782146531206787,0.13433395920725974,0.13356218029003708,0.14497755664630646,0.12234308775763651,0.13182818478553307
64.0,2.0975134649840927,2.2701695249370264,2.2587451821159896,2.3899389544972878,2.464414632413202,2.4551729196584833,2.4546431002054088,2.7031907800907633,2.2602242772585464,2.430341441141178,2.5637777903440866,2.98883591057377,2.305485450146515,2.7574867750117753,2.51020207767015,2.267242289269889,2.6055460856270707,2.9204305880092507,2.2137367948027644,2.22015010348045,2.6987659634397407,2.435825219507113,2.619570856966986,2.540936586331805,2.5311736516021472,2.596839443123017,2.1366987917483264,2.2675661076081677,2.245345999306125,2.356496158125906,2.4267386294399054,2.5107844624731253,2.527773971209735,2.6921184638644244,2.3834269019116947,2.1788861262297488,2.4722867681902954,2.5570127660954354,3.0400139793663405,2.278755240606037,2.6754147702233055,2.818465778026859,2.3214629074613726,2.308772686998139,2.018031385344762,2.706660536390469,2.4163326092261737,2.685682639777632,2.663136182897663,2.5197446892127084,2.5664137127695485,0.09873144836970178,0.1190178639331426,0.11200663288481952,0.16393927630853292,0.16928737540856756,0.1529421253004399,0.1994036630745638,0.11768857992840501,0.18794678214498897,0.12924102732320553,0.1306694403553753,0.14669428346020807,0.14139975188135329,0.1916832035989023,0.17326665676830766,0.1189827345827334,0.2123420011011754,0.223920874990296,0.18008236948023867,0.23012365075997507,0.1848988826687813,0.12991131177666299,0.13004787195081785,0.11665371689554563,0.12609423989817994,0.2575524075971353,0.09880149883788253,0.11882348049759535,0.11554734365100391,0.16430390688552296,0.16886050023994245,0.13660830723394607,0.21585181201679937,0.11660246495764981,0.24958989959686054,0.19720069650046412,0.1253114716013874,0.13548340586110857,0.13903776443623395,0.14036536542113076,0.18433853344287057,0.20491933742648125,0.10793615610884154,0.15609585236070037,0.23748938617009732,0.1791763945374031,0.1349776398790053,0.13410630719179314,0.1459573437206635,0.12329396465679941,0.132939814197663
65.0,2.093096813917249,2.2630351689263377,2.252737908188063,2.3834678058338477,2.457034993044935,2.4477177516723163,2.4496874458526214,2.6976760113160587,2.2525426762259513,2.422837048110733,2.5610237320699816,2.9831554607671054,2.2987998939072787,2.7534435450302945,2.501587220034456,2.260749373447875,2.6048449145654917,2.9175025917486277,2.206233950203489,2.214919748078747,2.6903223130336,2.4285314619010445,2.613894144826102,2.533809486302092,2.524722335656356,2.5898495879295096,2.1327633332267903,2.2601648878473393,2.238845515760986,2.3501624994756454,2.4208037455181985,2.502949629255618,2.517299456061535,2.6862620390279814,2.377128792249436,2.172874779051418,2.465289681519083,2.555682863624202,3.0342177217529933,2.271510212385306,2.670256305827417,2.8138303212899807,2.315362316520753,2.3011928520738074,2.0122782469381346,2.6990433417257926,2.408432657448069,2.6801604421075838,2.656285755983272,2.5136466595745093,2.560296442319075,0.09930356768565107,0.11994044772420163,0.11291612125187776,0.16513785310589793,0.17013055278536351,0.15390979382112485,0.20017606356040696,0.11853925982709021,0.18922806613336451,0.13025880495047162,0.13164874933254467,0.147681949967843,0.14238907779866103,0.1924845585967412,0.1743534004562247,0.12004444148352698,0.2136134036620684,0.2248209277973519,0.18101057200494947,0.23144338017410643,0.18599267780795356,0.13076116376379204,0.1306956515715686,0.11786500782363574,0.12712386530615025,0.2585029328681121,0.09926460668263642,0.11971081912056143,0.11647861121935241,0.16549309073043852,0.16975025820734435,0.13746348814008136,0.21711016065420685,0.11743597293615782,0.25050316776146964,0.19838648206701973,0.12625941293241918,0.13664118331087008,0.14006044343299914,0.14133113841955516,0.18534100085914082,0.2060296302324833,0.10896522589800525,0.15702226117272142,0.2389805550533717,0.18016926532097047,0.13563460123782087,0.1346433909936126,0.14698250522367248,0.12430355778538264,0.1340744166029235
66.0,2.088525140745248,2.25571946451275,2.246538397376035,2.3767725941985356,2.4495245212168615,2.44009239582293,2.444596323114699,2.6920931415778098,2.2447451827751514,2.4152437757319594,2.5581534450582963,2.977316832324721,2.291927686045436,2.749261844495738,2.4927674120641936,2.2541454734256496,2.604109587072473,2.914567471282556,2.198562742992184,2.209423645913993,2.681866574927224,2.421097113690061,2.608073415259735,2.5265973387826284,2.5180297449391067,2.5826947689216393,2.1286878742532704,2.2526103510570517,2.2321604823097405,2.3436265725019854,2.4147441803122636,2.4949402616203735,2.5066774502720164,2.6803147865857224,2.3708495414970336,2.1667544763685975,2.4582397125414763,2.554344705656361,3.0282027158748703,2.2640840050160147,2.6649267754617507,2.809148808823123,2.309156506522301,2.293415520289956,2.0061428529006995,2.6914144815632617,2.4003731567666935,2.6745585117707282,2.6493867712023387,2.5074774832452222,2.553890099212649,0.09984601266685737,0.12088925897135418,0.11385078779295206,0.16638777339583197,0.1709993217366082,0.15492087129197518,0.20097836256845553,0.11941153161034378,0.19059919157940103,0.13129811340386638,0.13268216244956538,0.14867026407041853,0.14341018451975998,0.19329417181475805,0.17546429068892577,0.12118053902289307,0.21496015581761985,0.22575999187471585,0.1819410595118458,0.23281756720569877,0.18711695133264628,0.131642924917099,0.13135302001346022,0.11914235941413402,0.12820511488620884,0.25945881394926307,0.09969937291985688,0.12060225095587636,0.1174110597559834,0.16670978585458684,0.17066398036700647,0.13831123712098892,0.21840282703496575,0.11827195371727757,0.25146131235364316,0.19966719793894439,0.12724999049469252,0.13791980026185183,0.14111138670707662,0.14229996136087444,0.1863468331373766,0.2071939677082573,0.1100495493323797,0.15796493940246709,0.2405497548090973,0.18119161762149746,0.13630300467928042,0.13517081699083802,0.14805386142923863,0.12537400495252374,0.13522844113222351
67.0,2.0838116625094356,2.2482333994853927,2.2401660548515716,2.3698416247447143,2.4418857562803824,2.432318488835228,2.439378225245427,2.686445876932753,2.2368594959475314,2.4075823672637133,2.5551772564397024,2.9713245679648717,2.28488636978044,2.744953000072415,2.4837477195547666,2.247448854769821,2.6033705450401508,2.9116244070668587,2.1907534449821506,2.203650360538752,2.673421318649365,2.4135474764736307,2.6021160934186724,2.519321721555097,2.5111118207862746,2.5753897905120495,2.124483842802232,2.244916904377585,2.2253114275162678,2.3368795181906616,2.4085611411886103,2.4867730055307518,2.4959093951961817,2.6742769366002377,2.364626222037366,2.1605553506906516,2.4511553850489984,2.5530147140038313,3.021972734338209,2.2564964832960204,2.6594347860524454,2.8044245880026257,2.3028650709881866,2.285465744774308,1.9996034692145148,2.6837961232688223,2.3921786600926684,2.668891395852284,2.642460353325437,2.5012608472490374,2.5472024647604794,0.10035261670977315,0.1218650104389437,0.11481009801087644,0.167690844296078,0.1718942515154261,0.15597800014369403,0.20181169258865117,0.12030446418118886,0.1920648248360088,0.13235737513068468,0.13377177696228348,0.1496560777795317,0.14446295971623885,0.19411068512215943,0.1765974766841333,0.12239456476067986,0.21638533572783572,0.226738605213127,0.18287062394021397,0.23424928310137835,0.18827088627972446,0.13255655756046755,0.13201945437356238,0.12048710109604309,0.12933921489930775,0.2604164007626053,0.1001005848518603,0.12149531773838373,0.11834122046593183,0.1679525320030965,0.17160025663436404,0.1391471860342093,0.2197315137771882,0.11910743950632761,0.25246649093082885,0.20104869819970916,0.12828346351560982,0.13932850641002925,0.1421886292787437,0.1432679056634081,0.1873527062524843,0.20841555660615654,0.11118997178573632,0.15892149973401803,0.2422016745075697,0.1822417527956992,0.1369809835604814,0.13568587460337567,0.14917223147640837,0.12650747009434174,0.13639825188328236
68.0,2.0789695962511026,2.2405879616334006,2.2336402857863114,2.362663202625724,2.434121237586861,2.4244176674341076,2.434041645498609,2.6807379234375426,2.2289133147845117,2.39987356596489,2.5521054933448997,2.965183210405821,2.277693488331748,2.7405283384245926,2.474533208301544,2.2406777830470395,2.6026582303607255,2.908672579557359,2.182836327986705,2.1975884555055756,2.6650091137287237,2.405907851851217,2.596029604453706,2.5120042124012185,2.503984504533752,2.5679494571133428,2.1201626668481492,2.237098954949193,2.218318879944448,2.3299124775273587,2.402255835513818,2.4784645069500777,2.4849967321889794,2.6681487191341025,2.358495906253283,2.154307534527019,2.444055222833194,2.5517093104785555,3.01553154974929,2.248767512023139,2.653788944525682,2.799661006204793,2.296507603440525,2.277368578654569,1.9926383618616703,2.67621043420843,2.3838737203366174,2.663173641437447,2.6355276271230808,2.495020438610183,2.5402413202727474,0.100816966978411,0.12286841433275217,0.11579347951538352,0.16904877824511866,0.1728158911304563,0.1570838636325513,0.20267723188159134,0.12121709410368704,0.19362964081816664,0.13343500435289626,0.1349197399251124,0.15063615908780006,0.14554721901450396,0.19493265975321084,0.17775103542050258,0.12368998834458024,0.2178919755949147,0.22775724522151802,0.18379593751550383,0.23574153874069043,0.18945358700610376,0.1335019884499408,0.13269441770383644,0.12190046941526769,0.13052733542187459,0.2613718741278007,0.10046285824461879,0.12238744648856871,0.11926552920021652,0.16921973264737378,0.17255758825976936,0.13996683608496993,0.22109785185204794,0.1199393741261843,0.2535208968365151,0.2025368898239669,0.12936007758155665,0.14087641930432573,0.1432901588076124,0.14423086425359924,0.18835516630317375,0.2096976227939491,0.11238731428770594,0.15988945226472182,0.2439409260868639,0.1833179028004409,0.13766666417313572,0.13618576915088493,0.15033840686685793,0.12770611341354224,0.13758012927528174
69.0,2.0740121590116027,2.2327941387458843,2.2269804953518912,2.3552256329949364,2.426233504487709,2.416411568344497,2.428595077128073,2.6749729871489154,2.220934338327463,2.3921381150943226,2.548948482904587,2.958897302365815,2.2703665849187886,2.735999186216571,2.465128944099937,2.2338505238239237,2.602003084926359,2.905711169209858,2.1748416638191346,2.1912264943670112,2.656652529694092,2.3982035414222875,2.589821373515679,2.504666389102667,2.496663737517395,2.5603885731381406,2.1157357743655165,2.229170909912119,2.211203368158111,2.3227165914978114,2.395829470654395,2.470031411841716,2.4739409026054138,2.6619303642499057,2.352495666527673,2.1480411603870486,2.4369577496855968,2.5504449168924754,3.008882934714315,2.24091695599519,2.64799785780762,2.794861410805923,2.2901036974014786,2.2691490750584524,1.9852257968242142,2.668679581748037,2.375482890409155,2.6574197956114185,2.628609717365818,2.488779944352892,2.5330144470596725,0.10123241632851523,0.12390017073612734,0.11680031617115136,0.1704631607053099,0.17376475503831926,0.1582411724336035,0.20357620920360503,0.12214841192721683,0.19529828503524632,0.13452939640047534,0.13612823058596912,0.1516071991295376,0.14666268982406433,0.1957585686059696,0.1789229497611202,0.12507016514949687,0.2194830307871933,0.22881630541840012,0.1847135402928254,0.23729726714036634,0.19066406153798154,0.1344791048027552,0.13337735686364252,0.12338356979761929,0.13177057813672646,0.2623212501035617,0.10078065668330921,0.12327595051917475,0.12018033262182902,0.17050963278878226,0.1735343802862094,0.14076556504774004,0.22250338269721007,0.12076460789173576,0.2546267423279283,0.20413769510490767,0.13048005984359343,0.1425724197003337,0.14441393176663442,0.14518454586247198,0.18935062844274586,0.21104338413164478,0.11364235091493215,0.16086620514592742,0.24577202501272818,0.18441820832363534,0.13835819318799147,0.1366676405326547,0.15155311827721005,0.1289720542902628,0.13877027298416764
70.0,2.0689525678322274,2.2248629186119904,2.2202060887199964,2.347517221005688,2.418225096334298,2.4083218282912964,2.4230470133876056,2.669154774123541,2.2129502656177835,2.3843967579109275,2.5457165522494702,2.952471386563093,2.262923202761016,2.731376870112632,2.455539992745339,2.226985342667078,2.601435550629214,2.9027393564801884,2.166799724292783,2.1845530406755915,2.6483741360741755,2.390459846786266,2.5834988257553433,2.49732982944117,2.4891654610731244,2.552721942999077,2.11121459332879,2.221147176406673,2.203985420721129,2.3152830010877063,2.3892832539769127,2.4614903661690124,2.4627433478004357,2.6556221020102204,2.346662575243405,2.141786360780159,2.429881489397731,2.5492379550574964,3.0020306618395556,2.2329646800100083,2.642070132824438,2.790029149182352,2.2836729463931844,2.2608322871136495,1.9773440400842164,2.6612257332535707,2.3670307232208967,2.651644405459398,2.6217277488241857,2.482563051501361,2.5255296264314735,0.10159210371721125,0.12496095304782029,0.11782994186608693,0.1719354124614139,0.17474130574770114,0.15945264867982,0.20450990878182773,0.12309734561692007,0.19707532736004654,0.13563891401387443,0.13739943643694136,0.15256582346523215,0.14780899331884748,0.1965867888903659,0.18011108177048354,0.12653828210430174,0.2211613426330743,0.2299160668300043,0.18561982711830177,0.2389193021710588,0.19190120065732927,0.13548775022402168,0.13406770139627297,0.12493733089013778,0.1330699624099363,0.26326038839565846,0.1010483230060276,0.12415803208665178,0.12108189822164916,0.17182029414873806,0.17452893284929522,0.14153863912607623,0.2239495370258138,0.12157989209922122,0.2557862373416737,0.20585700658088557,0.13164361279738473,0.14442503536514978,0.1455578960496283,0.14612447155942995,0.19033537973810538,0.2124560166165897,0.11495578038674148,0.16184906744311822,0.24769936678403448,0.18554069331521436,0.13905377244566933,0.13712859027532887,0.1528169946860022,0.13030732603884881,0.13996480675744413
71.0,2.0638040397543285,2.21680528902082,2.213336471062257,2.3395262718113385,2.4100985524780367,2.400170083999403,2.417405947531021,2.663286990418127,2.20498879569687,2.3766702376735496,2.5424200285102403,2.9459100057159264,2.2553808850778787,2.72667271677707,2.4457714200331533,2.22010050514316,2.600986069361465,2.8997563218241615,2.1587407812209243,2.177556657983892,2.64019650239772,2.3827020695426597,2.5770693863235143,2.4900161111984236,2.481505616536789,2.544964371108767,2.106610551712445,2.213042161573058,2.196685566197387,2.3076028472827907,2.3826183928478932,2.4528580158953033,2.4514055091290543,2.649224162477655,2.341033704783351,2.1355732682157234,2.4228449657611724,2.5481048467855847,2.9949785037312804,2.2249305488654136,2.636014376502284,2.7851675687103716,2.277234943937794,2.2524432679478834,1.9689713576237542,2.653871056091008,2.358541771682488,2.645862018066606,2.6149028462687216,2.4763934470798312,2.517794639698319,0.10188898512412,0.12605138995675041,0.11888163386902083,0.17346674594192968,0.17574593290872145,0.16072100726278,0.20547967522843566,0.12406274069788072,0.1989652065511917,0.13676187029269715,0.13873552188663676,0.15350860834956678,0.1489856244803594,0.19741559533513722,0.18131314051400116,0.12809729510861503,0.22292959401076262,0.2310566632623303,0.186511034173859,0.24061035281548612,0.19316375326666432,0.1365277203645675,0.1347648637259901,0.1265624506186984,0.13442640943185732,0.2641850055141364,0.10126012572037427,0.12503078691578384,0.12196642899492148,0.17314956745641483,0.17553943098120606,0.14228123037882584,0.2254376097189419,0.12238187309189473,0.2570015632792078,0.2077006337757518,0.13285090628873628,0.1464423140827913,0.14672002106386792,0.14704597412270284,0.19130558690906163,0.21393861279409163,0.11632819102678688,0.16283525466923518,0.24972719827843926,0.186683235620193,0.13975170197139433,0.1375657185236496,0.1541305138065921,0.13171382163774042,0.14115978545312394
72.0,2.0585797918192266,2.2086322377615257,2.206391047550303,2.3312410905652308,2.4018564122702846,2.3919779721937453,2.411680372812153,2.6573733420893757,2.1970776276060993,2.3689792976410686,2.539069238817604,2.939217702542561,2.2477571750888234,2.7218980528741734,2.4358282917587504,2.2132142768187584,2.6006850830153083,2.8967612456975895,2.1506951064168818,2.1702259098444436,2.632142198193465,2.3749555112909118,2.570540480371026,2.48274681215614,2.473700145244286,2.537130661879857,2.101935077490982,2.2048702725515694,2.18932433315072,2.299667271068738,2.3758360946338932,2.4441510069839407,2.4399288279462197,2.6427367757147735,2.3356461275303873,2.1294320152031423,2.415866702567427,2.5470620138886306,2.9877302329957125,2.216834427359242,2.6298391957673264,2.780280016766315,2.270809283557443,2.2440070706888444,1.960086015424879,2.6466377176262736,2.3500405887045344,2.640087180518229,2.6081561344699713,2.4702948181125195,2.509817268170446,0.10211587732098582,0.12717204347386876,0.11995460574172935,0.17505811506601343,0.17677892850229637,0.16204893420860852,0.206486917974461,0.1250433367550055,0.20097216468533458,0.13789650804557482,0.14013858864279993,0.15443210289825055,0.15019193014289198,0.19824315418430302,0.1825266436778826,0.12974985764119856,0.22479025699895377,0.23223803970542142,0.18738322534610719,0.24237297231621083,0.19445029764085128,0.13759875808743807,0.13546824097224336,0.12825933327290953,0.13584072425275404,0.26509069341539726,0.10141032362759422,0.12589121084776403,0.12283008365253172,0.1744950615823951,0.17656393258407532,0.14298844071116087,0.22696873015788732,0.12316708591282471,0.25827484122972366,0.20967424116566985,0.13410206741388778,0.14863168691699366,0.14789833632621632,0.14794420092458108,0.1922573099506477,0.21549413144049223,0.11776001833765708,0.16382189750334714,0.25185958285729454,0.1878435334930095,0.14045043202966503,0.13797617259815564,0.15549394287979101,0.13319322970300893,0.14235120468258927
73.0,2.053293041068204,2.200354752623226,2.1993892233558205,2.3226499824207223,2.3935012150624457,2.3837671295992173,2.4058787824847707,2.651417535193996,2.189244460386886,2.361344681072362,2.535674510302254,2.93239901976126,2.240069616013298,2.717064205068245,2.4257156737175336,2.2063449232605366,2.6005630334828784,2.8937533085563025,2.142692971693955,2.1625493598098102,2.624233792990169,2.367245473630468,2.5639195330486406,2.475543510096002,2.465764988531487,2.529235619724928,2.097199598638847,2.196645916482477,2.1819222501450013,2.291467413431286,2.3689375667014563,2.4353859853982684,2.428314745606916,2.6361601717841894,2.3305369158673837,2.123392734251816,2.4089652236080434,2.546125878178603,2.980289622239091,2.2086961802893077,2.6235531975457405,2.7753698407264835,2.2644155587742705,2.235548748464235,1.9506662794696712,2.6395478852253156,2.3415517271976514,2.6343344398994772,2.601508738198478,2.4642908516236357,2.501605293158044,0.10226551711925279,0.12832338255593553,0.12104799976744016,0.1767101582620516,0.177840457836011,0.16343906194583654,0.20753311467762825,0.12603774000977144,0.20310017091954913,0.13904097543271077,0.14161062715193057,0.15533285807797956,0.15142708503105853,0.19906751822450097,0.1837488724742538,0.1314982404859868,0.2267455321238096,0.23345990331846447,0.1882322787502981,0.2442095216387837,0.1957592083069882,0.13870054785674735,0.13617721865175192,0.13002801723756557,0.1373135756271241,0.2659729443902503,0.10149325209912044,0.12673620888006923,0.12366900326637545,0.17585410933704254,0.1776003542777264,0.1436553334602163,0.22854382735718096,0.12393194763725812,0.2596080941389025,0.21178327695656857,0.135397168038216,0.15099982313399196,0.14909097944904418,0.14881412107316208,0.1931865226275502,0.2171253376119922,0.11925149461738808,0.16480605424915754,0.2541003581229609,0.18901906789987244,0.1411486248806824,0.13835720869237084,0.1569072690403794,0.13474696023942276,0.14353501345349248
74.0,2.04795700454263,2.1919838213950307,2.1923504036504164,2.3137412525311762,2.385035500205904,2.375559192940732,2.4000096698026874,2.6454232757886706,2.181516993080617,2.3537871312262912,2.5322461700948864,2.9254585000902638,2.2323357510707353,2.7121825000235473,2.4154386317048835,2.1995107100350975,2.600650362656375,2.890731690856121,2.1347646488654637,2.1545155714325515,2.6164938563165467,2.359597258160809,2.557213969507176,2.4684277827997194,2.457716087734295,2.52129404905664,2.0924155431305373,2.188383500506025,2.174499845744102,2.2829944153561277,2.3619240164171185,2.4265795971016364,2.416564703466128,2.6294945807484535,2.3257431421772075,2.1174855578711185,2.4021590526745453,2.5453128614674148,2.9726604440676816,2.2005356724534275,2.6171649887636823,2.770440387967185,2.2580733631104177,2.227093354401766,1.9406904157401936,2.632623726254112,2.3330997400724427,2.628618343295557,2.59498178222477,2.458405234637413,2.4931664959713116,0.10233063896855726,0.12950575191218325,0.1221608788575586,0.1784231345340033,0.17893052621188052,0.164893941291552,0.2086198129158225,0.12704439183426214,0.20535283442486854,0.1401932980060937,0.14315345887556394,0.15620746338374733,0.15269006585414707,0.1998866230794827,0.18497681952958478,0.13334424298060088,0.2287972791765157,0.23472166676485529,0.18905387384801117,0.24612212683119752,0.1970886185106739,0.1398327089914214,0.13689117647665694,0.13186809346753398,0.13884547370258093,0.2668271829418276,0.10150343449727267,0.12756260687810075,0.12447934521432277,0.17722372986542473,0.17864645491590206,0.1442769735769704,0.2301635893167673,0.12467275060183357,0.2610032025955464,0.21403289251638147,0.136736209760247,0.15355247858424162,0.1502962541333357,0.14965053758941635,0.19408914072038227,0.21883473234241516,0.12080259035134495,0.16578472760390295,0.2564530852674175,0.19020706070768229,0.14184522661766522,0.13870626808301612,0.15837011876005702,0.13637606011701703,0.14470713019688625
75.0,2.0425848992838023,2.183530431866094,2.185293993605781,2.304503206049929,2.376461807052051,2.367375798943194,2.394081528019734,2.639394269930091,2.173922924728671,2.346327391361742,2.5287945453261975,2.9184006862478316,2.2245731234806088,2.7072642644043876,2.4050022315162014,2.192729902709069,2.6009775124279533,2.887695573052847,2.126940409744706,2.146113108265197,2.6089449577013495,2.3520361664813874,2.550431214897426,2.461421208048997,2.4495693841885577,2.5133207542876,2.0875943389405083,2.1800974317624826,2.1670776485118712,2.274239417828986,2.3547966511474225,2.4177484880573927,2.4046801428788367,2.6227402326701754,2.321301878842744,2.1117406185704475,2.3954667135585064,2.5446393855670038,2.964846471087734,2.192372768649454,2.6106831763473326,2.7654950058647447,2.25180229008806,2.2186659416291725,1.930136690218516,2.6258874080785715,2.3247091802395836,2.62295343779168,2.5885963913193994,2.4526616541780584,2.4845086579204723,0.10230407393308343,0.13071933569558136,0.12329221790130221,0.18019685278755618,0.18004894137432204,0.16641601000026093,0.20974862932018168,0.12806153327874042,0.2077333069401579,0.1413513475628379,0.1447686698289703,0.15705259191147747,0.15397962362585296,0.20069828498151723,0.18620712982525975,0.13528909685119891,0.2309469402209302,0.23602238415019283,0.189843479724138,0.24811263011443255,0.19843637855061788,0.14099478734909973,0.1376094963462131,0.1337786154822909,0.14043674575548076,0.2676488053193134,0.1014357220083748,0.1283671662401852,0.12525732517321567,0.17860058773557677,0.17969981672031343,0.1448484772938722,0.23182841614134655,0.12538565592781434,0.26246185416308,0.216427852668573,0.13811910631237845,0.15629433980415974,0.1515126983388308,0.15044810539529863,0.19496105866198707,0.22062447159548054,0.1224129475654815,0.1667548862860209,0.25892098909362604,0.19140442912852512,0.14253954901140367,0.1390210688225205,0.15988166631740736,0.13808111881503854,0.1458634625115615
76.0,2.037189942333049,2.1750055718255235,2.17823939839354,2.2949241481303355,2.3677826749522572,2.3592385843315156,2.388102850389701,2.633334223674991,2.1664899543724667,2.338986204737573,2.5253299631268966,2.9112301209521996,2.216799276462333,2.702320824875054,2.3944115389468923,2.186020766849069,2.601574924689792,2.8846441356023065,2.119250526144995,2.1373305338603075,2.6016096666733333,2.344587500191663,2.5435786943702072,2.454545363625526,2.441340819230182,2.5053305398304304,2.082747414043256,2.1718021173921125,2.1596761870121868,2.265193561835571,2.347556678258907,2.4089093042288794,2.392662505199996,2.6158973576119244,2.3172501982468656,2.1061880488592077,2.3889067300514295,2.54412187228928,2.9568514759054882,2.184227333675188,2.6041163672228396,2.7605370417954735,2.245621933229293,2.210291563274113,1.9189833688867017,2.619361098064656,2.3164046006096535,2.617354270473039,2.5823736902529033,2.4470837972698125,2.475639560315707,0.10217887308529622,0.13196411595890545,0.12444089453040502,0.18203059508673738,0.18119527218911258,0.1680075577478052,0.21092124513396682,0.12908716599715825,0.21024417621582295,0.14251280865313717,0.1464575366979508,0.157865054251787,0.15529425451739584,0.2015002001753842,0.18743603529873093,0.1373333645538382,0.2331954562934785,0.2373606804944254,0.19059634523647967,0.2501825349115164,0.19980001071404638,0.14218624492461032,0.13833157245831168,0.1357580025621561,0.14208751039103748,0.2684332272146205,0.10128546454040642,0.12914660178505377,0.12599926768052339,0.17998094904182296,0.18075782421968378,0.1453650719437945,0.2335383666982836,0.12606668798129456,0.26398548654764337,0.2189724375274961,0.139545663626605,0.1592288666417412,0.15273916213189495,0.15120135582993174,0.19579819479078794,0.2224962745606948,0.12408180594810553,0.16771349199670996,0.26150688805739003,0.19260773715104978,0.1432313606202927,0.13929971320840875,0.16144053188278165,0.13986216577086794,0.14699993085673937
77.0,2.0317853507317087,2.1664202290624552,2.171206023185349,2.2849923839257618,2.359000643257932,2.3511691858305968,2.382082130166397,2.627246843080032,2.1592457810533667,2.3317843146126718,2.52186275062767,2.903951346921652,2.2090317532353727,2.6973635080998335,2.383671619792333,2.1794015680217513,2.6024730413340573,2.8815765589603286,2.111725269879647,2.1281564117704206,2.5945105527612067,2.3372765608910977,2.536663833076313,2.4478218273110266,2.4330463341950455,2.497338210097761,2.0778861964132496,2.163511964535164,2.1523159898089017,2.2558479883615914,2.3402053051181237,2.400078691579446,2.3805132317846023,2.6089661856362967,2.3136251727724257,2.100857981246778,2.382497625944874,2.5437767434462155,2.9486792311271905,2.176119232328488,2.5974731683163594,2.7555698431356697,2.239551886056296,2.2019952724643073,1.9072087177268349,2.6130669635783312,2.3082105540932747,2.611835388424834,2.5763348037958194,2.441695350936875,2.46656698446723,0.10194845816531097,0.1332398260132725,0.12560567928438512,0.1839230351036827,0.18236880445656461,0.16967068746151873,0.21213939701346274,0.1301190103676533,0.21288735265938066,0.14367514413937732,0.1482209479961474,0.15864186119311488,0.15663216973136054,0.20228994602401607,0.18865928444889254,0.1394768350968408,0.23554318043298933,0.23873467656537584,0.1913074919204962,0.2523329455295382,0.2011766621380197,0.14340644676746556,0.13905682322455573,0.13780393896959975,0.14379765089165372,0.26917593986919097,0.10104871418356094,0.12989760309933077,0.1267016654186861,0.18136063513479292,0.18181764151652147,0.14582216623140726,0.23529309892436537,0.12671173073193226,0.26557522538427997,0.22167033714327478,0.14101555810983069,0.16235813684213232,0.15397489378412,0.1519047282809407,0.19659654483660235,0.22445132205093848,0.1258079233468112,0.16865753205405104,0.2642131140929288,0.1938131451544051,0.1439209854965514,0.1395408103123502,0.16304467065557254,0.1417185616766042,0.14811249626170178
78.0,2.026384341521076,2.1577853913660183,2.1642132731528454,2.274696218589545,2.35011825132045,2.343189240165353,2.37602786060363,2.6211358342019286,2.1522181038127837,2.3247424642458876,2.518403234959228,2.8965689068744216,2.201288097019184,2.6924036407430214,2.372787539847918,2.1728905717937192,2.6037023042529293,2.8784920235827034,2.104394912761947,2.1185793055481077,2.5876701854937325,2.330128650179155,2.52969405616654,2.4412721768872023,2.424701870419013,2.4893585695022247,2.0730221140249756,2.1552413803319204,2.145017585465877,2.2461938383927627,2.3327437390916224,2.3912732960724417,2.3682337639876327,2.6019469468058705,2.3104638748023114,2.0957805482425482,2.3762579250303695,2.5436204208497157,2.940333509359083,2.16806832940713,2.590762186554079,2.7505967572616736,2.233611742091205,2.193802122327489,1.8947910027209387,2.6070271719855196,2.3001515936010724,2.6064113387322805,2.5705008567186822,2.436520002203484,2.4572987116852523,0.10160680188915647,0.13454589916986143,0.126785225182573,0.18587215374956823,0.18356849532532324,0.1714072729579184,0.21340486172814344,0.13115446212633067,0.21566395274579317,0.14483556188960175,0.15005932411134199,0.159380294605467,0.15799126510511252,0.20306498376330798,0.1898720692349922,0.1417184215456507,0.23798979105436266,0.24014191202154744,0.191971710721662,0.2545645028559968,0.20256305766173435,0.14465464455096447,0.13978470435164653,0.1399132733783986,0.14556678870865775,0.26987257445992785,0.10072246088115476,0.13061685952642757,0.12736124684659614,0.18273497494425334,0.18287618884725,0.14621543072718685,0.23709180436511013,0.12731652736169946,0.26723181804636803,0.22452454091366852,0.14252831406778765,0.16568269674581354,0.1552196314881999,0.15255260930363046,0.19735224243057412,0.2264901466282652,0.12758949321674604,0.16958405782997313,0.26704142256927105,0.1950163594713039,0.14460940659746077,0.13974361144583006,0.16469125556266673,0.14364888726399316,0.14919719189139669
79.0,2.02100013174249,2.149112046525339,2.1572805534677006,2.2640239572750493,2.3411380384911995,2.3353203840607004,2.3699485349552094,2.6150049030973785,2.1454346216920994,2.317881396896121,2.5149617432522566,2.8890873435287507,2.193585851033195,2.687452549468894,2.361764364909033,2.166506043731595,2.605293155338582,2.8753897099252836,2.0972897266052155,2.108587778745904,2.581111134399649,2.3231690696552865,2.5226767887916908,2.4349179901357205,2.4163233692379937,2.481406422456418,2.0681665948528862,2.147004771922623,2.137801502546973,2.2362222529147986,2.325173187545929,2.3825097636711976,2.355825543164073,2.5948398711832454,2.307803376719395,2.0909858823559206,2.3702061510994445,2.5436693263117123,2.931818083207433,2.1600944897089946,2.5839920288621654,2.7456211315497674,2.227821094856151,2.185737165991334,1.88170848985112,2.6012638906521826,2.29225227204369,2.6010966684805874,2.5648929737920407,2.4315814380938487,2.447842523279968,0.10114863947874249,0.1358814137724995,0.1279780567389684,0.18787515481599845,0.18479292843218914,0.17321891291015246,0.2147194332882635,0.1321905494530827,0.21857418416535795,0.14599098549098818,0.15197254165117427,0.1600779850687397,0.15936909141504038,0.2038226626998542,0.19106895270807775,0.14405606574925475,0.24053421124180163,0.24157927113709735,0.19258356383533717,0.25687731820620374,0.2039554556102047,0.14592995607256115,0.14051472205325696,0.14208192421475888,0.14739425843541362,0.2705189741275678,0.10030489725371661,0.13130108889183625,0.12797505109606425,0.18409875727120287,0.18393011995080016,0.1465408876400702,0.23893313814994702,0.12787668492071988,0.26895556563864365,0.2275372244859216,0.1440832816747929,0.16920142302470792,0.15647369658331775,0.1531393792950136,0.1980616244193583,0.22861251714889744,0.12942406270040396,0.17049022883833995,0.2699928934830881,0.19621258433988226,0.14529836948058283,0.13990815460941716,0.16637655730809098,0.1456508344579038,0.1502501580116912
80.0,2.015645938437271,2.140411182329531,2.1504272693015642,2.2529639051356116,2.3320625441215705,2.3275842542415273,2.363852646474948,2.6088577558230908,2.138923033732715,2.31122185582222,2.511548602637469,2.8815111996029166,2.1859425584968593,2.682521560941749,2.3506071607710814,2.1602662494020075,2.607276036483177,2.872268798443865,2.0904399832227667,2.0981703949163713,2.5748559690076886,2.316423120918958,2.515619456102586,2.4287808448383337,2.4079267719878468,2.4734965733729823,2.0633310668714784,2.1388165464475444,2.1306882696160705,2.2259243729133833,2.317494857847594,2.3738047403390676,2.3432900106688725,2.5876451888309986,2.30568075090655,2.086504116096271,2.364360827943651,2.543939881644138,2.9231367252784746,2.152217578031874,2.5771713021667764,2.740646313376302,2.2221995378732857,2.1778254565835615,1.867939445099441,2.5957992869442545,2.28453714233172,2.5959059247549385,2.559532279786428,2.426903345632187,2.438206200561593,0.1005697117665102,0.13724503592563364,0.12918255849708696,0.1899283843727141,0.18604027261122028,0.17510688123815682,0.21608489095510358,0.1332238931385833,0.22161723915478956,0.14713803274469073,0.15395986911221896,0.1607329938240187,0.16076282664954264,0.20456022547002037,0.19224380212865974,0.14648665716641657,0.24317454117180307,0.2430429168508227,0.19313739315265435,0.2592709083254982,0.2053496104237891,0.1472313399464294,0.14124644489354832,0.1443047981906699,0.14927908594720227,0.27111127238230776,0.09979570583658344,0.1319470699377591,0.12854050817222873,0.18544618487164538,0.1849758023994168,0.1467950080271133,0.2408151463708125,0.12838768629193284,0.2707462562023399,0.23070963766601327,0.1456796173754973,0.17291140115019132,0.15773808250026103,0.15365946639713107,0.1987212976453111,0.23081732164959887,0.13130845618654174,0.17137336197672368,0.2730678259116699,0.1973964794428155,0.14599048004829251,0.14003541173869197,0.16809582701289302,0.14772110616288098,0.1512676795497439
81.0,2.010334978646737,2.131693786567739,2.143672825826066,2.241504367324601,2.3228943075629522,2.3200024874327614,2.3577486884166388,2.602698098435741,2.132711038976024,2.304784584283082,2.508174140245552,2.8738450178151678,2.178375762629633,2.677622001825882,2.3393209932294567,2.154189454371588,2.609681389578892,2.8691284695942656,2.0838759544279006,2.0873157176120456,2.5689272588465992,2.309916105569634,2.508529483249999,2.4228823187767037,2.399528020004459,2.4656438266645413,2.058526958055212,2.1306911110469464,2.1236984152370098,2.215291339374269,2.3097099573631636,2.3651748720394186,2.330628607857028,2.5803631298117087,2.304133069746641,2.0823653819730104,2.358740479354525,2.5444485086589337,2.9142932081784623,2.144457459173593,2.5703086133940745,2.7356756501175545,2.216766664664751,2.1700920472318717,1.8534621344479623,2.590655528227724,2.2770307573757944,2.590853654640562,2.554439899472402,2.4225094118427415,2.4283975248403156,0.09986703855502256,0.13863496185876134,0.13039696321669367,0.19202725858957964,0.18730824772730245,0.17707207409421868,0.21750295660613247,0.13425067316674433,0.22479120384153817,0.14827300657461612,0.156019922364279,0.16134389550864092,0.16216925183598274,0.2052748138033348,0.19338973372097196,0.14900597384825534,0.24590801239917892,0.24452824038122592,0.19362733702983398,0.2617441354394083,0.20674074705203357,0.14855756478479473,0.1419795122667842,0.14657573077308142,0.1512199717032843,0.27164597589532696,0.0991963572840201,0.13255167827795877,0.12905552147892177,0.1867708326015525,0.1860093037324795,0.14697481354353392,0.242735193718622,0.12884491214670724,0.2726031031014805,0.23404199760639383,0.1473162690681281,0.17680782695416483,0.15901453187487904,0.15410740684580565,0.19932820278548888,0.23310245383197536,0.1332387103131298,0.1722309850414163,0.27626562878298316,0.19856212704430734,0.14668928809217696,0.1401274300212608,0.16984318822013153,0.14985533222691488,0.15224622507304678
82.0,2.00508046941221,2.1229708470290767,2.1370366282128557,2.2296336489953523,2.3136358681667377,2.3125967203593003,2.3516451540340984,2.596529636992053,2.1268263364634117,2.298590325537556,2.5048486832072028,2.866093340883743,2.1709030066509336,2.672765198785568,2.327910928079551,2.148293924206964,2.6125396565179013,2.8659679038323067,2.0776279120339227,2.076012310385486,2.5633475734451157,2.303673325206752,2.501414295384758,2.4172439897325626,2.3911430546237176,2.4578629867437085,2.053765696378586,2.122642872861093,2.116852467973667,2.204314293283137,2.301819693459184,2.3566368047355684,2.317842776083507,2.5729939241879625,2.3031974056225497,2.078599812495517,2.3533636291235993,2.545211629168021,2.905291304513641,2.136833997931994,2.5634125694702266,2.7307124891498535,2.2115420687526925,2.162561991063981,1.8382548238787482,2.5858547818684863,2.2697576700865274,2.585954405222644,2.5496369576204625,2.418423323749716,2.41842427742634,0.0990392187781961,0.14004886239581424,0.1316193399153775,0.19416620547694433,0.1885941017998661,0.17911495370646272,0.21897524007517116,0.1352666056818539,0.22809299251895884,0.14939190373096087,0.15815064949199395,0.16190985697678661,0.16358473232269027,0.20596347409214907,0.194499076557447,0.1516086544357286,0.2487309738916412,0.24602983500666212,0.19404735730141778,0.2642951570499649,0.2081235529576742,0.1499071722794193,0.14271363703986115,0.1488874584527507,0.15321528142045607,0.27212004891262825,0.09851040245147585,0.13311192547925968,0.1295185486041826,0.18806561229015725,0.1870263868997735,0.14707797868621525,0.24468989519247622,0.12924367585656918,0.2745246935039267,0.23753339216419872,0.14899196877479176,0.1808839380763678,0.16030559264880195,0.15447791049939474,0.19987967006373844,0.23546470973476788,0.1352100272890467,0.17306089326150303,0.27958471208810926,0.19970301354926673,0.14739934633527726,0.14018745592322346,0.17161154653616373,0.1520480100989779,0.1531824856634943
83.0,1.999895627775023,2.114253351502677,2.1305380816335955,2.2173400553012352,2.3042897652842877,2.3053885897460473,2.3455505365811367,2.5903560775487118,2.121296625236277,2.2926598228445183,2.5015825586531193,2.8582607115269067,2.1635418337802497,2.6679624784851,2.3163820311167473,2.142597924474742,2.6158812791923673,2.8627862816138183,2.0717261278541526,2.0642487367892426,2.5581394823319745,2.297720081429807,2.49428131765763,2.411887435487592,2.3827878171815007,2.450168858023103,2.0490587098160464,2.1146862390302372,2.110170956389899,2.1929843756257204,2.2938252735021747,2.348207184390875,2.304933956703296,2.565537802022344,2.302910830917139,2.0752375401731835,2.3482488010424265,2.546245664983328,2.8961347868902654,2.1293670591049025,2.556491777321399,2.725760177849514,2.206545343659251,2.155260341207567,1.8222957793738748,2.5814192152325273,2.2627424333745467,2.581222723586395,2.545144579001185,2.414668768377319,2.4082942396298828,0.0980867514582239,0.14148383244937068,0.13284758205796862,0.19633862663764826,0.18989460396741992,0.1812354894478644,0.22050317141158537,0.13626693476001112,0.23151831630522327,0.15049044713542356,0.16034935483451696,0.16243070644815838,0.16500520670011953,0.20662316201022823,0.1955633641665154,0.1542882102008955,0.25163892015471795,0.24754150358528526,0.1943912786228681,0.266921390754973,0.20949219428194213,0.15127843381657943,0.1434485995028456,0.15123163317063867,0.15526304637139782,0.27253099579000795,0.09774373499464209,0.13362500062989965,0.12992867526264323,0.1893227472905099,0.1880225190633926,0.14710292834332703,0.24667505664860723,0.129579274352575,0.2765089527190748,0.24118169869984696,0.15070523564909022,0.18513098212944998,0.1616146427778317,0.15476592984288326,0.20037346147573404,0.23789970237004654,0.13721675391689167,0.1738612073010017,0.28302238364889953,0.20081203104925585,0.14812623284343554,0.14022002816748744,0.1733925264623875,0.15429247911808622,0.15407341190790197
84.0,1.994793670776482,2.105552287777661,2.1241965912599317,2.2046118913955945,2.294858538267022,2.2983997323179164,2.339473329311559,2.5841811261624192,2.116149604336012,2.287013819462844,2.498386093714006,2.850351672462894,2.1563097872370003,2.6632251675887697,2.3047393681364343,2.137119720741571,2.6197366994944664,2.859582783394601,2.0662008737018898,2.0520135603758654,2.5533255550359417,2.2920816758382467,2.487137975219457,2.406834233823505,2.374478249013676,2.442576244915378,2.0444174263420885,2.1068356166946427,2.1036744090495807,2.1812927273877105,2.28572790485871,2.3399026569686843,2.2919035910713728,2.557994993377454,2.303310418013287,2.072308697515408,2.3434145189025206,2.54756703791681,2.8868274279145574,2.122076507490118,2.549554843873754,2.7208220635928475,2.2017960829065757,2.1482121507903753,1.8055632669153978,2.577370995685765,2.2560096001504784,2.5766731568170163,2.5409838883851066,2.411269432749784,2.3980151927611524,0.09701236858101653,0.14293634875484193,0.1340793962980137,0.19853688534579142,0.19120605786089556,0.18343309663110116,0.22208791954768323,0.1372464435344918,0.23506169534533417,0.15156414770847879,0.16261277125064685,0.16290698645649074,0.16642618575534693,0.20725074550178818,0.19657336307659254,0.15703708543239953,0.25462657118891385,0.2490563096934577,0.19465284232619118,0.26961949955288883,0.2108403630274987,0.15266930061593972,0.14418422958540836,0.15359888881847805,0.15736097535255372,0.27287693755201453,0.09690479481177482,0.13408831347153036,0.1302856764587379,0.19053375974394884,0.1889928980976349,0.1470489244827126,0.24868562978458011,0.12984705756129608,0.27855313077197275,0.24498352360264058,0.15245439198849622,0.18953822789872365,0.16294587277297187,0.15496673045105266,0.20080779493715017,0.24040180295327446,0.13925239359160593,0.17463043104188153,0.28657475731669835,0.20188150498546678,0.14887652344908622,0.14023102422091355,0.1751764458249063,0.15658093698339137,0.15491624714465216
85.0,1.9897878154579314,2.0968786436431843,2.1180315622635257,2.191437462431779,2.2853447264663123,2.2916517847998152,2.3334220254791727,2.5780084888898744,2.1114129728040023,2.281673058651418,2.4952696155205563,2.8423707664099864,2.149224410240626,2.6585645927608765,2.292988004934033,2.1318775785740782,2.6241363593163727,2.8563565896304928,2.061082421390442,2.039295344697906,2.5489283610857187,2.286783410031523,2.4799916932210198,2.4021059625219885,2.3662302914561497,2.4350999518331298,2.0398532739311945,2.099105412994586,2.0973833545165657,2.169230489554822,2.2775287948953165,2.331739868432353,2.27875312054271,2.5503657283158554,2.3044332392938705,2.069843417031587,2.338879306495445,2.549192169780373,2.877373000192793,2.1149822078855025,2.5426103760534677,2.715901493756162,2.197313880016811,2.141442472940083,1.7880355524853997,2.573732290594168,2.2495837233249274,2.572320251999723,2.5371760105427517,2.408249003891343,2.3875949181303286,0.09582136798013977,0.1444022391165576,0.13531229230851904,0.200752326961335,0.19252433946350342,0.18570657371190485,0.22373029766705116,0.13819948889418193,0.23871652234034657,0.1526084008403793,0.16493718738522736,0.1633399838061936,0.1678427639441439,0.2078430057358348,0.1975191473910297,0.1598467726061596,0.2576880120259434,0.25056668157901935,0.19482577696921263,0.27238540272267114,0.2121613618261785,0.15407734789876967,0.14492037441583375,0.15597896806519562,0.15950647982579907,0.2731566780457744,0.09600467725099998,0.13449953786067426,0.13059005849685368,0.1916894734071939,0.18993250101794193,0.14691613518051214,0.25071568771562786,0.13004251817463336,0.2806538178165055,0.24893416737638807,0.1542375943000111,0.19409302470217846,0.16430421610720436,0.15507596080409386,0.20118134776126795,0.24296411767325393,0.14130965762718853,0.175367507572005,0.2902366788646394,0.20290325432129197,0.14965770067161985,0.14022764444537575,0.17695233839007696,0.1589045055292769,0.15570855527847208
86.0,1.9848912788606656,2.088243406888327,2.1120623998159926,2.1778050735631407,2.2757508692335415,2.285166383916646,2.327405118337791,2.5718418717877745,2.107114429681651,2.276658283669105,2.4922434512034783,2.834322536086414,2.1423032460105955,2.653992080665688,2.2811330073049128,2.126889763538854,2.629110700550264,2.8531068807772866,2.0564010427331034,2.026082653307924,2.544970470010066,2.281850585609111,2.472849896813111,2.3977241993647613,2.3580598858447837,2.427754783188983,2.035377680557828,2.0915100350703226,2.091318321354709,2.156788803112793,2.2692291509785436,2.3237354647452144,2.265483986472296,2.5426502369001507,2.3063163671417497,2.0678718312310846,2.3346616876127233,2.551137482385958,2.867775276331217,2.108104025088856,2.5356669807866967,2.7110018157157687,2.19311832851209,2.134976360784402,1.769690902065938,2.570525267323691,2.243489355808534,2.5681785562196997,2.5337420702446742,2.4056311688262104,2.377041197047637,0.09452193131929679,0.14587666618756537,0.13654357439164963,0.20297533673329882,0.19384496242968752,0.18805403884808872,0.22543065664771886,0.1391200630661667,0.2424751825625925,0.15361862114361213,0.1673186328144309,0.16373173020409185,0.16924964578487972,0.20839663612970746,0.19839022739256185,0.16270798565556802,0.26081689596102015,0.2520645761681139,0.19490388761563737,0.27521431630504484,0.21344823179307143,0.15549971427477233,0.14565684883155414,0.15836091466927732,0.16169671280827055,0.27336975531055,0.09505710982793493,0.13485665400198174,0.13084307561571487,0.19278003435635765,0.19083615792350864,0.14670567911575605,0.2527584274368173,0.13016140205729354,0.2828069946349086,0.2530276191196128,0.15605288033962106,0.1987809131233639,0.165695219884474,0.1550897195616273,0.2014932401936884,0.24557850852491575,0.1433805603866247,0.17607187222771914,0.29400167571641367,0.20386869042249953,0.15047798704875637,0.14021831954811567,0.17870803451978984,0.16125335032835947,0.15644824196115178
87.0,1.9801172780260345,2.0796575653022478,2.106308509089009,2.1637030299430395,2.2660795059201075,2.278965166393349,2.3214311011412017,2.5656849809128035,2.1032816740103524,2.2719902377747583,2.4893179278934547,2.8262115242104353,2.135563837766342,2.649518957967523,2.269179441044464,2.1221745412025563,2.634690165088291,2.8498328372908213,2.052187009543223,2.0123640497584403,2.5414744513377405,2.277308504170444,2.4657200111465456,2.393710522133532,2.349982973515482,2.420555543395572,2.031002074196458,2.0840638900620903,2.0854998381278844,2.1439588090473016,2.260830180474923,2.3159060918706085,2.2520976302150877,2.5348487491929275,2.3089968739398223,2.0664240726233225,2.330780186045895,2.553419397545494,2.8580380289360705,2.101461823898022,2.5287332649996137,2.706126376848,2.189229021914561,2.1288388674510497,1.7505075816390765,2.5677720932402535,2.2377510505119034,2.5642626165621687,2.530703192261403,2.403439614578589,2.3663618108232614,0.093125409490791,0.1473541282135211,0.13777033572196945,0.20519543837795204,0.19516317207839595,0.19047286714827846,0.22718876930216256,0.14000188384905404,0.24632923162551162,0.15459041665569534,0.1697531184081062,0.16408496857299873,0.17064118928104532,0.20890824029694655,0.19917573793159285,0.16561089028864837,0.26400671028523737,0.25354170693493483,0.19488116555685175,0.27810082540811804,0.2146939269954761,0.1569330383803496,0.14639336747526124,0.160733331876264,0.16392862075380507,0.2735164743026507,0.09407825888045653,0.13515798758070738,0.13104671592356712,0.19379495096037044,0.19169865375228293,0.14641963932742685,0.2548062050285844,0.13019983757601647,0.2850081233588798,0.25725658268329593,0.157898231404474,0.20358578776901062,0.1671248522814974,0.155004618958489,0.2017430041656349,0.24823566540815933,0.1454565598306269,0.17674350229668054,0.29786193595594884,0.2047689600238209,0.15134609429530513,0.1402125308259632,0.18043030787339268,0.16361685488401223,0.15713356874590936
88.0,1.975479029995337,2.07113210667406,2.1007892952542364,2.1491196367248198,2.2563331758773915,2.273069768954783,2.3155084671432347,2.559541522321697,2.099942404831476,2.267689664227281,2.486503372721202,2.8180422735003066,2.1290237287273235,2.645156551330638,2.2571323719480847,2.117750177131804,2.6409051948226603,2.846533639626893,2.0484705936340637,1.9981280976020408,2.5384628745974473,2.2731824673150127,2.458609461372134,2.3900865086099823,2.3420154958040946,2.413517036865526,2.0267378828215747,2.0767813851101846,2.0799484333999607,2.13073164834407,2.252333090751009,2.308268395771897,2.238595493126082,2.52696149525674,2.3125118320709195,2.0655302737176804,2.327253325586489,2.5560543370709086,2.848165030613599,2.095075469110819,2.52181783561837,2.7012785245291475,2.1856655537463654,2.123055046067706,1.7304638571868942,2.5654949357098307,2.2323933603456663,2.560586980112331,2.5280805013634806,2.401698028172728,2.3555645407674333,0.09164655534583485,0.14882847825676504,0.13898945624147616,0.2074014344779518,0.19647406693473546,0.19295963049286813,0.22900370969944062,0.1408385131181501,0.25026962732136965,0.15551980027094628,0.17223692237255397,0.1644030823169891,0.1720114679262498,0.2093743307187546,0.19986468891780187,0.16854538494028565,0.26725109655330903,0.25498983451829416,0.19475191963442734,0.2810389880864281,0.21589153615058826,0.15837339576813178,0.1471294586515584,0.163084701657169,0.16619900599709672,0.27359791813066203,0.09308633486303745,0.13540224364217066,0.13120365303438358,0.1947231532176753,0.19251485819591083,0.14606104157835137,0.2568506083443575,0.1301544796845805,0.2872522815422341,0.26161253477587953,0.15977164709583838,0.2084901097094378,0.16859924905854495,0.154817843859304,0.20193054735586563,0.25092523440984144,0.14752874139338495,0.17738296400195266,0.3018083208019925,0.20559513605659888,0.15227088558889826,0.14022053916284657,0.18210509310096662,0.1659838454740676,0.15776316089204462
89.0,1.970989751809911,2.0626780187929037,2.0955241634832857,2.1340431990618427,2.2465144184567767,2.267501828325886,2.3096457095976834,2.5534152020711267,2.0971243211864454,2.2637773062855264,2.4838101128173995,2.8098193266742877,2.122700462112975,2.640916187419338,2.2449968658111605,2.1136349368932104,2.647786231645499,2.843208468241341,2.045282066818958,1.9833633603912597,2.5359583093179543,2.2694977766422633,2.45152567264066,2.386873736575825,2.334173394046526,2.406654068011439,2.0225965344076555,2.069676927354836,2.0746846357347866,2.11709846198882,2.2437390891733475,2.300839022412412,2.2249790165602437,2.518988705154209,2.316898313917952,2.065220567023564,2.324099630026062,2.559058722774149,2.8381600539700567,2.088964825525065,2.51492929956915,2.696461606135538,2.182447517529649,2.11764994976211,1.709537994691439,2.5637159620983643,2.2274408382204327,2.5571661939553816,2.5258951223214656,2.400430096632827,2.344657168190328,0.09010368168808719,0.1502929622625082,0.14019760536558365,0.2095815868884952,0.19777274396702577,0.19551004254337484,0.2308737335321531,0.14162350063413803,0.25428700626633005,0.15640343205540114,0.17476690488340593,0.1646899878647534,0.17335435201599703,0.20979133095510688,0.20044627573980214,0.17150142009085104,0.2705442097512521,0.2564011127673857,0.1945109295027694,0.28402246761549876,0.21703454841335687,0.1598162400701306,0.14786436211674922,0.16540375287677295,0.1685045954692084,0.27361593641584564,0.09210097831673049,0.1355885328537222,0.13131716230209523,0.19555306995512067,0.19327988158961307,0.1456337951166983,0.2588825700776779,0.13002266198658888,0.28953433976843823,0.2660858130265384,0.16167122750070367,0.21347516317683518,0.17012440844028257,0.15452720707599793,0.20205612705531611,0.25363600399291697,0.14958803886466207,0.17799145847842407,0.3058304130320653,0.20633845760401326,0.1532609565226163,0.1402530275914535,0.18371777524137237,0.16834285751734065,0.1583360106669653
90.0,1.966662660511074,2.054306289447895,2.090532518947833,2.1184620221074564,2.2366257730096675,2.262282981231561,2.303851321758368,2.547309726217801,2.094855122116628,2.260273907208367,2.4812484753127615,2.8015472264506216,2.1166115811427453,2.6368091928979243,2.2327779884291044,2.1098470860534198,2.6553637174490112,2.839856503589981,2.0426517009112,1.9680584016786418,2.5339833250279846,2.266279733751655,2.4444760701029433,2.3840937838127543,2.326472609578648,2.3999814412459637,2.018589456929168,2.0627649239363426,2.0697289736962325,2.103050390967243,2.2350493831084566,2.29363461775552,2.211249641872555,2.510930608947917,2.3221933918637836,2.0655250850503353,2.321337623156153,2.5624489764671328,2.8280268716116868,2.083149757938602,2.508076263778099,2.6916789690434717,2.179594506786568,2.1126486316619553,1.687708260134799,2.562457339771786,2.222918037046831,2.554014805176535,2.5241681799058657,2.3996595069831104,2.333647474402173,0.08851872083033023,0.15174027507978663,0.14139125074796074,0.21172383223182858,0.19905446087883277,0.19811891246288815,0.23279616713058549,0.14235054743724307,0.2583719905764553,0.1572388816068797,0.17734082697580014,0.1649499943365803,0.17466360888718488,0.21015558510750504,0.20091024220681872,0.17446933804685433,0.2738810930282867,0.2577684759319624,0.19415362004751233,0.28704468696469093,0.21811715579194801,0.16125635343579933,0.1485969152726923,0.16767985971544844,0.17084210958965435,0.27357311116063904,0.09114242957288694,0.1357163876765124,0.1313910036146564,0.19627272065500045,0.19398925169101283,0.14514259684311753,0.26089252159832443,0.12980254760317886,0.2918491791765335,0.27066572985445775,0.16359525557944246,0.21852134834431994,0.1717058510350658,0.15413120259040036,0.20212035093033068,0.25635614692847625,0.15162548171751788,0.17857086931110444,0.30991660192351356,0.2069906168029581,0.15432415035438718,0.14032067267340048,0.18525354636999905,0.170682429300686,0.15885147901898033
91.0,1.9625109731401544,2.046027906428159,2.0858337668195204,2.102364411015007,2.2266697788874317,2.2574348643967106,2.2981337968790743,2.5412288008184056,2.0931625066634356,2.257200210254685,2.4788287873379757,2.793230515547562,2.110774629036085,2.632846894430665,2.220480805597289,2.106404890179046,2.6636680941253688,2.836476926128615,2.0406097677241126,1.952201785016739,2.5325604912562847,2.2635536402426477,2.4374680789097685,2.381768228102487,2.3189290837363448,2.393513960981694,2.014728078360589,2.0560597819949367,2.0651019758481572,2.0885785762650633,2.226265179922916,2.286671827764548,2.19740881041798,2.5027874367004235,2.32843413829127,2.0664739603074027,2.318985828768279,2.566241519961792,2.8177692561447403,2.077650131149235,2.5012673351713994,2.686933960629278,2.177126115039235,2.1080761448949272,1.6649529194990347,2.561741236096061,2.2188495097354894,2.5511473608609885,2.522920798887248,2.399409946247799,2.3225432407131636,0.08691716062209273,0.1531626323909769,0.14256667435367198,0.21381602457945792,0.2003148063840823,0.20078011188063222,0.2347673141332442,0.14301368058316546,0.26251550516700556,0.15802489528568595,0.17995764364816186,0.16518763765100156,0.17593302036206615,0.21046337877279858,0.20124728313724394,0.17744021072074492,0.2772580380348367,0.259086045775258,0.1936762547211939,0.29009899662187333,0.21913458025370264,0.1626878120580187,0.149325434586163,0.16990344572572708,0.17320832382609005,0.2734727023804855,0.09023051308716153,0.13578576600999548,0.13142927599069326,0.19686981702953288,0.19463910332844409,0.14459280358623247,0.26287058493696147,0.12949326792678226,0.29419194089161976,0.2753407063497043,0.1655422708872462,0.2236084999916341,0.17334826800202427,0.15362905903420065,0.20212422132712604,0.2590735115789009,0.15363245470415263,0.17912381443551756,0.3140542034314135,0.20754408621423717,0.15546703405318377,0.14043367059942896,0.18669781935544447,0.17299140478199362,0.15930929907725558
92.0,1.9585479067384655,2.037853857522839,2.081447312269998,2.0857386709378574,2.216648975441471,2.252979114546241,2.2925016282136195,2.535176131929654,2.092074173868251,2.2545769586833453,2.4765613760237475,2.7848737366833674,2.105207149012439,2.629040618681862,2.2081103831111184,2.103326614836708,2.6727298035667313,2.8330689163130804,2.039186539071001,1.9357820739581082,2.5317123775316017,2.261344797714709,2.4305091242119428,2.3799186472267113,2.3115587578554995,2.387266431631275,2.011023826676397,2.049575908670904,2.0608241707544304,2.073674158867991,2.217387686983241,2.2799672984028554,2.183457963551518,2.4945594184743327,2.335657625583291,2.0680973253041715,2.317062770653982,2.5704527750700708,2.8073909801754633,2.072485809954806,2.4945111206752104,2.682229928269252,2.175061935809821,2.1039575425887613,1.641250238766212,2.5615898184371413,2.215259809197012,2.548578408093942,2.522174104036127,2.3997051014511213,2.3113522484335007,0.08532783070862052,0.15455185562258078,0.14371999696841428,0.21584619496659566,0.20154986775186343,0.20348656060769177,0.23678238977610666,0.1436074290983596,0.26670908335914023,0.15876164957517389,0.18261773821616487,0.1654074991982318,0.1771565141568941,0.2107109756283293,0.20144946862103866,0.18040615031532392,0.2806728965520069,0.26034953149153,0.19307614376908414,0.29317884512843545,0.22008340948691849,0.16410397310922237,0.15004760114428553,0.1720663647696038,0.1756001147529184,0.2733185774954629,0.08938349900179997,0.1357970400922156,0.13143625226763722,0.1973318681570313,0.19522637035324183,0.1439902809207524,0.2648067970538501,0.12909503764377828,0.2965582947737883,0.28009841967117743,0.1675111249948138,0.22871622086168272,0.17505518506694337,0.15302079584346734,0.20206923539280472,0.26177595202531456,0.1556009531949554,0.1796537043948527,0.3182296128372907,0.20799247527744405,0.15669437171527975,0.14060125292797185,0.1880366829431585,0.17525922470039337,0.15970958478796324
93.0,1.9547866783473284,2.029795130521041,2.077392560470919,2.068573107029365,2.20656590202316,2.24893736840508,2.286963309015843,2.5291554256082405,2.0916178227724673,2.2524248957532245,2.4744565685007585,2.776481432576269,2.099926684291257,2.625401692315807,2.1956717867659687,2.100630525593053,2.6825792876652734,2.8296316545991806,2.0384122867651624,1.9187878320553011,2.5314615533826736,2.259678507767288,2.4236066311602587,2.378566618967144,2.3043775732719958,2.3812536576073313,2.007488129851074,2.0433277111044816,2.056916086978909,2.058328279761736,2.2084181116559907,2.27353767563379,2.16939854262813,2.486246784332232,2.3439009261227466,2.070425312550009,2.3155869726048275,2.5750991636038805,2.7968958163101107,2.0676766591531495,2.4878162272157005,2.677570219339719,2.173421562620463,2.1003178778711447,1.616578483918393,2.5620252541609605,2.212173488342041,2.546322493960606,2.5219492201230707,2.4005686596172886,2.3000822788733926,0.08378251228465983,0.1558994664477626,0.14484721199705972,0.2178028158218471,0.20275638441003602,0.20623023733830984,0.23883549304141527,0.144126990174603,0.2709451379673486,0.15945096963967087,0.18532306587196498,0.1656140207854977,0.1783283044353089,0.21089467285957744,0.20151066788407568,0.18336056778019186,0.2841253080743824,0.26155659153889044,0.1923518612287132,0.2962779411434533,0.22096192211246404,0.16549748948597995,0.15076036075395205,0.17416222862484437,0.1780144828617747,0.2731151298673231,0.08861693489536149,0.13575096888090019,0.1314162045152438,0.19764628226104905,0.19574896760664443,0.1433412402009875,0.2666913573955524,0.12860923503236532,0.29894471069991113,0.28492595799669346,0.16950100942693014,0.23382421859079183,0.17682867107228953,0.15230728367504068,0.20195754488714387,0.264451682995045,0.15752381716834563,0.18016480680957536,0.32242848621250253,0.2083308993541189,0.15800863934053602,0.14083123231798045,0.18925737739891565,0.17747618491768924,0.16005284693071764
94.0,1.9512405050080743,2.021862713211911,2.0736889165939263,2.050856024442843,2.1964230979838937,2.2453312626981363,2.2815273325395067,2.523170387910859,2.0918211524174772,2.25076476472319,2.4725246918997303,2.768058145944556,2.0949507780919725,2.621941441996781,2.183170082357245,2.0983348880146835,2.6932469883131582,2.826164321442745,2.038317282619909,1.9012076228608745,2.53183058833822,2.2585800719998788,2.416768024905536,2.3777337211054705,2.2974014713217046,2.3754904433224855,2.004132415859092,2.03732959643595,2.053398253085446,2.042532079932019,2.1993576613076886,2.2673996054206795,2.1552319890028095,2.4778497643366992,2.35320111229246,2.0734880545543266,2.3145769584123337,2.5801971073751706,2.7862875371549216,2.0632425435420716,2.481191261719021,2.67295818121699,2.1722245889932963,2.0971822038697963,1.5909159209376562,2.563069710633468,2.2096151000811726,2.5443941655461946,2.5222672719186052,2.402024307770535,2.288741113343026,0.08231534590132993,0.15719678749868313,0.14594422896225043,0.2196750579781552,0.2039318772185285,0.20900222179467312,0.24091962632013614,0.14456837501751563,0.27521717726695116,0.16009649180773083,0.18807717973368046,0.16581132752843203,0.17944303519430352,0.21101087680870975,0.2014269481252961,0.18629835677939557,0.2876168110569578,0.26270712582211375,0.19150346229048426,0.29939039678251517,0.22177038136164287,0.16686035829419157,0.15145984960969103,0.1761866528410427,0.18044854607956767,0.27286719273804905,0.08794256284571214,0.13564865283199057,0.13137323206937526,0.19780045819631864,0.19620595007211228,0.14265207769629032,0.26851488710672977,0.12803843856332672,0.3013487123637759,0.28980997883986687,0.17151144876194127,0.23891263606857926,0.17866911686078038,0.15149030886142809,0.2017921679504663,0.26708964296856996,0.15939492820198672,0.1806623134025663,0.32663594685622477,0.20855634008435947,0.1594096279541908,0.1411296188729074,0.1903487661633721,0.17963364299836926,0.16034001677705884
95.0,1.9479226037620172,2.014067593384556,2.070355785810675,2.032575728331693,2.1862231026750654,2.242182434150281,2.276202192038447,2.5172247248942226,2.092711861844679,2.2496173088521134,2.470776073351351,2.7596084195064434,2.0902969736340538,2.6186711943890764,2.1706103356803474,2.0964579676682296,2.70476334740257,2.822666097299568,2.0389317984485444,1.8830300099273567,2.532842051927014,2.258074792011903,2.4100007305985667,2.377441531423406,2.2906463933405203,2.36999159318935,2.000968112674911,2.0315959718055594,2.0502911976379306,2.0262767003645363,2.190207543304903,2.2615697337268847,2.140959744030518,2.469368588550329,2.363595256475345,2.0773156838265043,2.3140512518680287,2.5857630281958626,2.7755699153161455,2.0592033279194095,2.4746448311113576,2.66839716127738,2.17149060845048,2.0945755737124037,1.5642408158060546,2.5647453552206305,2.207609197325042,2.5428079699359007,2.523149384193269,2.404095732935064,2.2773365331526367,0.0809620170778629,0.158435046321567,0.14700692651112493,0.22145302873886835,0.20507474509295764,0.21179277423633366,0.2430267706600401,0.1449285254274841,0.27951995008876046,0.1607037504717275,0.19088512230570137,0.1660030686815571,0.1804959189591107,0.21105619760538918,0.20119692305357695,0.18921598654695654,0.2911508129023053,0.26380346972851176,0.19053269027921824,0.30251084431127556,0.22251127614760827,0.16818400792484253,0.15214135609588186,0.17813739759911304,0.18289950092340207,0.27257995508847455,0.08736744395548908,0.1354914709427745,0.13131110404391752,0.19778186041225956,0.19659763723262036,0.1419292304680279,0.2702686864870819,0.12738641409514828,0.3037690918819494,0.29473686924399506,0.17354225466496553,0.2439623665582267,0.18057510352588266,0.1505726390446488,0.201577232031769,0.2696798474586365,0.16120935712632545,0.18115240137884947,0.33083681333371834,0.2086679719867522,0.16089417940831888,0.14150034203834883,0.19130177678028318,0.18172415832757347,0.16057247499903576
